[Licensing::Module] Trying to connect to existing licensing client channel...
Built from '6000.6/respin/6000.6.0f1-fa21a270ab12' branch; Version is '6000.6.0f1 (f7f8ed4d1e24) revision 16251117'; Using compiler version '194234433'; Build Type 'Release'
[Licensing::IpcConnector] Successfully connected to: "LicenseClient-Duncan Joseph" at "2026-09-29T02:03:54.530129Z"
OS: 'Windows 11  (10.0.26200) CoreSingleLanguage' Language: 'en' Physical Memory: 15688 MB
BatchMode: 1, IsHumanControllingUs: 0, StartBugReporterOnCrash: 0, Is64bit: 1
System  architecture: x64
Process architecture: x64
Date: 2026-09-29T02:03:54Z
[Licensing::Client] Code 10 while verifying Licensing Client signature (process Id: 31892, path: "C:/Program Files/Unity Hub/UnityLicensingClient_V1/Unity.Licensing.Client.exe")
[Licensing::Module] LicensingClient has failed validation; ignoring
[Licensing::Client] Handshaking with LicensingClient:
  Version:                 1.18.3+d7ffd15
  Session Id:              6be42a4ba4184431891428a9d0b1bb23
  Correlation Id:          ea05b3889d2b774b13e4e2cf096548f8
  External correlation Id: 2492220342883256108
  Machine Id:              wHDpsUEVYpl4kxgehWEkM/qA1F0=
[Licensing::Module] Successfully connected to LicensingClient on channel: "LicenseClient-Duncan Joseph" (connect: 0.00s, validation: 0.00s, handshake: 0.09s)
[Licensing::IpcConnector] Successfully connected to: "LicenseClient-Duncan Joseph-notifications" at "2026-09-29T02:03:54.619376Z"
[Licensing::Module] Licensing Background thread has ended after 0.09s

COMMAND LINE ARGUMENTS:
C:\Program Files\Unity\Hub\Editor\6000.6.0f1\Editor\Unity.exe
-adb2
-batchMode
-noUpm
-name
AssetImportWorkerHW3
-projectPath
C:/Users/Duncan Joseph/Traversal Gameplay
-logFile
Logs/AssetImportWorkerHW3.log
-srvPort
62326
-parentPid
14556
-analyticsCloudUserId
18968501699549
-analyticsCloudProjectId
e5d3e204-cd96-4438-a1a4-e05c63c78158
-analyticsLocalProjectId
0241b67465298af44a13ddff37755502
-editorAnalyticsEnabled
1
-cbmEditorLicense
67205a191ee1b3768652d14fe9a7cf074a72cf21
-cbmMachineId
wHDpsUEVYpl4kxgehWEkM/qA1F0=
-licensingIpc
LicenseClient-Duncan Joseph
-noDiagnosticSwitchPersistentStore
-job-worker-count
5
-background-job-worker-count
8
-asset-garbage-collectors
1
-force-d3d12
-name
AssetImport
Successfully changed project path to: C:/Users/Duncan Joseph/Traversal Gameplay
C:/Users/Duncan Joseph/Traversal Gameplay
[UnityMemory] Configuration Parameters - Can be set up in boot.config
    "memorysetup-temp-allocator-size-gi-baking-worker=262144"
    "memorysetup-temp-allocator-size-gi-baking-worker=262144"
    "memorysetup-temp-allocator-size-gi-baking-worker=262144"
    "memorysetup-temp-allocator-size-gi-baking-worker=262144"
    "memorysetup-temp-allocator-size-gi-baking-worker=262144"
    "memorysetup-temp-allocator-size-nav-mesh-worker=65536"
    "memorysetup-temp-allocator-size-audio-worker=65536"
    "memorysetup-temp-allocator-size-cloud-worker=32768"
    "memorysetup-temp-allocator-size-gfx=262144"
    "memorysetup-remapper-allocator-initial-capacity=32768"
    "memorysetup-temp-allocator-size-preload-manager=33554432"
    "memorysetup-allocator-temp-initial-block-size-main=262144"
    "memorysetup-allocator-temp-initial-block-size-worker=262144"
    "memorysetup-temp-allocator-size-job-worker=262144"
    "memorysetup-temp-allocator-size-background-worker=32768"
    "memorysetup-bucket-allocator-granularity=16"
    "memorysetup-bucket-allocator-bucket-count=8"
    "memorysetup-bucket-allocator-block-size=33554432"
    "memorysetup-bucket-allocator-block-count=8"
    "memorysetup-main-allocator-block-size=16777216"
    "memorysetup-thread-allocator-block-size=16777216"
    "memorysetup-main-allocator-mimalloc-enabled=1"
    "memorysetup-gfx-main-allocator-block-size=16777216"
    "memorysetup-gfx-thread-allocator-block-size=16777216"
    "memorysetup-cache-allocator-block-size=4194304"
    "memorysetup-typetree-allocator-block-size=2097152"
    "memorysetup-profiler-bucket-allocator-granularity=16"
    "memorysetup-profiler-bucket-allocator-bucket-count=8"
    "memorysetup-profiler-bucket-allocator-block-size=33554432"
    "memorysetup-profiler-bucket-allocator-block-count=8"
    "memorysetup-profiler-allocator-block-size=16777216"
    "memorysetup-profiler-editor-allocator-block-size=1048576"
    "memorysetup-temp-allocator-size-main=16777216"
    "memorysetup-job-temp-allocator-block-size=2097152"
    "memorysetup-job-temp-allocator-block-size-background=1048576"
    "memorysetup-job-temp-allocator-reduction-small-platforms=262144"
Player connection [28604]  Target information:

Player connection [28604]  * "[IP] 192.168.68.106 [Port] 0 [Flags] 2 [Guid] 994719230 [EditorId] 994719230 [Version] 1048832 [Id] WindowsEditor(7,LAPTOP-9MJL6R2V) [Debug] 1 [PackageName] WindowsEditor [ProjectName] Editor" 

Player connection [28604]  * "[IP] 192.168.68.101 [Port] 0 [Flags] 2 [Guid] 994719230 [EditorId] 994719230 [Version] 1048832 [Id] WindowsEditor(7,LAPTOP-9MJL6R2V) [Debug] 1 [PackageName] WindowsEditor [ProjectName] Editor" 

Player connection [28604] Host joined multi-casting on [225.0.0.222:54997]...
Player connection [28604] Host joined alternative multi-casting on [225.0.0.222:34997]...
JobSystem: Creating JobQueue using job-worker-count value 5
Input System module state changed to: Initialized.
[Physics::Module] Initialized fallback backend.
[Physics::Module] Id: 0xdecafbad
Library Redirect Path: Library/
Initialising UDS system complete:
  - System type: Client
  - Resource namespace: 4e8184ea4f478be2788911fab666bc76
  - Shared memory size: 1073741824
  - Command buffer id: 1052576
  - Command buffer size: 8192
  - Hashmap size: 4194304
  - Service connected: true
  - Service working directory: Library/DataStore/
[Physics::Module] Selected backend.
[Physics::Module] Name: PhysX
[Physics::Module] Id: 0xf2b8ea05
[Physics::Module] SDK Version: 4.1.2
[Physics::Module] Integration Version: 1.0.0
[Physics::Module] Threading Mode: Multi-Threaded
Refreshing native plugins compatible for Editor in 18.10 ms, found 4 plugins.
Initialize engine version: 6000.6.0f1 (f7f8ed4d1e24)
[EntityIdStore] init: VM path (explicit commit), pageSize=4096, blockCount=1048576, entitiesPerBlock=256, slots reserved=4294967296 bytes
[Subsystems] Discovering subsystems at path C:/Program Files/Unity/Hub/Editor/6000.6.0f1/Editor/Data/Resources/UnitySubsystems
[Subsystems] Discovering subsystems at path C:/Users/Duncan Joseph/Traversal Gameplay/Assets
Forcing GfxDevice: Direct3D 12
GfxDevice: creating device client; kGfxThreadingModeNonThreaded
d3d12: failed to query info queue interface (0x80004002).
Direct3D:
    Version:         Direct3D 12 [level 12.2]
    Renderer:        NVIDIA GeForce RTX 3050 Laptop GPU (ID=0x25a2)
    Vendor:          NVIDIA
    VRAM:            3962 MB
    App VRAM Budget: 3367 MB
    Driver:          32.0.16.1047
Initialize mono
Mono path[0] = 'C:/Program Files/Unity/Hub/Editor/6000.6.0f1/Editor/Data/Managed'
Mono path[1] = 'C:/Program Files/Unity/Hub/Editor/6000.6.0f1/Editor/Data/BCLExtensions/runtime/netstandard2.1'
Mono path[2] = 'C:/Program Files/Unity/Hub/Editor/6000.6.0f1/Editor/Data/MonoBleedingEdge/lib/mono/unityjit-win32'
Mono config path = 'C:/Program Files/Unity/Hub/Editor/6000.6.0f1/Editor/Data/MonoBleedingEdge/etc'
Using monoOptions --debugger-agent=transport=dt_socket,embedding=1,server=y,suspend=n,address=127.0.0.1:56752
CodeReloadManager initialized
Begin MonoManager ReloadAssembly
Registering precompiled unity dll's ...
Register platform support module: C:/Program Files/Unity/Hub/Editor/6000.6.0f1/Editor/Data/PlaybackEngines/WebGLSupport/UnityEditor.WebGL.Extensions.dll
Register platform support module: C:/Program Files/Unity/Hub/Editor/6000.6.0f1/Editor/Data/PlaybackEngines/WindowsStandaloneSupport/UnityEditor.WindowsStandalone.Extensions.dll
Registered in 0.005651 seconds.
Native extension for WindowsStandalone target not found
Native extension for WebGL target not found
Package Manager log level set to [2]
[Package Manager] Failed to launch server process. Reason: Unity was launched with the -noUpm command-line argument
[Package Manager] Unable to send message (not connected to server process).
[Package Manager] Cannot connect to Unity Package Manager local server
ScheduleIndexationOnStartup MainProcess:False IndexOnStartup:True
Scripting: successfully reloaded assembly
- Finished resetting the current domain, in  0.958 seconds
Domain Reload Profiling: 1722ms
	BeginReloadAssembly (214ms)
	RebuildCommonClasses (9ms)
	RebuildNativeTypeToScriptingClass (21ms)
	initialDomainReloadingComplete (100ms)
	LoadAllAssembliesAndSetupDomain (419ms)
		LoadAssemblies (209ms)
		TypeCache.Refresh (280ms)
			TypeCache.ScanAssembly (261ms)
		AnalyzeDomain (1ms)
	FinalizeReload (959ms)
		SetupLoadedEditorAssemblies (0ms)
			InitializePlatformSupportModulesInManaged (3ms)
			BeforeProcessingInitializeOnLoad (118ms)
			ProcessInitializeOnLoadAttributes (114ms)
			ProcessInitializeOnLoadMethodAttributes (606ms)
Initializing Unity extensions:
[Licensing::Client] Successfully resolved entitlement details
[Licensing::Module] License group:
  Id: 18968501699549-UnityPersXXXX
  Product: Unity Personal
  Type: Assigned
  Expiration: Unlimited
========================================================================
Worker process is ready to serve import requests
Import Worker Mode flag is 0x00
Begin MonoManager ReloadAssembly
'Packages/com.unity.render-pipelines.core/Editor/Deprecated.cs' contains partial class of Unity.Object, exactly 1 of the partial classes needs to be in a file with the same filename. This is to know the one that can be referenced from ie. GameObjects
'Packages/com.unity.render-pipelines.core/Editor/Deprecated.cs' contains partial class of Unity.Object, exactly 1 of the partial classes needs to be in a file with the same filename. This is to know the one that can be referenced from ie. GameObjects
Refreshing native plugins compatible for Editor in 6.66 ms, found 4 plugins.
Native extension for WindowsStandalone target not found
Native extension for WebGL target not found
[Package Manager] Failed to launch server process. Reason: Unity was launched with the -noUpm command-line argument
[Package Manager] Unable to send message (not connected to server process).
[Package Manager] Cannot connect to Unity Package Manager local server
Refreshing native plugins compatible for Editor in 3.73 ms, found 4 plugins.
[Package Manager] Failed to launch server process. Reason: Unity was launched with the -noUpm command-line argument
[Package Manager] Unable to send message (not connected to server process).
[Package Manager] Cannot connect to Unity Package Manager local server
[MODES] ModeService[none].Initialize
[MODES] ModeService[none].LoadModes
[MODES] Loading mode Default (0) for mode-current-id-Traversal Gameplay
ScheduleIndexationOnStartup MainProcess:False IndexOnStartup:True
Scripting: successfully reloaded assembly
- Finished resetting the current domain, in  1.373 seconds
Domain Reload Profiling: 2795ms
	BeginReloadAssembly (278ms)
		DisableScriptedObjects (13ms)
		CreateAndSetChildDomain (47ms)
	RebuildCommonClasses (11ms)
	RebuildNativeTypeToScriptingClass (20ms)
	initialDomainReloadingComplete (88ms)
	LoadAllAssembliesAndSetupDomain (1023ms)
		LoadAssemblies (549ms)
		TypeCache.Refresh (243ms)
			TypeCache.ScanAssembly (220ms)
		AnalyzeDomain (125ms)
			BuildScriptInfoCaches (115ms)
			ResolveRequiredComponents (8ms)
	FinalizeReload (1375ms)
		SetupLoadedEditorAssemblies (0ms)
			LogAssemblyErrors (3ms)
			InitializePlatformSupportModulesInManaged (3ms)
			BeforeProcessingInitializeOnLoad (194ms)
			ProcessInitializeOnLoadAttributes (467ms)
			ProcessInitializeOnLoadMethodAttributes (146ms)
			AfterProcessingInitializeOnLoad (11ms)
		AwakeInstancesAfterBackupRestoration (11ms)
AcceleratorClientConnectionCallback - disconnected - :0
Launched and connected shader compiler UnityShaderCompiler.exe after 0.02 seconds
Refreshing native plugins compatible for Editor in 2.21 ms, found 4 plugins.
Unloading 61 Unused Serialized files (Serialized files now loaded: 0)
Unloading 6985 unused Assets / (12.6 MB). Loaded Objects now: 7870.
Memory consumption went from 346.0 MB to 333.4 MB.
Total: 13.532500 ms (FindLiveObjects: 2.467600 ms CreateObjectMapping: 0.820600 ms MarkObjects: 6.338200 ms  DeleteObjects: 3.641000 ms)

========================================================================
Received Prepare
AcceleratorClientConnectionCallback - disconnected - :0
'Packages/com.unity.render-pipelines.core/Editor/Deprecated.cs' contains partial class of Unity.Object, exactly 1 of the partial classes needs to be in a file with the same filename. This is to know the one that can be referenced from ie. GameObjects
'Packages/com.unity.render-pipelines.core/Editor/Deprecated.cs' contains partial class of Unity.Object, exactly 1 of the partial classes needs to be in a file with the same filename. This is to know the one that can be referenced from ie. GameObjects
Refreshing native plugins compatible for Editor in 2.54 ms, found 4 plugins.
Unloading 61 Unused Serialized files (Serialized files now loaded: 0)
Unloading 6973 unused Assets / (10.1 MB). Loaded Objects now: 7871.
Memory consumption went from 343.0 MB to 332.8 MB.
Total: 13.688500 ms (FindLiveObjects: 1.664900 ms CreateObjectMapping: 1.086400 ms MarkObjects: 7.143800 ms  DeleteObjects: 3.525600 ms)

Prepare: number of updated asset objects reloaded= 0
========================================================================
Received Import Request.
  Time of request: 2026-09-29T02:07:55.658231Z
  Time since last request: 428786.00138500001049 seconds.
  importAddress: GUID: 95c0ff927d6a1cb4280126cd2eeded2d - Path: Assets/FinishNa.cs - Importer: ScriptedImporter/UnityEditor.QuickSearchModule:UnityEditor.Search:ASIAI0B
Importing 'GUID: 95c0ff927d6a1cb4280126cd2eeded2d - Path: Assets/FinishNa.cs - Importer: ScriptedImporter/UnityEditor.QuickSearchModule:UnityEditor.Search:ASIAI0B' with importer (ScriptedImporter : UnityEditor.QuickSearchModule:UnityEditor.Search:ASIAI0B)
Imported 'GUID: 95c0ff927d6a1cb4280126cd2eeded2d' -> (Import Result ID: '08f7cb27b811906f085bc71e6b8da5a1') in 0.119 seconds [static and dynamic dependencies]. Details - ImportResultOutputID=43c90a47befbff4fb4e20a2eb9dd116d DependenciesID=0a38b7b78df8b54bb71455b6705e8b72 StaticDependenciesID=3104bee20696cf953472b2701627cda8 
Number of updated asset objects reloaded before import = 0
Number of asset objects unloaded after import = 0
========================================================================
Received Prepare
AcceleratorClientConnectionCallback - disconnected - :0
[Licensing::Client] Successfully resolved entitlement details
Begin MonoManager ReloadAssembly
'Packages/com.unity.render-pipelines.core/Editor/Deprecated.cs' contains partial class of Unity.Object, exactly 1 of the partial classes needs to be in a file with the same filename. This is to know the one that can be referenced from ie. GameObjects
'Packages/com.unity.render-pipelines.core/Editor/Deprecated.cs' contains partial class of Unity.Object, exactly 1 of the partial classes needs to be in a file with the same filename. This is to know the one that can be referenced from ie. GameObjects
Refreshing native plugins compatible for Editor in 3.64 ms, found 4 plugins.
Native extension for WindowsStandalone target not found
Native extension for WebGL target not found
[Package Manager] Failed to launch server process. Reason: Unity was launched with the -noUpm command-line argument
[Package Manager] Unable to send message (not connected to server process).
[Package Manager] Cannot connect to Unity Package Manager local server
[Package Manager] Failed to launch server process. Reason: Unity was launched with the -noUpm command-line argument
[Package Manager] Unable to send message (not connected to server process).
[Package Manager] Cannot connect to Unity Package Manager local server
[MODES] ModeService[none].Initialize
[MODES] ModeService[none].LoadModes
ScheduleIndexationOnStartup MainProcess:False IndexOnStartup:True
Scripting: successfully reloaded assembly
- Finished resetting the current domain, in  1.796 seconds
Domain Reload Profiling: 3921ms
	BeginReloadAssembly (617ms)
		DisableScriptedObjects (22ms)
		CreateAndSetChildDomain (200ms)
	RebuildCommonClasses (20ms)
	RebuildNativeTypeToScriptingClass (42ms)
	initialDomainReloadingComplete (174ms)
	LoadAllAssembliesAndSetupDomain (1270ms)
		LoadAssemblies (787ms)
		TypeCache.Refresh (20ms)
		AnalyzeDomain (379ms)
			BuildScriptInfoCaches (359ms)
			ResolveRequiredComponents (10ms)
	FinalizeReload (1798ms)
		SetupLoadedEditorAssemblies (0ms)
			LogAssemblyErrors (6ms)
			InitializePlatformSupportModulesInManaged (4ms)
			BeforeProcessingInitializeOnLoad (256ms)
			ProcessInitializeOnLoadAttributes (583ms)
			ProcessInitializeOnLoadMethodAttributes (222ms)
			AfterProcessingInitializeOnLoad (21ms)
			EditorAssembliesLoaded (3ms)
		AwakeInstancesAfterBackupRestoration (48ms)
Refreshing native plugins compatible for Editor in 4.31 ms, found 4 plugins.
Unloading 61 Unused Serialized files (Serialized files now loaded: 0)
Unloading 6984 unused Assets / (10.5 MB). Loaded Objects now: 7923.
Memory consumption went from 362.3 MB to 351.8 MB.
Total: 18.404600 ms (FindLiveObjects: 1.788000 ms CreateObjectMapping: 0.817900 ms MarkObjects: 9.998300 ms  DeleteObjects: 5.307200 ms)

Prepare: number of updated asset objects reloaded= 0
========================================================================
Received Import Request.
  Time of request: 2026-09-29T02:08:47.0977901Z
  Time since last request: 51.3041696 seconds.
  importAddress: GUID: 95c0ff927d6a1cb4280126cd2eeded2d - Path: Assets/FinishNa.cs - Importer: PreviewImporter
Importing 'GUID: 95c0ff927d6a1cb4280126cd2eeded2d - Path: Assets/FinishNa.cs - Importer: PreviewImporter' with importer (PreviewImporter)
Imported 'GUID: 95c0ff927d6a1cb4280126cd2eeded2d' -> (Import Result ID: 'ba41a5121158fd6099ac93c9cfad5192') in 0.004 seconds [static and dynamic dependencies]. Details - ImportResultOutputID=e5b06a2871c0ace07245e3f59e0a6a53 DependenciesID=b17bc9fbcf9611092c669976807ab1b1 StaticDependenciesID=96595d26d3a5451718f7af55087a5faa 
Number of updated asset objects reloaded before import = 0
Number of asset objects unloaded after import = 0
========================================================================
Received Prepare
AcceleratorClientConnectionCallback - disconnected - :0
Begin MonoManager ReloadAssembly
'Packages/com.unity.render-pipelines.core/Editor/Deprecated.cs' contains partial class of Unity.Object, exactly 1 of the partial classes needs to be in a file with the same filename. This is to know the one that can be referenced from ie. GameObjects
'Packages/com.unity.render-pipelines.core/Editor/Deprecated.cs' contains partial class of Unity.Object, exactly 1 of the partial classes needs to be in a file with the same filename. This is to know the one that can be referenced from ie. GameObjects
Refreshing native plugins compatible for Editor in 2.43 ms, found 4 plugins.
Native extension for WindowsStandalone target not found
Native extension for WebGL target not found
[Package Manager] Failed to launch server process. Reason: Unity was launched with the -noUpm command-line argument
[Package Manager] Unable to send message (not connected to server process).
[Package Manager] Cannot connect to Unity Package Manager local server
[Package Manager] Failed to launch server process. Reason: Unity was launched with the -noUpm command-line argument
[Package Manager] Unable to send message (not connected to server process).
[Package Manager] Cannot connect to Unity Package Manager local server
[MODES] ModeService[none].Initialize
[MODES] ModeService[none].LoadModes
ScheduleIndexationOnStartup MainProcess:False IndexOnStartup:True
Scripting: successfully reloaded assembly
- Finished resetting the current domain, in  1.002 seconds
Domain Reload Profiling: 2365ms
	BeginReloadAssembly (326ms)
		DisableScriptedObjects (16ms)
		CreateAndSetChildDomain (71ms)
	RebuildCommonClasses (13ms)
	RebuildNativeTypeToScriptingClass (23ms)
	initialDomainReloadingComplete (102ms)
	LoadAllAssembliesAndSetupDomain (897ms)
		LoadAssemblies (530ms)
		TypeCache.Refresh (14ms)
		AnalyzeDomain (269ms)
			BuildScriptInfoCaches (258ms)
			ResolveRequiredComponents (7ms)
	FinalizeReload (1003ms)
		SetupLoadedEditorAssemblies (0ms)
			LogAssemblyErrors (3ms)
			BeforeProcessingInitializeOnLoad (124ms)
			ProcessInitializeOnLoadAttributes (366ms)
			ProcessInitializeOnLoadMethodAttributes (150ms)
			AfterProcessingInitializeOnLoad (12ms)
		AwakeInstancesAfterBackupRestoration (47ms)
Refreshing native plugins compatible for Editor in 3.45 ms, found 4 plugins.
Unloading 61 Unused Serialized files (Serialized files now loaded: 0)
Unloading 6984 unused Assets / (10.1 MB). Loaded Objects now: 7926.
Memory consumption went from 364.8 MB to 354.8 MB.
Total: 14.611600 ms (FindLiveObjects: 1.082800 ms CreateObjectMapping: 0.911000 ms MarkObjects: 8.390100 ms  DeleteObjects: 3.983400 ms)

Prepare: number of updated asset objects reloaded= 0
========================================================================
Received Import Request.
  Time of request: 2026-09-29T02:18:27.1816023Z
  Time since last request: 580.05515939999998 seconds.
  importAddress: GUID: 95c0ff927d6a1cb4280126cd2eeded2d - Path: Assets/FinishNa.cs - Importer: PreviewImporter
Importing 'GUID: 95c0ff927d6a1cb4280126cd2eeded2d - Path: Assets/FinishNa.cs - Importer: PreviewImporter' with importer (PreviewImporter)
Imported 'GUID: 95c0ff927d6a1cb4280126cd2eeded2d' -> (Import Result ID: 'da36092af5b16f571d3118a4c87e0fc2') in 0.003 seconds [static and dynamic dependencies]. Details - ImportResultOutputID=e5b06a2871c0ace07245e3f59e0a6a53 DependenciesID=de384bc2efaff7c2e80f064598224ed5 StaticDependenciesID=d7669b7c09f4184aecbda0c49e286a4e 
Number of updated asset objects reloaded before import = 0
Number of asset objects unloaded after import = 0
========================================================================
Received Prepare
AcceleratorClientConnectionCallback - disconnected - :0
'Packages/com.unity.render-pipelines.core/Editor/Deprecated.cs' contains partial class of Unity.Object, exactly 1 of the partial classes needs to be in a file with the same filename. This is to know the one that can be referenced from ie. GameObjects
'Packages/com.unity.render-pipelines.core/Editor/Deprecated.cs' contains partial class of Unity.Object, exactly 1 of the partial classes needs to be in a file with the same filename. This is to know the one that can be referenced from ie. GameObjects
Refreshing native plugins compatible for Editor in 2.11 ms, found 4 plugins.
Unloading 61 Unused Serialized files (Serialized files now loaded: 0)
Unloading 6973 unused Assets / (11.2 MB). Loaded Objects now: 7926.
Memory consumption went from 365.0 MB to 353.8 MB.
Total: 14.649000 ms (FindLiveObjects: 1.686900 ms CreateObjectMapping: 0.860900 ms MarkObjects: 7.752800 ms  DeleteObjects: 4.107600 ms)

Prepare: number of updated asset objects reloaded= 0
========================================================================
Received Import Request.
  Time of request: 2026-09-29T02:18:31.9296261Z
  Time since last request: 4.7313443 seconds.
  importAddress: GUID: 95c0ff927d6a1cb4280126cd2eeded2d - Path: Assets/FinishPlatform.cs - Importer: PreviewImporter
Importing 'GUID: 95c0ff927d6a1cb4280126cd2eeded2d - Path: Assets/FinishPlatform.cs - Importer: PreviewImporter' with importer (PreviewImporter)
Imported 'GUID: 95c0ff927d6a1cb4280126cd2eeded2d' -> (Import Result ID: '9fb31d05eed0b0a3366d28247a8392a9') in 0.001 seconds [static and dynamic dependencies]. Details - ImportResultOutputID=e5b06a2871c0ace07245e3f59e0a6a53 DependenciesID=e77fe7fd83b283f3ce778239da26061d StaticDependenciesID=25e7dddac5b4702f587c7b8c3f66073d 
Number of updated asset objects reloaded before import = 0
Number of asset objects unloaded after import = 0
========================================================================
Received Import Request.
  Time of request: 2026-09-29T02:18:31.950288Z
  Time since last request: 0.001171 seconds.
  importAddress: GUID: 95c0ff927d6a1cb4280126cd2eeded2d - Path: Assets/FinishPlatform.cs - Importer: PreviewImporter
Importing 'GUID: 95c0ff927d6a1cb4280126cd2eeded2d - Path: Assets/FinishPlatform.cs - Importer: PreviewImporter' with importer (PreviewImporter)
Imported 'GUID: 95c0ff927d6a1cb4280126cd2eeded2d' -> (Import Result ID: '9fb31d05eed0b0a3366d28247a8392a9') in 0.002 seconds [static and dynamic dependencies]. Details - ImportResultOutputID=e5b06a2871c0ace07245e3f59e0a6a53 DependenciesID=e77fe7fd83b283f3ce778239da26061d StaticDependenciesID=25e7dddac5b4702f587c7b8c3f66073d 
Number of updated asset objects reloaded before import = 0
Number of asset objects unloaded after import = 0
========================================================================
Received Import Request.
  Time of request: 2026-09-29T02:18:31.9779949Z
  Time since last request: 0.0089911 seconds.
  importAddress: GUID: 95c0ff927d6a1cb4280126cd2eeded2d - Path: Assets/FinishPlatform.cs - Importer: PreviewImporter
Importing 'GUID: 95c0ff927d6a1cb4280126cd2eeded2d - Path: Assets/FinishPlatform.cs - Importer: PreviewImporter' with importer (PreviewImporter)
Imported 'GUID: 95c0ff927d6a1cb4280126cd2eeded2d' -> (Import Result ID: '9fb31d05eed0b0a3366d28247a8392a9') in 0.001 seconds [static and dynamic dependencies]. Details - ImportResultOutputID=e5b06a2871c0ace07245e3f59e0a6a53 DependenciesID=e77fe7fd83b283f3ce778239da26061d StaticDependenciesID=25e7dddac5b4702f587c7b8c3f66073d 
Number of updated asset objects reloaded before import = 0
Number of asset objects unloaded after import = 0
========================================================================
Received Import Request.
  Time of request: 2026-09-29T02:18:32.0117958Z
  Time since last request: 0.0191113 seconds.
  importAddress: GUID: 95c0ff927d6a1cb4280126cd2eeded2d - Path: Assets/FinishPlatform.cs - Importer: PreviewImporter
Importing 'GUID: 95c0ff927d6a1cb4280126cd2eeded2d - Path: Assets/FinishPlatform.cs - Importer: PreviewImporter' with importer (PreviewImporter)
Imported 'GUID: 95c0ff927d6a1cb4280126cd2eeded2d' -> (Import Result ID: '9fb31d05eed0b0a3366d28247a8392a9') in 0.001 seconds [static and dynamic dependencies]. Details - ImportResultOutputID=e5b06a2871c0ace07245e3f59e0a6a53 DependenciesID=e77fe7fd83b283f3ce778239da26061d StaticDependenciesID=25e7dddac5b4702f587c7b8c3f66073d 
Number of updated asset objects reloaded before import = 0
Number of asset objects unloaded after import = 0
========================================================================
Received Import Request.
  Time of request: 2026-09-29T02:18:32.0379338Z
  Time since last request: 0.0081638 seconds.
  importAddress: GUID: 95c0ff927d6a1cb4280126cd2eeded2d - Path: Assets/FinishPlatform.cs - Importer: PreviewImporter
Importing 'GUID: 95c0ff927d6a1cb4280126cd2eeded2d - Path: Assets/FinishPlatform.cs - Importer: PreviewImporter' with importer (PreviewImporter)
Imported 'GUID: 95c0ff927d6a1cb4280126cd2eeded2d' -> (Import Result ID: '9fb31d05eed0b0a3366d28247a8392a9') in 0.001 seconds [static and dynamic dependencies]. Details - ImportResultOutputID=e5b06a2871c0ace07245e3f59e0a6a53 DependenciesID=e77fe7fd83b283f3ce778239da26061d StaticDependenciesID=25e7dddac5b4702f587c7b8c3f66073d 
Number of updated asset objects reloaded before import = 0
Number of asset objects unloaded after import = 0
========================================================================
Received Import Request.
  Time of request: 2026-09-29T02:18:32.0549687Z
  Time since last request: 0.0008742 seconds.
  importAddress: GUID: 95c0ff927d6a1cb4280126cd2eeded2d - Path: Assets/FinishPlatform.cs - Importer: PreviewImporter
Importing 'GUID: 95c0ff927d6a1cb4280126cd2eeded2d - Path: Assets/FinishPlatform.cs - Importer: PreviewImporter' with importer (PreviewImporter)
Imported 'GUID: 95c0ff927d6a1cb4280126cd2eeded2d' -> (Import Result ID: '9fb31d05eed0b0a3366d28247a8392a9') in 0.001 seconds [static and dynamic dependencies]. Details - ImportResultOutputID=e5b06a2871c0ace07245e3f59e0a6a53 DependenciesID=e77fe7fd83b283f3ce778239da26061d StaticDependenciesID=25e7dddac5b4702f587c7b8c3f66073d 
Number of updated asset objects reloaded before import = 0
Number of asset objects unloaded after import = 0
========================================================================
Received Import Request.
  Time of request: 2026-09-29T02:18:32.0785936Z
  Time since last request: 0.003342 seconds.
  importAddress: GUID: 95c0ff927d6a1cb4280126cd2eeded2d - Path: Assets/FinishPlatform.cs - Importer: PreviewImporter
Importing 'GUID: 95c0ff927d6a1cb4280126cd2eeded2d - Path: Assets/FinishPlatform.cs - Importer: PreviewImporter' with importer (PreviewImporter)
Imported 'GUID: 95c0ff927d6a1cb4280126cd2eeded2d' -> (Import Result ID: '9fb31d05eed0b0a3366d28247a8392a9') in 0.001 seconds [static and dynamic dependencies]. Details - ImportResultOutputID=e5b06a2871c0ace07245e3f59e0a6a53 DependenciesID=e77fe7fd83b283f3ce778239da26061d StaticDependenciesID=25e7dddac5b4702f587c7b8c3f66073d 
Number of updated asset objects reloaded before import = 0
Number of asset objects unloaded after import = 0
========================================================================
Received Import Request.
  Time of request: 2026-09-29T02:18:32.0997705Z
  Time since last request: 0.003372 seconds.
  importAddress: GUID: 95c0ff927d6a1cb4280126cd2eeded2d - Path: Assets/FinishPlatform.cs - Importer: PreviewImporter
Importing 'GUID: 95c0ff927d6a1cb4280126cd2eeded2d - Path: Assets/FinishPlatform.cs - Importer: PreviewImporter' with importer (PreviewImporter)
Imported 'GUID: 95c0ff927d6a1cb4280126cd2eeded2d' -> (Import Result ID: '9fb31d05eed0b0a3366d28247a8392a9') in 0.001 seconds [static and dynamic dependencies]. Details - ImportResultOutputID=e5b06a2871c0ace07245e3f59e0a6a53 DependenciesID=e77fe7fd83b283f3ce778239da26061d StaticDependenciesID=25e7dddac5b4702f587c7b8c3f66073d 
Number of updated asset objects reloaded before import = 0
Number of asset objects unloaded after import = 0
========================================================================
Received Import Request.
  Time of request: 2026-09-29T02:18:32.1212223Z
  Time since last request: 0.004786 seconds.
  importAddress: GUID: 95c0ff927d6a1cb4280126cd2eeded2d - Path: Assets/FinishPlatform.cs - Importer: PreviewImporter
Importing 'GUID: 95c0ff927d6a1cb4280126cd2eeded2d - Path: Assets/FinishPlatform.cs - Importer: PreviewImporter' with importer (PreviewImporter)
Imported 'GUID: 95c0ff927d6a1cb4280126cd2eeded2d' -> (Import Result ID: '9fb31d05eed0b0a3366d28247a8392a9') in 0.001 seconds [static and dynamic dependencies]. Details - ImportResultOutputID=e5b06a2871c0ace07245e3f59e0a6a53 DependenciesID=e77fe7fd83b283f3ce778239da26061d StaticDependenciesID=25e7dddac5b4702f587c7b8c3f66073d 
Number of updated asset objects reloaded before import = 0
Number of asset objects unloaded after import = 0
========================================================================
Received Import Request.
  Time of request: 2026-09-29T02:18:32.1429789Z
  Time since last request: 0.0051944 seconds.
  importAddress: GUID: 95c0ff927d6a1cb4280126cd2eeded2d - Path: Assets/FinishPlatform.cs - Importer: PreviewImporter
Importing 'GUID: 95c0ff927d6a1cb4280126cd2eeded2d - Path: Assets/FinishPlatform.cs - Importer: PreviewImporter' with importer (PreviewImporter)
Imported 'GUID: 95c0ff927d6a1cb4280126cd2eeded2d' -> (Import Result ID: '9fb31d05eed0b0a3366d28247a8392a9') in 0.001 seconds [static and dynamic dependencies]. Details - ImportResultOutputID=e5b06a2871c0ace07245e3f59e0a6a53 DependenciesID=e77fe7fd83b283f3ce778239da26061d StaticDependenciesID=25e7dddac5b4702f587c7b8c3f66073d 
Number of updated asset objects reloaded before import = 0
Number of asset objects unloaded after import = 0
========================================================================
Received Import Request.
  Time of request: 2026-09-29T02:18:32.1630972Z
  Time since last request: 0.0037872 seconds.
  importAddress: GUID: 95c0ff927d6a1cb4280126cd2eeded2d - Path: Assets/FinishPlatform.cs - Importer: PreviewImporter
Importing 'GUID: 95c0ff927d6a1cb4280126cd2eeded2d - Path: Assets/FinishPlatform.cs - Importer: PreviewImporter' with importer (PreviewImporter)
Imported 'GUID: 95c0ff927d6a1cb4280126cd2eeded2d' -> (Import Result ID: '9fb31d05eed0b0a3366d28247a8392a9') in 0.001 seconds [static and dynamic dependencies]. Details - ImportResultOutputID=e5b06a2871c0ace07245e3f59e0a6a53 DependenciesID=e77fe7fd83b283f3ce778239da26061d StaticDependenciesID=25e7dddac5b4702f587c7b8c3f66073d 
Number of updated asset objects reloaded before import = 0
Number of asset objects unloaded after import = 0
========================================================================
Received Import Request.
  Time of request: 2026-09-29T02:18:32.1789684Z
  Time since last request: 0.0006894 seconds.
  importAddress: GUID: 95c0ff927d6a1cb4280126cd2eeded2d - Path: Assets/FinishPlatform.cs - Importer: PreviewImporter
Importing 'GUID: 95c0ff927d6a1cb4280126cd2eeded2d - Path: Assets/FinishPlatform.cs - Importer: PreviewImporter' with importer (PreviewImporter)
Imported 'GUID: 95c0ff927d6a1cb4280126cd2eeded2d' -> (Import Result ID: '9fb31d05eed0b0a3366d28247a8392a9') in 0.001 seconds [static and dynamic dependencies]. Details - ImportResultOutputID=e5b06a2871c0ace07245e3f59e0a6a53 DependenciesID=e77fe7fd83b283f3ce778239da26061d StaticDependenciesID=25e7dddac5b4702f587c7b8c3f66073d 
Number of updated asset objects reloaded before import = 0
Number of asset objects unloaded after import = 0
========================================================================
Received Import Request.
  Time of request: 2026-09-29T02:18:32.199433Z
  Time since last request: 0.0058966 seconds.
  importAddress: GUID: 95c0ff927d6a1cb4280126cd2eeded2d - Path: Assets/FinishPlatform.cs - Importer: PreviewImporter
Importing 'GUID: 95c0ff927d6a1cb4280126cd2eeded2d - Path: Assets/FinishPlatform.cs - Importer: PreviewImporter' with importer (PreviewImporter)
Imported 'GUID: 95c0ff927d6a1cb4280126cd2eeded2d' -> (Import Result ID: '9fb31d05eed0b0a3366d28247a8392a9') in 0.001 seconds [static and dynamic dependencies]. Details - ImportResultOutputID=e5b06a2871c0ace07245e3f59e0a6a53 DependenciesID=e77fe7fd83b283f3ce778239da26061d StaticDependenciesID=25e7dddac5b4702f587c7b8c3f66073d 
Number of updated asset objects reloaded before import = 0
Number of asset objects unloaded after import = 0
========================================================================
Received Import Request.
  Time of request: 2026-09-29T02:18:32.216725Z
  Time since last request: 0.0010415 seconds.
  importAddress: GUID: 95c0ff927d6a1cb4280126cd2eeded2d - Path: Assets/FinishPlatform.cs - Importer: PreviewImporter
Importing 'GUID: 95c0ff927d6a1cb4280126cd2eeded2d - Path: Assets/FinishPlatform.cs - Importer: PreviewImporter' with importer (PreviewImporter)
Imported 'GUID: 95c0ff927d6a1cb4280126cd2eeded2d' -> (Import Result ID: '9fb31d05eed0b0a3366d28247a8392a9') in 0.001 seconds [static and dynamic dependencies]. Details - ImportResultOutputID=e5b06a2871c0ace07245e3f59e0a6a53 DependenciesID=e77fe7fd83b283f3ce778239da26061d StaticDependenciesID=25e7dddac5b4702f587c7b8c3f66073d 
Number of updated asset objects reloaded before import = 0
Number of asset objects unloaded after import = 0
========================================================================
Received Import Request.
  Time of request: 2026-09-29T02:18:32.2365703Z
  Time since last request: 0.0048306 seconds.
  importAddress: GUID: 95c0ff927d6a1cb4280126cd2eeded2d - Path: Assets/FinishPlatform.cs - Importer: PreviewImporter
Importing 'GUID: 95c0ff927d6a1cb4280126cd2eeded2d - Path: Assets/FinishPlatform.cs - Importer: PreviewImporter' with importer (PreviewImporter)
Imported 'GUID: 95c0ff927d6a1cb4280126cd2eeded2d' -> (Import Result ID: '9fb31d05eed0b0a3366d28247a8392a9') in 0.001 seconds [static and dynamic dependencies]. Details - ImportResultOutputID=e5b06a2871c0ace07245e3f59e0a6a53 DependenciesID=e77fe7fd83b283f3ce778239da26061d StaticDependenciesID=25e7dddac5b4702f587c7b8c3f66073d 
Number of updated asset objects reloaded before import = 0
Number of asset objects unloaded after import = 0
========================================================================
Received Import Request.
  Time of request: 2026-09-29T02:18:32.2543815Z
  Time since last request: 0.0030176 seconds.
  importAddress: GUID: 95c0ff927d6a1cb4280126cd2eeded2d - Path: Assets/FinishPlatform.cs - Importer: PreviewImporter
Importing 'GUID: 95c0ff927d6a1cb4280126cd2eeded2d - Path: Assets/FinishPlatform.cs - Importer: PreviewImporter' with importer (PreviewImporter)
Imported 'GUID: 95c0ff927d6a1cb4280126cd2eeded2d' -> (Import Result ID: '9fb31d05eed0b0a3366d28247a8392a9') in 0.001 seconds [static and dynamic dependencies]. Details - ImportResultOutputID=e5b06a2871c0ace07245e3f59e0a6a53 DependenciesID=e77fe7fd83b283f3ce778239da26061d StaticDependenciesID=25e7dddac5b4702f587c7b8c3f66073d 
Number of updated asset objects reloaded before import = 0
Number of asset objects unloaded after import = 0
========================================================================
Received Import Request.
  Time of request: 2026-09-29T02:18:32.2749473Z
  Time since last request: 0.0032077 seconds.
  importAddress: GUID: 95c0ff927d6a1cb4280126cd2eeded2d - Path: Assets/FinishPlatform.cs - Importer: PreviewImporter
Importing 'GUID: 95c0ff927d6a1cb4280126cd2eeded2d - Path: Assets/FinishPlatform.cs - Importer: PreviewImporter' with importer (PreviewImporter)
Imported 'GUID: 95c0ff927d6a1cb4280126cd2eeded2d' -> (Import Result ID: '9fb31d05eed0b0a3366d28247a8392a9') in 0.001 seconds [static and dynamic dependencies]. Details - ImportResultOutputID=e5b06a2871c0ace07245e3f59e0a6a53 DependenciesID=e77fe7fd83b283f3ce778239da26061d StaticDependenciesID=25e7dddac5b4702f587c7b8c3f66073d 
Number of updated asset objects reloaded before import = 0
Number of asset objects unloaded after import = 0
========================================================================
Received Import Request.
  Time of request: 2026-09-29T02:18:32.293828Z
  Time since last request: 0.0032208 seconds.
  importAddress: GUID: 95c0ff927d6a1cb4280126cd2eeded2d - Path: Assets/FinishPlatform.cs - Importer: PreviewImporter
Importing 'GUID: 95c0ff927d6a1cb4280126cd2eeded2d - Path: Assets/FinishPlatform.cs - Importer: PreviewImporter' with importer (PreviewImporter)
Imported 'GUID: 95c0ff927d6a1cb4280126cd2eeded2d' -> (Import Result ID: '9fb31d05eed0b0a3366d28247a8392a9') in 0.001 seconds [static and dynamic dependencies]. Details - ImportResultOutputID=e5b06a2871c0ace07245e3f59e0a6a53 DependenciesID=e77fe7fd83b283f3ce778239da26061d StaticDependenciesID=25e7dddac5b4702f587c7b8c3f66073d 
Number of updated asset objects reloaded before import = 0
Number of asset objects unloaded after import = 0
========================================================================
Received Import Request.
  Time of request: 2026-09-29T02:18:32.3104861Z
  Time since last request: 0.0004521 seconds.
  importAddress: GUID: 95c0ff927d6a1cb4280126cd2eeded2d - Path: Assets/FinishPlatform.cs - Importer: PreviewImporter
Importing 'GUID: 95c0ff927d6a1cb4280126cd2eeded2d - Path: Assets/FinishPlatform.cs - Importer: PreviewImporter' with importer (PreviewImporter)
Imported 'GUID: 95c0ff927d6a1cb4280126cd2eeded2d' -> (Import Result ID: '9fb31d05eed0b0a3366d28247a8392a9') in 0.001 seconds [static and dynamic dependencies]. Details - ImportResultOutputID=e5b06a2871c0ace07245e3f59e0a6a53 DependenciesID=e77fe7fd83b283f3ce778239da26061d StaticDependenciesID=25e7dddac5b4702f587c7b8c3f66073d 
Number of updated asset objects reloaded before import = 0
Number of asset objects unloaded after import = 0
========================================================================
Received Import Request.
  Time of request: 2026-09-29T02:18:32.3270531Z
  Time since last request: 0.0003889 seconds.
  importAddress: GUID: 95c0ff927d6a1cb4280126cd2eeded2d - Path: Assets/FinishPlatform.cs - Importer: PreviewImporter
Importing 'GUID: 95c0ff927d6a1cb4280126cd2eeded2d - Path: Assets/FinishPlatform.cs - Importer: PreviewImporter' with importer (PreviewImporter)
Imported 'GUID: 95c0ff927d6a1cb4280126cd2eeded2d' -> (Import Result ID: '9fb31d05eed0b0a3366d28247a8392a9') in 0.001 seconds [static and dynamic dependencies]. Details - ImportResultOutputID=e5b06a2871c0ace07245e3f59e0a6a53 DependenciesID=e77fe7fd83b283f3ce778239da26061d StaticDependenciesID=25e7dddac5b4702f587c7b8c3f66073d 
Number of updated asset objects reloaded before import = 0
Number of asset objects unloaded after import = 0
========================================================================
Received Import Request.
  Time of request: 2026-09-29T02:18:32.3476213Z
  Time since last request: 0.004303 seconds.
  importAddress: GUID: 95c0ff927d6a1cb4280126cd2eeded2d - Path: Assets/FinishPlatform.cs - Importer: PreviewImporter
Importing 'GUID: 95c0ff927d6a1cb4280126cd2eeded2d - Path: Assets/FinishPlatform.cs - Importer: PreviewImporter' with importer (PreviewImporter)
Imported 'GUID: 95c0ff927d6a1cb4280126cd2eeded2d' -> (Import Result ID: '9fb31d05eed0b0a3366d28247a8392a9') in 0.001 seconds [static and dynamic dependencies]. Details - ImportResultOutputID=e5b06a2871c0ace07245e3f59e0a6a53 DependenciesID=e77fe7fd83b283f3ce778239da26061d StaticDependenciesID=25e7dddac5b4702f587c7b8c3f66073d 
Number of updated asset objects reloaded before import = 0
Number of asset objects unloaded after import = 0
========================================================================
Received Import Request.
  Time of request: 2026-09-29T02:18:32.3661336Z
  Time since last request: 0.002155 seconds.
  importAddress: GUID: 95c0ff927d6a1cb4280126cd2eeded2d - Path: Assets/FinishPlatform.cs - Importer: PreviewImporter
Importing 'GUID: 95c0ff927d6a1cb4280126cd2eeded2d - Path: Assets/FinishPlatform.cs - Importer: PreviewImporter' with importer (PreviewImporter)
Imported 'GUID: 95c0ff927d6a1cb4280126cd2eeded2d' -> (Import Result ID: '9fb31d05eed0b0a3366d28247a8392a9') in 0.001 seconds [static and dynamic dependencies]. Details - ImportResultOutputID=e5b06a2871c0ace07245e3f59e0a6a53 DependenciesID=e77fe7fd83b283f3ce778239da26061d StaticDependenciesID=25e7dddac5b4702f587c7b8c3f66073d 
Number of updated asset objects reloaded before import = 0
Number of asset objects unloaded after import = 0
========================================================================
Received Import Request.
  Time of request: 2026-09-29T02:18:32.3840035Z
  Time since last request: 0.0032614 seconds.
  importAddress: GUID: 95c0ff927d6a1cb4280126cd2eeded2d - Path: Assets/FinishPlatform.cs - Importer: PreviewImporter
Importing 'GUID: 95c0ff927d6a1cb4280126cd2eeded2d - Path: Assets/FinishPlatform.cs - Importer: PreviewImporter' with importer (PreviewImporter)
Imported 'GUID: 95c0ff927d6a1cb4280126cd2eeded2d' -> (Import Result ID: '9fb31d05eed0b0a3366d28247a8392a9') in 0.001 seconds [static and dynamic dependencies]. Details - ImportResultOutputID=e5b06a2871c0ace07245e3f59e0a6a53 DependenciesID=e77fe7fd83b283f3ce778239da26061d StaticDependenciesID=25e7dddac5b4702f587c7b8c3f66073d 
Number of updated asset objects reloaded before import = 0
Number of asset objects unloaded after import = 0
========================================================================
Received Import Request.
  Time of request: 2026-09-29T02:18:32.4013934Z
  Time since last request: 0.0036734 seconds.
  importAddress: GUID: 95c0ff927d6a1cb4280126cd2eeded2d - Path: Assets/FinishPlatform.cs - Importer: PreviewImporter
Importing 'GUID: 95c0ff927d6a1cb4280126cd2eeded2d - Path: Assets/FinishPlatform.cs - Importer: PreviewImporter' with importer (PreviewImporter)
Imported 'GUID: 95c0ff927d6a1cb4280126cd2eeded2d' -> (Import Result ID: '9fb31d05eed0b0a3366d28247a8392a9') in 0.001 seconds [static and dynamic dependencies]. Details - ImportResultOutputID=e5b06a2871c0ace07245e3f59e0a6a53 DependenciesID=e77fe7fd83b283f3ce778239da26061d StaticDependenciesID=25e7dddac5b4702f587c7b8c3f66073d 
Number of updated asset objects reloaded before import = 0
Number of asset objects unloaded after import = 0
========================================================================
Received Import Request.
  Time of request: 2026-09-29T02:18:32.4202987Z
  Time since last request: 0.0033263 seconds.
  importAddress: GUID: 95c0ff927d6a1cb4280126cd2eeded2d - Path: Assets/FinishPlatform.cs - Importer: PreviewImporter
Importing 'GUID: 95c0ff927d6a1cb4280126cd2eeded2d - Path: Assets/FinishPlatform.cs - Importer: PreviewImporter' with importer (PreviewImporter)
Imported 'GUID: 95c0ff927d6a1cb4280126cd2eeded2d' -> (Import Result ID: '9fb31d05eed0b0a3366d28247a8392a9') in 0.001 seconds [static and dynamic dependencies]. Details - ImportResultOutputID=e5b06a2871c0ace07245e3f59e0a6a53 DependenciesID=e77fe7fd83b283f3ce778239da26061d StaticDependenciesID=25e7dddac5b4702f587c7b8c3f66073d 
Number of updated asset objects reloaded before import = 0
Number of asset objects unloaded after import = 0
========================================================================
Received Import Request.
  Time of request: 2026-09-29T02:18:32.4362964Z
  Time since last request: 0.0016192 seconds.
  importAddress: GUID: 95c0ff927d6a1cb4280126cd2eeded2d - Path: Assets/FinishPlatform.cs - Importer: PreviewImporter
Importing 'GUID: 95c0ff927d6a1cb4280126cd2eeded2d - Path: Assets/FinishPlatform.cs - Importer: PreviewImporter' with importer (PreviewImporter)
Imported 'GUID: 95c0ff927d6a1cb4280126cd2eeded2d' -> (Import Result ID: '9fb31d05eed0b0a3366d28247a8392a9') in 0.001 seconds [static and dynamic dependencies]. Details - ImportResultOutputID=e5b06a2871c0ace07245e3f59e0a6a53 DependenciesID=e77fe7fd83b283f3ce778239da26061d StaticDependenciesID=25e7dddac5b4702f587c7b8c3f66073d 
Number of updated asset objects reloaded before import = 0
Number of asset objects unloaded after import = 0
========================================================================
Received Import Request.
  Time of request: 2026-09-29T02:18:32.4551682Z
  Time since last request: 0.0044612 seconds.
  importAddress: GUID: 95c0ff927d6a1cb4280126cd2eeded2d - Path: Assets/FinishPlatform.cs - Importer: PreviewImporter
Importing 'GUID: 95c0ff927d6a1cb4280126cd2eeded2d - Path: Assets/FinishPlatform.cs - Importer: PreviewImporter' with importer (PreviewImporter)
Imported 'GUID: 95c0ff927d6a1cb4280126cd2eeded2d' -> (Import Result ID: '9fb31d05eed0b0a3366d28247a8392a9') in 0.001 seconds [static and dynamic dependencies]. Details - ImportResultOutputID=e5b06a2871c0ace07245e3f59e0a6a53 DependenciesID=e77fe7fd83b283f3ce778239da26061d StaticDependenciesID=25e7dddac5b4702f587c7b8c3f66073d 
Number of updated asset objects reloaded before import = 0
Number of asset objects unloaded after import = 0
========================================================================
Received Import Request.
  Time of request: 2026-09-29T02:18:32.4715747Z
  Time since last request: 0.0019936 seconds.
  importAddress: GUID: 95c0ff927d6a1cb4280126cd2eeded2d - Path: Assets/FinishPlatform.cs - Importer: PreviewImporter
Importing 'GUID: 95c0ff927d6a1cb4280126cd2eeded2d - Path: Assets/FinishPlatform.cs - Importer: PreviewImporter' with importer (PreviewImporter)
Imported 'GUID: 95c0ff927d6a1cb4280126cd2eeded2d' -> (Import Result ID: '9fb31d05eed0b0a3366d28247a8392a9') in 0.001 seconds [static and dynamic dependencies]. Details - ImportResultOutputID=e5b06a2871c0ace07245e3f59e0a6a53 DependenciesID=e77fe7fd83b283f3ce778239da26061d StaticDependenciesID=25e7dddac5b4702f587c7b8c3f66073d 
Number of updated asset objects reloaded before import = 0
Number of asset objects unloaded after import = 0
========================================================================
Received Import Request.
  Time of request: 2026-09-29T02:18:32.4916882Z
  Time since last request: 0.0044029 seconds.
  importAddress: GUID: 95c0ff927d6a1cb4280126cd2eeded2d - Path: Assets/FinishPlatform.cs - Importer: PreviewImporter
Importing 'GUID: 95c0ff927d6a1cb4280126cd2eeded2d - Path: Assets/FinishPlatform.cs - Importer: PreviewImporter' with importer (PreviewImporter)
Imported 'GUID: 95c0ff927d6a1cb4280126cd2eeded2d' -> (Import Result ID: '9fb31d05eed0b0a3366d28247a8392a9') in 0.001 seconds [static and dynamic dependencies]. Details - ImportResultOutputID=e5b06a2871c0ace07245e3f59e0a6a53 DependenciesID=e77fe7fd83b283f3ce778239da26061d StaticDependenciesID=25e7dddac5b4702f587c7b8c3f66073d 
Number of updated asset objects reloaded before import = 0
Number of asset objects unloaded after import = 0
========================================================================
Received Import Request.
  Time of request: 2026-09-29T02:18:32.5088319Z
  Time since last request: 0.0019688 seconds.
  importAddress: GUID: 95c0ff927d6a1cb4280126cd2eeded2d - Path: Assets/FinishPlatform.cs - Importer: PreviewImporter
Importing 'GUID: 95c0ff927d6a1cb4280126cd2eeded2d - Path: Assets/FinishPlatform.cs - Importer: PreviewImporter' with importer (PreviewImporter)
Imported 'GUID: 95c0ff927d6a1cb4280126cd2eeded2d' -> (Import Result ID: '9fb31d05eed0b0a3366d28247a8392a9') in 0.001 seconds [static and dynamic dependencies]. Details - ImportResultOutputID=e5b06a2871c0ace07245e3f59e0a6a53 DependenciesID=e77fe7fd83b283f3ce778239da26061d StaticDependenciesID=25e7dddac5b4702f587c7b8c3f66073d 
Number of updated asset objects reloaded before import = 0
Number of asset objects unloaded after import = 0
========================================================================
Received Import Request.
  Time of request: 2026-09-29T02:18:32.5243648Z
  Time since last request: 0.0010028 seconds.
  importAddress: GUID: 95c0ff927d6a1cb4280126cd2eeded2d - Path: Assets/FinishPlatform.cs - Importer: PreviewImporter
Importing 'GUID: 95c0ff927d6a1cb4280126cd2eeded2d - Path: Assets/FinishPlatform.cs - Importer: PreviewImporter' with importer (PreviewImporter)
Imported 'GUID: 95c0ff927d6a1cb4280126cd2eeded2d' -> (Import Result ID: '9fb31d05eed0b0a3366d28247a8392a9') in 0.004 seconds [static and dynamic dependencies]. Details - ImportResultOutputID=e5b06a2871c0ace07245e3f59e0a6a53 DependenciesID=e77fe7fd83b283f3ce778239da26061d StaticDependenciesID=25e7dddac5b4702f587c7b8c3f66073d 
Number of updated asset objects reloaded before import = 0
Number of asset objects unloaded after import = 0
========================================================================
Received Import Request.
  Time of request: 2026-09-29T02:18:32.5442504Z
  Time since last request: 0.0031153 seconds.
  importAddress: GUID: 95c0ff927d6a1cb4280126cd2eeded2d - Path: Assets/FinishPlatform.cs - Importer: PreviewImporter
Importing 'GUID: 95c0ff927d6a1cb4280126cd2eeded2d - Path: Assets/FinishPlatform.cs - Importer: PreviewImporter' with importer (PreviewImporter)
Imported 'GUID: 95c0ff927d6a1cb4280126cd2eeded2d' -> (Import Result ID: '9fb31d05eed0b0a3366d28247a8392a9') in 0.001 seconds [static and dynamic dependencies]. Details - ImportResultOutputID=e5b06a2871c0ace07245e3f59e0a6a53 DependenciesID=e77fe7fd83b283f3ce778239da26061d StaticDependenciesID=25e7dddac5b4702f587c7b8c3f66073d 
Number of updated asset objects reloaded before import = 0
Number of asset objects unloaded after import = 0
========================================================================
Received Import Request.
  Time of request: 2026-09-29T02:18:32.5604753Z
  Time since last request: 0.0021126 seconds.
  importAddress: GUID: 95c0ff927d6a1cb4280126cd2eeded2d - Path: Assets/FinishPlatform.cs - Importer: PreviewImporter
Importing 'GUID: 95c0ff927d6a1cb4280126cd2eeded2d - Path: Assets/FinishPlatform.cs - Importer: PreviewImporter' with importer (PreviewImporter)
Imported 'GUID: 95c0ff927d6a1cb4280126cd2eeded2d' -> (Import Result ID: '9fb31d05eed0b0a3366d28247a8392a9') in 0.001 seconds [static and dynamic dependencies]. Details - ImportResultOutputID=e5b06a2871c0ace07245e3f59e0a6a53 DependenciesID=e77fe7fd83b283f3ce778239da26061d StaticDependenciesID=25e7dddac5b4702f587c7b8c3f66073d 
Number of updated asset objects reloaded before import = 0
Number of asset objects unloaded after import = 0
========================================================================
Received Import Request.
  Time of request: 2026-09-29T02:18:32.5894302Z
  Time since last request: 0.012813 seconds.
  importAddress: GUID: 95c0ff927d6a1cb4280126cd2eeded2d - Path: Assets/FinishPlatform.cs - Importer: PreviewImporter
Importing 'GUID: 95c0ff927d6a1cb4280126cd2eeded2d - Path: Assets/FinishPlatform.cs - Importer: PreviewImporter' with importer (PreviewImporter)
Imported 'GUID: 95c0ff927d6a1cb4280126cd2eeded2d' -> (Import Result ID: '9fb31d05eed0b0a3366d28247a8392a9') in 0.001 seconds [static and dynamic dependencies]. Details - ImportResultOutputID=e5b06a2871c0ace07245e3f59e0a6a53 DependenciesID=e77fe7fd83b283f3ce778239da26061d StaticDependenciesID=25e7dddac5b4702f587c7b8c3f66073d 
Number of updated asset objects reloaded before import = 0
Number of asset objects unloaded after import = 0
========================================================================
Received Import Request.
  Time of request: 2026-09-29T02:18:32.6053945Z
  Time since last request: 0.0015585 seconds.
  importAddress: GUID: 95c0ff927d6a1cb4280126cd2eeded2d - Path: Assets/FinishPlatform.cs - Importer: PreviewImporter
Importing 'GUID: 95c0ff927d6a1cb4280126cd2eeded2d - Path: Assets/FinishPlatform.cs - Importer: PreviewImporter' with importer (PreviewImporter)
Imported 'GUID: 95c0ff927d6a1cb4280126cd2eeded2d' -> (Import Result ID: '9fb31d05eed0b0a3366d28247a8392a9') in 0.001 seconds [static and dynamic dependencies]. Details - ImportResultOutputID=e5b06a2871c0ace07245e3f59e0a6a53 DependenciesID=e77fe7fd83b283f3ce778239da26061d StaticDependenciesID=25e7dddac5b4702f587c7b8c3f66073d 
Number of updated asset objects reloaded before import = 0
Number of asset objects unloaded after import = 0
========================================================================
Received Import Request.
  Time of request: 2026-09-29T02:18:32.6211875Z
  Time since last request: 0.0021507 seconds.
  importAddress: GUID: 95c0ff927d6a1cb4280126cd2eeded2d - Path: Assets/FinishPlatform.cs - Importer: PreviewImporter
Importing 'GUID: 95c0ff927d6a1cb4280126cd2eeded2d - Path: Assets/FinishPlatform.cs - Importer: PreviewImporter' with importer (PreviewImporter)
Imported 'GUID: 95c0ff927d6a1cb4280126cd2eeded2d' -> (Import Result ID: '9fb31d05eed0b0a3366d28247a8392a9') in 0.001 seconds [static and dynamic dependencies]. Details - ImportResultOutputID=e5b06a2871c0ace07245e3f59e0a6a53 DependenciesID=e77fe7fd83b283f3ce778239da26061d StaticDependenciesID=25e7dddac5b4702f587c7b8c3f66073d 
Number of updated asset objects reloaded before import = 0
Number of asset objects unloaded after import = 0
========================================================================
Received Import Request.
  Time of request: 2026-09-29T02:18:32.6389554Z
  Time since last request: 0.0024626 seconds.
  importAddress: GUID: 95c0ff927d6a1cb4280126cd2eeded2d - Path: Assets/FinishPlatform.cs - Importer: PreviewImporter
Importing 'GUID: 95c0ff927d6a1cb4280126cd2eeded2d - Path: Assets/FinishPlatform.cs - Importer: PreviewImporter' with importer (PreviewImporter)
Imported 'GUID: 95c0ff927d6a1cb4280126cd2eeded2d' -> (Import Result ID: '9fb31d05eed0b0a3366d28247a8392a9') in 0.001 seconds [static and dynamic dependencies]. Details - ImportResultOutputID=e5b06a2871c0ace07245e3f59e0a6a53 DependenciesID=e77fe7fd83b283f3ce778239da26061d StaticDependenciesID=25e7dddac5b4702f587c7b8c3f66073d 
Number of updated asset objects reloaded before import = 0
Number of asset objects unloaded after import = 0
========================================================================
Received Import Request.
  Time of request: 2026-09-29T02:18:32.6623099Z
  Time since last request: 0.0026561 seconds.
  importAddress: GUID: 95c0ff927d6a1cb4280126cd2eeded2d - Path: Assets/FinishPlatform.cs - Importer: PreviewImporter
Importing 'GUID: 95c0ff927d6a1cb4280126cd2eeded2d - Path: Assets/FinishPlatform.cs - Importer: PreviewImporter' with importer (PreviewImporter)
Imported 'GUID: 95c0ff927d6a1cb4280126cd2eeded2d' -> (Import Result ID: '9fb31d05eed0b0a3366d28247a8392a9') in 0.001 seconds [static and dynamic dependencies]. Details - ImportResultOutputID=e5b06a2871c0ace07245e3f59e0a6a53 DependenciesID=e77fe7fd83b283f3ce778239da26061d StaticDependenciesID=25e7dddac5b4702f587c7b8c3f66073d 
Number of updated asset objects reloaded before import = 0
Number of asset objects unloaded after import = 0
========================================================================
Received Import Request.
  Time of request: 2026-09-29T02:18:32.6826832Z
  Time since last request: 0.0014292 seconds.
  importAddress: GUID: 95c0ff927d6a1cb4280126cd2eeded2d - Path: Assets/FinishPlatform.cs - Importer: PreviewImporter
Importing 'GUID: 95c0ff927d6a1cb4280126cd2eeded2d - Path: Assets/FinishPlatform.cs - Importer: PreviewImporter' with importer (PreviewImporter)
Imported 'GUID: 95c0ff927d6a1cb4280126cd2eeded2d' -> (Import Result ID: '9fb31d05eed0b0a3366d28247a8392a9') in 0.001 seconds [static and dynamic dependencies]. Details - ImportResultOutputID=e5b06a2871c0ace07245e3f59e0a6a53 DependenciesID=e77fe7fd83b283f3ce778239da26061d StaticDependenciesID=25e7dddac5b4702f587c7b8c3f66073d 
Number of updated asset objects reloaded before import = 0
Number of asset objects unloaded after import = 0
========================================================================
Received Import Request.
  Time of request: 2026-09-29T02:18:32.703022Z
  Time since last request: 0.0038469 seconds.
  importAddress: GUID: 95c0ff927d6a1cb4280126cd2eeded2d - Path: Assets/FinishPlatform.cs - Importer: PreviewImporter
Importing 'GUID: 95c0ff927d6a1cb4280126cd2eeded2d - Path: Assets/FinishPlatform.cs - Importer: PreviewImporter' with importer (PreviewImporter)
Imported 'GUID: 95c0ff927d6a1cb4280126cd2eeded2d' -> (Import Result ID: '9fb31d05eed0b0a3366d28247a8392a9') in 0.001 seconds [static and dynamic dependencies]. Details - ImportResultOutputID=e5b06a2871c0ace07245e3f59e0a6a53 DependenciesID=e77fe7fd83b283f3ce778239da26061d StaticDependenciesID=25e7dddac5b4702f587c7b8c3f66073d 
Number of updated asset objects reloaded before import = 0
Number of asset objects unloaded after import = 0
========================================================================
Received Import Request.
  Time of request: 2026-09-29T02:18:32.7264114Z
  Time since last request: 0.0041154 seconds.
  importAddress: GUID: 95c0ff927d6a1cb4280126cd2eeded2d - Path: Assets/FinishPlatform.cs - Importer: PreviewImporter
Importing 'GUID: 95c0ff927d6a1cb4280126cd2eeded2d - Path: Assets/FinishPlatform.cs - Importer: PreviewImporter' with importer (PreviewImporter)
Imported 'GUID: 95c0ff927d6a1cb4280126cd2eeded2d' -> (Import Result ID: '9fb31d05eed0b0a3366d28247a8392a9') in 0.001 seconds [static and dynamic dependencies]. Details - ImportResultOutputID=e5b06a2871c0ace07245e3f59e0a6a53 DependenciesID=e77fe7fd83b283f3ce778239da26061d StaticDependenciesID=25e7dddac5b4702f587c7b8c3f66073d 
Number of updated asset objects reloaded before import = 0
Number of asset objects unloaded after import = 0
========================================================================
Received Import Request.
  Time of request: 2026-09-29T02:18:32.7486047Z
  Time since last request: 0.0032817 seconds.
  importAddress: GUID: 95c0ff927d6a1cb4280126cd2eeded2d - Path: Assets/FinishPlatform.cs - Importer: PreviewImporter
Importing 'GUID: 95c0ff927d6a1cb4280126cd2eeded2d - Path: Assets/FinishPlatform.cs - Importer: PreviewImporter' with importer (PreviewImporter)
Imported 'GUID: 95c0ff927d6a1cb4280126cd2eeded2d' -> (Import Result ID: '9fb31d05eed0b0a3366d28247a8392a9') in 0.001 seconds [static and dynamic dependencies]. Details - ImportResultOutputID=e5b06a2871c0ace07245e3f59e0a6a53 DependenciesID=e77fe7fd83b283f3ce778239da26061d StaticDependenciesID=25e7dddac5b4702f587c7b8c3f66073d 
Number of updated asset objects reloaded before import = 0
Number of asset objects unloaded after import = 0
========================================================================
Received Import Request.
  Time of request: 2026-09-29T02:18:32.7686941Z
  Time since last request: 0.0004533 seconds.
  importAddress: GUID: 95c0ff927d6a1cb4280126cd2eeded2d - Path: Assets/FinishPlatform.cs - Importer: PreviewImporter
Importing 'GUID: 95c0ff927d6a1cb4280126cd2eeded2d - Path: Assets/FinishPlatform.cs - Importer: PreviewImporter' with importer (PreviewImporter)
Imported 'GUID: 95c0ff927d6a1cb4280126cd2eeded2d' -> (Import Result ID: '9fb31d05eed0b0a3366d28247a8392a9') in 0.001 seconds [static and dynamic dependencies]. Details - ImportResultOutputID=e5b06a2871c0ace07245e3f59e0a6a53 DependenciesID=e77fe7fd83b283f3ce778239da26061d StaticDependenciesID=25e7dddac5b4702f587c7b8c3f66073d 
Number of updated asset objects reloaded before import = 0
Number of asset objects unloaded after import = 0
========================================================================
Received Import Request.
  Time of request: 2026-09-29T02:18:32.7892772Z
  Time since last request: 0.002369 seconds.
  importAddress: GUID: 95c0ff927d6a1cb4280126cd2eeded2d - Path: Assets/FinishPlatform.cs - Importer: PreviewImporter
Importing 'GUID: 95c0ff927d6a1cb4280126cd2eeded2d - Path: Assets/FinishPlatform.cs - Importer: PreviewImporter' with importer (PreviewImporter)
Imported 'GUID: 95c0ff927d6a1cb4280126cd2eeded2d' -> (Import Result ID: '9fb31d05eed0b0a3366d28247a8392a9') in 0.001 seconds [static and dynamic dependencies]. Details - ImportResultOutputID=e5b06a2871c0ace07245e3f59e0a6a53 DependenciesID=e77fe7fd83b283f3ce778239da26061d StaticDependenciesID=25e7dddac5b4702f587c7b8c3f66073d 
Number of updated asset objects reloaded before import = 0
Number of asset objects unloaded after import = 0
========================================================================
Received Import Request.
  Time of request: 2026-09-29T02:18:32.8058104Z
  Time since last request: 0.0007444 seconds.
  importAddress: GUID: 95c0ff927d6a1cb4280126cd2eeded2d - Path: Assets/FinishPlatform.cs - Importer: PreviewImporter
Importing 'GUID: 95c0ff927d6a1cb4280126cd2eeded2d - Path: Assets/FinishPlatform.cs - Importer: PreviewImporter' with importer (PreviewImporter)
Imported 'GUID: 95c0ff927d6a1cb4280126cd2eeded2d' -> (Import Result ID: '9fb31d05eed0b0a3366d28247a8392a9') in 0.001 seconds [static and dynamic dependencies]. Details - ImportResultOutputID=e5b06a2871c0ace07245e3f59e0a6a53 DependenciesID=e77fe7fd83b283f3ce778239da26061d StaticDependenciesID=25e7dddac5b4702f587c7b8c3f66073d 
Number of updated asset objects reloaded before import = 0
Number of asset objects unloaded after import = 0
========================================================================
Received Import Request.
  Time of request: 2026-09-29T02:18:32.8226562Z
  Time since last request: 0.0015581 seconds.
  importAddress: GUID: 95c0ff927d6a1cb4280126cd2eeded2d - Path: Assets/FinishPlatform.cs - Importer: PreviewImporter
Importing 'GUID: 95c0ff927d6a1cb4280126cd2eeded2d - Path: Assets/FinishPlatform.cs - Importer: PreviewImporter' with importer (PreviewImporter)
Imported 'GUID: 95c0ff927d6a1cb4280126cd2eeded2d' -> (Import Result ID: '9fb31d05eed0b0a3366d28247a8392a9') in 0.001 seconds [static and dynamic dependencies]. Details - ImportResultOutputID=e5b06a2871c0ace07245e3f59e0a6a53 DependenciesID=e77fe7fd83b283f3ce778239da26061d StaticDependenciesID=25e7dddac5b4702f587c7b8c3f66073d 
Number of updated asset objects reloaded before import = 0
Number of asset objects unloaded after import = 0
========================================================================
Received Import Request.
  Time of request: 2026-09-29T02:18:32.8405925Z
  Time since last request: 0.0013898 seconds.
  importAddress: GUID: 95c0ff927d6a1cb4280126cd2eeded2d - Path: Assets/FinishPlatform.cs - Importer: PreviewImporter
Importing 'GUID: 95c0ff927d6a1cb4280126cd2eeded2d - Path: Assets/FinishPlatform.cs - Importer: PreviewImporter' with importer (PreviewImporter)
Imported 'GUID: 95c0ff927d6a1cb4280126cd2eeded2d' -> (Import Result ID: '9fb31d05eed0b0a3366d28247a8392a9') in 0.001 seconds [static and dynamic dependencies]. Details - ImportResultOutputID=e5b06a2871c0ace07245e3f59e0a6a53 DependenciesID=e77fe7fd83b283f3ce778239da26061d StaticDependenciesID=25e7dddac5b4702f587c7b8c3f66073d 
Number of updated asset objects reloaded before import = 0
Number of asset objects unloaded after import = 0
========================================================================
Received Import Request.
  Time of request: 2026-09-29T02:18:32.8607369Z
  Time since last request: 0.0018002 seconds.
  importAddress: GUID: 95c0ff927d6a1cb4280126cd2eeded2d - Path: Assets/FinishPlatform.cs - Importer: PreviewImporter
Importing 'GUID: 95c0ff927d6a1cb4280126cd2eeded2d - Path: Assets/FinishPlatform.cs - Importer: PreviewImporter' with importer (PreviewImporter)
Imported 'GUID: 95c0ff927d6a1cb4280126cd2eeded2d' -> (Import Result ID: '9fb31d05eed0b0a3366d28247a8392a9') in 0.001 seconds [static and dynamic dependencies]. Details - ImportResultOutputID=e5b06a2871c0ace07245e3f59e0a6a53 DependenciesID=e77fe7fd83b283f3ce778239da26061d StaticDependenciesID=25e7dddac5b4702f587c7b8c3f66073d 
Number of updated asset objects reloaded before import = 0
Number of asset objects unloaded after import = 0
========================================================================
Received Import Request.
  Time of request: 2026-09-29T02:18:32.8795696Z
  Time since last request: 0.0027193 seconds.
  importAddress: GUID: 95c0ff927d6a1cb4280126cd2eeded2d - Path: Assets/FinishPlatform.cs - Importer: PreviewImporter
Importing 'GUID: 95c0ff927d6a1cb4280126cd2eeded2d - Path: Assets/FinishPlatform.cs - Importer: PreviewImporter' with importer (PreviewImporter)
Imported 'GUID: 95c0ff927d6a1cb4280126cd2eeded2d' -> (Import Result ID: '9fb31d05eed0b0a3366d28247a8392a9') in 0.001 seconds [static and dynamic dependencies]. Details - ImportResultOutputID=e5b06a2871c0ace07245e3f59e0a6a53 DependenciesID=e77fe7fd83b283f3ce778239da26061d StaticDependenciesID=25e7dddac5b4702f587c7b8c3f66073d 
Number of updated asset objects reloaded before import = 0
Number of asset objects unloaded after import = 0
========================================================================
Received Import Request.
  Time of request: 2026-09-29T02:18:32.8974768Z
  Time since last request: 0.0012795 seconds.
  importAddress: GUID: 95c0ff927d6a1cb4280126cd2eeded2d - Path: Assets/FinishPlatform.cs - Importer: PreviewImporter
Importing 'GUID: 95c0ff927d6a1cb4280126cd2eeded2d - Path: Assets/FinishPlatform.cs - Importer: PreviewImporter' with importer (PreviewImporter)
Imported 'GUID: 95c0ff927d6a1cb4280126cd2eeded2d' -> (Import Result ID: '9fb31d05eed0b0a3366d28247a8392a9') in 0.001 seconds [static and dynamic dependencies]. Details - ImportResultOutputID=e5b06a2871c0ace07245e3f59e0a6a53 DependenciesID=e77fe7fd83b283f3ce778239da26061d StaticDependenciesID=25e7dddac5b4702f587c7b8c3f66073d 
Number of updated asset objects reloaded before import = 0
Number of asset objects unloaded after import = 0
========================================================================
Received Import Request.
  Time of request: 2026-09-29T02:18:32.9164821Z
  Time since last request: 0.0021636 seconds.
  importAddress: GUID: 95c0ff927d6a1cb4280126cd2eeded2d - Path: Assets/FinishPlatform.cs - Importer: PreviewImporter
Importing 'GUID: 95c0ff927d6a1cb4280126cd2eeded2d - Path: Assets/FinishPlatform.cs - Importer: PreviewImporter' with importer (PreviewImporter)
Imported 'GUID: 95c0ff927d6a1cb4280126cd2eeded2d' -> (Import Result ID: '9fb31d05eed0b0a3366d28247a8392a9') in 0.001 seconds [static and dynamic dependencies]. Details - ImportResultOutputID=e5b06a2871c0ace07245e3f59e0a6a53 DependenciesID=e77fe7fd83b283f3ce778239da26061d StaticDependenciesID=25e7dddac5b4702f587c7b8c3f66073d 
Number of updated asset objects reloaded before import = 0
Number of asset objects unloaded after import = 0
========================================================================
Received Import Request.
  Time of request: 2026-09-29T02:18:32.9362743Z
  Time since last request: 0.0028241 seconds.
  importAddress: GUID: 95c0ff927d6a1cb4280126cd2eeded2d - Path: Assets/FinishPlatform.cs - Importer: PreviewImporter
Importing 'GUID: 95c0ff927d6a1cb4280126cd2eeded2d - Path: Assets/FinishPlatform.cs - Importer: PreviewImporter' with importer (PreviewImporter)
Imported 'GUID: 95c0ff927d6a1cb4280126cd2eeded2d' -> (Import Result ID: '9fb31d05eed0b0a3366d28247a8392a9') in 0.001 seconds [static and dynamic dependencies]. Details - ImportResultOutputID=e5b06a2871c0ace07245e3f59e0a6a53 DependenciesID=e77fe7fd83b283f3ce778239da26061d StaticDependenciesID=25e7dddac5b4702f587c7b8c3f66073d 
Number of updated asset objects reloaded before import = 0
Number of asset objects unloaded after import = 0
========================================================================
Received Import Request.
  Time of request: 2026-09-29T02:18:32.9558164Z
  Time since last request: 0.0032122 seconds.
  importAddress: GUID: 95c0ff927d6a1cb4280126cd2eeded2d - Path: Assets/FinishPlatform.cs - Importer: PreviewImporter
Importing 'GUID: 95c0ff927d6a1cb4280126cd2eeded2d - Path: Assets/FinishPlatform.cs - Importer: PreviewImporter' with importer (PreviewImporter)
Imported 'GUID: 95c0ff927d6a1cb4280126cd2eeded2d' -> (Import Result ID: '9fb31d05eed0b0a3366d28247a8392a9') in 0.001 seconds [static and dynamic dependencies]. Details - ImportResultOutputID=e5b06a2871c0ace07245e3f59e0a6a53 DependenciesID=e77fe7fd83b283f3ce778239da26061d StaticDependenciesID=25e7dddac5b4702f587c7b8c3f66073d 
Number of updated asset objects reloaded before import = 0
Number of asset objects unloaded after import = 0
========================================================================
Received Import Request.
  Time of request: 2026-09-29T02:18:32.9759208Z
  Time since last request: 0.0016907 seconds.
  importAddress: GUID: 95c0ff927d6a1cb4280126cd2eeded2d - Path: Assets/FinishPlatform.cs - Importer: PreviewImporter
Importing 'GUID: 95c0ff927d6a1cb4280126cd2eeded2d - Path: Assets/FinishPlatform.cs - Importer: PreviewImporter' with importer (PreviewImporter)
Imported 'GUID: 95c0ff927d6a1cb4280126cd2eeded2d' -> (Import Result ID: '9fb31d05eed0b0a3366d28247a8392a9') in 0.001 seconds [static and dynamic dependencies]. Details - ImportResultOutputID=e5b06a2871c0ace07245e3f59e0a6a53 DependenciesID=e77fe7fd83b283f3ce778239da26061d StaticDependenciesID=25e7dddac5b4702f587c7b8c3f66073d 
Number of updated asset objects reloaded before import = 0
Number of asset objects unloaded after import = 0
========================================================================
Received Import Request.
  Time of request: 2026-09-29T02:18:32.9973777Z
  Time since last request: 0.0038511 seconds.
  importAddress: GUID: 95c0ff927d6a1cb4280126cd2eeded2d - Path: Assets/FinishPlatform.cs - Importer: PreviewImporter
Importing 'GUID: 95c0ff927d6a1cb4280126cd2eeded2d - Path: Assets/FinishPlatform.cs - Importer: PreviewImporter' with importer (PreviewImporter)
Imported 'GUID: 95c0ff927d6a1cb4280126cd2eeded2d' -> (Import Result ID: '9fb31d05eed0b0a3366d28247a8392a9') in 0.001 seconds [static and dynamic dependencies]. Details - ImportResultOutputID=e5b06a2871c0ace07245e3f59e0a6a53 DependenciesID=e77fe7fd83b283f3ce778239da26061d StaticDependenciesID=25e7dddac5b4702f587c7b8c3f66073d 
Number of updated asset objects reloaded before import = 0
Number of asset objects unloaded after import = 0
========================================================================
Received Import Request.
  Time of request: 2026-09-29T02:18:33.0202922Z
  Time since last request: 0.0037563 seconds.
  importAddress: GUID: 95c0ff927d6a1cb4280126cd2eeded2d - Path: Assets/FinishPlatform.cs - Importer: PreviewImporter
Importing 'GUID: 95c0ff927d6a1cb4280126cd2eeded2d - Path: Assets/FinishPlatform.cs - Importer: PreviewImporter' with importer (PreviewImporter)
Imported 'GUID: 95c0ff927d6a1cb4280126cd2eeded2d' -> (Import Result ID: '9fb31d05eed0b0a3366d28247a8392a9') in 0.001 seconds [static and dynamic dependencies]. Details - ImportResultOutputID=e5b06a2871c0ace07245e3f59e0a6a53 DependenciesID=e77fe7fd83b283f3ce778239da26061d StaticDependenciesID=25e7dddac5b4702f587c7b8c3f66073d 
Number of updated asset objects reloaded before import = 0
Number of asset objects unloaded after import = 0
========================================================================
Received Import Request.
  Time of request: 2026-09-29T02:18:33.0410054Z
  Time since last request: 0.0035789 seconds.
  importAddress: GUID: 95c0ff927d6a1cb4280126cd2eeded2d - Path: Assets/FinishPlatform.cs - Importer: PreviewImporter
Importing 'GUID: 95c0ff927d6a1cb4280126cd2eeded2d - Path: Assets/FinishPlatform.cs - Importer: PreviewImporter' with importer (PreviewImporter)
Imported 'GUID: 95c0ff927d6a1cb4280126cd2eeded2d' -> (Import Result ID: '9fb31d05eed0b0a3366d28247a8392a9') in 0.001 seconds [static and dynamic dependencies]. Details - ImportResultOutputID=e5b06a2871c0ace07245e3f59e0a6a53 DependenciesID=e77fe7fd83b283f3ce778239da26061d StaticDependenciesID=25e7dddac5b4702f587c7b8c3f66073d 
Number of updated asset objects reloaded before import = 0
Number of asset objects unloaded after import = 0
========================================================================
Received Import Request.
  Time of request: 2026-09-29T02:18:33.0607794Z
  Time since last request: 0.0026953 seconds.
  importAddress: GUID: 95c0ff927d6a1cb4280126cd2eeded2d - Path: Assets/FinishPlatform.cs - Importer: PreviewImporter
Importing 'GUID: 95c0ff927d6a1cb4280126cd2eeded2d - Path: Assets/FinishPlatform.cs - Importer: PreviewImporter' with importer (PreviewImporter)
Imported 'GUID: 95c0ff927d6a1cb4280126cd2eeded2d' -> (Import Result ID: '9fb31d05eed0b0a3366d28247a8392a9') in 0.001 seconds [static and dynamic dependencies]. Details - ImportResultOutputID=e5b06a2871c0ace07245e3f59e0a6a53 DependenciesID=e77fe7fd83b283f3ce778239da26061d StaticDependenciesID=25e7dddac5b4702f587c7b8c3f66073d 
Number of updated asset objects reloaded before import = 0
Number of asset objects unloaded after import = 0
========================================================================
Received Import Request.
  Time of request: 2026-09-29T02:18:33.0803441Z
  Time since last request: 0.0030948 seconds.
  importAddress: GUID: 95c0ff927d6a1cb4280126cd2eeded2d - Path: Assets/FinishPlatform.cs - Importer: PreviewImporter
Importing 'GUID: 95c0ff927d6a1cb4280126cd2eeded2d - Path: Assets/FinishPlatform.cs - Importer: PreviewImporter' with importer (PreviewImporter)
Imported 'GUID: 95c0ff927d6a1cb4280126cd2eeded2d' -> (Import Result ID: '9fb31d05eed0b0a3366d28247a8392a9') in 0.001 seconds [static and dynamic dependencies]. Details - ImportResultOutputID=e5b06a2871c0ace07245e3f59e0a6a53 DependenciesID=e77fe7fd83b283f3ce778239da26061d StaticDependenciesID=25e7dddac5b4702f587c7b8c3f66073d 
Number of updated asset objects reloaded before import = 0
Number of asset objects unloaded after import = 0
========================================================================
Received Import Request.
  Time of request: 2026-09-29T02:18:33.1001263Z
  Time since last request: 0.0035484 seconds.
  importAddress: GUID: 95c0ff927d6a1cb4280126cd2eeded2d - Path: Assets/FinishPlatform.cs - Importer: PreviewImporter
Importing 'GUID: 95c0ff927d6a1cb4280126cd2eeded2d - Path: Assets/FinishPlatform.cs - Importer: PreviewImporter' with importer (PreviewImporter)
Imported 'GUID: 95c0ff927d6a1cb4280126cd2eeded2d' -> (Import Result ID: '9fb31d05eed0b0a3366d28247a8392a9') in 0.001 seconds [static and dynamic dependencies]. Details - ImportResultOutputID=e5b06a2871c0ace07245e3f59e0a6a53 DependenciesID=e77fe7fd83b283f3ce778239da26061d StaticDependenciesID=25e7dddac5b4702f587c7b8c3f66073d 
Number of updated asset objects reloaded before import = 0
Number of asset objects unloaded after import = 0
========================================================================
Received Import Request.
  Time of request: 2026-09-29T02:18:33.1214063Z
  Time since last request: 0.0037207 seconds.
  importAddress: GUID: 95c0ff927d6a1cb4280126cd2eeded2d - Path: Assets/FinishPlatform.cs - Importer: PreviewImporter
Importing 'GUID: 95c0ff927d6a1cb4280126cd2eeded2d - Path: Assets/FinishPlatform.cs - Importer: PreviewImporter' with importer (PreviewImporter)
Imported 'GUID: 95c0ff927d6a1cb4280126cd2eeded2d' -> (Import Result ID: '9fb31d05eed0b0a3366d28247a8392a9') in 0.001 seconds [static and dynamic dependencies]. Details - ImportResultOutputID=e5b06a2871c0ace07245e3f59e0a6a53 DependenciesID=e77fe7fd83b283f3ce778239da26061d StaticDependenciesID=25e7dddac5b4702f587c7b8c3f66073d 
Number of updated asset objects reloaded before import = 0
Number of asset objects unloaded after import = 0
========================================================================
Received Import Request.
  Time of request: 2026-09-29T02:18:33.1391841Z
  Time since last request: 0.0005278 seconds.
  importAddress: GUID: 95c0ff927d6a1cb4280126cd2eeded2d - Path: Assets/FinishPlatform.cs - Importer: PreviewImporter
Importing 'GUID: 95c0ff927d6a1cb4280126cd2eeded2d - Path: Assets/FinishPlatform.cs - Importer: PreviewImporter' with importer (PreviewImporter)
Imported 'GUID: 95c0ff927d6a1cb4280126cd2eeded2d' -> (Import Result ID: '9fb31d05eed0b0a3366d28247a8392a9') in 0.001 seconds [static and dynamic dependencies]. Details - ImportResultOutputID=e5b06a2871c0ace07245e3f59e0a6a53 DependenciesID=e77fe7fd83b283f3ce778239da26061d StaticDependenciesID=25e7dddac5b4702f587c7b8c3f66073d 
Number of updated asset objects reloaded before import = 0
Number of asset objects unloaded after import = 0
========================================================================
Received Import Request.
  Time of request: 2026-09-29T02:18:33.1590301Z
  Time since last request: 0.0012975 seconds.
  importAddress: GUID: 95c0ff927d6a1cb4280126cd2eeded2d - Path: Assets/FinishPlatform.cs - Importer: PreviewImporter
Importing 'GUID: 95c0ff927d6a1cb4280126cd2eeded2d - Path: Assets/FinishPlatform.cs - Importer: PreviewImporter' with importer (PreviewImporter)
Imported 'GUID: 95c0ff927d6a1cb4280126cd2eeded2d' -> (Import Result ID: '9fb31d05eed0b0a3366d28247a8392a9') in 0.001 seconds [static and dynamic dependencies]. Details - ImportResultOutputID=e5b06a2871c0ace07245e3f59e0a6a53 DependenciesID=e77fe7fd83b283f3ce778239da26061d StaticDependenciesID=25e7dddac5b4702f587c7b8c3f66073d 
Number of updated asset objects reloaded before import = 0
Number of asset objects unloaded after import = 0
========================================================================
Received Import Request.
  Time of request: 2026-09-29T02:18:33.1770094Z
  Time since last request: 0.0007555 seconds.
  importAddress: GUID: 95c0ff927d6a1cb4280126cd2eeded2d - Path: Assets/FinishPlatform.cs - Importer: PreviewImporter
Importing 'GUID: 95c0ff927d6a1cb4280126cd2eeded2d - Path: Assets/FinishPlatform.cs - Importer: PreviewImporter' with importer (PreviewImporter)
Imported 'GUID: 95c0ff927d6a1cb4280126cd2eeded2d' -> (Import Result ID: '9fb31d05eed0b0a3366d28247a8392a9') in 0.001 seconds [static and dynamic dependencies]. Details - ImportResultOutputID=e5b06a2871c0ace07245e3f59e0a6a53 DependenciesID=e77fe7fd83b283f3ce778239da26061d StaticDependenciesID=25e7dddac5b4702f587c7b8c3f66073d 
Number of updated asset objects reloaded before import = 0
Number of asset objects unloaded after import = 0
========================================================================
Received Import Request.
  Time of request: 2026-09-29T02:18:33.2000092Z
  Time since last request: 0.0047217 seconds.
  importAddress: GUID: 95c0ff927d6a1cb4280126cd2eeded2d - Path: Assets/FinishPlatform.cs - Importer: PreviewImporter
Importing 'GUID: 95c0ff927d6a1cb4280126cd2eeded2d - Path: Assets/FinishPlatform.cs - Importer: PreviewImporter' with importer (PreviewImporter)
Imported 'GUID: 95c0ff927d6a1cb4280126cd2eeded2d' -> (Import Result ID: '9fb31d05eed0b0a3366d28247a8392a9') in 0.001 seconds [static and dynamic dependencies]. Details - ImportResultOutputID=e5b06a2871c0ace07245e3f59e0a6a53 DependenciesID=e77fe7fd83b283f3ce778239da26061d StaticDependenciesID=25e7dddac5b4702f587c7b8c3f66073d 
Number of updated asset objects reloaded before import = 0
Number of asset objects unloaded after import = 0
========================================================================
Received Import Request.
  Time of request: 2026-09-29T02:18:33.2210572Z
  Time since last request: 0.003841 seconds.
  importAddress: GUID: 95c0ff927d6a1cb4280126cd2eeded2d - Path: Assets/FinishPlatform.cs - Importer: PreviewImporter
Importing 'GUID: 95c0ff927d6a1cb4280126cd2eeded2d - Path: Assets/FinishPlatform.cs - Importer: PreviewImporter' with importer (PreviewImporter)
Imported 'GUID: 95c0ff927d6a1cb4280126cd2eeded2d' -> (Import Result ID: '9fb31d05eed0b0a3366d28247a8392a9') in 0.001 seconds [static and dynamic dependencies]. Details - ImportResultOutputID=e5b06a2871c0ace07245e3f59e0a6a53 DependenciesID=e77fe7fd83b283f3ce778239da26061d StaticDependenciesID=25e7dddac5b4702f587c7b8c3f66073d 
Number of updated asset objects reloaded before import = 0
Number of asset objects unloaded after import = 0
========================================================================
Received Import Request.
  Time of request: 2026-09-29T02:18:33.23786Z
  Time since last request: 0.0007017 seconds.
  importAddress: GUID: 95c0ff927d6a1cb4280126cd2eeded2d - Path: Assets/FinishPlatform.cs - Importer: PreviewImporter
Importing 'GUID: 95c0ff927d6a1cb4280126cd2eeded2d - Path: Assets/FinishPlatform.cs - Importer: PreviewImporter' with importer (PreviewImporter)
Imported 'GUID: 95c0ff927d6a1cb4280126cd2eeded2d' -> (Import Result ID: '9fb31d05eed0b0a3366d28247a8392a9') in 0.001 seconds [static and dynamic dependencies]. Details - ImportResultOutputID=e5b06a2871c0ace07245e3f59e0a6a53 DependenciesID=e77fe7fd83b283f3ce778239da26061d StaticDependenciesID=25e7dddac5b4702f587c7b8c3f66073d 
Number of updated asset objects reloaded before import = 0
Number of asset objects unloaded after import = 0
========================================================================
Received Import Request.
  Time of request: 2026-09-29T02:18:33.2580519Z
  Time since last request: 0.0036051 seconds.
  importAddress: GUID: 95c0ff927d6a1cb4280126cd2eeded2d - Path: Assets/FinishPlatform.cs - Importer: PreviewImporter
Importing 'GUID: 95c0ff927d6a1cb4280126cd2eeded2d - Path: Assets/FinishPlatform.cs - Importer: PreviewImporter' with importer (PreviewImporter)
Imported 'GUID: 95c0ff927d6a1cb4280126cd2eeded2d' -> (Import Result ID: '9fb31d05eed0b0a3366d28247a8392a9') in 0.001 seconds [static and dynamic dependencies]. Details - ImportResultOutputID=e5b06a2871c0ace07245e3f59e0a6a53 DependenciesID=e77fe7fd83b283f3ce778239da26061d StaticDependenciesID=25e7dddac5b4702f587c7b8c3f66073d 
Number of updated asset objects reloaded before import = 0
Number of asset objects unloaded after import = 0
========================================================================
Received Import Request.
  Time of request: 2026-09-29T02:18:33.2743939Z
  Time since last request: 0.0005269 seconds.
  importAddress: GUID: 95c0ff927d6a1cb4280126cd2eeded2d - Path: Assets/FinishPlatform.cs - Importer: PreviewImporter
Importing 'GUID: 95c0ff927d6a1cb4280126cd2eeded2d - Path: Assets/FinishPlatform.cs - Importer: PreviewImporter' with importer (PreviewImporter)
Imported 'GUID: 95c0ff927d6a1cb4280126cd2eeded2d' -> (Import Result ID: '9fb31d05eed0b0a3366d28247a8392a9') in 0.001 seconds [static and dynamic dependencies]. Details - ImportResultOutputID=e5b06a2871c0ace07245e3f59e0a6a53 DependenciesID=e77fe7fd83b283f3ce778239da26061d StaticDependenciesID=25e7dddac5b4702f587c7b8c3f66073d 
Number of updated asset objects reloaded before import = 0
Number of asset objects unloaded after import = 0
========================================================================
Received Import Request.
  Time of request: 2026-09-29T02:18:33.2921119Z
  Time since last request: 0.0005314 seconds.
  importAddress: GUID: 95c0ff927d6a1cb4280126cd2eeded2d - Path: Assets/FinishPlatform.cs - Importer: PreviewImporter
Importing 'GUID: 95c0ff927d6a1cb4280126cd2eeded2d - Path: Assets/FinishPlatform.cs - Importer: PreviewImporter' with importer (PreviewImporter)
Imported 'GUID: 95c0ff927d6a1cb4280126cd2eeded2d' -> (Import Result ID: '9fb31d05eed0b0a3366d28247a8392a9') in 0.001 seconds [static and dynamic dependencies]. Details - ImportResultOutputID=e5b06a2871c0ace07245e3f59e0a6a53 DependenciesID=e77fe7fd83b283f3ce778239da26061d StaticDependenciesID=25e7dddac5b4702f587c7b8c3f66073d 
Number of updated asset objects reloaded before import = 0
Number of asset objects unloaded after import = 0
========================================================================
Received Import Request.
  Time of request: 2026-09-29T02:18:33.3102686Z
  Time since last request: 0.001655 seconds.
  importAddress: GUID: 95c0ff927d6a1cb4280126cd2eeded2d - Path: Assets/FinishPlatform.cs - Importer: PreviewImporter
Importing 'GUID: 95c0ff927d6a1cb4280126cd2eeded2d - Path: Assets/FinishPlatform.cs - Importer: PreviewImporter' with importer (PreviewImporter)
Imported 'GUID: 95c0ff927d6a1cb4280126cd2eeded2d' -> (Import Result ID: '9fb31d05eed0b0a3366d28247a8392a9') in 0.001 seconds [static and dynamic dependencies]. Details - ImportResultOutputID=e5b06a2871c0ace07245e3f59e0a6a53 DependenciesID=e77fe7fd83b283f3ce778239da26061d StaticDependenciesID=25e7dddac5b4702f587c7b8c3f66073d 
Number of updated asset objects reloaded before import = 0
Number of asset objects unloaded after import = 0
========================================================================
Received Import Request.
  Time of request: 2026-09-29T02:18:33.3274607Z
  Time since last request: 0.0004649 seconds.
  importAddress: GUID: 95c0ff927d6a1cb4280126cd2eeded2d - Path: Assets/FinishPlatform.cs - Importer: PreviewImporter
Importing 'GUID: 95c0ff927d6a1cb4280126cd2eeded2d - Path: Assets/FinishPlatform.cs - Importer: PreviewImporter' with importer (PreviewImporter)
Imported 'GUID: 95c0ff927d6a1cb4280126cd2eeded2d' -> (Import Result ID: '9fb31d05eed0b0a3366d28247a8392a9') in 0.001 seconds [static and dynamic dependencies]. Details - ImportResultOutputID=e5b06a2871c0ace07245e3f59e0a6a53 DependenciesID=e77fe7fd83b283f3ce778239da26061d StaticDependenciesID=25e7dddac5b4702f587c7b8c3f66073d 
Number of updated asset objects reloaded before import = 0
Number of asset objects unloaded after import = 0
========================================================================
Received Import Request.
  Time of request: 2026-09-29T02:18:33.3471129Z
  Time since last request: 0.003506 seconds.
  importAddress: GUID: 95c0ff927d6a1cb4280126cd2eeded2d - Path: Assets/FinishPlatform.cs - Importer: PreviewImporter
Importing 'GUID: 95c0ff927d6a1cb4280126cd2eeded2d - Path: Assets/FinishPlatform.cs - Importer: PreviewImporter' with importer (PreviewImporter)
Imported 'GUID: 95c0ff927d6a1cb4280126cd2eeded2d' -> (Import Result ID: '9fb31d05eed0b0a3366d28247a8392a9') in 0.001 seconds [static and dynamic dependencies]. Details - ImportResultOutputID=e5b06a2871c0ace07245e3f59e0a6a53 DependenciesID=e77fe7fd83b283f3ce778239da26061d StaticDependenciesID=25e7dddac5b4702f587c7b8c3f66073d 
Number of updated asset objects reloaded before import = 0
Number of asset objects unloaded after import = 0
========================================================================
Received Import Request.
  Time of request: 2026-09-29T02:18:33.3694324Z
  Time since last request: 0.0037049 seconds.
  importAddress: GUID: 95c0ff927d6a1cb4280126cd2eeded2d - Path: Assets/FinishPlatform.cs - Importer: PreviewImporter
Importing 'GUID: 95c0ff927d6a1cb4280126cd2eeded2d - Path: Assets/FinishPlatform.cs - Importer: PreviewImporter' with importer (PreviewImporter)
Imported 'GUID: 95c0ff927d6a1cb4280126cd2eeded2d' -> (Import Result ID: '9fb31d05eed0b0a3366d28247a8392a9') in 0.001 seconds [static and dynamic dependencies]. Details - ImportResultOutputID=e5b06a2871c0ace07245e3f59e0a6a53 DependenciesID=e77fe7fd83b283f3ce778239da26061d StaticDependenciesID=25e7dddac5b4702f587c7b8c3f66073d 
Number of updated asset objects reloaded before import = 0
Number of asset objects unloaded after import = 0
========================================================================
Received Import Request.
  Time of request: 2026-09-29T02:18:33.3900966Z
  Time since last request: 0.0029205 seconds.
  importAddress: GUID: 95c0ff927d6a1cb4280126cd2eeded2d - Path: Assets/FinishPlatform.cs - Importer: PreviewImporter
Importing 'GUID: 95c0ff927d6a1cb4280126cd2eeded2d - Path: Assets/FinishPlatform.cs - Importer: PreviewImporter' with importer (PreviewImporter)
Imported 'GUID: 95c0ff927d6a1cb4280126cd2eeded2d' -> (Import Result ID: '9fb31d05eed0b0a3366d28247a8392a9') in 0.001 seconds [static and dynamic dependencies]. Details - ImportResultOutputID=e5b06a2871c0ace07245e3f59e0a6a53 DependenciesID=e77fe7fd83b283f3ce778239da26061d StaticDependenciesID=25e7dddac5b4702f587c7b8c3f66073d 
Number of updated asset objects reloaded before import = 0
Number of asset objects unloaded after import = 0
========================================================================
Received Import Request.
  Time of request: 2026-09-29T02:18:33.4107521Z
  Time since last request: 0.0031016 seconds.
  importAddress: GUID: 95c0ff927d6a1cb4280126cd2eeded2d - Path: Assets/FinishPlatform.cs - Importer: PreviewImporter
Importing 'GUID: 95c0ff927d6a1cb4280126cd2eeded2d - Path: Assets/FinishPlatform.cs - Importer: PreviewImporter' with importer (PreviewImporter)
Imported 'GUID: 95c0ff927d6a1cb4280126cd2eeded2d' -> (Import Result ID: '9fb31d05eed0b0a3366d28247a8392a9') in 0.001 seconds [static and dynamic dependencies]. Details - ImportResultOutputID=e5b06a2871c0ace07245e3f59e0a6a53 DependenciesID=e77fe7fd83b283f3ce778239da26061d StaticDependenciesID=25e7dddac5b4702f587c7b8c3f66073d 
Number of updated asset objects reloaded before import = 0
Number of asset objects unloaded after import = 0
========================================================================
Received Import Request.
  Time of request: 2026-09-29T02:18:33.4298345Z
  Time since last request: 0.0018332 seconds.
  importAddress: GUID: 95c0ff927d6a1cb4280126cd2eeded2d - Path: Assets/FinishPlatform.cs - Importer: PreviewImporter
Importing 'GUID: 95c0ff927d6a1cb4280126cd2eeded2d - Path: Assets/FinishPlatform.cs - Importer: PreviewImporter' with importer (PreviewImporter)
Imported 'GUID: 95c0ff927d6a1cb4280126cd2eeded2d' -> (Import Result ID: '9fb31d05eed0b0a3366d28247a8392a9') in 0.001 seconds [static and dynamic dependencies]. Details - ImportResultOutputID=e5b06a2871c0ace07245e3f59e0a6a53 DependenciesID=e77fe7fd83b283f3ce778239da26061d StaticDependenciesID=25e7dddac5b4702f587c7b8c3f66073d 
Number of updated asset objects reloaded before import = 0
Number of asset objects unloaded after import = 0
========================================================================
Received Import Request.
  Time of request: 2026-09-29T02:18:33.446388Z
  Time since last request: 0.0015451 seconds.
  importAddress: GUID: 95c0ff927d6a1cb4280126cd2eeded2d - Path: Assets/FinishPlatform.cs - Importer: PreviewImporter
Importing 'GUID: 95c0ff927d6a1cb4280126cd2eeded2d - Path: Assets/FinishPlatform.cs - Importer: PreviewImporter' with importer (PreviewImporter)
Imported 'GUID: 95c0ff927d6a1cb4280126cd2eeded2d' -> (Import Result ID: '9fb31d05eed0b0a3366d28247a8392a9') in 0.001 seconds [static and dynamic dependencies]. Details - ImportResultOutputID=e5b06a2871c0ace07245e3f59e0a6a53 DependenciesID=e77fe7fd83b283f3ce778239da26061d StaticDependenciesID=25e7dddac5b4702f587c7b8c3f66073d 
Number of updated asset objects reloaded before import = 0
Number of asset objects unloaded after import = 0
========================================================================
Received Import Request.
  Time of request: 2026-09-29T02:18:33.4634862Z
  Time since last request: 0.0005249 seconds.
  importAddress: GUID: 95c0ff927d6a1cb4280126cd2eeded2d - Path: Assets/FinishPlatform.cs - Importer: PreviewImporter
Importing 'GUID: 95c0ff927d6a1cb4280126cd2eeded2d - Path: Assets/FinishPlatform.cs - Importer: PreviewImporter' with importer (PreviewImporter)
Imported 'GUID: 95c0ff927d6a1cb4280126cd2eeded2d' -> (Import Result ID: '9fb31d05eed0b0a3366d28247a8392a9') in 0.001 seconds [static and dynamic dependencies]. Details - ImportResultOutputID=e5b06a2871c0ace07245e3f59e0a6a53 DependenciesID=e77fe7fd83b283f3ce778239da26061d StaticDependenciesID=25e7dddac5b4702f587c7b8c3f66073d 
Number of updated asset objects reloaded before import = 0
Number of asset objects unloaded after import = 0
========================================================================
Received Import Request.
  Time of request: 2026-09-29T02:18:33.4809303Z
  Time since last request: 0.0004905 seconds.
  importAddress: GUID: 95c0ff927d6a1cb4280126cd2eeded2d - Path: Assets/FinishPlatform.cs - Importer: PreviewImporter
Importing 'GUID: 95c0ff927d6a1cb4280126cd2eeded2d - Path: Assets/FinishPlatform.cs - Importer: PreviewImporter' with importer (PreviewImporter)
Imported 'GUID: 95c0ff927d6a1cb4280126cd2eeded2d' -> (Import Result ID: '9fb31d05eed0b0a3366d28247a8392a9') in 0.001 seconds [static and dynamic dependencies]. Details - ImportResultOutputID=e5b06a2871c0ace07245e3f59e0a6a53 DependenciesID=e77fe7fd83b283f3ce778239da26061d StaticDependenciesID=25e7dddac5b4702f587c7b8c3f66073d 
Number of updated asset objects reloaded before import = 0
Number of asset objects unloaded after import = 0
========================================================================
Received Import Request.
  Time of request: 2026-09-29T02:18:33.4993374Z
  Time since last request: 0.0024541 seconds.
  importAddress: GUID: 95c0ff927d6a1cb4280126cd2eeded2d - Path: Assets/FinishPlatform.cs - Importer: PreviewImporter
Importing 'GUID: 95c0ff927d6a1cb4280126cd2eeded2d - Path: Assets/FinishPlatform.cs - Importer: PreviewImporter' with importer (PreviewImporter)
Imported 'GUID: 95c0ff927d6a1cb4280126cd2eeded2d' -> (Import Result ID: '9fb31d05eed0b0a3366d28247a8392a9') in 0.001 seconds [static and dynamic dependencies]. Details - ImportResultOutputID=e5b06a2871c0ace07245e3f59e0a6a53 DependenciesID=e77fe7fd83b283f3ce778239da26061d StaticDependenciesID=25e7dddac5b4702f587c7b8c3f66073d 
Number of updated asset objects reloaded before import = 0
Number of asset objects unloaded after import = 0
========================================================================
Received Import Request.
  Time of request: 2026-09-29T02:18:33.5427785Z
  Time since last request: 0.0240225 seconds.
  importAddress: GUID: 95c0ff927d6a1cb4280126cd2eeded2d - Path: Assets/FinishPlatform.cs - Importer: PreviewImporter
Importing 'GUID: 95c0ff927d6a1cb4280126cd2eeded2d - Path: Assets/FinishPlatform.cs - Importer: PreviewImporter' with importer (PreviewImporter)
Imported 'GUID: 95c0ff927d6a1cb4280126cd2eeded2d' -> (Import Result ID: '9fb31d05eed0b0a3366d28247a8392a9') in 0.001 seconds [static and dynamic dependencies]. Details - ImportResultOutputID=e5b06a2871c0ace07245e3f59e0a6a53 DependenciesID=e77fe7fd83b283f3ce778239da26061d StaticDependenciesID=25e7dddac5b4702f587c7b8c3f66073d 
Number of updated asset objects reloaded before import = 0
Number of asset objects unloaded after import = 0
========================================================================
Received Import Request.
  Time of request: 2026-09-29T02:18:33.5612074Z
  Time since last request: 0.000471 seconds.
  importAddress: GUID: 95c0ff927d6a1cb4280126cd2eeded2d - Path: Assets/FinishPlatform.cs - Importer: PreviewImporter
Importing 'GUID: 95c0ff927d6a1cb4280126cd2eeded2d - Path: Assets/FinishPlatform.cs - Importer: PreviewImporter' with importer (PreviewImporter)
Imported 'GUID: 95c0ff927d6a1cb4280126cd2eeded2d' -> (Import Result ID: '9fb31d05eed0b0a3366d28247a8392a9') in 0.001 seconds [static and dynamic dependencies]. Details - ImportResultOutputID=e5b06a2871c0ace07245e3f59e0a6a53 DependenciesID=e77fe7fd83b283f3ce778239da26061d StaticDependenciesID=25e7dddac5b4702f587c7b8c3f66073d 
Number of updated asset objects reloaded before import = 0
Number of asset objects unloaded after import = 0
========================================================================
Received Import Request.
  Time of request: 2026-09-29T02:18:33.5830062Z
  Time since last request: 0.004088 seconds.
  importAddress: GUID: 95c0ff927d6a1cb4280126cd2eeded2d - Path: Assets/FinishPlatform.cs - Importer: PreviewImporter
Importing 'GUID: 95c0ff927d6a1cb4280126cd2eeded2d - Path: Assets/FinishPlatform.cs - Importer: PreviewImporter' with importer (PreviewImporter)
Imported 'GUID: 95c0ff927d6a1cb4280126cd2eeded2d' -> (Import Result ID: '9fb31d05eed0b0a3366d28247a8392a9') in 0.001 seconds [static and dynamic dependencies]. Details - ImportResultOutputID=e5b06a2871c0ace07245e3f59e0a6a53 DependenciesID=e77fe7fd83b283f3ce778239da26061d StaticDependenciesID=25e7dddac5b4702f587c7b8c3f66073d 
Number of updated asset objects reloaded before import = 0
Number of asset objects unloaded after import = 0
========================================================================
Received Import Request.
  Time of request: 2026-09-29T02:18:33.6016846Z
  Time since last request: 0.0014212 seconds.
  importAddress: GUID: 95c0ff927d6a1cb4280126cd2eeded2d - Path: Assets/FinishPlatform.cs - Importer: PreviewImporter
Importing 'GUID: 95c0ff927d6a1cb4280126cd2eeded2d - Path: Assets/FinishPlatform.cs - Importer: PreviewImporter' with importer (PreviewImporter)
Imported 'GUID: 95c0ff927d6a1cb4280126cd2eeded2d' -> (Import Result ID: '9fb31d05eed0b0a3366d28247a8392a9') in 0.001 seconds [static and dynamic dependencies]. Details - ImportResultOutputID=e5b06a2871c0ace07245e3f59e0a6a53 DependenciesID=e77fe7fd83b283f3ce778239da26061d StaticDependenciesID=25e7dddac5b4702f587c7b8c3f66073d 
Number of updated asset objects reloaded before import = 0
Number of asset objects unloaded after import = 0
========================================================================
Received Import Request.
  Time of request: 2026-09-29T02:18:33.6205198Z
  Time since last request: 0.0026302 seconds.
  importAddress: GUID: 95c0ff927d6a1cb4280126cd2eeded2d - Path: Assets/FinishPlatform.cs - Importer: PreviewImporter
Importing 'GUID: 95c0ff927d6a1cb4280126cd2eeded2d - Path: Assets/FinishPlatform.cs - Importer: PreviewImporter' with importer (PreviewImporter)
Imported 'GUID: 95c0ff927d6a1cb4280126cd2eeded2d' -> (Import Result ID: '9fb31d05eed0b0a3366d28247a8392a9') in 0.001 seconds [static and dynamic dependencies]. Details - ImportResultOutputID=e5b06a2871c0ace07245e3f59e0a6a53 DependenciesID=e77fe7fd83b283f3ce778239da26061d StaticDependenciesID=25e7dddac5b4702f587c7b8c3f66073d 
Number of updated asset objects reloaded before import = 0
Number of asset objects unloaded after import = 0
========================================================================
Received Import Request.
  Time of request: 2026-09-29T02:18:33.6364621Z
  Time since last request: 0.0010227 seconds.
  importAddress: GUID: 95c0ff927d6a1cb4280126cd2eeded2d - Path: Assets/FinishPlatform.cs - Importer: PreviewImporter
Importing 'GUID: 95c0ff927d6a1cb4280126cd2eeded2d - Path: Assets/FinishPlatform.cs - Importer: PreviewImporter' with importer (PreviewImporter)
Imported 'GUID: 95c0ff927d6a1cb4280126cd2eeded2d' -> (Import Result ID: '9fb31d05eed0b0a3366d28247a8392a9') in 0.001 seconds [static and dynamic dependencies]. Details - ImportResultOutputID=e5b06a2871c0ace07245e3f59e0a6a53 DependenciesID=e77fe7fd83b283f3ce778239da26061d StaticDependenciesID=25e7dddac5b4702f587c7b8c3f66073d 
Number of updated asset objects reloaded before import = 0
Number of asset objects unloaded after import = 0
========================================================================
Received Import Request.
  Time of request: 2026-09-29T02:18:33.6570837Z
  Time since last request: 0.0028747 seconds.
  importAddress: GUID: 95c0ff927d6a1cb4280126cd2eeded2d - Path: Assets/FinishPlatform.cs - Importer: PreviewImporter
Importing 'GUID: 95c0ff927d6a1cb4280126cd2eeded2d - Path: Assets/FinishPlatform.cs - Importer: PreviewImporter' with importer (PreviewImporter)
Imported 'GUID: 95c0ff927d6a1cb4280126cd2eeded2d' -> (Import Result ID: '9fb31d05eed0b0a3366d28247a8392a9') in 0.001 seconds [static and dynamic dependencies]. Details - ImportResultOutputID=e5b06a2871c0ace07245e3f59e0a6a53 DependenciesID=e77fe7fd83b283f3ce778239da26061d StaticDependenciesID=25e7dddac5b4702f587c7b8c3f66073d 
Number of updated asset objects reloaded before import = 0
Number of asset objects unloaded after import = 0
========================================================================
Received Import Request.
  Time of request: 2026-09-29T02:18:33.6851875Z
  Time since last request: 0.0044437 seconds.
  importAddress: GUID: 95c0ff927d6a1cb4280126cd2eeded2d - Path: Assets/FinishPlatform.cs - Importer: PreviewImporter
Importing 'GUID: 95c0ff927d6a1cb4280126cd2eeded2d - Path: Assets/FinishPlatform.cs - Importer: PreviewImporter' with importer (PreviewImporter)
Imported 'GUID: 95c0ff927d6a1cb4280126cd2eeded2d' -> (Import Result ID: '9fb31d05eed0b0a3366d28247a8392a9') in 0.001 seconds [static and dynamic dependencies]. Details - ImportResultOutputID=e5b06a2871c0ace07245e3f59e0a6a53 DependenciesID=e77fe7fd83b283f3ce778239da26061d StaticDependenciesID=25e7dddac5b4702f587c7b8c3f66073d 
Number of updated asset objects reloaded before import = 0
Number of asset objects unloaded after import = 0
========================================================================
Received Import Request.
  Time of request: 2026-09-29T02:18:33.7191632Z
  Time since last request: 0.0035002 seconds.
  importAddress: GUID: 95c0ff927d6a1cb4280126cd2eeded2d - Path: Assets/FinishPlatform.cs - Importer: PreviewImporter
Importing 'GUID: 95c0ff927d6a1cb4280126cd2eeded2d - Path: Assets/FinishPlatform.cs - Importer: PreviewImporter' with importer (PreviewImporter)
Imported 'GUID: 95c0ff927d6a1cb4280126cd2eeded2d' -> (Import Result ID: '9fb31d05eed0b0a3366d28247a8392a9') in 0.001 seconds [static and dynamic dependencies]. Details - ImportResultOutputID=e5b06a2871c0ace07245e3f59e0a6a53 DependenciesID=e77fe7fd83b283f3ce778239da26061d StaticDependenciesID=25e7dddac5b4702f587c7b8c3f66073d 
Number of updated asset objects reloaded before import = 0
Number of asset objects unloaded after import = 0
========================================================================
Received Import Request.
  Time of request: 2026-09-29T02:18:33.7431775Z
  Time since last request: 0.0041632 seconds.
  importAddress: GUID: 95c0ff927d6a1cb4280126cd2eeded2d - Path: Assets/FinishPlatform.cs - Importer: PreviewImporter
Importing 'GUID: 95c0ff927d6a1cb4280126cd2eeded2d - Path: Assets/FinishPlatform.cs - Importer: PreviewImporter' with importer (PreviewImporter)
Imported 'GUID: 95c0ff927d6a1cb4280126cd2eeded2d' -> (Import Result ID: '9fb31d05eed0b0a3366d28247a8392a9') in 0.001 seconds [static and dynamic dependencies]. Details - ImportResultOutputID=e5b06a2871c0ace07245e3f59e0a6a53 DependenciesID=e77fe7fd83b283f3ce778239da26061d StaticDependenciesID=25e7dddac5b4702f587c7b8c3f66073d 
Number of updated asset objects reloaded before import = 0
Number of asset objects unloaded after import = 0
========================================================================
Received Import Request.
  Time of request: 2026-09-29T02:18:33.7705919Z
  Time since last request: 0.0026633 seconds.
  importAddress: GUID: 95c0ff927d6a1cb4280126cd2eeded2d - Path: Assets/FinishPlatform.cs - Importer: PreviewImporter
Importing 'GUID: 95c0ff927d6a1cb4280126cd2eeded2d - Path: Assets/FinishPlatform.cs - Importer: PreviewImporter' with importer (PreviewImporter)
Imported 'GUID: 95c0ff927d6a1cb4280126cd2eeded2d' -> (Import Result ID: '9fb31d05eed0b0a3366d28247a8392a9') in 0.001 seconds [static and dynamic dependencies]. Details - ImportResultOutputID=e5b06a2871c0ace07245e3f59e0a6a53 DependenciesID=e77fe7fd83b283f3ce778239da26061d StaticDependenciesID=25e7dddac5b4702f587c7b8c3f66073d 
Number of updated asset objects reloaded before import = 0
Number of asset objects unloaded after import = 0
========================================================================
Received Import Request.
  Time of request: 2026-09-29T02:18:33.7948033Z
  Time since last request: 0.0016946 seconds.
  importAddress: GUID: 95c0ff927d6a1cb4280126cd2eeded2d - Path: Assets/FinishPlatform.cs - Importer: PreviewImporter
Importing 'GUID: 95c0ff927d6a1cb4280126cd2eeded2d - Path: Assets/FinishPlatform.cs - Importer: PreviewImporter' with importer (PreviewImporter)
Imported 'GUID: 95c0ff927d6a1cb4280126cd2eeded2d' -> (Import Result ID: '9fb31d05eed0b0a3366d28247a8392a9') in 0.001 seconds [static and dynamic dependencies]. Details - ImportResultOutputID=e5b06a2871c0ace07245e3f59e0a6a53 DependenciesID=e77fe7fd83b283f3ce778239da26061d StaticDependenciesID=25e7dddac5b4702f587c7b8c3f66073d 
Number of updated asset objects reloaded before import = 0
Number of asset objects unloaded after import = 0
========================================================================
Received Import Request.
  Time of request: 2026-09-29T02:18:33.81848Z
  Time since last request: 0.0036068 seconds.
  importAddress: GUID: 95c0ff927d6a1cb4280126cd2eeded2d - Path: Assets/FinishPlatform.cs - Importer: PreviewImporter
Importing 'GUID: 95c0ff927d6a1cb4280126cd2eeded2d - Path: Assets/FinishPlatform.cs - Importer: PreviewImporter' with importer (PreviewImporter)
Imported 'GUID: 95c0ff927d6a1cb4280126cd2eeded2d' -> (Import Result ID: '9fb31d05eed0b0a3366d28247a8392a9') in 0.001 seconds [static and dynamic dependencies]. Details - ImportResultOutputID=e5b06a2871c0ace07245e3f59e0a6a53 DependenciesID=e77fe7fd83b283f3ce778239da26061d StaticDependenciesID=25e7dddac5b4702f587c7b8c3f66073d 
Number of updated asset objects reloaded before import = 0
Number of asset objects unloaded after import = 0
========================================================================
Received Import Request.
  Time of request: 2026-09-29T02:18:33.8401842Z
  Time since last request: 0.0012543 seconds.
  importAddress: GUID: 95c0ff927d6a1cb4280126cd2eeded2d - Path: Assets/FinishPlatform.cs - Importer: PreviewImporter
Importing 'GUID: 95c0ff927d6a1cb4280126cd2eeded2d - Path: Assets/FinishPlatform.cs - Importer: PreviewImporter' with importer (PreviewImporter)
Imported 'GUID: 95c0ff927d6a1cb4280126cd2eeded2d' -> (Import Result ID: '9fb31d05eed0b0a3366d28247a8392a9') in 0.001 seconds [static and dynamic dependencies]. Details - ImportResultOutputID=e5b06a2871c0ace07245e3f59e0a6a53 DependenciesID=e77fe7fd83b283f3ce778239da26061d StaticDependenciesID=25e7dddac5b4702f587c7b8c3f66073d 
Number of updated asset objects reloaded before import = 0
Number of asset objects unloaded after import = 0
========================================================================
Received Import Request.
  Time of request: 2026-09-29T02:18:33.8638704Z
  Time since last request: 0.0017964 seconds.
  importAddress: GUID: 95c0ff927d6a1cb4280126cd2eeded2d - Path: Assets/FinishPlatform.cs - Importer: PreviewImporter
Importing 'GUID: 95c0ff927d6a1cb4280126cd2eeded2d - Path: Assets/FinishPlatform.cs - Importer: PreviewImporter' with importer (PreviewImporter)
Imported 'GUID: 95c0ff927d6a1cb4280126cd2eeded2d' -> (Import Result ID: '9fb31d05eed0b0a3366d28247a8392a9') in 0.001 seconds [static and dynamic dependencies]. Details - ImportResultOutputID=e5b06a2871c0ace07245e3f59e0a6a53 DependenciesID=e77fe7fd83b283f3ce778239da26061d StaticDependenciesID=25e7dddac5b4702f587c7b8c3f66073d 
Number of updated asset objects reloaded before import = 0
Number of asset objects unloaded after import = 0
========================================================================
Received Import Request.
  Time of request: 2026-09-29T02:18:33.887065Z
  Time since last request: 0.0033418 seconds.
  importAddress: GUID: 95c0ff927d6a1cb4280126cd2eeded2d - Path: Assets/FinishPlatform.cs - Importer: PreviewImporter
Importing 'GUID: 95c0ff927d6a1cb4280126cd2eeded2d - Path: Assets/FinishPlatform.cs - Importer: PreviewImporter' with importer (PreviewImporter)
Imported 'GUID: 95c0ff927d6a1cb4280126cd2eeded2d' -> (Import Result ID: '9fb31d05eed0b0a3366d28247a8392a9') in 0.001 seconds [static and dynamic dependencies]. Details - ImportResultOutputID=e5b06a2871c0ace07245e3f59e0a6a53 DependenciesID=e77fe7fd83b283f3ce778239da26061d StaticDependenciesID=25e7dddac5b4702f587c7b8c3f66073d 
Number of updated asset objects reloaded before import = 0
Number of asset objects unloaded after import = 0
========================================================================
Received Import Request.
  Time of request: 2026-09-29T02:18:33.9080857Z
  Time since last request: 0.0024175 seconds.
  importAddress: GUID: 95c0ff927d6a1cb4280126cd2eeded2d - Path: Assets/FinishPlatform.cs - Importer: PreviewImporter
Importing 'GUID: 95c0ff927d6a1cb4280126cd2eeded2d - Path: Assets/FinishPlatform.cs - Importer: PreviewImporter' with importer (PreviewImporter)
Imported 'GUID: 95c0ff927d6a1cb4280126cd2eeded2d' -> (Import Result ID: '9fb31d05eed0b0a3366d28247a8392a9') in 0.001 seconds [static and dynamic dependencies]. Details - ImportResultOutputID=e5b06a2871c0ace07245e3f59e0a6a53 DependenciesID=e77fe7fd83b283f3ce778239da26061d StaticDependenciesID=25e7dddac5b4702f587c7b8c3f66073d 
Number of updated asset objects reloaded before import = 0
Number of asset objects unloaded after import = 0
========================================================================
Received Import Request.
  Time of request: 2026-09-29T02:18:33.9291885Z
  Time since last request: 0.0028565 seconds.
  importAddress: GUID: 95c0ff927d6a1cb4280126cd2eeded2d - Path: Assets/FinishPlatform.cs - Importer: PreviewImporter
Importing 'GUID: 95c0ff927d6a1cb4280126cd2eeded2d - Path: Assets/FinishPlatform.cs - Importer: PreviewImporter' with importer (PreviewImporter)
Imported 'GUID: 95c0ff927d6a1cb4280126cd2eeded2d' -> (Import Result ID: '9fb31d05eed0b0a3366d28247a8392a9') in 0.001 seconds [static and dynamic dependencies]. Details - ImportResultOutputID=e5b06a2871c0ace07245e3f59e0a6a53 DependenciesID=e77fe7fd83b283f3ce778239da26061d StaticDependenciesID=25e7dddac5b4702f587c7b8c3f66073d 
Number of updated asset objects reloaded before import = 0
Number of asset objects unloaded after import = 0
========================================================================
Received Import Request.
  Time of request: 2026-09-29T02:18:33.9504847Z
  Time since last request: 0.0029402 seconds.
  importAddress: GUID: 95c0ff927d6a1cb4280126cd2eeded2d - Path: Assets/FinishPlatform.cs - Importer: PreviewImporter
Importing 'GUID: 95c0ff927d6a1cb4280126cd2eeded2d - Path: Assets/FinishPlatform.cs - Importer: PreviewImporter' with importer (PreviewImporter)
Imported 'GUID: 95c0ff927d6a1cb4280126cd2eeded2d' -> (Import Result ID: '9fb31d05eed0b0a3366d28247a8392a9') in 0.001 seconds [static and dynamic dependencies]. Details - ImportResultOutputID=e5b06a2871c0ace07245e3f59e0a6a53 DependenciesID=e77fe7fd83b283f3ce778239da26061d StaticDependenciesID=25e7dddac5b4702f587c7b8c3f66073d 
Number of updated asset objects reloaded before import = 0
Number of asset objects unloaded after import = 0
========================================================================
Received Import Request.
  Time of request: 2026-09-29T02:18:33.9708485Z
  Time since last request: 0.002044 seconds.
  importAddress: GUID: 95c0ff927d6a1cb4280126cd2eeded2d - Path: Assets/FinishPlatform.cs - Importer: PreviewImporter
Importing 'GUID: 95c0ff927d6a1cb4280126cd2eeded2d - Path: Assets/FinishPlatform.cs - Importer: PreviewImporter' with importer (PreviewImporter)
Imported 'GUID: 95c0ff927d6a1cb4280126cd2eeded2d' -> (Import Result ID: '9fb31d05eed0b0a3366d28247a8392a9') in 0.001 seconds [static and dynamic dependencies]. Details - ImportResultOutputID=e5b06a2871c0ace07245e3f59e0a6a53 DependenciesID=e77fe7fd83b283f3ce778239da26061d StaticDependenciesID=25e7dddac5b4702f587c7b8c3f66073d 
Number of updated asset objects reloaded before import = 0
Number of asset objects unloaded after import = 0
========================================================================
Received Import Request.
  Time of request: 2026-09-29T02:18:33.9881932Z
  Time since last request: 0.0007335 seconds.
  importAddress: GUID: 95c0ff927d6a1cb4280126cd2eeded2d - Path: Assets/FinishPlatform.cs - Importer: PreviewImporter
Importing 'GUID: 95c0ff927d6a1cb4280126cd2eeded2d - Path: Assets/FinishPlatform.cs - Importer: PreviewImporter' with importer (PreviewImporter)
Imported 'GUID: 95c0ff927d6a1cb4280126cd2eeded2d' -> (Import Result ID: '9fb31d05eed0b0a3366d28247a8392a9') in 0.001 seconds [static and dynamic dependencies]. Details - ImportResultOutputID=e5b06a2871c0ace07245e3f59e0a6a53 DependenciesID=e77fe7fd83b283f3ce778239da26061d StaticDependenciesID=25e7dddac5b4702f587c7b8c3f66073d 
Number of updated asset objects reloaded before import = 0
Number of asset objects unloaded after import = 0
========================================================================
Received Import Request.
  Time of request: 2026-09-29T02:18:34.006113Z
  Time since last request: 0.0003656 seconds.
  importAddress: GUID: 95c0ff927d6a1cb4280126cd2eeded2d - Path: Assets/FinishPlatform.cs - Importer: PreviewImporter
Importing 'GUID: 95c0ff927d6a1cb4280126cd2eeded2d - Path: Assets/FinishPlatform.cs - Importer: PreviewImporter' with importer (PreviewImporter)
Imported 'GUID: 95c0ff927d6a1cb4280126cd2eeded2d' -> (Import Result ID: '9fb31d05eed0b0a3366d28247a8392a9') in 0.001 seconds [static and dynamic dependencies]. Details - ImportResultOutputID=e5b06a2871c0ace07245e3f59e0a6a53 DependenciesID=e77fe7fd83b283f3ce778239da26061d StaticDependenciesID=25e7dddac5b4702f587c7b8c3f66073d 
Number of updated asset objects reloaded before import = 0
Number of asset objects unloaded after import = 0
========================================================================
Received Import Request.
  Time of request: 2026-09-29T02:18:34.0274471Z
  Time since last request: 0.001984 seconds.
  importAddress: GUID: 95c0ff927d6a1cb4280126cd2eeded2d - Path: Assets/FinishPlatform.cs - Importer: PreviewImporter
Importing 'GUID: 95c0ff927d6a1cb4280126cd2eeded2d - Path: Assets/FinishPlatform.cs - Importer: PreviewImporter' with importer (PreviewImporter)
Imported 'GUID: 95c0ff927d6a1cb4280126cd2eeded2d' -> (Import Result ID: '9fb31d05eed0b0a3366d28247a8392a9') in 0.001 seconds [static and dynamic dependencies]. Details - ImportResultOutputID=e5b06a2871c0ace07245e3f59e0a6a53 DependenciesID=e77fe7fd83b283f3ce778239da26061d StaticDependenciesID=25e7dddac5b4702f587c7b8c3f66073d 
Number of updated asset objects reloaded before import = 0
Number of asset objects unloaded after import = 0
========================================================================
Received Import Request.
  Time of request: 2026-09-29T02:18:34.0449222Z
  Time since last request: 0.0028716 seconds.
  importAddress: GUID: 95c0ff927d6a1cb4280126cd2eeded2d - Path: Assets/FinishPlatform.cs - Importer: PreviewImporter
Importing 'GUID: 95c0ff927d6a1cb4280126cd2eeded2d - Path: Assets/FinishPlatform.cs - Importer: PreviewImporter' with importer (PreviewImporter)
Imported 'GUID: 95c0ff927d6a1cb4280126cd2eeded2d' -> (Import Result ID: '9fb31d05eed0b0a3366d28247a8392a9') in 0.001 seconds [static and dynamic dependencies]. Details - ImportResultOutputID=e5b06a2871c0ace07245e3f59e0a6a53 DependenciesID=e77fe7fd83b283f3ce778239da26061d StaticDependenciesID=25e7dddac5b4702f587c7b8c3f66073d 
Number of updated asset objects reloaded before import = 0
Number of asset objects unloaded after import = 0
========================================================================
Received Import Request.
  Time of request: 2026-09-29T02:18:34.0663115Z
  Time since last request: 0.0025641 seconds.
  importAddress: GUID: 95c0ff927d6a1cb4280126cd2eeded2d - Path: Assets/FinishPlatform.cs - Importer: PreviewImporter
Importing 'GUID: 95c0ff927d6a1cb4280126cd2eeded2d - Path: Assets/FinishPlatform.cs - Importer: PreviewImporter' with importer (PreviewImporter)
Imported 'GUID: 95c0ff927d6a1cb4280126cd2eeded2d' -> (Import Result ID: '9fb31d05eed0b0a3366d28247a8392a9') in 0.001 seconds [static and dynamic dependencies]. Details - ImportResultOutputID=e5b06a2871c0ace07245e3f59e0a6a53 DependenciesID=e77fe7fd83b283f3ce778239da26061d StaticDependenciesID=25e7dddac5b4702f587c7b8c3f66073d 
Number of updated asset objects reloaded before import = 0
Number of asset objects unloaded after import = 0
========================================================================
Received Import Request.
  Time of request: 2026-09-29T02:18:34.0819994Z
  Time since last request: 0.0004846 seconds.
  importAddress: GUID: 95c0ff927d6a1cb4280126cd2eeded2d - Path: Assets/FinishPlatform.cs - Importer: PreviewImporter
Importing 'GUID: 95c0ff927d6a1cb4280126cd2eeded2d - Path: Assets/FinishPlatform.cs - Importer: PreviewImporter' with importer (PreviewImporter)
Imported 'GUID: 95c0ff927d6a1cb4280126cd2eeded2d' -> (Import Result ID: '9fb31d05eed0b0a3366d28247a8392a9') in 0.001 seconds [static and dynamic dependencies]. Details - ImportResultOutputID=e5b06a2871c0ace07245e3f59e0a6a53 DependenciesID=e77fe7fd83b283f3ce778239da26061d StaticDependenciesID=25e7dddac5b4702f587c7b8c3f66073d 
Number of updated asset objects reloaded before import = 0
Number of asset objects unloaded after import = 0
========================================================================
Received Import Request.
  Time of request: 2026-09-29T02:18:34.1008556Z
  Time since last request: 0.0024659 seconds.
  importAddress: GUID: 95c0ff927d6a1cb4280126cd2eeded2d - Path: Assets/FinishPlatform.cs - Importer: PreviewImporter
Importing 'GUID: 95c0ff927d6a1cb4280126cd2eeded2d - Path: Assets/FinishPlatform.cs - Importer: PreviewImporter' with importer (PreviewImporter)
Imported 'GUID: 95c0ff927d6a1cb4280126cd2eeded2d' -> (Import Result ID: '9fb31d05eed0b0a3366d28247a8392a9') in 0.001 seconds [static and dynamic dependencies]. Details - ImportResultOutputID=e5b06a2871c0ace07245e3f59e0a6a53 DependenciesID=e77fe7fd83b283f3ce778239da26061d StaticDependenciesID=25e7dddac5b4702f587c7b8c3f66073d 
Number of updated asset objects reloaded before import = 0
Number of asset objects unloaded after import = 0
========================================================================
Received Import Request.
  Time of request: 2026-09-29T02:18:34.1166623Z
  Time since last request: 0.0004344 seconds.
  importAddress: GUID: 95c0ff927d6a1cb4280126cd2eeded2d - Path: Assets/FinishPlatform.cs - Importer: PreviewImporter
Importing 'GUID: 95c0ff927d6a1cb4280126cd2eeded2d - Path: Assets/FinishPlatform.cs - Importer: PreviewImporter' with importer (PreviewImporter)
Imported 'GUID: 95c0ff927d6a1cb4280126cd2eeded2d' -> (Import Result ID: '9fb31d05eed0b0a3366d28247a8392a9') in 0.001 seconds [static and dynamic dependencies]. Details - ImportResultOutputID=e5b06a2871c0ace07245e3f59e0a6a53 DependenciesID=e77fe7fd83b283f3ce778239da26061d StaticDependenciesID=25e7dddac5b4702f587c7b8c3f66073d 
Number of updated asset objects reloaded before import = 0
Number of asset objects unloaded after import = 0
========================================================================
Received Import Request.
  Time of request: 2026-09-29T02:18:34.1393439Z
  Time since last request: 0.0062805 seconds.
  importAddress: GUID: 95c0ff927d6a1cb4280126cd2eeded2d - Path: Assets/FinishPlatform.cs - Importer: PreviewImporter
Importing 'GUID: 95c0ff927d6a1cb4280126cd2eeded2d - Path: Assets/FinishPlatform.cs - Importer: PreviewImporter' with importer (PreviewImporter)
Imported 'GUID: 95c0ff927d6a1cb4280126cd2eeded2d' -> (Import Result ID: '9fb31d05eed0b0a3366d28247a8392a9') in 0.001 seconds [static and dynamic dependencies]. Details - ImportResultOutputID=e5b06a2871c0ace07245e3f59e0a6a53 DependenciesID=e77fe7fd83b283f3ce778239da26061d StaticDependenciesID=25e7dddac5b4702f587c7b8c3f66073d 
Number of updated asset objects reloaded before import = 0
Number of asset objects unloaded after import = 0
========================================================================
Received Import Request.
  Time of request: 2026-09-29T02:18:34.1602397Z
  Time since last request: 0.0025088 seconds.
  importAddress: GUID: 95c0ff927d6a1cb4280126cd2eeded2d - Path: Assets/FinishPlatform.cs - Importer: PreviewImporter
Importing 'GUID: 95c0ff927d6a1cb4280126cd2eeded2d - Path: Assets/FinishPlatform.cs - Importer: PreviewImporter' with importer (PreviewImporter)
Imported 'GUID: 95c0ff927d6a1cb4280126cd2eeded2d' -> (Import Result ID: '9fb31d05eed0b0a3366d28247a8392a9') in 0.001 seconds [static and dynamic dependencies]. Details - ImportResultOutputID=e5b06a2871c0ace07245e3f59e0a6a53 DependenciesID=e77fe7fd83b283f3ce778239da26061d StaticDependenciesID=25e7dddac5b4702f587c7b8c3f66073d 
Number of updated asset objects reloaded before import = 0
Number of asset objects unloaded after import = 0
========================================================================
Received Import Request.
  Time of request: 2026-09-29T02:18:34.179868Z
  Time since last request: 0.0018607 seconds.
  importAddress: GUID: 95c0ff927d6a1cb4280126cd2eeded2d - Path: Assets/FinishPlatform.cs - Importer: PreviewImporter
Importing 'GUID: 95c0ff927d6a1cb4280126cd2eeded2d - Path: Assets/FinishPlatform.cs - Importer: PreviewImporter' with importer (PreviewImporter)
Imported 'GUID: 95c0ff927d6a1cb4280126cd2eeded2d' -> (Import Result ID: '9fb31d05eed0b0a3366d28247a8392a9') in 0.001 seconds [static and dynamic dependencies]. Details - ImportResultOutputID=e5b06a2871c0ace07245e3f59e0a6a53 DependenciesID=e77fe7fd83b283f3ce778239da26061d StaticDependenciesID=25e7dddac5b4702f587c7b8c3f66073d 
Number of updated asset objects reloaded before import = 0
Number of asset objects unloaded after import = 0
========================================================================
Received Import Request.
  Time of request: 2026-09-29T02:18:34.2005265Z
  Time since last request: 0.0023214 seconds.
  importAddress: GUID: 95c0ff927d6a1cb4280126cd2eeded2d - Path: Assets/FinishPlatform.cs - Importer: PreviewImporter
Importing 'GUID: 95c0ff927d6a1cb4280126cd2eeded2d - Path: Assets/FinishPlatform.cs - Importer: PreviewImporter' with importer (PreviewImporter)
Imported 'GUID: 95c0ff927d6a1cb4280126cd2eeded2d' -> (Import Result ID: '9fb31d05eed0b0a3366d28247a8392a9') in 0.001 seconds [static and dynamic dependencies]. Details - ImportResultOutputID=e5b06a2871c0ace07245e3f59e0a6a53 DependenciesID=e77fe7fd83b283f3ce778239da26061d StaticDependenciesID=25e7dddac5b4702f587c7b8c3f66073d 
Number of updated asset objects reloaded before import = 0
Number of asset objects unloaded after import = 0
========================================================================
Received Import Request.
  Time of request: 2026-09-29T02:18:34.2211731Z
  Time since last request: 0.0025795 seconds.
  importAddress: GUID: 95c0ff927d6a1cb4280126cd2eeded2d - Path: Assets/FinishPlatform.cs - Importer: PreviewImporter
Importing 'GUID: 95c0ff927d6a1cb4280126cd2eeded2d - Path: Assets/FinishPlatform.cs - Importer: PreviewImporter' with importer (PreviewImporter)
Imported 'GUID: 95c0ff927d6a1cb4280126cd2eeded2d' -> (Import Result ID: '9fb31d05eed0b0a3366d28247a8392a9') in 0.001 seconds [static and dynamic dependencies]. Details - ImportResultOutputID=e5b06a2871c0ace07245e3f59e0a6a53 DependenciesID=e77fe7fd83b283f3ce778239da26061d StaticDependenciesID=25e7dddac5b4702f587c7b8c3f66073d 
Number of updated asset objects reloaded before import = 0
Number of asset objects unloaded after import = 0
========================================================================
Received Import Request.
  Time of request: 2026-09-29T02:18:34.2398404Z
  Time since last request: 0.0005881 seconds.
  importAddress: GUID: 95c0ff927d6a1cb4280126cd2eeded2d - Path: Assets/FinishPlatform.cs - Importer: PreviewImporter
Importing 'GUID: 95c0ff927d6a1cb4280126cd2eeded2d - Path: Assets/FinishPlatform.cs - Importer: PreviewImporter' with importer (PreviewImporter)
Imported 'GUID: 95c0ff927d6a1cb4280126cd2eeded2d' -> (Import Result ID: '9fb31d05eed0b0a3366d28247a8392a9') in 0.001 seconds [static and dynamic dependencies]. Details - ImportResultOutputID=e5b06a2871c0ace07245e3f59e0a6a53 DependenciesID=e77fe7fd83b283f3ce778239da26061d StaticDependenciesID=25e7dddac5b4702f587c7b8c3f66073d 
Number of updated asset objects reloaded before import = 0
Number of asset objects unloaded after import = 0
========================================================================
Received Import Request.
  Time of request: 2026-09-29T02:18:34.2563132Z
  Time since last request: 0.0012722 seconds.
  importAddress: GUID: 95c0ff927d6a1cb4280126cd2eeded2d - Path: Assets/FinishPlatform.cs - Importer: PreviewImporter
Importing 'GUID: 95c0ff927d6a1cb4280126cd2eeded2d - Path: Assets/FinishPlatform.cs - Importer: PreviewImporter' with importer (PreviewImporter)
Imported 'GUID: 95c0ff927d6a1cb4280126cd2eeded2d' -> (Import Result ID: '9fb31d05eed0b0a3366d28247a8392a9') in 0.001 seconds [static and dynamic dependencies]. Details - ImportResultOutputID=e5b06a2871c0ace07245e3f59e0a6a53 DependenciesID=e77fe7fd83b283f3ce778239da26061d StaticDependenciesID=25e7dddac5b4702f587c7b8c3f66073d 
Number of updated asset objects reloaded before import = 0
Number of asset objects unloaded after import = 0
========================================================================
Received Import Request.
  Time of request: 2026-09-29T02:18:34.2745601Z
  Time since last request: 0.0025733 seconds.
  importAddress: GUID: 95c0ff927d6a1cb4280126cd2eeded2d - Path: Assets/FinishPlatform.cs - Importer: PreviewImporter
Importing 'GUID: 95c0ff927d6a1cb4280126cd2eeded2d - Path: Assets/FinishPlatform.cs - Importer: PreviewImporter' with importer (PreviewImporter)
Imported 'GUID: 95c0ff927d6a1cb4280126cd2eeded2d' -> (Import Result ID: '9fb31d05eed0b0a3366d28247a8392a9') in 0.001 seconds [static and dynamic dependencies]. Details - ImportResultOutputID=e5b06a2871c0ace07245e3f59e0a6a53 DependenciesID=e77fe7fd83b283f3ce778239da26061d StaticDependenciesID=25e7dddac5b4702f587c7b8c3f66073d 
Number of updated asset objects reloaded before import = 0
Number of asset objects unloaded after import = 0
========================================================================
Received Import Request.
  Time of request: 2026-09-29T02:18:34.2940229Z
  Time since last request: 0.0020822 seconds.
  importAddress: GUID: 95c0ff927d6a1cb4280126cd2eeded2d - Path: Assets/FinishPlatform.cs - Importer: PreviewImporter
Importing 'GUID: 95c0ff927d6a1cb4280126cd2eeded2d - Path: Assets/FinishPlatform.cs - Importer: PreviewImporter' with importer (PreviewImporter)
Imported 'GUID: 95c0ff927d6a1cb4280126cd2eeded2d' -> (Import Result ID: '9fb31d05eed0b0a3366d28247a8392a9') in 0.001 seconds [static and dynamic dependencies]. Details - ImportResultOutputID=e5b06a2871c0ace07245e3f59e0a6a53 DependenciesID=e77fe7fd83b283f3ce778239da26061d StaticDependenciesID=25e7dddac5b4702f587c7b8c3f66073d 
Number of updated asset objects reloaded before import = 0
Number of asset objects unloaded after import = 0
========================================================================
Received Import Request.
  Time of request: 2026-09-29T02:18:34.3137464Z
  Time since last request: 0.0038602 seconds.
  importAddress: GUID: 95c0ff927d6a1cb4280126cd2eeded2d - Path: Assets/FinishPlatform.cs - Importer: PreviewImporter
Importing 'GUID: 95c0ff927d6a1cb4280126cd2eeded2d - Path: Assets/FinishPlatform.cs - Importer: PreviewImporter' with importer (PreviewImporter)
Imported 'GUID: 95c0ff927d6a1cb4280126cd2eeded2d' -> (Import Result ID: '9fb31d05eed0b0a3366d28247a8392a9') in 0.001 seconds [static and dynamic dependencies]. Details - ImportResultOutputID=e5b06a2871c0ace07245e3f59e0a6a53 DependenciesID=e77fe7fd83b283f3ce778239da26061d StaticDependenciesID=25e7dddac5b4702f587c7b8c3f66073d 
Number of updated asset objects reloaded before import = 0
Number of asset objects unloaded after import = 0
========================================================================
Received Import Request.
  Time of request: 2026-09-29T02:18:34.335579Z
  Time since last request: 0.0026383 seconds.
  importAddress: GUID: 95c0ff927d6a1cb4280126cd2eeded2d - Path: Assets/FinishPlatform.cs - Importer: PreviewImporter
Importing 'GUID: 95c0ff927d6a1cb4280126cd2eeded2d - Path: Assets/FinishPlatform.cs - Importer: PreviewImporter' with importer (PreviewImporter)
Imported 'GUID: 95c0ff927d6a1cb4280126cd2eeded2d' -> (Import Result ID: '9fb31d05eed0b0a3366d28247a8392a9') in 0.001 seconds [static and dynamic dependencies]. Details - ImportResultOutputID=e5b06a2871c0ace07245e3f59e0a6a53 DependenciesID=e77fe7fd83b283f3ce778239da26061d StaticDependenciesID=25e7dddac5b4702f587c7b8c3f66073d 
Number of updated asset objects reloaded before import = 0
Number of asset objects unloaded after import = 0
========================================================================
Received Import Request.
  Time of request: 2026-09-29T02:18:34.351968Z
  Time since last request: 0.0012068 seconds.
  importAddress: GUID: 95c0ff927d6a1cb4280126cd2eeded2d - Path: Assets/FinishPlatform.cs - Importer: PreviewImporter
Importing 'GUID: 95c0ff927d6a1cb4280126cd2eeded2d - Path: Assets/FinishPlatform.cs - Importer: PreviewImporter' with importer (PreviewImporter)
Imported 'GUID: 95c0ff927d6a1cb4280126cd2eeded2d' -> (Import Result ID: '9fb31d05eed0b0a3366d28247a8392a9') in 0.001 seconds [static and dynamic dependencies]. Details - ImportResultOutputID=e5b06a2871c0ace07245e3f59e0a6a53 DependenciesID=e77fe7fd83b283f3ce778239da26061d StaticDependenciesID=25e7dddac5b4702f587c7b8c3f66073d 
Number of updated asset objects reloaded before import = 0
Number of asset objects unloaded after import = 0
========================================================================
Received Import Request.
  Time of request: 2026-09-29T02:18:34.3694458Z
  Time since last request: 0.0011669 seconds.
  importAddress: GUID: 95c0ff927d6a1cb4280126cd2eeded2d - Path: Assets/FinishPlatform.cs - Importer: PreviewImporter
Importing 'GUID: 95c0ff927d6a1cb4280126cd2eeded2d - Path: Assets/FinishPlatform.cs - Importer: PreviewImporter' with importer (PreviewImporter)
Imported 'GUID: 95c0ff927d6a1cb4280126cd2eeded2d' -> (Import Result ID: '9fb31d05eed0b0a3366d28247a8392a9') in 0.001 seconds [static and dynamic dependencies]. Details - ImportResultOutputID=e5b06a2871c0ace07245e3f59e0a6a53 DependenciesID=e77fe7fd83b283f3ce778239da26061d StaticDependenciesID=25e7dddac5b4702f587c7b8c3f66073d 
Number of updated asset objects reloaded before import = 0
Number of asset objects unloaded after import = 0
========================================================================
Received Import Request.
  Time of request: 2026-09-29T02:18:34.4097201Z
  Time since last request: 0.0030578 seconds.
  importAddress: GUID: 95c0ff927d6a1cb4280126cd2eeded2d - Path: Assets/FinishPlatform.cs - Importer: PreviewImporter
Importing 'GUID: 95c0ff927d6a1cb4280126cd2eeded2d - Path: Assets/FinishPlatform.cs - Importer: PreviewImporter' with importer (PreviewImporter)
Imported 'GUID: 95c0ff927d6a1cb4280126cd2eeded2d' -> (Import Result ID: '9fb31d05eed0b0a3366d28247a8392a9') in 0.001 seconds [static and dynamic dependencies]. Details - ImportResultOutputID=e5b06a2871c0ace07245e3f59e0a6a53 DependenciesID=e77fe7fd83b283f3ce778239da26061d StaticDependenciesID=25e7dddac5b4702f587c7b8c3f66073d 
Number of updated asset objects reloaded before import = 0
Number of asset objects unloaded after import = 0
========================================================================
Received Import Request.
  Time of request: 2026-09-29T02:18:34.4467044Z
  Time since last request: 0.0034046 seconds.
  importAddress: GUID: 95c0ff927d6a1cb4280126cd2eeded2d - Path: Assets/FinishPlatform.cs - Importer: PreviewImporter
Importing 'GUID: 95c0ff927d6a1cb4280126cd2eeded2d - Path: Assets/FinishPlatform.cs - Importer: PreviewImporter' with importer (PreviewImporter)
Imported 'GUID: 95c0ff927d6a1cb4280126cd2eeded2d' -> (Import Result ID: '9fb31d05eed0b0a3366d28247a8392a9') in 0.001 seconds [static and dynamic dependencies]. Details - ImportResultOutputID=e5b06a2871c0ace07245e3f59e0a6a53 DependenciesID=e77fe7fd83b283f3ce778239da26061d StaticDependenciesID=25e7dddac5b4702f587c7b8c3f66073d 
Number of updated asset objects reloaded before import = 0
Number of asset objects unloaded after import = 0
========================================================================
Received Import Request.
  Time of request: 2026-09-29T02:18:34.4663702Z
  Time since last request: 0.0014626 seconds.
  importAddress: GUID: 95c0ff927d6a1cb4280126cd2eeded2d - Path: Assets/FinishPlatform.cs - Importer: PreviewImporter
Importing 'GUID: 95c0ff927d6a1cb4280126cd2eeded2d - Path: Assets/FinishPlatform.cs - Importer: PreviewImporter' with importer (PreviewImporter)
Imported 'GUID: 95c0ff927d6a1cb4280126cd2eeded2d' -> (Import Result ID: '9fb31d05eed0b0a3366d28247a8392a9') in 0.001 seconds [static and dynamic dependencies]. Details - ImportResultOutputID=e5b06a2871c0ace07245e3f59e0a6a53 DependenciesID=e77fe7fd83b283f3ce778239da26061d StaticDependenciesID=25e7dddac5b4702f587c7b8c3f66073d 
Number of updated asset objects reloaded before import = 0
Number of asset objects unloaded after import = 0
========================================================================
Received Import Request.
  Time of request: 2026-09-29T02:18:34.4881186Z
  Time since last request: 0.001923 seconds.
  importAddress: GUID: 95c0ff927d6a1cb4280126cd2eeded2d - Path: Assets/FinishPlatform.cs - Importer: PreviewImporter
Importing 'GUID: 95c0ff927d6a1cb4280126cd2eeded2d - Path: Assets/FinishPlatform.cs - Importer: PreviewImporter' with importer (PreviewImporter)
Imported 'GUID: 95c0ff927d6a1cb4280126cd2eeded2d' -> (Import Result ID: '9fb31d05eed0b0a3366d28247a8392a9') in 0.001 seconds [static and dynamic dependencies]. Details - ImportResultOutputID=e5b06a2871c0ace07245e3f59e0a6a53 DependenciesID=e77fe7fd83b283f3ce778239da26061d StaticDependenciesID=25e7dddac5b4702f587c7b8c3f66073d 
Number of updated asset objects reloaded before import = 0
Number of asset objects unloaded after import = 0
========================================================================
Received Import Request.
  Time of request: 2026-09-29T02:18:34.5048097Z
  Time since last request: 0.0004169 seconds.
  importAddress: GUID: 95c0ff927d6a1cb4280126cd2eeded2d - Path: Assets/FinishPlatform.cs - Importer: PreviewImporter
Importing 'GUID: 95c0ff927d6a1cb4280126cd2eeded2d - Path: Assets/FinishPlatform.cs - Importer: PreviewImporter' with importer (PreviewImporter)
Imported 'GUID: 95c0ff927d6a1cb4280126cd2eeded2d' -> (Import Result ID: '9fb31d05eed0b0a3366d28247a8392a9') in 0.001 seconds [static and dynamic dependencies]. Details - ImportResultOutputID=e5b06a2871c0ace07245e3f59e0a6a53 DependenciesID=e77fe7fd83b283f3ce778239da26061d StaticDependenciesID=25e7dddac5b4702f587c7b8c3f66073d 
Number of updated asset objects reloaded before import = 0
Number of asset objects unloaded after import = 0
========================================================================
Received Import Request.
  Time of request: 2026-09-29T02:18:34.5253392Z
  Time since last request: 0.0039658 seconds.
  importAddress: GUID: 95c0ff927d6a1cb4280126cd2eeded2d - Path: Assets/FinishPlatform.cs - Importer: PreviewImporter
Importing 'GUID: 95c0ff927d6a1cb4280126cd2eeded2d - Path: Assets/FinishPlatform.cs - Importer: PreviewImporter' with importer (PreviewImporter)
Imported 'GUID: 95c0ff927d6a1cb4280126cd2eeded2d' -> (Import Result ID: '9fb31d05eed0b0a3366d28247a8392a9') in 0.001 seconds [static and dynamic dependencies]. Details - ImportResultOutputID=e5b06a2871c0ace07245e3f59e0a6a53 DependenciesID=e77fe7fd83b283f3ce778239da26061d StaticDependenciesID=25e7dddac5b4702f587c7b8c3f66073d 
Number of updated asset objects reloaded before import = 0
Number of asset objects unloaded after import = 0
========================================================================
Received Import Request.
  Time of request: 2026-09-29T02:18:34.5457942Z
  Time since last request: 0.002029 seconds.
  importAddress: GUID: 95c0ff927d6a1cb4280126cd2eeded2d - Path: Assets/FinishPlatform.cs - Importer: PreviewImporter
Importing 'GUID: 95c0ff927d6a1cb4280126cd2eeded2d - Path: Assets/FinishPlatform.cs - Importer: PreviewImporter' with importer (PreviewImporter)
Imported 'GUID: 95c0ff927d6a1cb4280126cd2eeded2d' -> (Import Result ID: '9fb31d05eed0b0a3366d28247a8392a9') in 0.001 seconds [static and dynamic dependencies]. Details - ImportResultOutputID=e5b06a2871c0ace07245e3f59e0a6a53 DependenciesID=e77fe7fd83b283f3ce778239da26061d StaticDependenciesID=25e7dddac5b4702f587c7b8c3f66073d 
Number of updated asset objects reloaded before import = 0
Number of asset objects unloaded after import = 0
========================================================================
Received Import Request.
  Time of request: 2026-09-29T02:18:34.5914958Z
  Time since last request: 0.0013455 seconds.
  importAddress: GUID: 95c0ff927d6a1cb4280126cd2eeded2d - Path: Assets/FinishPlatform.cs - Importer: PreviewImporter
Importing 'GUID: 95c0ff927d6a1cb4280126cd2eeded2d - Path: Assets/FinishPlatform.cs - Importer: PreviewImporter' with importer (PreviewImporter)
Imported 'GUID: 95c0ff927d6a1cb4280126cd2eeded2d' -> (Import Result ID: '9fb31d05eed0b0a3366d28247a8392a9') in 0.001 seconds [static and dynamic dependencies]. Details - ImportResultOutputID=e5b06a2871c0ace07245e3f59e0a6a53 DependenciesID=e77fe7fd83b283f3ce778239da26061d StaticDependenciesID=25e7dddac5b4702f587c7b8c3f66073d 
Number of updated asset objects reloaded before import = 0
Number of asset objects unloaded after import = 0
========================================================================
Received Import Request.
  Time of request: 2026-09-29T02:18:34.614109Z
  Time since last request: 0.0024648 seconds.
  importAddress: GUID: 95c0ff927d6a1cb4280126cd2eeded2d - Path: Assets/FinishPlatform.cs - Importer: PreviewImporter
Importing 'GUID: 95c0ff927d6a1cb4280126cd2eeded2d - Path: Assets/FinishPlatform.cs - Importer: PreviewImporter' with importer (PreviewImporter)
Imported 'GUID: 95c0ff927d6a1cb4280126cd2eeded2d' -> (Import Result ID: '9fb31d05eed0b0a3366d28247a8392a9') in 0.001 seconds [static and dynamic dependencies]. Details - ImportResultOutputID=e5b06a2871c0ace07245e3f59e0a6a53 DependenciesID=e77fe7fd83b283f3ce778239da26061d StaticDependenciesID=25e7dddac5b4702f587c7b8c3f66073d 
Number of updated asset objects reloaded before import = 0
Number of asset objects unloaded after import = 0
========================================================================
Received Import Request.
  Time of request: 2026-09-29T02:18:34.6378048Z
  Time since last request: 0.0033889 seconds.
  importAddress: GUID: 95c0ff927d6a1cb4280126cd2eeded2d - Path: Assets/FinishPlatform.cs - Importer: PreviewImporter
Importing 'GUID: 95c0ff927d6a1cb4280126cd2eeded2d - Path: Assets/FinishPlatform.cs - Importer: PreviewImporter' with importer (PreviewImporter)
Imported 'GUID: 95c0ff927d6a1cb4280126cd2eeded2d' -> (Import Result ID: '9fb31d05eed0b0a3366d28247a8392a9') in 0.001 seconds [static and dynamic dependencies]. Details - ImportResultOutputID=e5b06a2871c0ace07245e3f59e0a6a53 DependenciesID=e77fe7fd83b283f3ce778239da26061d StaticDependenciesID=25e7dddac5b4702f587c7b8c3f66073d 
Number of updated asset objects reloaded before import = 0
Number of asset objects unloaded after import = 0
========================================================================
Received Import Request.
  Time of request: 2026-09-29T02:18:34.6593648Z
  Time since last request: 0.0029032 seconds.
  importAddress: GUID: 95c0ff927d6a1cb4280126cd2eeded2d - Path: Assets/FinishPlatform.cs - Importer: PreviewImporter
Importing 'GUID: 95c0ff927d6a1cb4280126cd2eeded2d - Path: Assets/FinishPlatform.cs - Importer: PreviewImporter' with importer (PreviewImporter)
Imported 'GUID: 95c0ff927d6a1cb4280126cd2eeded2d' -> (Import Result ID: '9fb31d05eed0b0a3366d28247a8392a9') in 0.001 seconds [static and dynamic dependencies]. Details - ImportResultOutputID=e5b06a2871c0ace07245e3f59e0a6a53 DependenciesID=e77fe7fd83b283f3ce778239da26061d StaticDependenciesID=25e7dddac5b4702f587c7b8c3f66073d 
Number of updated asset objects reloaded before import = 0
Number of asset objects unloaded after import = 0
========================================================================
Received Import Request.
  Time of request: 2026-09-29T02:18:34.684257Z
  Time since last request: 0.0028202 seconds.
  importAddress: GUID: 95c0ff927d6a1cb4280126cd2eeded2d - Path: Assets/FinishPlatform.cs - Importer: PreviewImporter
Importing 'GUID: 95c0ff927d6a1cb4280126cd2eeded2d - Path: Assets/FinishPlatform.cs - Importer: PreviewImporter' with importer (PreviewImporter)
Imported 'GUID: 95c0ff927d6a1cb4280126cd2eeded2d' -> (Import Result ID: '9fb31d05eed0b0a3366d28247a8392a9') in 0.001 seconds [static and dynamic dependencies]. Details - ImportResultOutputID=e5b06a2871c0ace07245e3f59e0a6a53 DependenciesID=e77fe7fd83b283f3ce778239da26061d StaticDependenciesID=25e7dddac5b4702f587c7b8c3f66073d 
Number of updated asset objects reloaded before import = 0
Number of asset objects unloaded after import = 0
========================================================================
Received Import Request.
  Time of request: 2026-09-29T02:18:34.7211478Z
  Time since last request: 0.0160268 seconds.
  importAddress: GUID: 95c0ff927d6a1cb4280126cd2eeded2d - Path: Assets/FinishPlatform.cs - Importer: PreviewImporter
Importing 'GUID: 95c0ff927d6a1cb4280126cd2eeded2d - Path: Assets/FinishPlatform.cs - Importer: PreviewImporter' with importer (PreviewImporter)
Imported 'GUID: 95c0ff927d6a1cb4280126cd2eeded2d' -> (Import Result ID: '9fb31d05eed0b0a3366d28247a8392a9') in 0.001 seconds [static and dynamic dependencies]. Details - ImportResultOutputID=e5b06a2871c0ace07245e3f59e0a6a53 DependenciesID=e77fe7fd83b283f3ce778239da26061d StaticDependenciesID=25e7dddac5b4702f587c7b8c3f66073d 
Number of updated asset objects reloaded before import = 0
Number of asset objects unloaded after import = 0
========================================================================
Received Import Request.
  Time of request: 2026-09-29T02:18:34.7422701Z
  Time since last request: 0.0030136 seconds.
  importAddress: GUID: 95c0ff927d6a1cb4280126cd2eeded2d - Path: Assets/FinishPlatform.cs - Importer: PreviewImporter
Importing 'GUID: 95c0ff927d6a1cb4280126cd2eeded2d - Path: Assets/FinishPlatform.cs - Importer: PreviewImporter' with importer (PreviewImporter)
Imported 'GUID: 95c0ff927d6a1cb4280126cd2eeded2d' -> (Import Result ID: '9fb31d05eed0b0a3366d28247a8392a9') in 0.001 seconds [static and dynamic dependencies]. Details - ImportResultOutputID=e5b06a2871c0ace07245e3f59e0a6a53 DependenciesID=e77fe7fd83b283f3ce778239da26061d StaticDependenciesID=25e7dddac5b4702f587c7b8c3f66073d 
Number of updated asset objects reloaded before import = 0
Number of asset objects unloaded after import = 0
========================================================================
Received Import Request.
  Time of request: 2026-09-29T02:18:34.7645696Z
  Time since last request: 0.0019367 seconds.
  importAddress: GUID: 95c0ff927d6a1cb4280126cd2eeded2d - Path: Assets/FinishPlatform.cs - Importer: PreviewImporter
Importing 'GUID: 95c0ff927d6a1cb4280126cd2eeded2d - Path: Assets/FinishPlatform.cs - Importer: PreviewImporter' with importer (PreviewImporter)
Imported 'GUID: 95c0ff927d6a1cb4280126cd2eeded2d' -> (Import Result ID: '9fb31d05eed0b0a3366d28247a8392a9') in 0.001 seconds [static and dynamic dependencies]. Details - ImportResultOutputID=e5b06a2871c0ace07245e3f59e0a6a53 DependenciesID=e77fe7fd83b283f3ce778239da26061d StaticDependenciesID=25e7dddac5b4702f587c7b8c3f66073d 
Number of updated asset objects reloaded before import = 0
Number of asset objects unloaded after import = 0
========================================================================
Received Import Request.
  Time of request: 2026-09-29T02:18:34.7843026Z
  Time since last request: 0.0010596 seconds.
  importAddress: GUID: 95c0ff927d6a1cb4280126cd2eeded2d - Path: Assets/FinishPlatform.cs - Importer: PreviewImporter
Importing 'GUID: 95c0ff927d6a1cb4280126cd2eeded2d - Path: Assets/FinishPlatform.cs - Importer: PreviewImporter' with importer (PreviewImporter)
Imported 'GUID: 95c0ff927d6a1cb4280126cd2eeded2d' -> (Import Result ID: '9fb31d05eed0b0a3366d28247a8392a9') in 0.001 seconds [static and dynamic dependencies]. Details - ImportResultOutputID=e5b06a2871c0ace07245e3f59e0a6a53 DependenciesID=e77fe7fd83b283f3ce778239da26061d StaticDependenciesID=25e7dddac5b4702f587c7b8c3f66073d 
Number of updated asset objects reloaded before import = 0
Number of asset objects unloaded after import = 0
========================================================================
Received Import Request.
  Time of request: 2026-09-29T02:18:34.80419Z
  Time since last request: 0.0020993 seconds.
  importAddress: GUID: 95c0ff927d6a1cb4280126cd2eeded2d - Path: Assets/FinishPlatform.cs - Importer: PreviewImporter
Importing 'GUID: 95c0ff927d6a1cb4280126cd2eeded2d - Path: Assets/FinishPlatform.cs - Importer: PreviewImporter' with importer (PreviewImporter)
Imported 'GUID: 95c0ff927d6a1cb4280126cd2eeded2d' -> (Import Result ID: '9fb31d05eed0b0a3366d28247a8392a9') in 0.001 seconds [static and dynamic dependencies]. Details - ImportResultOutputID=e5b06a2871c0ace07245e3f59e0a6a53 DependenciesID=e77fe7fd83b283f3ce778239da26061d StaticDependenciesID=25e7dddac5b4702f587c7b8c3f66073d 
Number of updated asset objects reloaded before import = 0
Number of asset objects unloaded after import = 0
========================================================================
Received Import Request.
  Time of request: 2026-09-29T02:18:34.8230144Z
  Time since last request: 0.0009185 seconds.
  importAddress: GUID: 95c0ff927d6a1cb4280126cd2eeded2d - Path: Assets/FinishPlatform.cs - Importer: PreviewImporter
Importing 'GUID: 95c0ff927d6a1cb4280126cd2eeded2d - Path: Assets/FinishPlatform.cs - Importer: PreviewImporter' with importer (PreviewImporter)
Imported 'GUID: 95c0ff927d6a1cb4280126cd2eeded2d' -> (Import Result ID: '9fb31d05eed0b0a3366d28247a8392a9') in 0.001 seconds [static and dynamic dependencies]. Details - ImportResultOutputID=e5b06a2871c0ace07245e3f59e0a6a53 DependenciesID=e77fe7fd83b283f3ce778239da26061d StaticDependenciesID=25e7dddac5b4702f587c7b8c3f66073d 
Number of updated asset objects reloaded before import = 0
Number of asset objects unloaded after import = 0
========================================================================
Received Import Request.
  Time of request: 2026-09-29T02:18:34.8446857Z
  Time since last request: 0.00253 seconds.
  importAddress: GUID: 95c0ff927d6a1cb4280126cd2eeded2d - Path: Assets/FinishPlatform.cs - Importer: PreviewImporter
Importing 'GUID: 95c0ff927d6a1cb4280126cd2eeded2d - Path: Assets/FinishPlatform.cs - Importer: PreviewImporter' with importer (PreviewImporter)
Imported 'GUID: 95c0ff927d6a1cb4280126cd2eeded2d' -> (Import Result ID: '9fb31d05eed0b0a3366d28247a8392a9') in 0.001 seconds [static and dynamic dependencies]. Details - ImportResultOutputID=e5b06a2871c0ace07245e3f59e0a6a53 DependenciesID=e77fe7fd83b283f3ce778239da26061d StaticDependenciesID=25e7dddac5b4702f587c7b8c3f66073d 
Number of updated asset objects reloaded before import = 0
Number of asset objects unloaded after import = 0
========================================================================
Received Import Request.
  Time of request: 2026-09-29T02:18:34.8635976Z
  Time since last request: 0.001193 seconds.
  importAddress: GUID: 95c0ff927d6a1cb4280126cd2eeded2d - Path: Assets/FinishPlatform.cs - Importer: PreviewImporter
Importing 'GUID: 95c0ff927d6a1cb4280126cd2eeded2d - Path: Assets/FinishPlatform.cs - Importer: PreviewImporter' with importer (PreviewImporter)
Imported 'GUID: 95c0ff927d6a1cb4280126cd2eeded2d' -> (Import Result ID: '9fb31d05eed0b0a3366d28247a8392a9') in 0.001 seconds [static and dynamic dependencies]. Details - ImportResultOutputID=e5b06a2871c0ace07245e3f59e0a6a53 DependenciesID=e77fe7fd83b283f3ce778239da26061d StaticDependenciesID=25e7dddac5b4702f587c7b8c3f66073d 
Number of updated asset objects reloaded before import = 0
Number of asset objects unloaded after import = 0
========================================================================
Received Import Request.
  Time of request: 2026-09-29T02:18:34.8820981Z
  Time since last request: 0.0004572 seconds.
  importAddress: GUID: 95c0ff927d6a1cb4280126cd2eeded2d - Path: Assets/FinishPlatform.cs - Importer: PreviewImporter
Importing 'GUID: 95c0ff927d6a1cb4280126cd2eeded2d - Path: Assets/FinishPlatform.cs - Importer: PreviewImporter' with importer (PreviewImporter)
Imported 'GUID: 95c0ff927d6a1cb4280126cd2eeded2d' -> (Import Result ID: '9fb31d05eed0b0a3366d28247a8392a9') in 0.001 seconds [static and dynamic dependencies]. Details - ImportResultOutputID=e5b06a2871c0ace07245e3f59e0a6a53 DependenciesID=e77fe7fd83b283f3ce778239da26061d StaticDependenciesID=25e7dddac5b4702f587c7b8c3f66073d 
Number of updated asset objects reloaded before import = 0
Number of asset objects unloaded after import = 0
========================================================================
Received Import Request.
  Time of request: 2026-09-29T02:18:34.9028707Z
  Time since last request: 0.0020905 seconds.
  importAddress: GUID: 95c0ff927d6a1cb4280126cd2eeded2d - Path: Assets/FinishPlatform.cs - Importer: PreviewImporter
Importing 'GUID: 95c0ff927d6a1cb4280126cd2eeded2d - Path: Assets/FinishPlatform.cs - Importer: PreviewImporter' with importer (PreviewImporter)
Imported 'GUID: 95c0ff927d6a1cb4280126cd2eeded2d' -> (Import Result ID: '9fb31d05eed0b0a3366d28247a8392a9') in 0.001 seconds [static and dynamic dependencies]. Details - ImportResultOutputID=e5b06a2871c0ace07245e3f59e0a6a53 DependenciesID=e77fe7fd83b283f3ce778239da26061d StaticDependenciesID=25e7dddac5b4702f587c7b8c3f66073d 
Number of updated asset objects reloaded before import = 0
Number of asset objects unloaded after import = 0
========================================================================
Received Import Request.
  Time of request: 2026-09-29T02:18:34.935384Z
  Time since last request: 0.0086616 seconds.
  importAddress: GUID: 95c0ff927d6a1cb4280126cd2eeded2d - Path: Assets/FinishPlatform.cs - Importer: PreviewImporter
Importing 'GUID: 95c0ff927d6a1cb4280126cd2eeded2d - Path: Assets/FinishPlatform.cs - Importer: PreviewImporter' with importer (PreviewImporter)
Imported 'GUID: 95c0ff927d6a1cb4280126cd2eeded2d' -> (Import Result ID: '9fb31d05eed0b0a3366d28247a8392a9') in 0.001 seconds [static and dynamic dependencies]. Details - ImportResultOutputID=e5b06a2871c0ace07245e3f59e0a6a53 DependenciesID=e77fe7fd83b283f3ce778239da26061d StaticDependenciesID=25e7dddac5b4702f587c7b8c3f66073d 
Number of updated asset objects reloaded before import = 0
Number of asset objects unloaded after import = 0
========================================================================
Received Import Request.
  Time of request: 2026-09-29T02:18:34.9570119Z
  Time since last request: 0.0017333 seconds.
  importAddress: GUID: 95c0ff927d6a1cb4280126cd2eeded2d - Path: Assets/FinishPlatform.cs - Importer: PreviewImporter
Importing 'GUID: 95c0ff927d6a1cb4280126cd2eeded2d - Path: Assets/FinishPlatform.cs - Importer: PreviewImporter' with importer (PreviewImporter)
Imported 'GUID: 95c0ff927d6a1cb4280126cd2eeded2d' -> (Import Result ID: '9fb31d05eed0b0a3366d28247a8392a9') in 0.001 seconds [static and dynamic dependencies]. Details - ImportResultOutputID=e5b06a2871c0ace07245e3f59e0a6a53 DependenciesID=e77fe7fd83b283f3ce778239da26061d StaticDependenciesID=25e7dddac5b4702f587c7b8c3f66073d 
Number of updated asset objects reloaded before import = 0
Number of asset objects unloaded after import = 0
========================================================================
Received Import Request.
  Time of request: 2026-09-29T02:18:34.9824375Z
  Time since last request: 0.0034803 seconds.
  importAddress: GUID: 95c0ff927d6a1cb4280126cd2eeded2d - Path: Assets/FinishPlatform.cs - Importer: PreviewImporter
Importing 'GUID: 95c0ff927d6a1cb4280126cd2eeded2d - Path: Assets/FinishPlatform.cs - Importer: PreviewImporter' with importer (PreviewImporter)
Imported 'GUID: 95c0ff927d6a1cb4280126cd2eeded2d' -> (Import Result ID: '9fb31d05eed0b0a3366d28247a8392a9') in 0.001 seconds [static and dynamic dependencies]. Details - ImportResultOutputID=e5b06a2871c0ace07245e3f59e0a6a53 DependenciesID=e77fe7fd83b283f3ce778239da26061d StaticDependenciesID=25e7dddac5b4702f587c7b8c3f66073d 
Number of updated asset objects reloaded before import = 0
Number of asset objects unloaded after import = 0
========================================================================
Received Import Request.
  Time of request: 2026-09-29T02:18:35.0057229Z
  Time since last request: 0.0006168 seconds.
  importAddress: GUID: 95c0ff927d6a1cb4280126cd2eeded2d - Path: Assets/FinishPlatform.cs - Importer: PreviewImporter
Importing 'GUID: 95c0ff927d6a1cb4280126cd2eeded2d - Path: Assets/FinishPlatform.cs - Importer: PreviewImporter' with importer (PreviewImporter)
Imported 'GUID: 95c0ff927d6a1cb4280126cd2eeded2d' -> (Import Result ID: '9fb31d05eed0b0a3366d28247a8392a9') in 0.001 seconds [static and dynamic dependencies]. Details - ImportResultOutputID=e5b06a2871c0ace07245e3f59e0a6a53 DependenciesID=e77fe7fd83b283f3ce778239da26061d StaticDependenciesID=25e7dddac5b4702f587c7b8c3f66073d 
Number of updated asset objects reloaded before import = 0
Number of asset objects unloaded after import = 0
========================================================================
Received Import Request.
  Time of request: 2026-09-29T02:18:35.0336911Z
  Time since last request: 0.0060169 seconds.
  importAddress: GUID: 95c0ff927d6a1cb4280126cd2eeded2d - Path: Assets/FinishPlatform.cs - Importer: PreviewImporter
Importing 'GUID: 95c0ff927d6a1cb4280126cd2eeded2d - Path: Assets/FinishPlatform.cs - Importer: PreviewImporter' with importer (PreviewImporter)
Imported 'GUID: 95c0ff927d6a1cb4280126cd2eeded2d' -> (Import Result ID: '9fb31d05eed0b0a3366d28247a8392a9') in 0.001 seconds [static and dynamic dependencies]. Details - ImportResultOutputID=e5b06a2871c0ace07245e3f59e0a6a53 DependenciesID=e77fe7fd83b283f3ce778239da26061d StaticDependenciesID=25e7dddac5b4702f587c7b8c3f66073d 
Number of updated asset objects reloaded before import = 0
Number of asset objects unloaded after import = 0
========================================================================
Received Import Request.
  Time of request: 2026-09-29T02:18:35.0569977Z
  Time since last request: 0.0015776 seconds.
  importAddress: GUID: 95c0ff927d6a1cb4280126cd2eeded2d - Path: Assets/FinishPlatform.cs - Importer: PreviewImporter
Importing 'GUID: 95c0ff927d6a1cb4280126cd2eeded2d - Path: Assets/FinishPlatform.cs - Importer: PreviewImporter' with importer (PreviewImporter)
Imported 'GUID: 95c0ff927d6a1cb4280126cd2eeded2d' -> (Import Result ID: '9fb31d05eed0b0a3366d28247a8392a9') in 0.001 seconds [static and dynamic dependencies]. Details - ImportResultOutputID=e5b06a2871c0ace07245e3f59e0a6a53 DependenciesID=e77fe7fd83b283f3ce778239da26061d StaticDependenciesID=25e7dddac5b4702f587c7b8c3f66073d 
Number of updated asset objects reloaded before import = 0
Number of asset objects unloaded after import = 0
========================================================================
Received Import Request.
  Time of request: 2026-09-29T02:18:35.076438Z
  Time since last request: 0.0016474 seconds.
  importAddress: GUID: 95c0ff927d6a1cb4280126cd2eeded2d - Path: Assets/FinishPlatform.cs - Importer: PreviewImporter
Importing 'GUID: 95c0ff927d6a1cb4280126cd2eeded2d - Path: Assets/FinishPlatform.cs - Importer: PreviewImporter' with importer (PreviewImporter)
Imported 'GUID: 95c0ff927d6a1cb4280126cd2eeded2d' -> (Import Result ID: '9fb31d05eed0b0a3366d28247a8392a9') in 0.001 seconds [static and dynamic dependencies]. Details - ImportResultOutputID=e5b06a2871c0ace07245e3f59e0a6a53 DependenciesID=e77fe7fd83b283f3ce778239da26061d StaticDependenciesID=25e7dddac5b4702f587c7b8c3f66073d 
Number of updated asset objects reloaded before import = 0
Number of asset objects unloaded after import = 0
========================================================================
Received Import Request.
  Time of request: 2026-09-29T02:18:35.1006873Z
  Time since last request: 0.0022405 seconds.
  importAddress: GUID: 95c0ff927d6a1cb4280126cd2eeded2d - Path: Assets/FinishPlatform.cs - Importer: PreviewImporter
Importing 'GUID: 95c0ff927d6a1cb4280126cd2eeded2d - Path: Assets/FinishPlatform.cs - Importer: PreviewImporter' with importer (PreviewImporter)
Imported 'GUID: 95c0ff927d6a1cb4280126cd2eeded2d' -> (Import Result ID: '9fb31d05eed0b0a3366d28247a8392a9') in 0.001 seconds [static and dynamic dependencies]. Details - ImportResultOutputID=e5b06a2871c0ace07245e3f59e0a6a53 DependenciesID=e77fe7fd83b283f3ce778239da26061d StaticDependenciesID=25e7dddac5b4702f587c7b8c3f66073d 
Number of updated asset objects reloaded before import = 0
Number of asset objects unloaded after import = 0
========================================================================
Received Import Request.
  Time of request: 2026-09-29T02:18:35.1245852Z
  Time since last request: 0.0015683 seconds.
  importAddress: GUID: 95c0ff927d6a1cb4280126cd2eeded2d - Path: Assets/FinishPlatform.cs - Importer: PreviewImporter
Importing 'GUID: 95c0ff927d6a1cb4280126cd2eeded2d - Path: Assets/FinishPlatform.cs - Importer: PreviewImporter' with importer (PreviewImporter)
Imported 'GUID: 95c0ff927d6a1cb4280126cd2eeded2d' -> (Import Result ID: '9fb31d05eed0b0a3366d28247a8392a9') in 0.001 seconds [static and dynamic dependencies]. Details - ImportResultOutputID=e5b06a2871c0ace07245e3f59e0a6a53 DependenciesID=e77fe7fd83b283f3ce778239da26061d StaticDependenciesID=25e7dddac5b4702f587c7b8c3f66073d 
Number of updated asset objects reloaded before import = 0
Number of asset objects unloaded after import = 0
========================================================================
Received Import Request.
  Time of request: 2026-09-29T02:18:35.1466764Z
  Time since last request: 0.00223 seconds.
  importAddress: GUID: 95c0ff927d6a1cb4280126cd2eeded2d - Path: Assets/FinishPlatform.cs - Importer: PreviewImporter
Importing 'GUID: 95c0ff927d6a1cb4280126cd2eeded2d - Path: Assets/FinishPlatform.cs - Importer: PreviewImporter' with importer (PreviewImporter)
Imported 'GUID: 95c0ff927d6a1cb4280126cd2eeded2d' -> (Import Result ID: '9fb31d05eed0b0a3366d28247a8392a9') in 0.001 seconds [static and dynamic dependencies]. Details - ImportResultOutputID=e5b06a2871c0ace07245e3f59e0a6a53 DependenciesID=e77fe7fd83b283f3ce778239da26061d StaticDependenciesID=25e7dddac5b4702f587c7b8c3f66073d 
Number of updated asset objects reloaded before import = 0
Number of asset objects unloaded after import = 0
========================================================================
Received Import Request.
  Time of request: 2026-09-29T02:18:35.1721246Z
  Time since last request: 0.0020608 seconds.
  importAddress: GUID: 95c0ff927d6a1cb4280126cd2eeded2d - Path: Assets/FinishPlatform.cs - Importer: PreviewImporter
Importing 'GUID: 95c0ff927d6a1cb4280126cd2eeded2d - Path: Assets/FinishPlatform.cs - Importer: PreviewImporter' with importer (PreviewImporter)
Imported 'GUID: 95c0ff927d6a1cb4280126cd2eeded2d' -> (Import Result ID: '9fb31d05eed0b0a3366d28247a8392a9') in 0.001 seconds [static and dynamic dependencies]. Details - ImportResultOutputID=e5b06a2871c0ace07245e3f59e0a6a53 DependenciesID=e77fe7fd83b283f3ce778239da26061d StaticDependenciesID=25e7dddac5b4702f587c7b8c3f66073d 
Number of updated asset objects reloaded before import = 0
Number of asset objects unloaded after import = 0
========================================================================
Received Import Request.
  Time of request: 2026-09-29T02:18:35.1946917Z
  Time since last request: 0.001612 seconds.
  importAddress: GUID: 95c0ff927d6a1cb4280126cd2eeded2d - Path: Assets/FinishPlatform.cs - Importer: PreviewImporter
Importing 'GUID: 95c0ff927d6a1cb4280126cd2eeded2d - Path: Assets/FinishPlatform.cs - Importer: PreviewImporter' with importer (PreviewImporter)
Imported 'GUID: 95c0ff927d6a1cb4280126cd2eeded2d' -> (Import Result ID: '9fb31d05eed0b0a3366d28247a8392a9') in 0.001 seconds [static and dynamic dependencies]. Details - ImportResultOutputID=e5b06a2871c0ace07245e3f59e0a6a53 DependenciesID=e77fe7fd83b283f3ce778239da26061d StaticDependenciesID=25e7dddac5b4702f587c7b8c3f66073d 
Number of updated asset objects reloaded before import = 0
Number of asset objects unloaded after import = 0
========================================================================
Received Import Request.
  Time of request: 2026-09-29T02:18:35.220744Z
  Time since last request: 0.0074082 seconds.
  importAddress: GUID: 95c0ff927d6a1cb4280126cd2eeded2d - Path: Assets/FinishPlatform.cs - Importer: PreviewImporter
Importing 'GUID: 95c0ff927d6a1cb4280126cd2eeded2d - Path: Assets/FinishPlatform.cs - Importer: PreviewImporter' with importer (PreviewImporter)
Imported 'GUID: 95c0ff927d6a1cb4280126cd2eeded2d' -> (Import Result ID: '9fb31d05eed0b0a3366d28247a8392a9') in 0.001 seconds [static and dynamic dependencies]. Details - ImportResultOutputID=e5b06a2871c0ace07245e3f59e0a6a53 DependenciesID=e77fe7fd83b283f3ce778239da26061d StaticDependenciesID=25e7dddac5b4702f587c7b8c3f66073d 
Number of updated asset objects reloaded before import = 0
Number of asset objects unloaded after import = 0
========================================================================
Received Import Request.
  Time of request: 2026-09-29T02:18:35.2586136Z
  Time since last request: 0.0055878 seconds.
  importAddress: GUID: 95c0ff927d6a1cb4280126cd2eeded2d - Path: Assets/FinishPlatform.cs - Importer: PreviewImporter
Importing 'GUID: 95c0ff927d6a1cb4280126cd2eeded2d - Path: Assets/FinishPlatform.cs - Importer: PreviewImporter' with importer (PreviewImporter)
Imported 'GUID: 95c0ff927d6a1cb4280126cd2eeded2d' -> (Import Result ID: '9fb31d05eed0b0a3366d28247a8392a9') in 0.001 seconds [static and dynamic dependencies]. Details - ImportResultOutputID=e5b06a2871c0ace07245e3f59e0a6a53 DependenciesID=e77fe7fd83b283f3ce778239da26061d StaticDependenciesID=25e7dddac5b4702f587c7b8c3f66073d 
Number of updated asset objects reloaded before import = 0
Number of asset objects unloaded after import = 0
========================================================================
Received Prepare
AcceleratorClientConnectionCallback - disconnected - :0
[Licensing::Client] Successfully resolved entitlement details
Begin MonoManager ReloadAssembly
'Packages/com.unity.render-pipelines.core/Editor/Deprecated.cs' contains partial class of Unity.Object, exactly 1 of the partial classes needs to be in a file with the same filename. This is to know the one that can be referenced from ie. GameObjects
'Packages/com.unity.render-pipelines.core/Editor/Deprecated.cs' contains partial class of Unity.Object, exactly 1 of the partial classes needs to be in a file with the same filename. This is to know the one that can be referenced from ie. GameObjects
Refreshing native plugins compatible for Editor in 2.54 ms, found 4 plugins.
Native extension for WindowsStandalone target not found
Native extension for WebGL target not found
[Package Manager] Failed to launch server process. Reason: Unity was launched with the -noUpm command-line argument
[Package Manager] Unable to send message (not connected to server process).
[Package Manager] Cannot connect to Unity Package Manager local server
[Package Manager] Failed to launch server process. Reason: Unity was launched with the -noUpm command-line argument
[Package Manager] Unable to send message (not connected to server process).
[Package Manager] Cannot connect to Unity Package Manager local server
[MODES] ModeService[none].Initialize
[MODES] ModeService[none].LoadModes
ScheduleIndexationOnStartup MainProcess:False IndexOnStartup:True
Scripting: successfully reloaded assembly
- Finished resetting the current domain, in  1.141 seconds
Domain Reload Profiling: 2999ms
	BeginReloadAssembly (474ms)
		DisableScriptedObjects (18ms)
		CreateAndSetChildDomain (87ms)
	RebuildCommonClasses (18ms)
	RebuildNativeTypeToScriptingClass (37ms)
	initialDomainReloadingComplete (133ms)
	LoadAllAssembliesAndSetupDomain (1194ms)
		LoadAssemblies (734ms)
		TypeCache.Refresh (18ms)
		AnalyzeDomain (383ms)
			BuildScriptInfoCaches (367ms)
			ResolveRequiredComponents (12ms)
	FinalizeReload (1143ms)
		SetupLoadedEditorAssemblies (0ms)
			InitializePlatformSupportModulesInManaged (3ms)
			BeforeProcessingInitializeOnLoad (150ms)
			ProcessInitializeOnLoadAttributes (335ms)
			ProcessInitializeOnLoadMethodAttributes (145ms)
			AfterProcessingInitializeOnLoad (11ms)
		AwakeInstancesAfterBackupRestoration (36ms)
Refreshing native plugins compatible for Editor in 2.16 ms, found 4 plugins.
Unloading 61 Unused Serialized files (Serialized files now loaded: 0)
Unloading 6985 unused Assets / (9.7 MB). Loaded Objects now: 7930.
Memory consumption went from 363.6 MB to 353.8 MB.
Total: 14.951200 ms (FindLiveObjects: 0.985000 ms CreateObjectMapping: 0.301100 ms MarkObjects: 7.199400 ms  DeleteObjects: 6.177600 ms)

Prepare: number of updated asset objects reloaded= 0
========================================================================
Received Prepare
AcceleratorClientConnectionCallback - disconnected - :0
Begin MonoManager ReloadAssembly
'Packages/com.unity.render-pipelines.core/Editor/Deprecated.cs' contains partial class of Unity.Object, exactly 1 of the partial classes needs to be in a file with the same filename. This is to know the one that can be referenced from ie. GameObjects
'Packages/com.unity.render-pipelines.core/Editor/Deprecated.cs' contains partial class of Unity.Object, exactly 1 of the partial classes needs to be in a file with the same filename. This is to know the one that can be referenced from ie. GameObjects
Refreshing native plugins compatible for Editor in 2.88 ms, found 4 plugins.
Native extension for WindowsStandalone target not found
Native extension for WebGL target not found
[Package Manager] Failed to launch server process. Reason: Unity was launched with the -noUpm command-line argument
[Package Manager] Unable to send message (not connected to server process).
[Package Manager] Cannot connect to Unity Package Manager local server
[Package Manager] Failed to launch server process. Reason: Unity was launched with the -noUpm command-line argument
[Package Manager] Unable to send message (not connected to server process).
[Package Manager] Cannot connect to Unity Package Manager local server
[MODES] ModeService[none].Initialize
[MODES] ModeService[none].LoadModes
ScheduleIndexationOnStartup MainProcess:False IndexOnStartup:True
Scripting: successfully reloaded assembly
- Finished resetting the current domain, in  0.912 seconds
Domain Reload Profiling: 2159ms
	BeginReloadAssembly (339ms)
		DisableScriptedObjects (15ms)
		CreateAndSetChildDomain (84ms)
	RebuildCommonClasses (11ms)
	RebuildNativeTypeToScriptingClass (20ms)
	initialDomainReloadingComplete (94ms)
	LoadAllAssembliesAndSetupDomain (781ms)
		LoadAssemblies (485ms)
		TypeCache.Refresh (12ms)
		AnalyzeDomain (226ms)
			BuildScriptInfoCaches (219ms)
			ResolveRequiredComponents (6ms)
	FinalizeReload (914ms)
		SetupLoadedEditorAssemblies (0ms)
			InitializePlatformSupportModulesInManaged (3ms)
			BeforeProcessingInitializeOnLoad (131ms)
			ProcessInitializeOnLoadAttributes (323ms)
			ProcessInitializeOnLoadMethodAttributes (133ms)
			AfterProcessingInitializeOnLoad (11ms)
		AwakeInstancesAfterBackupRestoration (31ms)
Refreshing native plugins compatible for Editor in 3.06 ms, found 4 plugins.
Unloading 61 Unused Serialized files (Serialized files now loaded: 0)
Unloading 6985 unused Assets / (10.3 MB). Loaded Objects now: 7933.
Memory consumption went from 369.7 MB to 359.3 MB.
Total: 11.695900 ms (FindLiveObjects: 0.992300 ms CreateObjectMapping: 0.440400 ms MarkObjects: 6.185400 ms  DeleteObjects: 3.860300 ms)

Prepare: number of updated asset objects reloaded= 0
========================================================================
Received Import Request.
  Time of request: 2026-09-29T02:18:54.0565908Z
  Time since last request: 18.7770765 seconds.
  importAddress: GUID: 95c0ff927d6a1cb4280126cd2eeded2d - Path: Assets/FinishPlatform.cs - Importer: PreviewImporter
Importing 'GUID: 95c0ff927d6a1cb4280126cd2eeded2d - Path: Assets/FinishPlatform.cs - Importer: PreviewImporter' with importer (PreviewImporter)
Imported 'GUID: 95c0ff927d6a1cb4280126cd2eeded2d' -> (Import Result ID: '3c9965f760ba8ed47a4b13cef57ac471') in 0.002 seconds [static and dynamic dependencies]. Details - ImportResultOutputID=e5b06a2871c0ace07245e3f59e0a6a53 DependenciesID=0610e6ab0167a0e4f7bb04aabfa97cfc StaticDependenciesID=25e7dddac5b4702f587c7b8c3f66073d 
Number of updated asset objects reloaded before import = 0
Number of asset objects unloaded after import = 0
========================================================================
Received Import Request.
  Time of request: 2026-09-29T02:18:54.7055816Z
  Time since last request: 0.6346358 seconds.
  importAddress: GUID: 0927756070b2ef6449d2b5fcf72bb339 - Path: Assets/FinishNa.cs - Importer: PreviewImporter
Importing 'GUID: 0927756070b2ef6449d2b5fcf72bb339 - Path: Assets/FinishNa.cs - Importer: PreviewImporter' with importer (PreviewImporter)
Imported 'GUID: 0927756070b2ef6449d2b5fcf72bb339' -> (Import Result ID: '12be1970315bc4feeb56bef76e1801f1') in 0.002 seconds [static and dynamic dependencies]. Details - ImportResultOutputID=6dfaa497903b77227b6fa9e428c32e59 DependenciesID=67a897f798b0721c72559578af9668cd StaticDependenciesID=1504bf08f6fa1ad17689b923f3c3f01c 
Number of updated asset objects reloaded before import = 0
Number of asset objects unloaded after import = 0
========================================================================
Received Prepare
AcceleratorClientConnectionCallback - disconnected - :0
'Packages/com.unity.render-pipelines.core/Editor/Deprecated.cs' contains partial class of Unity.Object, exactly 1 of the partial classes needs to be in a file with the same filename. This is to know the one that can be referenced from ie. GameObjects
'Packages/com.unity.render-pipelines.core/Editor/Deprecated.cs' contains partial class of Unity.Object, exactly 1 of the partial classes needs to be in a file with the same filename. This is to know the one that can be referenced from ie. GameObjects
Refreshing native plugins compatible for Editor in 2.18 ms, found 4 plugins.
Unloading 61 Unused Serialized files (Serialized files now loaded: 0)
Unloading 6973 unused Assets / (8.3 MB). Loaded Objects now: 7932.
Memory consumption went from 367.4 MB to 359.1 MB.
Total: 13.274700 ms (FindLiveObjects: 1.048100 ms CreateObjectMapping: 0.385300 ms MarkObjects: 7.523900 ms  DeleteObjects: 4.093000 ms)

Prepare: number of updated asset objects reloaded= 0
========================================================================
Received Prepare
AcceleratorClientConnectionCallback - disconnected - :0
Begin MonoManager ReloadAssembly
'Packages/com.unity.render-pipelines.core/Editor/Deprecated.cs' contains partial class of Unity.Object, exactly 1 of the partial classes needs to be in a file with the same filename. This is to know the one that can be referenced from ie. GameObjects
'Packages/com.unity.render-pipelines.core/Editor/Deprecated.cs' contains partial class of Unity.Object, exactly 1 of the partial classes needs to be in a file with the same filename. This is to know the one that can be referenced from ie. GameObjects
Refreshing native plugins compatible for Editor in 2.04 ms, found 4 plugins.
Native extension for WindowsStandalone target not found
Native extension for WebGL target not found
[Package Manager] Failed to launch server process. Reason: Unity was launched with the -noUpm command-line argument
[Package Manager] Unable to send message (not connected to server process).
[Package Manager] Cannot connect to Unity Package Manager local server
[Package Manager] Failed to launch server process. Reason: Unity was launched with the -noUpm command-line argument
[Package Manager] Unable to send message (not connected to server process).
[Package Manager] Cannot connect to Unity Package Manager local server
[MODES] ModeService[none].Initialize
[MODES] ModeService[none].LoadModes
ScheduleIndexationOnStartup MainProcess:False IndexOnStartup:True
Scripting: successfully reloaded assembly
- Finished resetting the current domain, in  0.985 seconds
Domain Reload Profiling: 2174ms
	BeginReloadAssembly (310ms)
		DisableScriptedObjects (13ms)
		CreateAndSetChildDomain (75ms)
	RebuildCommonClasses (11ms)
	RebuildNativeTypeToScriptingClass (23ms)
	initialDomainReloadingComplete (81ms)
	LoadAllAssembliesAndSetupDomain (763ms)
		LoadAssemblies (424ms)
		TypeCache.Refresh (11ms)
		AnalyzeDomain (241ms)
			BuildScriptInfoCaches (230ms)
			ResolveRequiredComponents (8ms)
	FinalizeReload (986ms)
		SetupLoadedEditorAssemblies (0ms)
			LogAssemblyErrors (3ms)
			InitializePlatformSupportModulesInManaged (3ms)
			BeforeProcessingInitializeOnLoad (139ms)
			ProcessInitializeOnLoadAttributes (331ms)
			ProcessInitializeOnLoadMethodAttributes (147ms)
			AfterProcessingInitializeOnLoad (11ms)
		AwakeInstancesAfterBackupRestoration (33ms)
Refreshing native plugins compatible for Editor in 3.64 ms, found 4 plugins.
Unloading 61 Unused Serialized files (Serialized files now loaded: 0)
Unloading 6984 unused Assets / (10.3 MB). Loaded Objects now: 7935.
Memory consumption went from 373.1 MB to 362.7 MB.
Total: 13.675300 ms (FindLiveObjects: 1.084100 ms CreateObjectMapping: 0.791600 ms MarkObjects: 7.522700 ms  DeleteObjects: 4.026000 ms)

Prepare: number of updated asset objects reloaded= 0
========================================================================
Received Prepare
AcceleratorClientConnectionCallback - disconnected - :0
'Packages/com.unity.render-pipelines.core/Editor/Deprecated.cs' contains partial class of Unity.Object, exactly 1 of the partial classes needs to be in a file with the same filename. This is to know the one that can be referenced from ie. GameObjects
'Packages/com.unity.render-pipelines.core/Editor/Deprecated.cs' contains partial class of Unity.Object, exactly 1 of the partial classes needs to be in a file with the same filename. This is to know the one that can be referenced from ie. GameObjects
Refreshing native plugins compatible for Editor in 2.33 ms, found 4 plugins.
Unloading 61 Unused Serialized files (Serialized files now loaded: 0)
Unloading 6973 unused Assets / (9.5 MB). Loaded Objects now: 7935.
Memory consumption went from 375.5 MB to 366.0 MB.
Total: 13.464600 ms (FindLiveObjects: 1.024500 ms CreateObjectMapping: 0.744700 ms MarkObjects: 7.968900 ms  DeleteObjects: 3.504000 ms)

Prepare: number of updated asset objects reloaded= 0
========================================================================
Received Import Request.
  Time of request: 2026-09-29T02:19:21.467527Z
  Time since last request: 26.7466203 seconds.
  importAddress: GUID: 0927756070b2ef6449d2b5fcf72bb339 - Path: Assets/FinishPlatform.cs - Importer: PreviewImporter
Importing 'GUID: 0927756070b2ef6449d2b5fcf72bb339 - Path: Assets/FinishPlatform.cs - Importer: PreviewImporter' with importer (PreviewImporter)
Imported 'GUID: 0927756070b2ef6449d2b5fcf72bb339' -> (Import Result ID: '6fc37e22eb13bb0cc892545490038133') in 0.002 seconds [static and dynamic dependencies]. Details - ImportResultOutputID=6dfaa497903b77227b6fa9e428c32e59 DependenciesID=fe69584a0400f2f31016a5cd06da3b0d StaticDependenciesID=9d21d683a8eea448fe8f529e87952695 
Number of updated asset objects reloaded before import = 0
Number of asset objects unloaded after import = 0
========================================================================
Received Import Request.
  Time of request: 2026-09-29T02:19:21.499324Z
  Time since last request: 0.014624 seconds.
  importAddress: GUID: 0927756070b2ef6449d2b5fcf72bb339 - Path: Assets/FinishPlatform.cs - Importer: PreviewImporter
Importing 'GUID: 0927756070b2ef6449d2b5fcf72bb339 - Path: Assets/FinishPlatform.cs - Importer: PreviewImporter' with importer (PreviewImporter)
Imported 'GUID: 0927756070b2ef6449d2b5fcf72bb339' -> (Import Result ID: '6fc37e22eb13bb0cc892545490038133') in 0.003 seconds [static and dynamic dependencies]. Details - ImportResultOutputID=6dfaa497903b77227b6fa9e428c32e59 DependenciesID=fe69584a0400f2f31016a5cd06da3b0d StaticDependenciesID=9d21d683a8eea448fe8f529e87952695 
Number of updated asset objects reloaded before import = 0
Number of asset objects unloaded after import = 0
========================================================================
Received Import Request.
  Time of request: 2026-09-29T02:19:21.5225596Z
  Time since last request: 0.0060454 seconds.
  importAddress: GUID: 0927756070b2ef6449d2b5fcf72bb339 - Path: Assets/FinishPlatform.cs - Importer: PreviewImporter
Importing 'GUID: 0927756070b2ef6449d2b5fcf72bb339 - Path: Assets/FinishPlatform.cs - Importer: PreviewImporter' with importer (PreviewImporter)
Imported 'GUID: 0927756070b2ef6449d2b5fcf72bb339' -> (Import Result ID: '6fc37e22eb13bb0cc892545490038133') in 0.001 seconds [static and dynamic dependencies]. Details - ImportResultOutputID=6dfaa497903b77227b6fa9e428c32e59 DependenciesID=fe69584a0400f2f31016a5cd06da3b0d StaticDependenciesID=9d21d683a8eea448fe8f529e87952695 
Number of updated asset objects reloaded before import = 0
Number of asset objects unloaded after import = 0
========================================================================
Received Import Request.
  Time of request: 2026-09-29T02:19:21.5416554Z
  Time since last request: 0.0050919 seconds.
  importAddress: GUID: 0927756070b2ef6449d2b5fcf72bb339 - Path: Assets/FinishPlatform.cs - Importer: PreviewImporter
Importing 'GUID: 0927756070b2ef6449d2b5fcf72bb339 - Path: Assets/FinishPlatform.cs - Importer: PreviewImporter' with importer (PreviewImporter)
Imported 'GUID: 0927756070b2ef6449d2b5fcf72bb339' -> (Import Result ID: '6fc37e22eb13bb0cc892545490038133') in 0.001 seconds [static and dynamic dependencies]. Details - ImportResultOutputID=6dfaa497903b77227b6fa9e428c32e59 DependenciesID=fe69584a0400f2f31016a5cd06da3b0d StaticDependenciesID=9d21d683a8eea448fe8f529e87952695 
Number of updated asset objects reloaded before import = 0
Number of asset objects unloaded after import = 0
========================================================================
Received Import Request.
  Time of request: 2026-09-29T02:19:21.5595803Z
  Time since last request: 0.0032621 seconds.
  importAddress: GUID: 0927756070b2ef6449d2b5fcf72bb339 - Path: Assets/FinishPlatform.cs - Importer: PreviewImporter
Importing 'GUID: 0927756070b2ef6449d2b5fcf72bb339 - Path: Assets/FinishPlatform.cs - Importer: PreviewImporter' with importer (PreviewImporter)
Imported 'GUID: 0927756070b2ef6449d2b5fcf72bb339' -> (Import Result ID: '6fc37e22eb13bb0cc892545490038133') in 0.001 seconds [static and dynamic dependencies]. Details - ImportResultOutputID=6dfaa497903b77227b6fa9e428c32e59 DependenciesID=fe69584a0400f2f31016a5cd06da3b0d StaticDependenciesID=9d21d683a8eea448fe8f529e87952695 
Number of updated asset objects reloaded before import = 0
Number of asset objects unloaded after import = 0
========================================================================
Received Import Request.
  Time of request: 2026-09-29T02:19:21.57734Z
  Time since last request: 0.0026399 seconds.
  importAddress: GUID: 0927756070b2ef6449d2b5fcf72bb339 - Path: Assets/FinishPlatform.cs - Importer: PreviewImporter
Importing 'GUID: 0927756070b2ef6449d2b5fcf72bb339 - Path: Assets/FinishPlatform.cs - Importer: PreviewImporter' with importer (PreviewImporter)
Imported 'GUID: 0927756070b2ef6449d2b5fcf72bb339' -> (Import Result ID: '6fc37e22eb13bb0cc892545490038133') in 0.001 seconds [static and dynamic dependencies]. Details - ImportResultOutputID=6dfaa497903b77227b6fa9e428c32e59 DependenciesID=fe69584a0400f2f31016a5cd06da3b0d StaticDependenciesID=9d21d683a8eea448fe8f529e87952695 
Number of updated asset objects reloaded before import = 0
Number of asset objects unloaded after import = 0
========================================================================
Received Import Request.
  Time of request: 2026-09-29T02:19:21.5969756Z
  Time since last request: 0.0037885 seconds.
  importAddress: GUID: 0927756070b2ef6449d2b5fcf72bb339 - Path: Assets/FinishPlatform.cs - Importer: PreviewImporter
Importing 'GUID: 0927756070b2ef6449d2b5fcf72bb339 - Path: Assets/FinishPlatform.cs - Importer: PreviewImporter' with importer (PreviewImporter)
Imported 'GUID: 0927756070b2ef6449d2b5fcf72bb339' -> (Import Result ID: '6fc37e22eb13bb0cc892545490038133') in 0.001 seconds [static and dynamic dependencies]. Details - ImportResultOutputID=6dfaa497903b77227b6fa9e428c32e59 DependenciesID=fe69584a0400f2f31016a5cd06da3b0d StaticDependenciesID=9d21d683a8eea448fe8f529e87952695 
Number of updated asset objects reloaded before import = 0
Number of asset objects unloaded after import = 0
========================================================================
Received Import Request.
  Time of request: 2026-09-29T02:19:21.6140383Z
  Time since last request: 0.0024705 seconds.
  importAddress: GUID: 0927756070b2ef6449d2b5fcf72bb339 - Path: Assets/FinishPlatform.cs - Importer: PreviewImporter
Importing 'GUID: 0927756070b2ef6449d2b5fcf72bb339 - Path: Assets/FinishPlatform.cs - Importer: PreviewImporter' with importer (PreviewImporter)
Imported 'GUID: 0927756070b2ef6449d2b5fcf72bb339' -> (Import Result ID: '6fc37e22eb13bb0cc892545490038133') in 0.001 seconds [static and dynamic dependencies]. Details - ImportResultOutputID=6dfaa497903b77227b6fa9e428c32e59 DependenciesID=fe69584a0400f2f31016a5cd06da3b0d StaticDependenciesID=9d21d683a8eea448fe8f529e87952695 
Number of updated asset objects reloaded before import = 0
Number of asset objects unloaded after import = 0
========================================================================
Received Import Request.
  Time of request: 2026-09-29T02:19:21.632499Z
  Time since last request: 0.0042207 seconds.
  importAddress: GUID: 0927756070b2ef6449d2b5fcf72bb339 - Path: Assets/FinishPlatform.cs - Importer: PreviewImporter
Importing 'GUID: 0927756070b2ef6449d2b5fcf72bb339 - Path: Assets/FinishPlatform.cs - Importer: PreviewImporter' with importer (PreviewImporter)
Imported 'GUID: 0927756070b2ef6449d2b5fcf72bb339' -> (Import Result ID: '6fc37e22eb13bb0cc892545490038133') in 0.001 seconds [static and dynamic dependencies]. Details - ImportResultOutputID=6dfaa497903b77227b6fa9e428c32e59 DependenciesID=fe69584a0400f2f31016a5cd06da3b0d StaticDependenciesID=9d21d683a8eea448fe8f529e87952695 
Number of updated asset objects reloaded before import = 0
Number of asset objects unloaded after import = 0
========================================================================
Received Import Request.
  Time of request: 2026-09-29T02:19:21.6516787Z
  Time since last request: 0.003494 seconds.
  importAddress: GUID: 0927756070b2ef6449d2b5fcf72bb339 - Path: Assets/FinishPlatform.cs - Importer: PreviewImporter
Importing 'GUID: 0927756070b2ef6449d2b5fcf72bb339 - Path: Assets/FinishPlatform.cs - Importer: PreviewImporter' with importer (PreviewImporter)
Imported 'GUID: 0927756070b2ef6449d2b5fcf72bb339' -> (Import Result ID: '6fc37e22eb13bb0cc892545490038133') in 0.001 seconds [static and dynamic dependencies]. Details - ImportResultOutputID=6dfaa497903b77227b6fa9e428c32e59 DependenciesID=fe69584a0400f2f31016a5cd06da3b0d StaticDependenciesID=9d21d683a8eea448fe8f529e87952695 
Number of updated asset objects reloaded before import = 0
Number of asset objects unloaded after import = 0
========================================================================
Received Import Request.
  Time of request: 2026-09-29T02:19:21.6681001Z
  Time since last request: 0.001359 seconds.
  importAddress: GUID: 0927756070b2ef6449d2b5fcf72bb339 - Path: Assets/FinishPlatform.cs - Importer: PreviewImporter
Importing 'GUID: 0927756070b2ef6449d2b5fcf72bb339 - Path: Assets/FinishPlatform.cs - Importer: PreviewImporter' with importer (PreviewImporter)
Imported 'GUID: 0927756070b2ef6449d2b5fcf72bb339' -> (Import Result ID: '6fc37e22eb13bb0cc892545490038133') in 0.001 seconds [static and dynamic dependencies]. Details - ImportResultOutputID=6dfaa497903b77227b6fa9e428c32e59 DependenciesID=fe69584a0400f2f31016a5cd06da3b0d StaticDependenciesID=9d21d683a8eea448fe8f529e87952695 
Number of updated asset objects reloaded before import = 0
Number of asset objects unloaded after import = 0
========================================================================
Received Import Request.
  Time of request: 2026-09-29T02:19:21.6847207Z
  Time since last request: 0.002852 seconds.
  importAddress: GUID: 0927756070b2ef6449d2b5fcf72bb339 - Path: Assets/FinishPlatform.cs - Importer: PreviewImporter
Importing 'GUID: 0927756070b2ef6449d2b5fcf72bb339 - Path: Assets/FinishPlatform.cs - Importer: PreviewImporter' with importer (PreviewImporter)
Imported 'GUID: 0927756070b2ef6449d2b5fcf72bb339' -> (Import Result ID: '6fc37e22eb13bb0cc892545490038133') in 0.001 seconds [static and dynamic dependencies]. Details - ImportResultOutputID=6dfaa497903b77227b6fa9e428c32e59 DependenciesID=fe69584a0400f2f31016a5cd06da3b0d StaticDependenciesID=9d21d683a8eea448fe8f529e87952695 
Number of updated asset objects reloaded before import = 0
Number of asset objects unloaded after import = 0
========================================================================
Received Import Request.
  Time of request: 2026-09-29T02:19:21.6985553Z
  Time since last request: 0.0003892 seconds.
  importAddress: GUID: 0927756070b2ef6449d2b5fcf72bb339 - Path: Assets/FinishPlatform.cs - Importer: PreviewImporter
Importing 'GUID: 0927756070b2ef6449d2b5fcf72bb339 - Path: Assets/FinishPlatform.cs - Importer: PreviewImporter' with importer (PreviewImporter)
Imported 'GUID: 0927756070b2ef6449d2b5fcf72bb339' -> (Import Result ID: '6fc37e22eb13bb0cc892545490038133') in 0.001 seconds [static and dynamic dependencies]. Details - ImportResultOutputID=6dfaa497903b77227b6fa9e428c32e59 DependenciesID=fe69584a0400f2f31016a5cd06da3b0d StaticDependenciesID=9d21d683a8eea448fe8f529e87952695 
Number of updated asset objects reloaded before import = 0
Number of asset objects unloaded after import = 0
========================================================================
Received Import Request.
  Time of request: 2026-09-29T02:19:21.7166812Z
  Time since last request: 0.0047096 seconds.
  importAddress: GUID: 0927756070b2ef6449d2b5fcf72bb339 - Path: Assets/FinishPlatform.cs - Importer: PreviewImporter
Importing 'GUID: 0927756070b2ef6449d2b5fcf72bb339 - Path: Assets/FinishPlatform.cs - Importer: PreviewImporter' with importer (PreviewImporter)
Imported 'GUID: 0927756070b2ef6449d2b5fcf72bb339' -> (Import Result ID: '6fc37e22eb13bb0cc892545490038133') in 0.001 seconds [static and dynamic dependencies]. Details - ImportResultOutputID=6dfaa497903b77227b6fa9e428c32e59 DependenciesID=fe69584a0400f2f31016a5cd06da3b0d StaticDependenciesID=9d21d683a8eea448fe8f529e87952695 
Number of updated asset objects reloaded before import = 0
Number of asset objects unloaded after import = 0
========================================================================
Received Import Request.
  Time of request: 2026-09-29T02:19:21.7329965Z
  Time since last request: 0.0024163 seconds.
  importAddress: GUID: 0927756070b2ef6449d2b5fcf72bb339 - Path: Assets/FinishPlatform.cs - Importer: PreviewImporter
Importing 'GUID: 0927756070b2ef6449d2b5fcf72bb339 - Path: Assets/FinishPlatform.cs - Importer: PreviewImporter' with importer (PreviewImporter)
Imported 'GUID: 0927756070b2ef6449d2b5fcf72bb339' -> (Import Result ID: '6fc37e22eb13bb0cc892545490038133') in 0.001 seconds [static and dynamic dependencies]. Details - ImportResultOutputID=6dfaa497903b77227b6fa9e428c32e59 DependenciesID=fe69584a0400f2f31016a5cd06da3b0d StaticDependenciesID=9d21d683a8eea448fe8f529e87952695 
Number of updated asset objects reloaded before import = 0
Number of asset objects unloaded after import = 0
========================================================================
Received Import Request.
  Time of request: 2026-09-29T02:19:21.7493177Z
  Time since last request: 0.0015889 seconds.
  importAddress: GUID: 0927756070b2ef6449d2b5fcf72bb339 - Path: Assets/FinishPlatform.cs - Importer: PreviewImporter
Importing 'GUID: 0927756070b2ef6449d2b5fcf72bb339 - Path: Assets/FinishPlatform.cs - Importer: PreviewImporter' with importer (PreviewImporter)
Imported 'GUID: 0927756070b2ef6449d2b5fcf72bb339' -> (Import Result ID: '6fc37e22eb13bb0cc892545490038133') in 0.001 seconds [static and dynamic dependencies]. Details - ImportResultOutputID=6dfaa497903b77227b6fa9e428c32e59 DependenciesID=fe69584a0400f2f31016a5cd06da3b0d StaticDependenciesID=9d21d683a8eea448fe8f529e87952695 
Number of updated asset objects reloaded before import = 0
Number of asset objects unloaded after import = 0
========================================================================
Received Import Request.
  Time of request: 2026-09-29T02:19:21.7670877Z
  Time since last request: 0.0041387 seconds.
  importAddress: GUID: 0927756070b2ef6449d2b5fcf72bb339 - Path: Assets/FinishPlatform.cs - Importer: PreviewImporter
Importing 'GUID: 0927756070b2ef6449d2b5fcf72bb339 - Path: Assets/FinishPlatform.cs - Importer: PreviewImporter' with importer (PreviewImporter)
Imported 'GUID: 0927756070b2ef6449d2b5fcf72bb339' -> (Import Result ID: '6fc37e22eb13bb0cc892545490038133') in 0.001 seconds [static and dynamic dependencies]. Details - ImportResultOutputID=6dfaa497903b77227b6fa9e428c32e59 DependenciesID=fe69584a0400f2f31016a5cd06da3b0d StaticDependenciesID=9d21d683a8eea448fe8f529e87952695 
Number of updated asset objects reloaded before import = 0
Number of asset objects unloaded after import = 0
========================================================================
Received Import Request.
  Time of request: 2026-09-29T02:19:21.7827627Z
  Time since last request: 0.0004873 seconds.
  importAddress: GUID: 0927756070b2ef6449d2b5fcf72bb339 - Path: Assets/FinishPlatform.cs - Importer: PreviewImporter
Importing 'GUID: 0927756070b2ef6449d2b5fcf72bb339 - Path: Assets/FinishPlatform.cs - Importer: PreviewImporter' with importer (PreviewImporter)
Imported 'GUID: 0927756070b2ef6449d2b5fcf72bb339' -> (Import Result ID: '6fc37e22eb13bb0cc892545490038133') in 0.001 seconds [static and dynamic dependencies]. Details - ImportResultOutputID=6dfaa497903b77227b6fa9e428c32e59 DependenciesID=fe69584a0400f2f31016a5cd06da3b0d StaticDependenciesID=9d21d683a8eea448fe8f529e87952695 
Number of updated asset objects reloaded before import = 0
Number of asset objects unloaded after import = 0
========================================================================
Received Import Request.
  Time of request: 2026-09-29T02:19:21.8150124Z
  Time since last request: 0.013847 seconds.
  importAddress: GUID: 0927756070b2ef6449d2b5fcf72bb339 - Path: Assets/FinishPlatform.cs - Importer: PreviewImporter
Importing 'GUID: 0927756070b2ef6449d2b5fcf72bb339 - Path: Assets/FinishPlatform.cs - Importer: PreviewImporter' with importer (PreviewImporter)
Imported 'GUID: 0927756070b2ef6449d2b5fcf72bb339' -> (Import Result ID: '6fc37e22eb13bb0cc892545490038133') in 0.001 seconds [static and dynamic dependencies]. Details - ImportResultOutputID=6dfaa497903b77227b6fa9e428c32e59 DependenciesID=fe69584a0400f2f31016a5cd06da3b0d StaticDependenciesID=9d21d683a8eea448fe8f529e87952695 
Number of updated asset objects reloaded before import = 0
Number of asset objects unloaded after import = 0
========================================================================
Received Import Request.
  Time of request: 2026-09-29T02:19:21.838142Z
  Time since last request: 0.004807 seconds.
  importAddress: GUID: 0927756070b2ef6449d2b5fcf72bb339 - Path: Assets/FinishPlatform.cs - Importer: PreviewImporter
Importing 'GUID: 0927756070b2ef6449d2b5fcf72bb339 - Path: Assets/FinishPlatform.cs - Importer: PreviewImporter' with importer (PreviewImporter)
Imported 'GUID: 0927756070b2ef6449d2b5fcf72bb339' -> (Import Result ID: '6fc37e22eb13bb0cc892545490038133') in 0.001 seconds [static and dynamic dependencies]. Details - ImportResultOutputID=6dfaa497903b77227b6fa9e428c32e59 DependenciesID=fe69584a0400f2f31016a5cd06da3b0d StaticDependenciesID=9d21d683a8eea448fe8f529e87952695 
Number of updated asset objects reloaded before import = 0
Number of asset objects unloaded after import = 0
========================================================================
Received Import Request.
  Time of request: 2026-09-29T02:19:21.8597002Z
  Time since last request: 0.0041381 seconds.
  importAddress: GUID: 0927756070b2ef6449d2b5fcf72bb339 - Path: Assets/FinishPlatform.cs - Importer: PreviewImporter
Importing 'GUID: 0927756070b2ef6449d2b5fcf72bb339 - Path: Assets/FinishPlatform.cs - Importer: PreviewImporter' with importer (PreviewImporter)
Imported 'GUID: 0927756070b2ef6449d2b5fcf72bb339' -> (Import Result ID: '6fc37e22eb13bb0cc892545490038133') in 0.001 seconds [static and dynamic dependencies]. Details - ImportResultOutputID=6dfaa497903b77227b6fa9e428c32e59 DependenciesID=fe69584a0400f2f31016a5cd06da3b0d StaticDependenciesID=9d21d683a8eea448fe8f529e87952695 
Number of updated asset objects reloaded before import = 0
Number of asset objects unloaded after import = 0
========================================================================
Received Import Request.
  Time of request: 2026-09-29T02:19:21.8794456Z
  Time since last request: 0.0023292 seconds.
  importAddress: GUID: 0927756070b2ef6449d2b5fcf72bb339 - Path: Assets/FinishPlatform.cs - Importer: PreviewImporter
Importing 'GUID: 0927756070b2ef6449d2b5fcf72bb339 - Path: Assets/FinishPlatform.cs - Importer: PreviewImporter' with importer (PreviewImporter)
Imported 'GUID: 0927756070b2ef6449d2b5fcf72bb339' -> (Import Result ID: '6fc37e22eb13bb0cc892545490038133') in 0.003 seconds [static and dynamic dependencies]. Details - ImportResultOutputID=6dfaa497903b77227b6fa9e428c32e59 DependenciesID=fe69584a0400f2f31016a5cd06da3b0d StaticDependenciesID=9d21d683a8eea448fe8f529e87952695 
Number of updated asset objects reloaded before import = 0
Number of asset objects unloaded after import = 0
========================================================================
Received Import Request.
  Time of request: 2026-09-29T02:19:21.9086797Z
  Time since last request: 0.0050912 seconds.
  importAddress: GUID: 0927756070b2ef6449d2b5fcf72bb339 - Path: Assets/FinishPlatform.cs - Importer: PreviewImporter
Importing 'GUID: 0927756070b2ef6449d2b5fcf72bb339 - Path: Assets/FinishPlatform.cs - Importer: PreviewImporter' with importer (PreviewImporter)
Imported 'GUID: 0927756070b2ef6449d2b5fcf72bb339' -> (Import Result ID: '6fc37e22eb13bb0cc892545490038133') in 0.001 seconds [static and dynamic dependencies]. Details - ImportResultOutputID=6dfaa497903b77227b6fa9e428c32e59 DependenciesID=fe69584a0400f2f31016a5cd06da3b0d StaticDependenciesID=9d21d683a8eea448fe8f529e87952695 
Number of updated asset objects reloaded before import = 0
Number of asset objects unloaded after import = 0
========================================================================
Received Import Request.
  Time of request: 2026-09-29T02:19:21.9398842Z
  Time since last request: 0.006807 seconds.
  importAddress: GUID: 0927756070b2ef6449d2b5fcf72bb339 - Path: Assets/FinishPlatform.cs - Importer: PreviewImporter
Importing 'GUID: 0927756070b2ef6449d2b5fcf72bb339 - Path: Assets/FinishPlatform.cs - Importer: PreviewImporter' with importer (PreviewImporter)
Imported 'GUID: 0927756070b2ef6449d2b5fcf72bb339' -> (Import Result ID: '6fc37e22eb13bb0cc892545490038133') in 0.001 seconds [static and dynamic dependencies]. Details - ImportResultOutputID=6dfaa497903b77227b6fa9e428c32e59 DependenciesID=fe69584a0400f2f31016a5cd06da3b0d StaticDependenciesID=9d21d683a8eea448fe8f529e87952695 
Number of updated asset objects reloaded before import = 0
Number of asset objects unloaded after import = 0
========================================================================
Received Import Request.
  Time of request: 2026-09-29T02:19:21.9641512Z
  Time since last request: 0.0035226 seconds.
  importAddress: GUID: 0927756070b2ef6449d2b5fcf72bb339 - Path: Assets/FinishPlatform.cs - Importer: PreviewImporter
Importing 'GUID: 0927756070b2ef6449d2b5fcf72bb339 - Path: Assets/FinishPlatform.cs - Importer: PreviewImporter' with importer (PreviewImporter)
Imported 'GUID: 0927756070b2ef6449d2b5fcf72bb339' -> (Import Result ID: '6fc37e22eb13bb0cc892545490038133') in 0.001 seconds [static and dynamic dependencies]. Details - ImportResultOutputID=6dfaa497903b77227b6fa9e428c32e59 DependenciesID=fe69584a0400f2f31016a5cd06da3b0d StaticDependenciesID=9d21d683a8eea448fe8f529e87952695 
Number of updated asset objects reloaded before import = 0
Number of asset objects unloaded after import = 0
========================================================================
Received Import Request.
  Time of request: 2026-09-29T02:19:21.9840389Z
  Time since last request: 0.0004664 seconds.
  importAddress: GUID: 0927756070b2ef6449d2b5fcf72bb339 - Path: Assets/FinishPlatform.cs - Importer: PreviewImporter
Importing 'GUID: 0927756070b2ef6449d2b5fcf72bb339 - Path: Assets/FinishPlatform.cs - Importer: PreviewImporter' with importer (PreviewImporter)
Imported 'GUID: 0927756070b2ef6449d2b5fcf72bb339' -> (Import Result ID: '6fc37e22eb13bb0cc892545490038133') in 0.001 seconds [static and dynamic dependencies]. Details - ImportResultOutputID=6dfaa497903b77227b6fa9e428c32e59 DependenciesID=fe69584a0400f2f31016a5cd06da3b0d StaticDependenciesID=9d21d683a8eea448fe8f529e87952695 
Number of updated asset objects reloaded before import = 0
Number of asset objects unloaded after import = 0
========================================================================
Received Import Request.
  Time of request: 2026-09-29T02:19:22.0087863Z
  Time since last request: 0.0037809 seconds.
  importAddress: GUID: 0927756070b2ef6449d2b5fcf72bb339 - Path: Assets/FinishPlatform.cs - Importer: PreviewImporter
Importing 'GUID: 0927756070b2ef6449d2b5fcf72bb339 - Path: Assets/FinishPlatform.cs - Importer: PreviewImporter' with importer (PreviewImporter)
Imported 'GUID: 0927756070b2ef6449d2b5fcf72bb339' -> (Import Result ID: '6fc37e22eb13bb0cc892545490038133') in 0.001 seconds [static and dynamic dependencies]. Details - ImportResultOutputID=6dfaa497903b77227b6fa9e428c32e59 DependenciesID=fe69584a0400f2f31016a5cd06da3b0d StaticDependenciesID=9d21d683a8eea448fe8f529e87952695 
Number of updated asset objects reloaded before import = 0
Number of asset objects unloaded after import = 0
========================================================================
Received Import Request.
  Time of request: 2026-09-29T02:19:22.0347228Z
  Time since last request: 0.0042159 seconds.
  importAddress: GUID: 0927756070b2ef6449d2b5fcf72bb339 - Path: Assets/FinishPlatform.cs - Importer: PreviewImporter
Importing 'GUID: 0927756070b2ef6449d2b5fcf72bb339 - Path: Assets/FinishPlatform.cs - Importer: PreviewImporter' with importer (PreviewImporter)
Imported 'GUID: 0927756070b2ef6449d2b5fcf72bb339' -> (Import Result ID: '6fc37e22eb13bb0cc892545490038133') in 0.001 seconds [static and dynamic dependencies]. Details - ImportResultOutputID=6dfaa497903b77227b6fa9e428c32e59 DependenciesID=fe69584a0400f2f31016a5cd06da3b0d StaticDependenciesID=9d21d683a8eea448fe8f529e87952695 
Number of updated asset objects reloaded before import = 0
Number of asset objects unloaded after import = 0
========================================================================
Received Import Request.
  Time of request: 2026-09-29T02:19:22.0606819Z
  Time since last request: 0.0048364 seconds.
  importAddress: GUID: 0927756070b2ef6449d2b5fcf72bb339 - Path: Assets/FinishPlatform.cs - Importer: PreviewImporter
Importing 'GUID: 0927756070b2ef6449d2b5fcf72bb339 - Path: Assets/FinishPlatform.cs - Importer: PreviewImporter' with importer (PreviewImporter)
Imported 'GUID: 0927756070b2ef6449d2b5fcf72bb339' -> (Import Result ID: '6fc37e22eb13bb0cc892545490038133') in 0.001 seconds [static and dynamic dependencies]. Details - ImportResultOutputID=6dfaa497903b77227b6fa9e428c32e59 DependenciesID=fe69584a0400f2f31016a5cd06da3b0d StaticDependenciesID=9d21d683a8eea448fe8f529e87952695 
Number of updated asset objects reloaded before import = 0
Number of asset objects unloaded after import = 0
========================================================================
Received Import Request.
  Time of request: 2026-09-29T02:19:22.0853932Z
  Time since last request: 0.0019677 seconds.
  importAddress: GUID: 0927756070b2ef6449d2b5fcf72bb339 - Path: Assets/FinishPlatform.cs - Importer: PreviewImporter
Importing 'GUID: 0927756070b2ef6449d2b5fcf72bb339 - Path: Assets/FinishPlatform.cs - Importer: PreviewImporter' with importer (PreviewImporter)
Imported 'GUID: 0927756070b2ef6449d2b5fcf72bb339' -> (Import Result ID: '6fc37e22eb13bb0cc892545490038133') in 0.001 seconds [static and dynamic dependencies]. Details - ImportResultOutputID=6dfaa497903b77227b6fa9e428c32e59 DependenciesID=fe69584a0400f2f31016a5cd06da3b0d StaticDependenciesID=9d21d683a8eea448fe8f529e87952695 
Number of updated asset objects reloaded before import = 0
Number of asset objects unloaded after import = 0
========================================================================
Received Import Request.
  Time of request: 2026-09-29T02:19:22.1147569Z
  Time since last request: 0.0060994 seconds.
  importAddress: GUID: 0927756070b2ef6449d2b5fcf72bb339 - Path: Assets/FinishPlatform.cs - Importer: PreviewImporter
Importing 'GUID: 0927756070b2ef6449d2b5fcf72bb339 - Path: Assets/FinishPlatform.cs - Importer: PreviewImporter' with importer (PreviewImporter)
Imported 'GUID: 0927756070b2ef6449d2b5fcf72bb339' -> (Import Result ID: '6fc37e22eb13bb0cc892545490038133') in 0.001 seconds [static and dynamic dependencies]. Details - ImportResultOutputID=6dfaa497903b77227b6fa9e428c32e59 DependenciesID=fe69584a0400f2f31016a5cd06da3b0d StaticDependenciesID=9d21d683a8eea448fe8f529e87952695 
Number of updated asset objects reloaded before import = 0
Number of asset objects unloaded after import = 0
========================================================================
Received Import Request.
  Time of request: 2026-09-29T02:19:22.1532989Z
  Time since last request: 0.016035 seconds.
  importAddress: GUID: 0927756070b2ef6449d2b5fcf72bb339 - Path: Assets/FinishPlatform.cs - Importer: PreviewImporter
Importing 'GUID: 0927756070b2ef6449d2b5fcf72bb339 - Path: Assets/FinishPlatform.cs - Importer: PreviewImporter' with importer (PreviewImporter)
Imported 'GUID: 0927756070b2ef6449d2b5fcf72bb339' -> (Import Result ID: '6fc37e22eb13bb0cc892545490038133') in 0.001 seconds [static and dynamic dependencies]. Details - ImportResultOutputID=6dfaa497903b77227b6fa9e428c32e59 DependenciesID=fe69584a0400f2f31016a5cd06da3b0d StaticDependenciesID=9d21d683a8eea448fe8f529e87952695 
Number of updated asset objects reloaded before import = 0
Number of asset objects unloaded after import = 0
========================================================================
Received Import Request.
  Time of request: 2026-09-29T02:19:22.2215112Z
  Time since last request: 0.0008604 seconds.
  importAddress: GUID: 0927756070b2ef6449d2b5fcf72bb339 - Path: Assets/FinishPlatform.cs - Importer: PreviewImporter
Importing 'GUID: 0927756070b2ef6449d2b5fcf72bb339 - Path: Assets/FinishPlatform.cs - Importer: PreviewImporter' with importer (PreviewImporter)
Imported 'GUID: 0927756070b2ef6449d2b5fcf72bb339' -> (Import Result ID: '6fc37e22eb13bb0cc892545490038133') in 0.001 seconds [static and dynamic dependencies]. Details - ImportResultOutputID=6dfaa497903b77227b6fa9e428c32e59 DependenciesID=fe69584a0400f2f31016a5cd06da3b0d StaticDependenciesID=9d21d683a8eea448fe8f529e87952695 
Number of updated asset objects reloaded before import = 0
Number of asset objects unloaded after import = 0
========================================================================
Received Import Request.
  Time of request: 2026-09-29T02:19:22.2586639Z
  Time since last request: 0.0051637 seconds.
  importAddress: GUID: 0927756070b2ef6449d2b5fcf72bb339 - Path: Assets/FinishPlatform.cs - Importer: PreviewImporter
Importing 'GUID: 0927756070b2ef6449d2b5fcf72bb339 - Path: Assets/FinishPlatform.cs - Importer: PreviewImporter' with importer (PreviewImporter)
Imported 'GUID: 0927756070b2ef6449d2b5fcf72bb339' -> (Import Result ID: '6fc37e22eb13bb0cc892545490038133') in 0.001 seconds [static and dynamic dependencies]. Details - ImportResultOutputID=6dfaa497903b77227b6fa9e428c32e59 DependenciesID=fe69584a0400f2f31016a5cd06da3b0d StaticDependenciesID=9d21d683a8eea448fe8f529e87952695 
Number of updated asset objects reloaded before import = 0
Number of asset objects unloaded after import = 0
========================================================================
Received Import Request.
  Time of request: 2026-09-29T02:19:22.2840373Z
  Time since last request: 0.0043369 seconds.
  importAddress: GUID: 0927756070b2ef6449d2b5fcf72bb339 - Path: Assets/FinishPlatform.cs - Importer: PreviewImporter
Importing 'GUID: 0927756070b2ef6449d2b5fcf72bb339 - Path: Assets/FinishPlatform.cs - Importer: PreviewImporter' with importer (PreviewImporter)
Imported 'GUID: 0927756070b2ef6449d2b5fcf72bb339' -> (Import Result ID: '6fc37e22eb13bb0cc892545490038133') in 0.001 seconds [static and dynamic dependencies]. Details - ImportResultOutputID=6dfaa497903b77227b6fa9e428c32e59 DependenciesID=fe69584a0400f2f31016a5cd06da3b0d StaticDependenciesID=9d21d683a8eea448fe8f529e87952695 
Number of updated asset objects reloaded before import = 0
Number of asset objects unloaded after import = 0
========================================================================
Received Import Request.
  Time of request: 2026-09-29T02:19:22.3103339Z
  Time since last request: 0.0054265 seconds.
  importAddress: GUID: 0927756070b2ef6449d2b5fcf72bb339 - Path: Assets/FinishPlatform.cs - Importer: PreviewImporter
Importing 'GUID: 0927756070b2ef6449d2b5fcf72bb339 - Path: Assets/FinishPlatform.cs - Importer: PreviewImporter' with importer (PreviewImporter)
Imported 'GUID: 0927756070b2ef6449d2b5fcf72bb339' -> (Import Result ID: '6fc37e22eb13bb0cc892545490038133') in 0.001 seconds [static and dynamic dependencies]. Details - ImportResultOutputID=6dfaa497903b77227b6fa9e428c32e59 DependenciesID=fe69584a0400f2f31016a5cd06da3b0d StaticDependenciesID=9d21d683a8eea448fe8f529e87952695 
Number of updated asset objects reloaded before import = 0
Number of asset objects unloaded after import = 0
========================================================================
Received Import Request.
  Time of request: 2026-09-29T02:19:22.3342842Z
  Time since last request: 0.003417 seconds.
  importAddress: GUID: 0927756070b2ef6449d2b5fcf72bb339 - Path: Assets/FinishPlatform.cs - Importer: PreviewImporter
Importing 'GUID: 0927756070b2ef6449d2b5fcf72bb339 - Path: Assets/FinishPlatform.cs - Importer: PreviewImporter' with importer (PreviewImporter)
Imported 'GUID: 0927756070b2ef6449d2b5fcf72bb339' -> (Import Result ID: '6fc37e22eb13bb0cc892545490038133') in 0.001 seconds [static and dynamic dependencies]. Details - ImportResultOutputID=6dfaa497903b77227b6fa9e428c32e59 DependenciesID=fe69584a0400f2f31016a5cd06da3b0d StaticDependenciesID=9d21d683a8eea448fe8f529e87952695 
Number of updated asset objects reloaded before import = 0
Number of asset objects unloaded after import = 0
========================================================================
Received Import Request.
  Time of request: 2026-09-29T02:19:22.3617664Z
  Time since last request: 0.0060899 seconds.
  importAddress: GUID: 0927756070b2ef6449d2b5fcf72bb339 - Path: Assets/FinishPlatform.cs - Importer: PreviewImporter
Importing 'GUID: 0927756070b2ef6449d2b5fcf72bb339 - Path: Assets/FinishPlatform.cs - Importer: PreviewImporter' with importer (PreviewImporter)
Imported 'GUID: 0927756070b2ef6449d2b5fcf72bb339' -> (Import Result ID: '6fc37e22eb13bb0cc892545490038133') in 0.001 seconds [static and dynamic dependencies]. Details - ImportResultOutputID=6dfaa497903b77227b6fa9e428c32e59 DependenciesID=fe69584a0400f2f31016a5cd06da3b0d StaticDependenciesID=9d21d683a8eea448fe8f529e87952695 
Number of updated asset objects reloaded before import = 0
Number of asset objects unloaded after import = 0
========================================================================
Received Import Request.
  Time of request: 2026-09-29T02:19:22.3861639Z
  Time since last request: 0.002529 seconds.
  importAddress: GUID: 0927756070b2ef6449d2b5fcf72bb339 - Path: Assets/FinishPlatform.cs - Importer: PreviewImporter
Importing 'GUID: 0927756070b2ef6449d2b5fcf72bb339 - Path: Assets/FinishPlatform.cs - Importer: PreviewImporter' with importer (PreviewImporter)
Imported 'GUID: 0927756070b2ef6449d2b5fcf72bb339' -> (Import Result ID: '6fc37e22eb13bb0cc892545490038133') in 0.001 seconds [static and dynamic dependencies]. Details - ImportResultOutputID=6dfaa497903b77227b6fa9e428c32e59 DependenciesID=fe69584a0400f2f31016a5cd06da3b0d StaticDependenciesID=9d21d683a8eea448fe8f529e87952695 
Number of updated asset objects reloaded before import = 0
Number of asset objects unloaded after import = 0
========================================================================
Received Import Request.
  Time of request: 2026-09-29T02:19:22.4095251Z
  Time since last request: 0.003029 seconds.
  importAddress: GUID: 0927756070b2ef6449d2b5fcf72bb339 - Path: Assets/FinishPlatform.cs - Importer: PreviewImporter
Importing 'GUID: 0927756070b2ef6449d2b5fcf72bb339 - Path: Assets/FinishPlatform.cs - Importer: PreviewImporter' with importer (PreviewImporter)
Imported 'GUID: 0927756070b2ef6449d2b5fcf72bb339' -> (Import Result ID: '6fc37e22eb13bb0cc892545490038133') in 0.001 seconds [static and dynamic dependencies]. Details - ImportResultOutputID=6dfaa497903b77227b6fa9e428c32e59 DependenciesID=fe69584a0400f2f31016a5cd06da3b0d StaticDependenciesID=9d21d683a8eea448fe8f529e87952695 
Number of updated asset objects reloaded before import = 0
Number of asset objects unloaded after import = 0
========================================================================
Received Import Request.
  Time of request: 2026-09-29T02:19:22.4353758Z
  Time since last request: 0.0043157 seconds.
  importAddress: GUID: 0927756070b2ef6449d2b5fcf72bb339 - Path: Assets/FinishPlatform.cs - Importer: PreviewImporter
Importing 'GUID: 0927756070b2ef6449d2b5fcf72bb339 - Path: Assets/FinishPlatform.cs - Importer: PreviewImporter' with importer (PreviewImporter)
Imported 'GUID: 0927756070b2ef6449d2b5fcf72bb339' -> (Import Result ID: '6fc37e22eb13bb0cc892545490038133') in 0.001 seconds [static and dynamic dependencies]. Details - ImportResultOutputID=6dfaa497903b77227b6fa9e428c32e59 DependenciesID=fe69584a0400f2f31016a5cd06da3b0d StaticDependenciesID=9d21d683a8eea448fe8f529e87952695 
Number of updated asset objects reloaded before import = 0
Number of asset objects unloaded after import = 0
========================================================================
Received Import Request.
  Time of request: 2026-09-29T02:19:22.4563587Z
  Time since last request: 0.0013264 seconds.
  importAddress: GUID: 0927756070b2ef6449d2b5fcf72bb339 - Path: Assets/FinishPlatform.cs - Importer: PreviewImporter
Importing 'GUID: 0927756070b2ef6449d2b5fcf72bb339 - Path: Assets/FinishPlatform.cs - Importer: PreviewImporter' with importer (PreviewImporter)
Imported 'GUID: 0927756070b2ef6449d2b5fcf72bb339' -> (Import Result ID: '6fc37e22eb13bb0cc892545490038133') in 0.001 seconds [static and dynamic dependencies]. Details - ImportResultOutputID=6dfaa497903b77227b6fa9e428c32e59 DependenciesID=fe69584a0400f2f31016a5cd06da3b0d StaticDependenciesID=9d21d683a8eea448fe8f529e87952695 
Number of updated asset objects reloaded before import = 0
Number of asset objects unloaded after import = 0
========================================================================
Received Import Request.
  Time of request: 2026-09-29T02:19:22.481745Z
  Time since last request: 0.0052521 seconds.
  importAddress: GUID: 0927756070b2ef6449d2b5fcf72bb339 - Path: Assets/FinishPlatform.cs - Importer: PreviewImporter
Importing 'GUID: 0927756070b2ef6449d2b5fcf72bb339 - Path: Assets/FinishPlatform.cs - Importer: PreviewImporter' with importer (PreviewImporter)
Imported 'GUID: 0927756070b2ef6449d2b5fcf72bb339' -> (Import Result ID: '6fc37e22eb13bb0cc892545490038133') in 0.001 seconds [static and dynamic dependencies]. Details - ImportResultOutputID=6dfaa497903b77227b6fa9e428c32e59 DependenciesID=fe69584a0400f2f31016a5cd06da3b0d StaticDependenciesID=9d21d683a8eea448fe8f529e87952695 
Number of updated asset objects reloaded before import = 0
Number of asset objects unloaded after import = 0
========================================================================
Received Import Request.
  Time of request: 2026-09-29T02:19:22.5042761Z
  Time since last request: 0.0004433 seconds.
  importAddress: GUID: 0927756070b2ef6449d2b5fcf72bb339 - Path: Assets/FinishPlatform.cs - Importer: PreviewImporter
Importing 'GUID: 0927756070b2ef6449d2b5fcf72bb339 - Path: Assets/FinishPlatform.cs - Importer: PreviewImporter' with importer (PreviewImporter)
Imported 'GUID: 0927756070b2ef6449d2b5fcf72bb339' -> (Import Result ID: '6fc37e22eb13bb0cc892545490038133') in 0.001 seconds [static and dynamic dependencies]. Details - ImportResultOutputID=6dfaa497903b77227b6fa9e428c32e59 DependenciesID=fe69584a0400f2f31016a5cd06da3b0d StaticDependenciesID=9d21d683a8eea448fe8f529e87952695 
Number of updated asset objects reloaded before import = 0
Number of asset objects unloaded after import = 0
========================================================================
Received Import Request.
  Time of request: 2026-09-29T02:19:22.5297112Z
  Time since last request: 0.0044009 seconds.
  importAddress: GUID: 0927756070b2ef6449d2b5fcf72bb339 - Path: Assets/FinishPlatform.cs - Importer: PreviewImporter
Importing 'GUID: 0927756070b2ef6449d2b5fcf72bb339 - Path: Assets/FinishPlatform.cs - Importer: PreviewImporter' with importer (PreviewImporter)
Imported 'GUID: 0927756070b2ef6449d2b5fcf72bb339' -> (Import Result ID: '6fc37e22eb13bb0cc892545490038133') in 0.001 seconds [static and dynamic dependencies]. Details - ImportResultOutputID=6dfaa497903b77227b6fa9e428c32e59 DependenciesID=fe69584a0400f2f31016a5cd06da3b0d StaticDependenciesID=9d21d683a8eea448fe8f529e87952695 
Number of updated asset objects reloaded before import = 0
Number of asset objects unloaded after import = 0
========================================================================
Received Import Request.
  Time of request: 2026-09-29T02:19:22.5560622Z
  Time since last request: 0.0033828 seconds.
  importAddress: GUID: 0927756070b2ef6449d2b5fcf72bb339 - Path: Assets/FinishPlatform.cs - Importer: PreviewImporter
Importing 'GUID: 0927756070b2ef6449d2b5fcf72bb339 - Path: Assets/FinishPlatform.cs - Importer: PreviewImporter' with importer (PreviewImporter)
Imported 'GUID: 0927756070b2ef6449d2b5fcf72bb339' -> (Import Result ID: '6fc37e22eb13bb0cc892545490038133') in 0.001 seconds [static and dynamic dependencies]. Details - ImportResultOutputID=6dfaa497903b77227b6fa9e428c32e59 DependenciesID=fe69584a0400f2f31016a5cd06da3b0d StaticDependenciesID=9d21d683a8eea448fe8f529e87952695 
Number of updated asset objects reloaded before import = 0
Number of asset objects unloaded after import = 0
========================================================================
Received Import Request.
  Time of request: 2026-09-29T02:19:22.5788802Z
  Time since last request: 0.0023258 seconds.
  importAddress: GUID: 0927756070b2ef6449d2b5fcf72bb339 - Path: Assets/FinishPlatform.cs - Importer: PreviewImporter
Importing 'GUID: 0927756070b2ef6449d2b5fcf72bb339 - Path: Assets/FinishPlatform.cs - Importer: PreviewImporter' with importer (PreviewImporter)
Imported 'GUID: 0927756070b2ef6449d2b5fcf72bb339' -> (Import Result ID: '6fc37e22eb13bb0cc892545490038133') in 0.001 seconds [static and dynamic dependencies]. Details - ImportResultOutputID=6dfaa497903b77227b6fa9e428c32e59 DependenciesID=fe69584a0400f2f31016a5cd06da3b0d StaticDependenciesID=9d21d683a8eea448fe8f529e87952695 
Number of updated asset objects reloaded before import = 0
Number of asset objects unloaded after import = 0
========================================================================
Received Import Request.
  Time of request: 2026-09-29T02:19:22.6035056Z
  Time since last request: 0.0045275 seconds.
  importAddress: GUID: 0927756070b2ef6449d2b5fcf72bb339 - Path: Assets/FinishPlatform.cs - Importer: PreviewImporter
Importing 'GUID: 0927756070b2ef6449d2b5fcf72bb339 - Path: Assets/FinishPlatform.cs - Importer: PreviewImporter' with importer (PreviewImporter)
Imported 'GUID: 0927756070b2ef6449d2b5fcf72bb339' -> (Import Result ID: '6fc37e22eb13bb0cc892545490038133') in 0.001 seconds [static and dynamic dependencies]. Details - ImportResultOutputID=6dfaa497903b77227b6fa9e428c32e59 DependenciesID=fe69584a0400f2f31016a5cd06da3b0d StaticDependenciesID=9d21d683a8eea448fe8f529e87952695 
Number of updated asset objects reloaded before import = 0
Number of asset objects unloaded after import = 0
========================================================================
Received Import Request.
  Time of request: 2026-09-29T02:19:22.6258672Z
  Time since last request: 0.0014399 seconds.
  importAddress: GUID: 0927756070b2ef6449d2b5fcf72bb339 - Path: Assets/FinishPlatform.cs - Importer: PreviewImporter
Importing 'GUID: 0927756070b2ef6449d2b5fcf72bb339 - Path: Assets/FinishPlatform.cs - Importer: PreviewImporter' with importer (PreviewImporter)
Imported 'GUID: 0927756070b2ef6449d2b5fcf72bb339' -> (Import Result ID: '6fc37e22eb13bb0cc892545490038133') in 0.001 seconds [static and dynamic dependencies]. Details - ImportResultOutputID=6dfaa497903b77227b6fa9e428c32e59 DependenciesID=fe69584a0400f2f31016a5cd06da3b0d StaticDependenciesID=9d21d683a8eea448fe8f529e87952695 
Number of updated asset objects reloaded before import = 0
Number of asset objects unloaded after import = 0
========================================================================
Received Import Request.
  Time of request: 2026-09-29T02:19:22.6495628Z
  Time since last request: 0.0037918 seconds.
  importAddress: GUID: 0927756070b2ef6449d2b5fcf72bb339 - Path: Assets/FinishPlatform.cs - Importer: PreviewImporter
Importing 'GUID: 0927756070b2ef6449d2b5fcf72bb339 - Path: Assets/FinishPlatform.cs - Importer: PreviewImporter' with importer (PreviewImporter)
Imported 'GUID: 0927756070b2ef6449d2b5fcf72bb339' -> (Import Result ID: '6fc37e22eb13bb0cc892545490038133') in 0.001 seconds [static and dynamic dependencies]. Details - ImportResultOutputID=6dfaa497903b77227b6fa9e428c32e59 DependenciesID=fe69584a0400f2f31016a5cd06da3b0d StaticDependenciesID=9d21d683a8eea448fe8f529e87952695 
Number of updated asset objects reloaded before import = 0
Number of asset objects unloaded after import = 0
========================================================================
Received Import Request.
  Time of request: 2026-09-29T02:19:22.6773235Z
  Time since last request: 0.003493 seconds.
  importAddress: GUID: 0927756070b2ef6449d2b5fcf72bb339 - Path: Assets/FinishPlatform.cs - Importer: PreviewImporter
Importing 'GUID: 0927756070b2ef6449d2b5fcf72bb339 - Path: Assets/FinishPlatform.cs - Importer: PreviewImporter' with importer (PreviewImporter)
Imported 'GUID: 0927756070b2ef6449d2b5fcf72bb339' -> (Import Result ID: '6fc37e22eb13bb0cc892545490038133') in 0.001 seconds [static and dynamic dependencies]. Details - ImportResultOutputID=6dfaa497903b77227b6fa9e428c32e59 DependenciesID=fe69584a0400f2f31016a5cd06da3b0d StaticDependenciesID=9d21d683a8eea448fe8f529e87952695 
Number of updated asset objects reloaded before import = 0
Number of asset objects unloaded after import = 0
========================================================================
Received Import Request.
  Time of request: 2026-09-29T02:19:22.7031626Z
  Time since last request: 0.0027537 seconds.
  importAddress: GUID: 0927756070b2ef6449d2b5fcf72bb339 - Path: Assets/FinishPlatform.cs - Importer: PreviewImporter
Importing 'GUID: 0927756070b2ef6449d2b5fcf72bb339 - Path: Assets/FinishPlatform.cs - Importer: PreviewImporter' with importer (PreviewImporter)
Imported 'GUID: 0927756070b2ef6449d2b5fcf72bb339' -> (Import Result ID: '6fc37e22eb13bb0cc892545490038133') in 0.001 seconds [static and dynamic dependencies]. Details - ImportResultOutputID=6dfaa497903b77227b6fa9e428c32e59 DependenciesID=fe69584a0400f2f31016a5cd06da3b0d StaticDependenciesID=9d21d683a8eea448fe8f529e87952695 
Number of updated asset objects reloaded before import = 0
Number of asset objects unloaded after import = 0
========================================================================
Received Import Request.
  Time of request: 2026-09-29T02:19:22.7280879Z
  Time since last request: 0.0034289 seconds.
  importAddress: GUID: 0927756070b2ef6449d2b5fcf72bb339 - Path: Assets/FinishPlatform.cs - Importer: PreviewImporter
Importing 'GUID: 0927756070b2ef6449d2b5fcf72bb339 - Path: Assets/FinishPlatform.cs - Importer: PreviewImporter' with importer (PreviewImporter)
Imported 'GUID: 0927756070b2ef6449d2b5fcf72bb339' -> (Import Result ID: '6fc37e22eb13bb0cc892545490038133') in 0.001 seconds [static and dynamic dependencies]. Details - ImportResultOutputID=6dfaa497903b77227b6fa9e428c32e59 DependenciesID=fe69584a0400f2f31016a5cd06da3b0d StaticDependenciesID=9d21d683a8eea448fe8f529e87952695 
Number of updated asset objects reloaded before import = 0
Number of asset objects unloaded after import = 0
========================================================================
Received Import Request.
  Time of request: 2026-09-29T02:19:22.7510575Z
  Time since last request: 0.0036881 seconds.
  importAddress: GUID: 0927756070b2ef6449d2b5fcf72bb339 - Path: Assets/FinishPlatform.cs - Importer: PreviewImporter
Importing 'GUID: 0927756070b2ef6449d2b5fcf72bb339 - Path: Assets/FinishPlatform.cs - Importer: PreviewImporter' with importer (PreviewImporter)
Imported 'GUID: 0927756070b2ef6449d2b5fcf72bb339' -> (Import Result ID: '6fc37e22eb13bb0cc892545490038133') in 0.001 seconds [static and dynamic dependencies]. Details - ImportResultOutputID=6dfaa497903b77227b6fa9e428c32e59 DependenciesID=fe69584a0400f2f31016a5cd06da3b0d StaticDependenciesID=9d21d683a8eea448fe8f529e87952695 
Number of updated asset objects reloaded before import = 0
Number of asset objects unloaded after import = 0
========================================================================
Received Import Request.
  Time of request: 2026-09-29T02:19:22.7763469Z
  Time since last request: 0.0051766 seconds.
  importAddress: GUID: 0927756070b2ef6449d2b5fcf72bb339 - Path: Assets/FinishPlatform.cs - Importer: PreviewImporter
Importing 'GUID: 0927756070b2ef6449d2b5fcf72bb339 - Path: Assets/FinishPlatform.cs - Importer: PreviewImporter' with importer (PreviewImporter)
Imported 'GUID: 0927756070b2ef6449d2b5fcf72bb339' -> (Import Result ID: '6fc37e22eb13bb0cc892545490038133') in 0.001 seconds [static and dynamic dependencies]. Details - ImportResultOutputID=6dfaa497903b77227b6fa9e428c32e59 DependenciesID=fe69584a0400f2f31016a5cd06da3b0d StaticDependenciesID=9d21d683a8eea448fe8f529e87952695 
Number of updated asset objects reloaded before import = 0
Number of asset objects unloaded after import = 0
========================================================================
Received Import Request.
  Time of request: 2026-09-29T02:19:22.8008783Z
  Time since last request: 0.0030774 seconds.
  importAddress: GUID: 0927756070b2ef6449d2b5fcf72bb339 - Path: Assets/FinishPlatform.cs - Importer: PreviewImporter
Importing 'GUID: 0927756070b2ef6449d2b5fcf72bb339 - Path: Assets/FinishPlatform.cs - Importer: PreviewImporter' with importer (PreviewImporter)
Imported 'GUID: 0927756070b2ef6449d2b5fcf72bb339' -> (Import Result ID: '6fc37e22eb13bb0cc892545490038133') in 0.001 seconds [static and dynamic dependencies]. Details - ImportResultOutputID=6dfaa497903b77227b6fa9e428c32e59 DependenciesID=fe69584a0400f2f31016a5cd06da3b0d StaticDependenciesID=9d21d683a8eea448fe8f529e87952695 
Number of updated asset objects reloaded before import = 0
Number of asset objects unloaded after import = 0
========================================================================
Received Import Request.
  Time of request: 2026-09-29T02:19:22.8277868Z
  Time since last request: 0.0039259 seconds.
  importAddress: GUID: 0927756070b2ef6449d2b5fcf72bb339 - Path: Assets/FinishPlatform.cs - Importer: PreviewImporter
Importing 'GUID: 0927756070b2ef6449d2b5fcf72bb339 - Path: Assets/FinishPlatform.cs - Importer: PreviewImporter' with importer (PreviewImporter)
Imported 'GUID: 0927756070b2ef6449d2b5fcf72bb339' -> (Import Result ID: '6fc37e22eb13bb0cc892545490038133') in 0.001 seconds [static and dynamic dependencies]. Details - ImportResultOutputID=6dfaa497903b77227b6fa9e428c32e59 DependenciesID=fe69584a0400f2f31016a5cd06da3b0d StaticDependenciesID=9d21d683a8eea448fe8f529e87952695 
Number of updated asset objects reloaded before import = 0
Number of asset objects unloaded after import = 0
========================================================================
Received Import Request.
  Time of request: 2026-09-29T02:19:22.8499187Z
  Time since last request: 0.0023907 seconds.
  importAddress: GUID: 0927756070b2ef6449d2b5fcf72bb339 - Path: Assets/FinishPlatform.cs - Importer: PreviewImporter
Importing 'GUID: 0927756070b2ef6449d2b5fcf72bb339 - Path: Assets/FinishPlatform.cs - Importer: PreviewImporter' with importer (PreviewImporter)
Imported 'GUID: 0927756070b2ef6449d2b5fcf72bb339' -> (Import Result ID: '6fc37e22eb13bb0cc892545490038133') in 0.001 seconds [static and dynamic dependencies]. Details - ImportResultOutputID=6dfaa497903b77227b6fa9e428c32e59 DependenciesID=fe69584a0400f2f31016a5cd06da3b0d StaticDependenciesID=9d21d683a8eea448fe8f529e87952695 
Number of updated asset objects reloaded before import = 0
Number of asset objects unloaded after import = 0
========================================================================
Received Import Request.
  Time of request: 2026-09-29T02:19:22.8736794Z
  Time since last request: 0.0042713 seconds.
  importAddress: GUID: 0927756070b2ef6449d2b5fcf72bb339 - Path: Assets/FinishPlatform.cs - Importer: PreviewImporter
Importing 'GUID: 0927756070b2ef6449d2b5fcf72bb339 - Path: Assets/FinishPlatform.cs - Importer: PreviewImporter' with importer (PreviewImporter)
Imported 'GUID: 0927756070b2ef6449d2b5fcf72bb339' -> (Import Result ID: '6fc37e22eb13bb0cc892545490038133') in 0.001 seconds [static and dynamic dependencies]. Details - ImportResultOutputID=6dfaa497903b77227b6fa9e428c32e59 DependenciesID=fe69584a0400f2f31016a5cd06da3b0d StaticDependenciesID=9d21d683a8eea448fe8f529e87952695 
Number of updated asset objects reloaded before import = 0
Number of asset objects unloaded after import = 0
========================================================================
Received Import Request.
  Time of request: 2026-09-29T02:19:22.8988916Z
  Time since last request: 0.0036262 seconds.
  importAddress: GUID: 0927756070b2ef6449d2b5fcf72bb339 - Path: Assets/FinishPlatform.cs - Importer: PreviewImporter
Importing 'GUID: 0927756070b2ef6449d2b5fcf72bb339 - Path: Assets/FinishPlatform.cs - Importer: PreviewImporter' with importer (PreviewImporter)
Imported 'GUID: 0927756070b2ef6449d2b5fcf72bb339' -> (Import Result ID: '6fc37e22eb13bb0cc892545490038133') in 0.001 seconds [static and dynamic dependencies]. Details - ImportResultOutputID=6dfaa497903b77227b6fa9e428c32e59 DependenciesID=fe69584a0400f2f31016a5cd06da3b0d StaticDependenciesID=9d21d683a8eea448fe8f529e87952695 
Number of updated asset objects reloaded before import = 0
Number of asset objects unloaded after import = 0
========================================================================
Received Import Request.
  Time of request: 2026-09-29T02:19:22.9234617Z
  Time since last request: 0.0043668 seconds.
  importAddress: GUID: 0927756070b2ef6449d2b5fcf72bb339 - Path: Assets/FinishPlatform.cs - Importer: PreviewImporter
Importing 'GUID: 0927756070b2ef6449d2b5fcf72bb339 - Path: Assets/FinishPlatform.cs - Importer: PreviewImporter' with importer (PreviewImporter)
Imported 'GUID: 0927756070b2ef6449d2b5fcf72bb339' -> (Import Result ID: '6fc37e22eb13bb0cc892545490038133') in 0.001 seconds [static and dynamic dependencies]. Details - ImportResultOutputID=6dfaa497903b77227b6fa9e428c32e59 DependenciesID=fe69584a0400f2f31016a5cd06da3b0d StaticDependenciesID=9d21d683a8eea448fe8f529e87952695 
Number of updated asset objects reloaded before import = 0
Number of asset objects unloaded after import = 0
========================================================================
Received Import Request.
  Time of request: 2026-09-29T02:19:22.9482625Z
  Time since last request: 0.0040008 seconds.
  importAddress: GUID: 0927756070b2ef6449d2b5fcf72bb339 - Path: Assets/FinishPlatform.cs - Importer: PreviewImporter
Importing 'GUID: 0927756070b2ef6449d2b5fcf72bb339 - Path: Assets/FinishPlatform.cs - Importer: PreviewImporter' with importer (PreviewImporter)
Imported 'GUID: 0927756070b2ef6449d2b5fcf72bb339' -> (Import Result ID: '6fc37e22eb13bb0cc892545490038133') in 0.001 seconds [static and dynamic dependencies]. Details - ImportResultOutputID=6dfaa497903b77227b6fa9e428c32e59 DependenciesID=fe69584a0400f2f31016a5cd06da3b0d StaticDependenciesID=9d21d683a8eea448fe8f529e87952695 
Number of updated asset objects reloaded before import = 0
Number of asset objects unloaded after import = 0
========================================================================
Received Import Request.
  Time of request: 2026-09-29T02:19:22.9720528Z
  Time since last request: 0.0009539 seconds.
  importAddress: GUID: 0927756070b2ef6449d2b5fcf72bb339 - Path: Assets/FinishPlatform.cs - Importer: PreviewImporter
Importing 'GUID: 0927756070b2ef6449d2b5fcf72bb339 - Path: Assets/FinishPlatform.cs - Importer: PreviewImporter' with importer (PreviewImporter)
Imported 'GUID: 0927756070b2ef6449d2b5fcf72bb339' -> (Import Result ID: '6fc37e22eb13bb0cc892545490038133') in 0.001 seconds [static and dynamic dependencies]. Details - ImportResultOutputID=6dfaa497903b77227b6fa9e428c32e59 DependenciesID=fe69584a0400f2f31016a5cd06da3b0d StaticDependenciesID=9d21d683a8eea448fe8f529e87952695 
Number of updated asset objects reloaded before import = 0
Number of asset objects unloaded after import = 0
========================================================================
Received Import Request.
  Time of request: 2026-09-29T02:19:22.9941961Z
  Time since last request: 0.0012465 seconds.
  importAddress: GUID: 0927756070b2ef6449d2b5fcf72bb339 - Path: Assets/FinishPlatform.cs - Importer: PreviewImporter
Importing 'GUID: 0927756070b2ef6449d2b5fcf72bb339 - Path: Assets/FinishPlatform.cs - Importer: PreviewImporter' with importer (PreviewImporter)
Imported 'GUID: 0927756070b2ef6449d2b5fcf72bb339' -> (Import Result ID: '6fc37e22eb13bb0cc892545490038133') in 0.001 seconds [static and dynamic dependencies]. Details - ImportResultOutputID=6dfaa497903b77227b6fa9e428c32e59 DependenciesID=fe69584a0400f2f31016a5cd06da3b0d StaticDependenciesID=9d21d683a8eea448fe8f529e87952695 
Number of updated asset objects reloaded before import = 0
Number of asset objects unloaded after import = 0
========================================================================
Received Import Request.
  Time of request: 2026-09-29T02:19:23.0451128Z
  Time since last request: 0.0285193 seconds.
  importAddress: GUID: 0927756070b2ef6449d2b5fcf72bb339 - Path: Assets/FinishPlatform.cs - Importer: PreviewImporter
Importing 'GUID: 0927756070b2ef6449d2b5fcf72bb339 - Path: Assets/FinishPlatform.cs - Importer: PreviewImporter' with importer (PreviewImporter)
Imported 'GUID: 0927756070b2ef6449d2b5fcf72bb339' -> (Import Result ID: '6fc37e22eb13bb0cc892545490038133') in 0.001 seconds [static and dynamic dependencies]. Details - ImportResultOutputID=6dfaa497903b77227b6fa9e428c32e59 DependenciesID=fe69584a0400f2f31016a5cd06da3b0d StaticDependenciesID=9d21d683a8eea448fe8f529e87952695 
Number of updated asset objects reloaded before import = 0
Number of asset objects unloaded after import = 0
========================================================================
Received Import Request.
  Time of request: 2026-09-29T02:19:23.0672705Z
  Time since last request: 0.0013188 seconds.
  importAddress: GUID: 0927756070b2ef6449d2b5fcf72bb339 - Path: Assets/FinishPlatform.cs - Importer: PreviewImporter
Importing 'GUID: 0927756070b2ef6449d2b5fcf72bb339 - Path: Assets/FinishPlatform.cs - Importer: PreviewImporter' with importer (PreviewImporter)
Imported 'GUID: 0927756070b2ef6449d2b5fcf72bb339' -> (Import Result ID: '6fc37e22eb13bb0cc892545490038133') in 0.001 seconds [static and dynamic dependencies]. Details - ImportResultOutputID=6dfaa497903b77227b6fa9e428c32e59 DependenciesID=fe69584a0400f2f31016a5cd06da3b0d StaticDependenciesID=9d21d683a8eea448fe8f529e87952695 
Number of updated asset objects reloaded before import = 0
Number of asset objects unloaded after import = 0
========================================================================
Received Import Request.
  Time of request: 2026-09-29T02:19:23.0891974Z
  Time since last request: 0.0020356 seconds.
  importAddress: GUID: 0927756070b2ef6449d2b5fcf72bb339 - Path: Assets/FinishPlatform.cs - Importer: PreviewImporter
Importing 'GUID: 0927756070b2ef6449d2b5fcf72bb339 - Path: Assets/FinishPlatform.cs - Importer: PreviewImporter' with importer (PreviewImporter)
Imported 'GUID: 0927756070b2ef6449d2b5fcf72bb339' -> (Import Result ID: '6fc37e22eb13bb0cc892545490038133') in 0.001 seconds [static and dynamic dependencies]. Details - ImportResultOutputID=6dfaa497903b77227b6fa9e428c32e59 DependenciesID=fe69584a0400f2f31016a5cd06da3b0d StaticDependenciesID=9d21d683a8eea448fe8f529e87952695 
Number of updated asset objects reloaded before import = 0
Number of asset objects unloaded after import = 0
========================================================================
Received Import Request.
  Time of request: 2026-09-29T02:19:23.1133678Z
  Time since last request: 0.0035418 seconds.
  importAddress: GUID: 0927756070b2ef6449d2b5fcf72bb339 - Path: Assets/FinishPlatform.cs - Importer: PreviewImporter
Importing 'GUID: 0927756070b2ef6449d2b5fcf72bb339 - Path: Assets/FinishPlatform.cs - Importer: PreviewImporter' with importer (PreviewImporter)
Imported 'GUID: 0927756070b2ef6449d2b5fcf72bb339' -> (Import Result ID: '6fc37e22eb13bb0cc892545490038133') in 0.001 seconds [static and dynamic dependencies]. Details - ImportResultOutputID=6dfaa497903b77227b6fa9e428c32e59 DependenciesID=fe69584a0400f2f31016a5cd06da3b0d StaticDependenciesID=9d21d683a8eea448fe8f529e87952695 
Number of updated asset objects reloaded before import = 0
Number of asset objects unloaded after import = 0
========================================================================
Received Import Request.
  Time of request: 2026-09-29T02:19:23.1388873Z
  Time since last request: 0.00494 seconds.
  importAddress: GUID: 0927756070b2ef6449d2b5fcf72bb339 - Path: Assets/FinishPlatform.cs - Importer: PreviewImporter
Importing 'GUID: 0927756070b2ef6449d2b5fcf72bb339 - Path: Assets/FinishPlatform.cs - Importer: PreviewImporter' with importer (PreviewImporter)
Imported 'GUID: 0927756070b2ef6449d2b5fcf72bb339' -> (Import Result ID: '6fc37e22eb13bb0cc892545490038133') in 0.001 seconds [static and dynamic dependencies]. Details - ImportResultOutputID=6dfaa497903b77227b6fa9e428c32e59 DependenciesID=fe69584a0400f2f31016a5cd06da3b0d StaticDependenciesID=9d21d683a8eea448fe8f529e87952695 
Number of updated asset objects reloaded before import = 0
Number of asset objects unloaded after import = 0
========================================================================
Received Import Request.
  Time of request: 2026-09-29T02:19:23.1651923Z
  Time since last request: 0.0049507 seconds.
  importAddress: GUID: 0927756070b2ef6449d2b5fcf72bb339 - Path: Assets/FinishPlatform.cs - Importer: PreviewImporter
Importing 'GUID: 0927756070b2ef6449d2b5fcf72bb339 - Path: Assets/FinishPlatform.cs - Importer: PreviewImporter' with importer (PreviewImporter)
Imported 'GUID: 0927756070b2ef6449d2b5fcf72bb339' -> (Import Result ID: '6fc37e22eb13bb0cc892545490038133') in 0.001 seconds [static and dynamic dependencies]. Details - ImportResultOutputID=6dfaa497903b77227b6fa9e428c32e59 DependenciesID=fe69584a0400f2f31016a5cd06da3b0d StaticDependenciesID=9d21d683a8eea448fe8f529e87952695 
Number of updated asset objects reloaded before import = 0
Number of asset objects unloaded after import = 0
========================================================================
Received Import Request.
  Time of request: 2026-09-29T02:19:23.1864954Z
  Time since last request: 0.0008435 seconds.
  importAddress: GUID: 0927756070b2ef6449d2b5fcf72bb339 - Path: Assets/FinishPlatform.cs - Importer: PreviewImporter
Importing 'GUID: 0927756070b2ef6449d2b5fcf72bb339 - Path: Assets/FinishPlatform.cs - Importer: PreviewImporter' with importer (PreviewImporter)
Imported 'GUID: 0927756070b2ef6449d2b5fcf72bb339' -> (Import Result ID: '6fc37e22eb13bb0cc892545490038133') in 0.001 seconds [static and dynamic dependencies]. Details - ImportResultOutputID=6dfaa497903b77227b6fa9e428c32e59 DependenciesID=fe69584a0400f2f31016a5cd06da3b0d StaticDependenciesID=9d21d683a8eea448fe8f529e87952695 
Number of updated asset objects reloaded before import = 0
Number of asset objects unloaded after import = 0
========================================================================
Received Import Request.
  Time of request: 2026-09-29T02:19:23.2165579Z
  Time since last request: 0.0088923 seconds.
  importAddress: GUID: 0927756070b2ef6449d2b5fcf72bb339 - Path: Assets/FinishPlatform.cs - Importer: PreviewImporter
Importing 'GUID: 0927756070b2ef6449d2b5fcf72bb339 - Path: Assets/FinishPlatform.cs - Importer: PreviewImporter' with importer (PreviewImporter)
Imported 'GUID: 0927756070b2ef6449d2b5fcf72bb339' -> (Import Result ID: '6fc37e22eb13bb0cc892545490038133') in 0.001 seconds [static and dynamic dependencies]. Details - ImportResultOutputID=6dfaa497903b77227b6fa9e428c32e59 DependenciesID=fe69584a0400f2f31016a5cd06da3b0d StaticDependenciesID=9d21d683a8eea448fe8f529e87952695 
Number of updated asset objects reloaded before import = 0
Number of asset objects unloaded after import = 0
========================================================================
Received Import Request.
  Time of request: 2026-09-29T02:19:23.2433765Z
  Time since last request: 0.004795 seconds.
  importAddress: GUID: 0927756070b2ef6449d2b5fcf72bb339 - Path: Assets/FinishPlatform.cs - Importer: PreviewImporter
Importing 'GUID: 0927756070b2ef6449d2b5fcf72bb339 - Path: Assets/FinishPlatform.cs - Importer: PreviewImporter' with importer (PreviewImporter)
Imported 'GUID: 0927756070b2ef6449d2b5fcf72bb339' -> (Import Result ID: '6fc37e22eb13bb0cc892545490038133') in 0.001 seconds [static and dynamic dependencies]. Details - ImportResultOutputID=6dfaa497903b77227b6fa9e428c32e59 DependenciesID=fe69584a0400f2f31016a5cd06da3b0d StaticDependenciesID=9d21d683a8eea448fe8f529e87952695 
Number of updated asset objects reloaded before import = 0
Number of asset objects unloaded after import = 0
========================================================================
Received Import Request.
  Time of request: 2026-09-29T02:19:23.2715732Z
  Time since last request: 0.0040417 seconds.
  importAddress: GUID: 0927756070b2ef6449d2b5fcf72bb339 - Path: Assets/FinishPlatform.cs - Importer: PreviewImporter
Importing 'GUID: 0927756070b2ef6449d2b5fcf72bb339 - Path: Assets/FinishPlatform.cs - Importer: PreviewImporter' with importer (PreviewImporter)
Imported 'GUID: 0927756070b2ef6449d2b5fcf72bb339' -> (Import Result ID: '6fc37e22eb13bb0cc892545490038133') in 0.001 seconds [static and dynamic dependencies]. Details - ImportResultOutputID=6dfaa497903b77227b6fa9e428c32e59 DependenciesID=fe69584a0400f2f31016a5cd06da3b0d StaticDependenciesID=9d21d683a8eea448fe8f529e87952695 
Number of updated asset objects reloaded before import = 0
Number of asset objects unloaded after import = 0
========================================================================
Received Import Request.
  Time of request: 2026-09-29T02:19:23.2945892Z
  Time since last request: 0.0037458 seconds.
  importAddress: GUID: 0927756070b2ef6449d2b5fcf72bb339 - Path: Assets/FinishPlatform.cs - Importer: PreviewImporter
Importing 'GUID: 0927756070b2ef6449d2b5fcf72bb339 - Path: Assets/FinishPlatform.cs - Importer: PreviewImporter' with importer (PreviewImporter)
Imported 'GUID: 0927756070b2ef6449d2b5fcf72bb339' -> (Import Result ID: '6fc37e22eb13bb0cc892545490038133') in 0.001 seconds [static and dynamic dependencies]. Details - ImportResultOutputID=6dfaa497903b77227b6fa9e428c32e59 DependenciesID=fe69584a0400f2f31016a5cd06da3b0d StaticDependenciesID=9d21d683a8eea448fe8f529e87952695 
Number of updated asset objects reloaded before import = 0
Number of asset objects unloaded after import = 0
========================================================================
Received Import Request.
  Time of request: 2026-09-29T02:19:23.31473Z
  Time since last request: 0.0006929 seconds.
  importAddress: GUID: 0927756070b2ef6449d2b5fcf72bb339 - Path: Assets/FinishPlatform.cs - Importer: PreviewImporter
Importing 'GUID: 0927756070b2ef6449d2b5fcf72bb339 - Path: Assets/FinishPlatform.cs - Importer: PreviewImporter' with importer (PreviewImporter)
Imported 'GUID: 0927756070b2ef6449d2b5fcf72bb339' -> (Import Result ID: '6fc37e22eb13bb0cc892545490038133') in 0.001 seconds [static and dynamic dependencies]. Details - ImportResultOutputID=6dfaa497903b77227b6fa9e428c32e59 DependenciesID=fe69584a0400f2f31016a5cd06da3b0d StaticDependenciesID=9d21d683a8eea448fe8f529e87952695 
Number of updated asset objects reloaded before import = 0
Number of asset objects unloaded after import = 0
========================================================================
Received Import Request.
  Time of request: 2026-09-29T02:19:23.344067Z
  Time since last request: 0.0062833 seconds.
  importAddress: GUID: 0927756070b2ef6449d2b5fcf72bb339 - Path: Assets/FinishPlatform.cs - Importer: PreviewImporter
Importing 'GUID: 0927756070b2ef6449d2b5fcf72bb339 - Path: Assets/FinishPlatform.cs - Importer: PreviewImporter' with importer (PreviewImporter)
Imported 'GUID: 0927756070b2ef6449d2b5fcf72bb339' -> (Import Result ID: '6fc37e22eb13bb0cc892545490038133') in 0.001 seconds [static and dynamic dependencies]. Details - ImportResultOutputID=6dfaa497903b77227b6fa9e428c32e59 DependenciesID=fe69584a0400f2f31016a5cd06da3b0d StaticDependenciesID=9d21d683a8eea448fe8f529e87952695 
Number of updated asset objects reloaded before import = 0
Number of asset objects unloaded after import = 0
========================================================================
Received Import Request.
  Time of request: 2026-09-29T02:19:23.3652474Z
  Time since last request: 0.0015862 seconds.
  importAddress: GUID: 0927756070b2ef6449d2b5fcf72bb339 - Path: Assets/FinishPlatform.cs - Importer: PreviewImporter
Importing 'GUID: 0927756070b2ef6449d2b5fcf72bb339 - Path: Assets/FinishPlatform.cs - Importer: PreviewImporter' with importer (PreviewImporter)
Imported 'GUID: 0927756070b2ef6449d2b5fcf72bb339' -> (Import Result ID: '6fc37e22eb13bb0cc892545490038133') in 0.001 seconds [static and dynamic dependencies]. Details - ImportResultOutputID=6dfaa497903b77227b6fa9e428c32e59 DependenciesID=fe69584a0400f2f31016a5cd06da3b0d StaticDependenciesID=9d21d683a8eea448fe8f529e87952695 
Number of updated asset objects reloaded before import = 0
Number of asset objects unloaded after import = 0
========================================================================
Received Import Request.
  Time of request: 2026-09-29T02:19:23.3862425Z
  Time since last request: 0.0010555 seconds.
  importAddress: GUID: 0927756070b2ef6449d2b5fcf72bb339 - Path: Assets/FinishPlatform.cs - Importer: PreviewImporter
Importing 'GUID: 0927756070b2ef6449d2b5fcf72bb339 - Path: Assets/FinishPlatform.cs - Importer: PreviewImporter' with importer (PreviewImporter)
Imported 'GUID: 0927756070b2ef6449d2b5fcf72bb339' -> (Import Result ID: '6fc37e22eb13bb0cc892545490038133') in 0.001 seconds [static and dynamic dependencies]. Details - ImportResultOutputID=6dfaa497903b77227b6fa9e428c32e59 DependenciesID=fe69584a0400f2f31016a5cd06da3b0d StaticDependenciesID=9d21d683a8eea448fe8f529e87952695 
Number of updated asset objects reloaded before import = 0
Number of asset objects unloaded after import = 0
========================================================================
Received Import Request.
  Time of request: 2026-09-29T02:19:23.4084425Z
  Time since last request: 0.0012316 seconds.
  importAddress: GUID: 0927756070b2ef6449d2b5fcf72bb339 - Path: Assets/FinishPlatform.cs - Importer: PreviewImporter
Importing 'GUID: 0927756070b2ef6449d2b5fcf72bb339 - Path: Assets/FinishPlatform.cs - Importer: PreviewImporter' with importer (PreviewImporter)
Imported 'GUID: 0927756070b2ef6449d2b5fcf72bb339' -> (Import Result ID: '6fc37e22eb13bb0cc892545490038133') in 0.001 seconds [static and dynamic dependencies]. Details - ImportResultOutputID=6dfaa497903b77227b6fa9e428c32e59 DependenciesID=fe69584a0400f2f31016a5cd06da3b0d StaticDependenciesID=9d21d683a8eea448fe8f529e87952695 
Number of updated asset objects reloaded before import = 0
Number of asset objects unloaded after import = 0
========================================================================
Received Import Request.
  Time of request: 2026-09-29T02:19:23.4298378Z
  Time since last request: 0.0004612 seconds.
  importAddress: GUID: 0927756070b2ef6449d2b5fcf72bb339 - Path: Assets/FinishPlatform.cs - Importer: PreviewImporter
Importing 'GUID: 0927756070b2ef6449d2b5fcf72bb339 - Path: Assets/FinishPlatform.cs - Importer: PreviewImporter' with importer (PreviewImporter)
Imported 'GUID: 0927756070b2ef6449d2b5fcf72bb339' -> (Import Result ID: '6fc37e22eb13bb0cc892545490038133') in 0.001 seconds [static and dynamic dependencies]. Details - ImportResultOutputID=6dfaa497903b77227b6fa9e428c32e59 DependenciesID=fe69584a0400f2f31016a5cd06da3b0d StaticDependenciesID=9d21d683a8eea448fe8f529e87952695 
Number of updated asset objects reloaded before import = 0
Number of asset objects unloaded after import = 0
========================================================================
Received Import Request.
  Time of request: 2026-09-29T02:19:23.4540993Z
  Time since last request: 0.0032271 seconds.
  importAddress: GUID: 0927756070b2ef6449d2b5fcf72bb339 - Path: Assets/FinishPlatform.cs - Importer: PreviewImporter
Importing 'GUID: 0927756070b2ef6449d2b5fcf72bb339 - Path: Assets/FinishPlatform.cs - Importer: PreviewImporter' with importer (PreviewImporter)
Imported 'GUID: 0927756070b2ef6449d2b5fcf72bb339' -> (Import Result ID: '6fc37e22eb13bb0cc892545490038133') in 0.001 seconds [static and dynamic dependencies]. Details - ImportResultOutputID=6dfaa497903b77227b6fa9e428c32e59 DependenciesID=fe69584a0400f2f31016a5cd06da3b0d StaticDependenciesID=9d21d683a8eea448fe8f529e87952695 
Number of updated asset objects reloaded before import = 0
Number of asset objects unloaded after import = 0
========================================================================
Received Import Request.
  Time of request: 2026-09-29T02:19:23.4759814Z
  Time since last request: 0.0009835 seconds.
  importAddress: GUID: 0927756070b2ef6449d2b5fcf72bb339 - Path: Assets/FinishPlatform.cs - Importer: PreviewImporter
Importing 'GUID: 0927756070b2ef6449d2b5fcf72bb339 - Path: Assets/FinishPlatform.cs - Importer: PreviewImporter' with importer (PreviewImporter)
Imported 'GUID: 0927756070b2ef6449d2b5fcf72bb339' -> (Import Result ID: '6fc37e22eb13bb0cc892545490038133') in 0.001 seconds [static and dynamic dependencies]. Details - ImportResultOutputID=6dfaa497903b77227b6fa9e428c32e59 DependenciesID=fe69584a0400f2f31016a5cd06da3b0d StaticDependenciesID=9d21d683a8eea448fe8f529e87952695 
Number of updated asset objects reloaded before import = 0
Number of asset objects unloaded after import = 0
========================================================================
Received Import Request.
  Time of request: 2026-09-29T02:19:23.4978843Z
  Time since last request: 0.0040919 seconds.
  importAddress: GUID: 0927756070b2ef6449d2b5fcf72bb339 - Path: Assets/FinishPlatform.cs - Importer: PreviewImporter
Importing 'GUID: 0927756070b2ef6449d2b5fcf72bb339 - Path: Assets/FinishPlatform.cs - Importer: PreviewImporter' with importer (PreviewImporter)
Imported 'GUID: 0927756070b2ef6449d2b5fcf72bb339' -> (Import Result ID: '6fc37e22eb13bb0cc892545490038133') in 0.001 seconds [static and dynamic dependencies]. Details - ImportResultOutputID=6dfaa497903b77227b6fa9e428c32e59 DependenciesID=fe69584a0400f2f31016a5cd06da3b0d StaticDependenciesID=9d21d683a8eea448fe8f529e87952695 
Number of updated asset objects reloaded before import = 0
Number of asset objects unloaded after import = 0
========================================================================
Received Import Request.
  Time of request: 2026-09-29T02:19:23.5192951Z
  Time since last request: 0.001302 seconds.
  importAddress: GUID: 0927756070b2ef6449d2b5fcf72bb339 - Path: Assets/FinishPlatform.cs - Importer: PreviewImporter
Importing 'GUID: 0927756070b2ef6449d2b5fcf72bb339 - Path: Assets/FinishPlatform.cs - Importer: PreviewImporter' with importer (PreviewImporter)
Imported 'GUID: 0927756070b2ef6449d2b5fcf72bb339' -> (Import Result ID: '6fc37e22eb13bb0cc892545490038133') in 0.001 seconds [static and dynamic dependencies]. Details - ImportResultOutputID=6dfaa497903b77227b6fa9e428c32e59 DependenciesID=fe69584a0400f2f31016a5cd06da3b0d StaticDependenciesID=9d21d683a8eea448fe8f529e87952695 
Number of updated asset objects reloaded before import = 0
Number of asset objects unloaded after import = 0
========================================================================
Received Import Request.
  Time of request: 2026-09-29T02:19:23.5404788Z
  Time since last request: 0.0036002 seconds.
  importAddress: GUID: 0927756070b2ef6449d2b5fcf72bb339 - Path: Assets/FinishPlatform.cs - Importer: PreviewImporter
Importing 'GUID: 0927756070b2ef6449d2b5fcf72bb339 - Path: Assets/FinishPlatform.cs - Importer: PreviewImporter' with importer (PreviewImporter)
Imported 'GUID: 0927756070b2ef6449d2b5fcf72bb339' -> (Import Result ID: '6fc37e22eb13bb0cc892545490038133') in 0.001 seconds [static and dynamic dependencies]. Details - ImportResultOutputID=6dfaa497903b77227b6fa9e428c32e59 DependenciesID=fe69584a0400f2f31016a5cd06da3b0d StaticDependenciesID=9d21d683a8eea448fe8f529e87952695 
Number of updated asset objects reloaded before import = 0
Number of asset objects unloaded after import = 0
========================================================================
Received Import Request.
  Time of request: 2026-09-29T02:19:23.562701Z
  Time since last request: 0.0019151 seconds.
  importAddress: GUID: 0927756070b2ef6449d2b5fcf72bb339 - Path: Assets/FinishPlatform.cs - Importer: PreviewImporter
Importing 'GUID: 0927756070b2ef6449d2b5fcf72bb339 - Path: Assets/FinishPlatform.cs - Importer: PreviewImporter' with importer (PreviewImporter)
Imported 'GUID: 0927756070b2ef6449d2b5fcf72bb339' -> (Import Result ID: '6fc37e22eb13bb0cc892545490038133') in 0.001 seconds [static and dynamic dependencies]. Details - ImportResultOutputID=6dfaa497903b77227b6fa9e428c32e59 DependenciesID=fe69584a0400f2f31016a5cd06da3b0d StaticDependenciesID=9d21d683a8eea448fe8f529e87952695 
Number of updated asset objects reloaded before import = 0
Number of asset objects unloaded after import = 0
========================================================================
Received Import Request.
  Time of request: 2026-09-29T02:19:23.5857365Z
  Time since last request: 0.003719 seconds.
  importAddress: GUID: 0927756070b2ef6449d2b5fcf72bb339 - Path: Assets/FinishPlatform.cs - Importer: PreviewImporter
Importing 'GUID: 0927756070b2ef6449d2b5fcf72bb339 - Path: Assets/FinishPlatform.cs - Importer: PreviewImporter' with importer (PreviewImporter)
Imported 'GUID: 0927756070b2ef6449d2b5fcf72bb339' -> (Import Result ID: '6fc37e22eb13bb0cc892545490038133') in 0.001 seconds [static and dynamic dependencies]. Details - ImportResultOutputID=6dfaa497903b77227b6fa9e428c32e59 DependenciesID=fe69584a0400f2f31016a5cd06da3b0d StaticDependenciesID=9d21d683a8eea448fe8f529e87952695 
Number of updated asset objects reloaded before import = 0
Number of asset objects unloaded after import = 0
========================================================================
Received Import Request.
  Time of request: 2026-09-29T02:19:23.6080044Z
  Time since last request: 0.0029614 seconds.
  importAddress: GUID: 0927756070b2ef6449d2b5fcf72bb339 - Path: Assets/FinishPlatform.cs - Importer: PreviewImporter
Importing 'GUID: 0927756070b2ef6449d2b5fcf72bb339 - Path: Assets/FinishPlatform.cs - Importer: PreviewImporter' with importer (PreviewImporter)
Imported 'GUID: 0927756070b2ef6449d2b5fcf72bb339' -> (Import Result ID: '6fc37e22eb13bb0cc892545490038133') in 0.001 seconds [static and dynamic dependencies]. Details - ImportResultOutputID=6dfaa497903b77227b6fa9e428c32e59 DependenciesID=fe69584a0400f2f31016a5cd06da3b0d StaticDependenciesID=9d21d683a8eea448fe8f529e87952695 
Number of updated asset objects reloaded before import = 0
Number of asset objects unloaded after import = 0
========================================================================
Received Import Request.
  Time of request: 2026-09-29T02:19:23.6303689Z
  Time since last request: 0.0005577 seconds.
  importAddress: GUID: 0927756070b2ef6449d2b5fcf72bb339 - Path: Assets/FinishPlatform.cs - Importer: PreviewImporter
Importing 'GUID: 0927756070b2ef6449d2b5fcf72bb339 - Path: Assets/FinishPlatform.cs - Importer: PreviewImporter' with importer (PreviewImporter)
Imported 'GUID: 0927756070b2ef6449d2b5fcf72bb339' -> (Import Result ID: '6fc37e22eb13bb0cc892545490038133') in 0.001 seconds [static and dynamic dependencies]. Details - ImportResultOutputID=6dfaa497903b77227b6fa9e428c32e59 DependenciesID=fe69584a0400f2f31016a5cd06da3b0d StaticDependenciesID=9d21d683a8eea448fe8f529e87952695 
Number of updated asset objects reloaded before import = 0
Number of asset objects unloaded after import = 0
========================================================================
Received Import Request.
  Time of request: 2026-09-29T02:19:23.6529896Z
  Time since last request: 0.0027672 seconds.
  importAddress: GUID: 0927756070b2ef6449d2b5fcf72bb339 - Path: Assets/FinishPlatform.cs - Importer: PreviewImporter
Importing 'GUID: 0927756070b2ef6449d2b5fcf72bb339 - Path: Assets/FinishPlatform.cs - Importer: PreviewImporter' with importer (PreviewImporter)
Imported 'GUID: 0927756070b2ef6449d2b5fcf72bb339' -> (Import Result ID: '6fc37e22eb13bb0cc892545490038133') in 0.001 seconds [static and dynamic dependencies]. Details - ImportResultOutputID=6dfaa497903b77227b6fa9e428c32e59 DependenciesID=fe69584a0400f2f31016a5cd06da3b0d StaticDependenciesID=9d21d683a8eea448fe8f529e87952695 
Number of updated asset objects reloaded before import = 0
Number of asset objects unloaded after import = 0
========================================================================
Received Import Request.
  Time of request: 2026-09-29T02:19:23.6779994Z
  Time since last request: 0.0029596 seconds.
  importAddress: GUID: 0927756070b2ef6449d2b5fcf72bb339 - Path: Assets/FinishPlatform.cs - Importer: PreviewImporter
Importing 'GUID: 0927756070b2ef6449d2b5fcf72bb339 - Path: Assets/FinishPlatform.cs - Importer: PreviewImporter' with importer (PreviewImporter)
Imported 'GUID: 0927756070b2ef6449d2b5fcf72bb339' -> (Import Result ID: '6fc37e22eb13bb0cc892545490038133') in 0.001 seconds [static and dynamic dependencies]. Details - ImportResultOutputID=6dfaa497903b77227b6fa9e428c32e59 DependenciesID=fe69584a0400f2f31016a5cd06da3b0d StaticDependenciesID=9d21d683a8eea448fe8f529e87952695 
Number of updated asset objects reloaded before import = 0
Number of asset objects unloaded after import = 0
========================================================================
Received Import Request.
  Time of request: 2026-09-29T02:19:23.7025006Z
  Time since last request: 0.0031391 seconds.
  importAddress: GUID: 0927756070b2ef6449d2b5fcf72bb339 - Path: Assets/FinishPlatform.cs - Importer: PreviewImporter
Importing 'GUID: 0927756070b2ef6449d2b5fcf72bb339 - Path: Assets/FinishPlatform.cs - Importer: PreviewImporter' with importer (PreviewImporter)
Imported 'GUID: 0927756070b2ef6449d2b5fcf72bb339' -> (Import Result ID: '6fc37e22eb13bb0cc892545490038133') in 0.001 seconds [static and dynamic dependencies]. Details - ImportResultOutputID=6dfaa497903b77227b6fa9e428c32e59 DependenciesID=fe69584a0400f2f31016a5cd06da3b0d StaticDependenciesID=9d21d683a8eea448fe8f529e87952695 
Number of updated asset objects reloaded before import = 0
Number of asset objects unloaded after import = 0
========================================================================
Received Import Request.
  Time of request: 2026-09-29T02:19:23.7251566Z
  Time since last request: 0.0025756 seconds.
  importAddress: GUID: 0927756070b2ef6449d2b5fcf72bb339 - Path: Assets/FinishPlatform.cs - Importer: PreviewImporter
Importing 'GUID: 0927756070b2ef6449d2b5fcf72bb339 - Path: Assets/FinishPlatform.cs - Importer: PreviewImporter' with importer (PreviewImporter)
Imported 'GUID: 0927756070b2ef6449d2b5fcf72bb339' -> (Import Result ID: '6fc37e22eb13bb0cc892545490038133') in 0.001 seconds [static and dynamic dependencies]. Details - ImportResultOutputID=6dfaa497903b77227b6fa9e428c32e59 DependenciesID=fe69584a0400f2f31016a5cd06da3b0d StaticDependenciesID=9d21d683a8eea448fe8f529e87952695 
Number of updated asset objects reloaded before import = 0
Number of asset objects unloaded after import = 0
========================================================================
Received Import Request.
  Time of request: 2026-09-29T02:19:23.7505779Z
  Time since last request: 0.0039641 seconds.
  importAddress: GUID: 0927756070b2ef6449d2b5fcf72bb339 - Path: Assets/FinishPlatform.cs - Importer: PreviewImporter
Importing 'GUID: 0927756070b2ef6449d2b5fcf72bb339 - Path: Assets/FinishPlatform.cs - Importer: PreviewImporter' with importer (PreviewImporter)
Imported 'GUID: 0927756070b2ef6449d2b5fcf72bb339' -> (Import Result ID: '6fc37e22eb13bb0cc892545490038133') in 0.001 seconds [static and dynamic dependencies]. Details - ImportResultOutputID=6dfaa497903b77227b6fa9e428c32e59 DependenciesID=fe69584a0400f2f31016a5cd06da3b0d StaticDependenciesID=9d21d683a8eea448fe8f529e87952695 
Number of updated asset objects reloaded before import = 0
Number of asset objects unloaded after import = 0
========================================================================
Received Import Request.
  Time of request: 2026-09-29T02:19:23.7768181Z
  Time since last request: 0.0045034 seconds.
  importAddress: GUID: 0927756070b2ef6449d2b5fcf72bb339 - Path: Assets/FinishPlatform.cs - Importer: PreviewImporter
Importing 'GUID: 0927756070b2ef6449d2b5fcf72bb339 - Path: Assets/FinishPlatform.cs - Importer: PreviewImporter' with importer (PreviewImporter)
Imported 'GUID: 0927756070b2ef6449d2b5fcf72bb339' -> (Import Result ID: '6fc37e22eb13bb0cc892545490038133') in 0.001 seconds [static and dynamic dependencies]. Details - ImportResultOutputID=6dfaa497903b77227b6fa9e428c32e59 DependenciesID=fe69584a0400f2f31016a5cd06da3b0d StaticDependenciesID=9d21d683a8eea448fe8f529e87952695 
Number of updated asset objects reloaded before import = 0
Number of asset objects unloaded after import = 0
========================================================================
Received Import Request.
  Time of request: 2026-09-29T02:19:23.8026354Z
  Time since last request: 0.0067855 seconds.
  importAddress: GUID: 0927756070b2ef6449d2b5fcf72bb339 - Path: Assets/FinishPlatform.cs - Importer: PreviewImporter
Importing 'GUID: 0927756070b2ef6449d2b5fcf72bb339 - Path: Assets/FinishPlatform.cs - Importer: PreviewImporter' with importer (PreviewImporter)
Imported 'GUID: 0927756070b2ef6449d2b5fcf72bb339' -> (Import Result ID: '6fc37e22eb13bb0cc892545490038133') in 0.001 seconds [static and dynamic dependencies]. Details - ImportResultOutputID=6dfaa497903b77227b6fa9e428c32e59 DependenciesID=fe69584a0400f2f31016a5cd06da3b0d StaticDependenciesID=9d21d683a8eea448fe8f529e87952695 
Number of updated asset objects reloaded before import = 0
Number of asset objects unloaded after import = 0
========================================================================
Received Import Request.
  Time of request: 2026-09-29T02:19:23.8287859Z
  Time since last request: 0.0040734 seconds.
  importAddress: GUID: 0927756070b2ef6449d2b5fcf72bb339 - Path: Assets/FinishPlatform.cs - Importer: PreviewImporter
Importing 'GUID: 0927756070b2ef6449d2b5fcf72bb339 - Path: Assets/FinishPlatform.cs - Importer: PreviewImporter' with importer (PreviewImporter)
Imported 'GUID: 0927756070b2ef6449d2b5fcf72bb339' -> (Import Result ID: '6fc37e22eb13bb0cc892545490038133') in 0.002 seconds [static and dynamic dependencies]. Details - ImportResultOutputID=6dfaa497903b77227b6fa9e428c32e59 DependenciesID=fe69584a0400f2f31016a5cd06da3b0d StaticDependenciesID=9d21d683a8eea448fe8f529e87952695 
Number of updated asset objects reloaded before import = 0
Number of asset objects unloaded after import = 0
========================================================================
Received Import Request.
  Time of request: 2026-09-29T02:19:23.8520564Z
  Time since last request: 0.0026078 seconds.
  importAddress: GUID: 0927756070b2ef6449d2b5fcf72bb339 - Path: Assets/FinishPlatform.cs - Importer: PreviewImporter
Importing 'GUID: 0927756070b2ef6449d2b5fcf72bb339 - Path: Assets/FinishPlatform.cs - Importer: PreviewImporter' with importer (PreviewImporter)
Imported 'GUID: 0927756070b2ef6449d2b5fcf72bb339' -> (Import Result ID: '6fc37e22eb13bb0cc892545490038133') in 0.001 seconds [static and dynamic dependencies]. Details - ImportResultOutputID=6dfaa497903b77227b6fa9e428c32e59 DependenciesID=fe69584a0400f2f31016a5cd06da3b0d StaticDependenciesID=9d21d683a8eea448fe8f529e87952695 
Number of updated asset objects reloaded before import = 0
Number of asset objects unloaded after import = 0
========================================================================
Received Import Request.
  Time of request: 2026-09-29T02:19:23.9005525Z
  Time since last request: 0.0024206 seconds.
  importAddress: GUID: 0927756070b2ef6449d2b5fcf72bb339 - Path: Assets/FinishPlatform.cs - Importer: PreviewImporter
Importing 'GUID: 0927756070b2ef6449d2b5fcf72bb339 - Path: Assets/FinishPlatform.cs - Importer: PreviewImporter' with importer (PreviewImporter)
Imported 'GUID: 0927756070b2ef6449d2b5fcf72bb339' -> (Import Result ID: '6fc37e22eb13bb0cc892545490038133') in 0.001 seconds [static and dynamic dependencies]. Details - ImportResultOutputID=6dfaa497903b77227b6fa9e428c32e59 DependenciesID=fe69584a0400f2f31016a5cd06da3b0d StaticDependenciesID=9d21d683a8eea448fe8f529e87952695 
Number of updated asset objects reloaded before import = 0
Number of asset objects unloaded after import = 0
========================================================================
Received Import Request.
  Time of request: 2026-09-29T02:19:23.9422912Z
  Time since last request: 0.0027777 seconds.
  importAddress: GUID: 0927756070b2ef6449d2b5fcf72bb339 - Path: Assets/FinishPlatform.cs - Importer: PreviewImporter
Importing 'GUID: 0927756070b2ef6449d2b5fcf72bb339 - Path: Assets/FinishPlatform.cs - Importer: PreviewImporter' with importer (PreviewImporter)
Imported 'GUID: 0927756070b2ef6449d2b5fcf72bb339' -> (Import Result ID: '6fc37e22eb13bb0cc892545490038133') in 0.001 seconds [static and dynamic dependencies]. Details - ImportResultOutputID=6dfaa497903b77227b6fa9e428c32e59 DependenciesID=fe69584a0400f2f31016a5cd06da3b0d StaticDependenciesID=9d21d683a8eea448fe8f529e87952695 
Number of updated asset objects reloaded before import = 0
Number of asset objects unloaded after import = 0
========================================================================
Received Import Request.
  Time of request: 2026-09-29T02:19:23.9715076Z
  Time since last request: 0.0035738 seconds.
  importAddress: GUID: 0927756070b2ef6449d2b5fcf72bb339 - Path: Assets/FinishPlatform.cs - Importer: PreviewImporter
Importing 'GUID: 0927756070b2ef6449d2b5fcf72bb339 - Path: Assets/FinishPlatform.cs - Importer: PreviewImporter' with importer (PreviewImporter)
Imported 'GUID: 0927756070b2ef6449d2b5fcf72bb339' -> (Import Result ID: '6fc37e22eb13bb0cc892545490038133') in 0.001 seconds [static and dynamic dependencies]. Details - ImportResultOutputID=6dfaa497903b77227b6fa9e428c32e59 DependenciesID=fe69584a0400f2f31016a5cd06da3b0d StaticDependenciesID=9d21d683a8eea448fe8f529e87952695 
Number of updated asset objects reloaded before import = 0
Number of asset objects unloaded after import = 0
========================================================================
Received Import Request.
  Time of request: 2026-09-29T02:19:24.0001444Z
  Time since last request: 0.0066467 seconds.
  importAddress: GUID: 0927756070b2ef6449d2b5fcf72bb339 - Path: Assets/FinishPlatform.cs - Importer: PreviewImporter
Importing 'GUID: 0927756070b2ef6449d2b5fcf72bb339 - Path: Assets/FinishPlatform.cs - Importer: PreviewImporter' with importer (PreviewImporter)
Imported 'GUID: 0927756070b2ef6449d2b5fcf72bb339' -> (Import Result ID: '6fc37e22eb13bb0cc892545490038133') in 0.001 seconds [static and dynamic dependencies]. Details - ImportResultOutputID=6dfaa497903b77227b6fa9e428c32e59 DependenciesID=fe69584a0400f2f31016a5cd06da3b0d StaticDependenciesID=9d21d683a8eea448fe8f529e87952695 
Number of updated asset objects reloaded before import = 0
Number of asset objects unloaded after import = 0
========================================================================
Received Import Request.
  Time of request: 2026-09-29T02:19:24.0225932Z
  Time since last request: 0.0018156 seconds.
  importAddress: GUID: 0927756070b2ef6449d2b5fcf72bb339 - Path: Assets/FinishPlatform.cs - Importer: PreviewImporter
Importing 'GUID: 0927756070b2ef6449d2b5fcf72bb339 - Path: Assets/FinishPlatform.cs - Importer: PreviewImporter' with importer (PreviewImporter)
Imported 'GUID: 0927756070b2ef6449d2b5fcf72bb339' -> (Import Result ID: '6fc37e22eb13bb0cc892545490038133') in 0.001 seconds [static and dynamic dependencies]. Details - ImportResultOutputID=6dfaa497903b77227b6fa9e428c32e59 DependenciesID=fe69584a0400f2f31016a5cd06da3b0d StaticDependenciesID=9d21d683a8eea448fe8f529e87952695 
Number of updated asset objects reloaded before import = 0
Number of asset objects unloaded after import = 0
========================================================================
Received Import Request.
  Time of request: 2026-09-29T02:19:24.0658433Z
  Time since last request: 0.0020197 seconds.
  importAddress: GUID: 0927756070b2ef6449d2b5fcf72bb339 - Path: Assets/FinishPlatform.cs - Importer: PreviewImporter
Importing 'GUID: 0927756070b2ef6449d2b5fcf72bb339 - Path: Assets/FinishPlatform.cs - Importer: PreviewImporter' with importer (PreviewImporter)
Imported 'GUID: 0927756070b2ef6449d2b5fcf72bb339' -> (Import Result ID: '6fc37e22eb13bb0cc892545490038133') in 0.001 seconds [static and dynamic dependencies]. Details - ImportResultOutputID=6dfaa497903b77227b6fa9e428c32e59 DependenciesID=fe69584a0400f2f31016a5cd06da3b0d StaticDependenciesID=9d21d683a8eea448fe8f529e87952695 
Number of updated asset objects reloaded before import = 0
Number of asset objects unloaded after import = 0
========================================================================
Received Import Request.
  Time of request: 2026-09-29T02:19:24.088561Z
  Time since last request: 0.0014953 seconds.
  importAddress: GUID: 0927756070b2ef6449d2b5fcf72bb339 - Path: Assets/FinishPlatform.cs - Importer: PreviewImporter
Importing 'GUID: 0927756070b2ef6449d2b5fcf72bb339 - Path: Assets/FinishPlatform.cs - Importer: PreviewImporter' with importer (PreviewImporter)
Imported 'GUID: 0927756070b2ef6449d2b5fcf72bb339' -> (Import Result ID: '6fc37e22eb13bb0cc892545490038133') in 0.001 seconds [static and dynamic dependencies]. Details - ImportResultOutputID=6dfaa497903b77227b6fa9e428c32e59 DependenciesID=fe69584a0400f2f31016a5cd06da3b0d StaticDependenciesID=9d21d683a8eea448fe8f529e87952695 
Number of updated asset objects reloaded before import = 0
Number of asset objects unloaded after import = 0
========================================================================
Received Import Request.
  Time of request: 2026-09-29T02:19:24.109781Z
  Time since last request: 0.0007387 seconds.
  importAddress: GUID: 0927756070b2ef6449d2b5fcf72bb339 - Path: Assets/FinishPlatform.cs - Importer: PreviewImporter
Importing 'GUID: 0927756070b2ef6449d2b5fcf72bb339 - Path: Assets/FinishPlatform.cs - Importer: PreviewImporter' with importer (PreviewImporter)
Imported 'GUID: 0927756070b2ef6449d2b5fcf72bb339' -> (Import Result ID: '6fc37e22eb13bb0cc892545490038133') in 0.001 seconds [static and dynamic dependencies]. Details - ImportResultOutputID=6dfaa497903b77227b6fa9e428c32e59 DependenciesID=fe69584a0400f2f31016a5cd06da3b0d StaticDependenciesID=9d21d683a8eea448fe8f529e87952695 
Number of updated asset objects reloaded before import = 0
Number of asset objects unloaded after import = 0
========================================================================
Received Import Request.
  Time of request: 2026-09-29T02:19:24.1327109Z
  Time since last request: 0.0007804 seconds.
  importAddress: GUID: 0927756070b2ef6449d2b5fcf72bb339 - Path: Assets/FinishPlatform.cs - Importer: PreviewImporter
Importing 'GUID: 0927756070b2ef6449d2b5fcf72bb339 - Path: Assets/FinishPlatform.cs - Importer: PreviewImporter' with importer (PreviewImporter)
Imported 'GUID: 0927756070b2ef6449d2b5fcf72bb339' -> (Import Result ID: '6fc37e22eb13bb0cc892545490038133') in 0.001 seconds [static and dynamic dependencies]. Details - ImportResultOutputID=6dfaa497903b77227b6fa9e428c32e59 DependenciesID=fe69584a0400f2f31016a5cd06da3b0d StaticDependenciesID=9d21d683a8eea448fe8f529e87952695 
Number of updated asset objects reloaded before import = 0
Number of asset objects unloaded after import = 0
========================================================================
Received Import Request.
  Time of request: 2026-09-29T02:19:24.1569759Z
  Time since last request: 0.0052927 seconds.
  importAddress: GUID: 0927756070b2ef6449d2b5fcf72bb339 - Path: Assets/FinishPlatform.cs - Importer: PreviewImporter
Importing 'GUID: 0927756070b2ef6449d2b5fcf72bb339 - Path: Assets/FinishPlatform.cs - Importer: PreviewImporter' with importer (PreviewImporter)
Imported 'GUID: 0927756070b2ef6449d2b5fcf72bb339' -> (Import Result ID: '6fc37e22eb13bb0cc892545490038133') in 0.001 seconds [static and dynamic dependencies]. Details - ImportResultOutputID=6dfaa497903b77227b6fa9e428c32e59 DependenciesID=fe69584a0400f2f31016a5cd06da3b0d StaticDependenciesID=9d21d683a8eea448fe8f529e87952695 
Number of updated asset objects reloaded before import = 0
Number of asset objects unloaded after import = 0
========================================================================
Received Import Request.
  Time of request: 2026-09-29T02:19:24.1838381Z
  Time since last request: 0.0044197 seconds.
  importAddress: GUID: 0927756070b2ef6449d2b5fcf72bb339 - Path: Assets/FinishPlatform.cs - Importer: PreviewImporter
Importing 'GUID: 0927756070b2ef6449d2b5fcf72bb339 - Path: Assets/FinishPlatform.cs - Importer: PreviewImporter' with importer (PreviewImporter)
Imported 'GUID: 0927756070b2ef6449d2b5fcf72bb339' -> (Import Result ID: '6fc37e22eb13bb0cc892545490038133') in 0.001 seconds [static and dynamic dependencies]. Details - ImportResultOutputID=6dfaa497903b77227b6fa9e428c32e59 DependenciesID=fe69584a0400f2f31016a5cd06da3b0d StaticDependenciesID=9d21d683a8eea448fe8f529e87952695 
Number of updated asset objects reloaded before import = 0
Number of asset objects unloaded after import = 0
========================================================================
Received Import Request.
  Time of request: 2026-09-29T02:19:24.2091892Z
  Time since last request: 0.0014413 seconds.
  importAddress: GUID: 0927756070b2ef6449d2b5fcf72bb339 - Path: Assets/FinishPlatform.cs - Importer: PreviewImporter
Importing 'GUID: 0927756070b2ef6449d2b5fcf72bb339 - Path: Assets/FinishPlatform.cs - Importer: PreviewImporter' with importer (PreviewImporter)
Imported 'GUID: 0927756070b2ef6449d2b5fcf72bb339' -> (Import Result ID: '6fc37e22eb13bb0cc892545490038133') in 0.001 seconds [static and dynamic dependencies]. Details - ImportResultOutputID=6dfaa497903b77227b6fa9e428c32e59 DependenciesID=fe69584a0400f2f31016a5cd06da3b0d StaticDependenciesID=9d21d683a8eea448fe8f529e87952695 
Number of updated asset objects reloaded before import = 0
Number of asset objects unloaded after import = 0
========================================================================
Received Import Request.
  Time of request: 2026-09-29T02:19:24.2332084Z
  Time since last request: 0.0062656 seconds.
  importAddress: GUID: 0927756070b2ef6449d2b5fcf72bb339 - Path: Assets/FinishPlatform.cs - Importer: PreviewImporter
Importing 'GUID: 0927756070b2ef6449d2b5fcf72bb339 - Path: Assets/FinishPlatform.cs - Importer: PreviewImporter' with importer (PreviewImporter)
Imported 'GUID: 0927756070b2ef6449d2b5fcf72bb339' -> (Import Result ID: '6fc37e22eb13bb0cc892545490038133') in 0.001 seconds [static and dynamic dependencies]. Details - ImportResultOutputID=6dfaa497903b77227b6fa9e428c32e59 DependenciesID=fe69584a0400f2f31016a5cd06da3b0d StaticDependenciesID=9d21d683a8eea448fe8f529e87952695 
Number of updated asset objects reloaded before import = 0
Number of asset objects unloaded after import = 0
========================================================================
Received Import Request.
  Time of request: 2026-09-29T02:19:24.2578741Z
  Time since last request: 0.0028572 seconds.
  importAddress: GUID: 0927756070b2ef6449d2b5fcf72bb339 - Path: Assets/FinishPlatform.cs - Importer: PreviewImporter
Importing 'GUID: 0927756070b2ef6449d2b5fcf72bb339 - Path: Assets/FinishPlatform.cs - Importer: PreviewImporter' with importer (PreviewImporter)
Imported 'GUID: 0927756070b2ef6449d2b5fcf72bb339' -> (Import Result ID: '6fc37e22eb13bb0cc892545490038133') in 0.001 seconds [static and dynamic dependencies]. Details - ImportResultOutputID=6dfaa497903b77227b6fa9e428c32e59 DependenciesID=fe69584a0400f2f31016a5cd06da3b0d StaticDependenciesID=9d21d683a8eea448fe8f529e87952695 
Number of updated asset objects reloaded before import = 0
Number of asset objects unloaded after import = 0
========================================================================
Received Import Request.
  Time of request: 2026-09-29T02:19:24.2823156Z
  Time since last request: 0.0043763 seconds.
  importAddress: GUID: 0927756070b2ef6449d2b5fcf72bb339 - Path: Assets/FinishPlatform.cs - Importer: PreviewImporter
Importing 'GUID: 0927756070b2ef6449d2b5fcf72bb339 - Path: Assets/FinishPlatform.cs - Importer: PreviewImporter' with importer (PreviewImporter)
Imported 'GUID: 0927756070b2ef6449d2b5fcf72bb339' -> (Import Result ID: '6fc37e22eb13bb0cc892545490038133') in 0.001 seconds [static and dynamic dependencies]. Details - ImportResultOutputID=6dfaa497903b77227b6fa9e428c32e59 DependenciesID=fe69584a0400f2f31016a5cd06da3b0d StaticDependenciesID=9d21d683a8eea448fe8f529e87952695 
Number of updated asset objects reloaded before import = 0
Number of asset objects unloaded after import = 0
========================================================================
Received Import Request.
  Time of request: 2026-09-29T02:19:24.3057888Z
  Time since last request: 0.0022775 seconds.
  importAddress: GUID: 0927756070b2ef6449d2b5fcf72bb339 - Path: Assets/FinishPlatform.cs - Importer: PreviewImporter
Importing 'GUID: 0927756070b2ef6449d2b5fcf72bb339 - Path: Assets/FinishPlatform.cs - Importer: PreviewImporter' with importer (PreviewImporter)
Imported 'GUID: 0927756070b2ef6449d2b5fcf72bb339' -> (Import Result ID: '6fc37e22eb13bb0cc892545490038133') in 0.001 seconds [static and dynamic dependencies]. Details - ImportResultOutputID=6dfaa497903b77227b6fa9e428c32e59 DependenciesID=fe69584a0400f2f31016a5cd06da3b0d StaticDependenciesID=9d21d683a8eea448fe8f529e87952695 
Number of updated asset objects reloaded before import = 0
Number of asset objects unloaded after import = 0
========================================================================
Received Import Request.
  Time of request: 2026-09-29T02:19:24.3295376Z
  Time since last request: 0.0032019 seconds.
  importAddress: GUID: 0927756070b2ef6449d2b5fcf72bb339 - Path: Assets/FinishPlatform.cs - Importer: PreviewImporter
Importing 'GUID: 0927756070b2ef6449d2b5fcf72bb339 - Path: Assets/FinishPlatform.cs - Importer: PreviewImporter' with importer (PreviewImporter)
Imported 'GUID: 0927756070b2ef6449d2b5fcf72bb339' -> (Import Result ID: '6fc37e22eb13bb0cc892545490038133') in 0.001 seconds [static and dynamic dependencies]. Details - ImportResultOutputID=6dfaa497903b77227b6fa9e428c32e59 DependenciesID=fe69584a0400f2f31016a5cd06da3b0d StaticDependenciesID=9d21d683a8eea448fe8f529e87952695 
Number of updated asset objects reloaded before import = 0
Number of asset objects unloaded after import = 0
========================================================================
Received Import Request.
  Time of request: 2026-09-29T02:19:24.353373Z
  Time since last request: 0.0061524 seconds.
  importAddress: GUID: 0927756070b2ef6449d2b5fcf72bb339 - Path: Assets/FinishPlatform.cs - Importer: PreviewImporter
Importing 'GUID: 0927756070b2ef6449d2b5fcf72bb339 - Path: Assets/FinishPlatform.cs - Importer: PreviewImporter' with importer (PreviewImporter)
Imported 'GUID: 0927756070b2ef6449d2b5fcf72bb339' -> (Import Result ID: '6fc37e22eb13bb0cc892545490038133') in 0.001 seconds [static and dynamic dependencies]. Details - ImportResultOutputID=6dfaa497903b77227b6fa9e428c32e59 DependenciesID=fe69584a0400f2f31016a5cd06da3b0d StaticDependenciesID=9d21d683a8eea448fe8f529e87952695 
Number of updated asset objects reloaded before import = 0
Number of asset objects unloaded after import = 0
========================================================================
Received Import Request.
  Time of request: 2026-09-29T02:19:24.377001Z
  Time since last request: 0.0009872 seconds.
  importAddress: GUID: 0927756070b2ef6449d2b5fcf72bb339 - Path: Assets/FinishPlatform.cs - Importer: PreviewImporter
Importing 'GUID: 0927756070b2ef6449d2b5fcf72bb339 - Path: Assets/FinishPlatform.cs - Importer: PreviewImporter' with importer (PreviewImporter)
Imported 'GUID: 0927756070b2ef6449d2b5fcf72bb339' -> (Import Result ID: '6fc37e22eb13bb0cc892545490038133') in 0.001 seconds [static and dynamic dependencies]. Details - ImportResultOutputID=6dfaa497903b77227b6fa9e428c32e59 DependenciesID=fe69584a0400f2f31016a5cd06da3b0d StaticDependenciesID=9d21d683a8eea448fe8f529e87952695 
Number of updated asset objects reloaded before import = 0
Number of asset objects unloaded after import = 0
========================================================================
Received Import Request.
  Time of request: 2026-09-29T02:19:24.4009077Z
  Time since last request: 0.0030934 seconds.
  importAddress: GUID: 0927756070b2ef6449d2b5fcf72bb339 - Path: Assets/FinishPlatform.cs - Importer: PreviewImporter
Importing 'GUID: 0927756070b2ef6449d2b5fcf72bb339 - Path: Assets/FinishPlatform.cs - Importer: PreviewImporter' with importer (PreviewImporter)
Imported 'GUID: 0927756070b2ef6449d2b5fcf72bb339' -> (Import Result ID: '6fc37e22eb13bb0cc892545490038133') in 0.001 seconds [static and dynamic dependencies]. Details - ImportResultOutputID=6dfaa497903b77227b6fa9e428c32e59 DependenciesID=fe69584a0400f2f31016a5cd06da3b0d StaticDependenciesID=9d21d683a8eea448fe8f529e87952695 
Number of updated asset objects reloaded before import = 0
Number of asset objects unloaded after import = 0
========================================================================
Received Import Request.
  Time of request: 2026-09-29T02:19:24.4253305Z
  Time since last request: 0.0057541 seconds.
  importAddress: GUID: 0927756070b2ef6449d2b5fcf72bb339 - Path: Assets/FinishPlatform.cs - Importer: PreviewImporter
Importing 'GUID: 0927756070b2ef6449d2b5fcf72bb339 - Path: Assets/FinishPlatform.cs - Importer: PreviewImporter' with importer (PreviewImporter)
Imported 'GUID: 0927756070b2ef6449d2b5fcf72bb339' -> (Import Result ID: '6fc37e22eb13bb0cc892545490038133') in 0.001 seconds [static and dynamic dependencies]. Details - ImportResultOutputID=6dfaa497903b77227b6fa9e428c32e59 DependenciesID=fe69584a0400f2f31016a5cd06da3b0d StaticDependenciesID=9d21d683a8eea448fe8f529e87952695 
Number of updated asset objects reloaded before import = 0
Number of asset objects unloaded after import = 0
========================================================================
Received Import Request.
  Time of request: 2026-09-29T02:19:24.4489527Z
  Time since last request: 0.0021903 seconds.
  importAddress: GUID: 0927756070b2ef6449d2b5fcf72bb339 - Path: Assets/FinishPlatform.cs - Importer: PreviewImporter
Importing 'GUID: 0927756070b2ef6449d2b5fcf72bb339 - Path: Assets/FinishPlatform.cs - Importer: PreviewImporter' with importer (PreviewImporter)
Imported 'GUID: 0927756070b2ef6449d2b5fcf72bb339' -> (Import Result ID: '6fc37e22eb13bb0cc892545490038133') in 0.001 seconds [static and dynamic dependencies]. Details - ImportResultOutputID=6dfaa497903b77227b6fa9e428c32e59 DependenciesID=fe69584a0400f2f31016a5cd06da3b0d StaticDependenciesID=9d21d683a8eea448fe8f529e87952695 
Number of updated asset objects reloaded before import = 0
Number of asset objects unloaded after import = 0
========================================================================
Received Import Request.
  Time of request: 2026-09-29T02:19:24.4732486Z
  Time since last request: 0.0044254 seconds.
  importAddress: GUID: 0927756070b2ef6449d2b5fcf72bb339 - Path: Assets/FinishPlatform.cs - Importer: PreviewImporter
Importing 'GUID: 0927756070b2ef6449d2b5fcf72bb339 - Path: Assets/FinishPlatform.cs - Importer: PreviewImporter' with importer (PreviewImporter)
Imported 'GUID: 0927756070b2ef6449d2b5fcf72bb339' -> (Import Result ID: '6fc37e22eb13bb0cc892545490038133') in 0.001 seconds [static and dynamic dependencies]. Details - ImportResultOutputID=6dfaa497903b77227b6fa9e428c32e59 DependenciesID=fe69584a0400f2f31016a5cd06da3b0d StaticDependenciesID=9d21d683a8eea448fe8f529e87952695 
Number of updated asset objects reloaded before import = 0
Number of asset objects unloaded after import = 0
========================================================================
Received Import Request.
  Time of request: 2026-09-29T02:19:24.4970486Z
  Time since last request: 0.0009857 seconds.
  importAddress: GUID: 0927756070b2ef6449d2b5fcf72bb339 - Path: Assets/FinishPlatform.cs - Importer: PreviewImporter
Importing 'GUID: 0927756070b2ef6449d2b5fcf72bb339 - Path: Assets/FinishPlatform.cs - Importer: PreviewImporter' with importer (PreviewImporter)
Imported 'GUID: 0927756070b2ef6449d2b5fcf72bb339' -> (Import Result ID: '6fc37e22eb13bb0cc892545490038133') in 0.001 seconds [static and dynamic dependencies]. Details - ImportResultOutputID=6dfaa497903b77227b6fa9e428c32e59 DependenciesID=fe69584a0400f2f31016a5cd06da3b0d StaticDependenciesID=9d21d683a8eea448fe8f529e87952695 
Number of updated asset objects reloaded before import = 0
Number of asset objects unloaded after import = 0
========================================================================
Received Import Request.
  Time of request: 2026-09-29T02:19:24.5179149Z
  Time since last request: 0.0009694 seconds.
  importAddress: GUID: 0927756070b2ef6449d2b5fcf72bb339 - Path: Assets/FinishPlatform.cs - Importer: PreviewImporter
Importing 'GUID: 0927756070b2ef6449d2b5fcf72bb339 - Path: Assets/FinishPlatform.cs - Importer: PreviewImporter' with importer (PreviewImporter)
Imported 'GUID: 0927756070b2ef6449d2b5fcf72bb339' -> (Import Result ID: '6fc37e22eb13bb0cc892545490038133') in 0.001 seconds [static and dynamic dependencies]. Details - ImportResultOutputID=6dfaa497903b77227b6fa9e428c32e59 DependenciesID=fe69584a0400f2f31016a5cd06da3b0d StaticDependenciesID=9d21d683a8eea448fe8f529e87952695 
Number of updated asset objects reloaded before import = 0
Number of asset objects unloaded after import = 0
========================================================================
Received Import Request.
  Time of request: 2026-09-29T02:19:24.5448519Z
  Time since last request: 0.0049752 seconds.
  importAddress: GUID: 0927756070b2ef6449d2b5fcf72bb339 - Path: Assets/FinishPlatform.cs - Importer: PreviewImporter
Importing 'GUID: 0927756070b2ef6449d2b5fcf72bb339 - Path: Assets/FinishPlatform.cs - Importer: PreviewImporter' with importer (PreviewImporter)
Imported 'GUID: 0927756070b2ef6449d2b5fcf72bb339' -> (Import Result ID: '6fc37e22eb13bb0cc892545490038133') in 0.001 seconds [static and dynamic dependencies]. Details - ImportResultOutputID=6dfaa497903b77227b6fa9e428c32e59 DependenciesID=fe69584a0400f2f31016a5cd06da3b0d StaticDependenciesID=9d21d683a8eea448fe8f529e87952695 
Number of updated asset objects reloaded before import = 0
Number of asset objects unloaded after import = 0
========================================================================
Received Import Request.
  Time of request: 2026-09-29T02:19:24.5667396Z
  Time since last request: 0.0027995 seconds.
  importAddress: GUID: 0927756070b2ef6449d2b5fcf72bb339 - Path: Assets/FinishPlatform.cs - Importer: PreviewImporter
Importing 'GUID: 0927756070b2ef6449d2b5fcf72bb339 - Path: Assets/FinishPlatform.cs - Importer: PreviewImporter' with importer (PreviewImporter)
Imported 'GUID: 0927756070b2ef6449d2b5fcf72bb339' -> (Import Result ID: '6fc37e22eb13bb0cc892545490038133') in 0.001 seconds [static and dynamic dependencies]. Details - ImportResultOutputID=6dfaa497903b77227b6fa9e428c32e59 DependenciesID=fe69584a0400f2f31016a5cd06da3b0d StaticDependenciesID=9d21d683a8eea448fe8f529e87952695 
Number of updated asset objects reloaded before import = 0
Number of asset objects unloaded after import = 0
========================================================================
Received Import Request.
  Time of request: 2026-09-29T02:19:24.5903807Z
  Time since last request: 0.0034958 seconds.
  importAddress: GUID: 0927756070b2ef6449d2b5fcf72bb339 - Path: Assets/FinishPlatform.cs - Importer: PreviewImporter
Importing 'GUID: 0927756070b2ef6449d2b5fcf72bb339 - Path: Assets/FinishPlatform.cs - Importer: PreviewImporter' with importer (PreviewImporter)
Imported 'GUID: 0927756070b2ef6449d2b5fcf72bb339' -> (Import Result ID: '6fc37e22eb13bb0cc892545490038133') in 0.001 seconds [static and dynamic dependencies]. Details - ImportResultOutputID=6dfaa497903b77227b6fa9e428c32e59 DependenciesID=fe69584a0400f2f31016a5cd06da3b0d StaticDependenciesID=9d21d683a8eea448fe8f529e87952695 
Number of updated asset objects reloaded before import = 0
Number of asset objects unloaded after import = 0
========================================================================
Received Import Request.
  Time of request: 2026-09-29T02:19:24.6135567Z
  Time since last request: 0.0021249 seconds.
  importAddress: GUID: 0927756070b2ef6449d2b5fcf72bb339 - Path: Assets/FinishPlatform.cs - Importer: PreviewImporter
Importing 'GUID: 0927756070b2ef6449d2b5fcf72bb339 - Path: Assets/FinishPlatform.cs - Importer: PreviewImporter' with importer (PreviewImporter)
Imported 'GUID: 0927756070b2ef6449d2b5fcf72bb339' -> (Import Result ID: '6fc37e22eb13bb0cc892545490038133') in 0.001 seconds [static and dynamic dependencies]. Details - ImportResultOutputID=6dfaa497903b77227b6fa9e428c32e59 DependenciesID=fe69584a0400f2f31016a5cd06da3b0d StaticDependenciesID=9d21d683a8eea448fe8f529e87952695 
Number of updated asset objects reloaded before import = 0
Number of asset objects unloaded after import = 0
========================================================================
Received Import Request.
  Time of request: 2026-09-29T02:19:24.6476314Z
  Time since last request: 0.0120218 seconds.
  importAddress: GUID: 0927756070b2ef6449d2b5fcf72bb339 - Path: Assets/FinishPlatform.cs - Importer: PreviewImporter
Importing 'GUID: 0927756070b2ef6449d2b5fcf72bb339 - Path: Assets/FinishPlatform.cs - Importer: PreviewImporter' with importer (PreviewImporter)
Imported 'GUID: 0927756070b2ef6449d2b5fcf72bb339' -> (Import Result ID: '6fc37e22eb13bb0cc892545490038133') in 0.001 seconds [static and dynamic dependencies]. Details - ImportResultOutputID=6dfaa497903b77227b6fa9e428c32e59 DependenciesID=fe69584a0400f2f31016a5cd06da3b0d StaticDependenciesID=9d21d683a8eea448fe8f529e87952695 
Number of updated asset objects reloaded before import = 0
Number of asset objects unloaded after import = 0
========================================================================
Received Import Request.
  Time of request: 2026-09-29T02:19:24.6726101Z
  Time since last request: 0.0010926 seconds.
  importAddress: GUID: 0927756070b2ef6449d2b5fcf72bb339 - Path: Assets/FinishPlatform.cs - Importer: PreviewImporter
Importing 'GUID: 0927756070b2ef6449d2b5fcf72bb339 - Path: Assets/FinishPlatform.cs - Importer: PreviewImporter' with importer (PreviewImporter)
Imported 'GUID: 0927756070b2ef6449d2b5fcf72bb339' -> (Import Result ID: '6fc37e22eb13bb0cc892545490038133') in 0.001 seconds [static and dynamic dependencies]. Details - ImportResultOutputID=6dfaa497903b77227b6fa9e428c32e59 DependenciesID=fe69584a0400f2f31016a5cd06da3b0d StaticDependenciesID=9d21d683a8eea448fe8f529e87952695 
Number of updated asset objects reloaded before import = 0
Number of asset objects unloaded after import = 0
========================================================================
Received Import Request.
  Time of request: 2026-09-29T02:19:24.6981341Z
  Time since last request: 0.0054481 seconds.
  importAddress: GUID: 0927756070b2ef6449d2b5fcf72bb339 - Path: Assets/FinishPlatform.cs - Importer: PreviewImporter
Importing 'GUID: 0927756070b2ef6449d2b5fcf72bb339 - Path: Assets/FinishPlatform.cs - Importer: PreviewImporter' with importer (PreviewImporter)
Imported 'GUID: 0927756070b2ef6449d2b5fcf72bb339' -> (Import Result ID: '6fc37e22eb13bb0cc892545490038133') in 0.001 seconds [static and dynamic dependencies]. Details - ImportResultOutputID=6dfaa497903b77227b6fa9e428c32e59 DependenciesID=fe69584a0400f2f31016a5cd06da3b0d StaticDependenciesID=9d21d683a8eea448fe8f529e87952695 
Number of updated asset objects reloaded before import = 0
Number of asset objects unloaded after import = 0
========================================================================
Received Import Request.
  Time of request: 2026-09-29T02:19:24.7253547Z
  Time since last request: 0.0038079 seconds.
  importAddress: GUID: 0927756070b2ef6449d2b5fcf72bb339 - Path: Assets/FinishPlatform.cs - Importer: PreviewImporter
Importing 'GUID: 0927756070b2ef6449d2b5fcf72bb339 - Path: Assets/FinishPlatform.cs - Importer: PreviewImporter' with importer (PreviewImporter)
Imported 'GUID: 0927756070b2ef6449d2b5fcf72bb339' -> (Import Result ID: '6fc37e22eb13bb0cc892545490038133') in 0.001 seconds [static and dynamic dependencies]. Details - ImportResultOutputID=6dfaa497903b77227b6fa9e428c32e59 DependenciesID=fe69584a0400f2f31016a5cd06da3b0d StaticDependenciesID=9d21d683a8eea448fe8f529e87952695 
Number of updated asset objects reloaded before import = 0
Number of asset objects unloaded after import = 0
========================================================================
Received Import Request.
  Time of request: 2026-09-29T02:19:24.7506663Z
  Time since last request: 0.0013846 seconds.
  importAddress: GUID: 0927756070b2ef6449d2b5fcf72bb339 - Path: Assets/FinishPlatform.cs - Importer: PreviewImporter
Importing 'GUID: 0927756070b2ef6449d2b5fcf72bb339 - Path: Assets/FinishPlatform.cs - Importer: PreviewImporter' with importer (PreviewImporter)
Imported 'GUID: 0927756070b2ef6449d2b5fcf72bb339' -> (Import Result ID: '6fc37e22eb13bb0cc892545490038133') in 0.001 seconds [static and dynamic dependencies]. Details - ImportResultOutputID=6dfaa497903b77227b6fa9e428c32e59 DependenciesID=fe69584a0400f2f31016a5cd06da3b0d StaticDependenciesID=9d21d683a8eea448fe8f529e87952695 
Number of updated asset objects reloaded before import = 0
Number of asset objects unloaded after import = 0
========================================================================
Received Import Request.
  Time of request: 2026-09-29T02:19:24.7753429Z
  Time since last request: 0.0057716 seconds.
  importAddress: GUID: 0927756070b2ef6449d2b5fcf72bb339 - Path: Assets/FinishPlatform.cs - Importer: PreviewImporter
Importing 'GUID: 0927756070b2ef6449d2b5fcf72bb339 - Path: Assets/FinishPlatform.cs - Importer: PreviewImporter' with importer (PreviewImporter)
Imported 'GUID: 0927756070b2ef6449d2b5fcf72bb339' -> (Import Result ID: '6fc37e22eb13bb0cc892545490038133') in 0.001 seconds [static and dynamic dependencies]. Details - ImportResultOutputID=6dfaa497903b77227b6fa9e428c32e59 DependenciesID=fe69584a0400f2f31016a5cd06da3b0d StaticDependenciesID=9d21d683a8eea448fe8f529e87952695 
Number of updated asset objects reloaded before import = 0
Number of asset objects unloaded after import = 0
========================================================================
Received Prepare
AcceleratorClientConnectionCallback - disconnected - :0
Begin MonoManager ReloadAssembly
'Packages/com.unity.render-pipelines.core/Editor/Deprecated.cs' contains partial class of Unity.Object, exactly 1 of the partial classes needs to be in a file with the same filename. This is to know the one that can be referenced from ie. GameObjects
'Packages/com.unity.render-pipelines.core/Editor/Deprecated.cs' contains partial class of Unity.Object, exactly 1 of the partial classes needs to be in a file with the same filename. This is to know the one that can be referenced from ie. GameObjects
Refreshing native plugins compatible for Editor in 2.04 ms, found 4 plugins.
Native extension for WindowsStandalone target not found
Native extension for WebGL target not found
[Package Manager] Failed to launch server process. Reason: Unity was launched with the -noUpm command-line argument
[Package Manager] Unable to send message (not connected to server process).
[Package Manager] Cannot connect to Unity Package Manager local server
[Package Manager] Failed to launch server process. Reason: Unity was launched with the -noUpm command-line argument
[Package Manager] Unable to send message (not connected to server process).
[Package Manager] Cannot connect to Unity Package Manager local server
[MODES] ModeService[none].Initialize
[MODES] ModeService[none].LoadModes
ScheduleIndexationOnStartup MainProcess:False IndexOnStartup:True
Scripting: successfully reloaded assembly
- Finished resetting the current domain, in  0.860 seconds
Domain Reload Profiling: 2393ms
	BeginReloadAssembly (451ms)
		DisableScriptedObjects (22ms)
		CreateAndSetChildDomain (104ms)
	RebuildCommonClasses (15ms)
	RebuildNativeTypeToScriptingClass (41ms)
	initialDomainReloadingComplete (120ms)
	LoadAllAssembliesAndSetupDomain (906ms)
		LoadAssemblies (644ms)
		TypeCache.Refresh (13ms)
		AnalyzeDomain (239ms)
			BuildScriptInfoCaches (230ms)
			ResolveRequiredComponents (6ms)
	FinalizeReload (861ms)
		SetupLoadedEditorAssemblies (0ms)
			LogAssemblyErrors (3ms)
			InitializePlatformSupportModulesInManaged (3ms)
			BeforeProcessingInitializeOnLoad (122ms)
			ProcessInitializeOnLoadAttributes (298ms)
			ProcessInitializeOnLoadMethodAttributes (128ms)
			AfterProcessingInitializeOnLoad (10ms)
		AwakeInstancesAfterBackupRestoration (31ms)
Refreshing native plugins compatible for Editor in 2.12 ms, found 4 plugins.
Unloading 61 Unused Serialized files (Serialized files now loaded: 0)
Unloading 6984 unused Assets / (9.5 MB). Loaded Objects now: 7938.
Memory consumption went from 373.5 MB to 364.0 MB.
Total: 11.110100 ms (FindLiveObjects: 1.131300 ms CreateObjectMapping: 0.411700 ms MarkObjects: 6.226800 ms  DeleteObjects: 3.125500 ms)

Prepare: number of updated asset objects reloaded= 0
========================================================================
Received Import Request.
  Time of request: 2026-09-29T02:19:33.3228231Z
  Time since last request: 8.5239013 seconds.
  importAddress: GUID: 0927756070b2ef6449d2b5fcf72bb339 - Path: Assets/FinishPlatform.cs - Importer: PreviewImporter
Importing 'GUID: 0927756070b2ef6449d2b5fcf72bb339 - Path: Assets/FinishPlatform.cs - Importer: PreviewImporter' with importer (PreviewImporter)
Imported 'GUID: 0927756070b2ef6449d2b5fcf72bb339' -> (Import Result ID: '7dc5e3a3c9a84a70bf2dc6fbd74bf704') in 0.001 seconds [static and dynamic dependencies]. Details - ImportResultOutputID=6dfaa497903b77227b6fa9e428c32e59 DependenciesID=a55438a39667a01319122a827708a7a0 StaticDependenciesID=9d21d683a8eea448fe8f529e87952695 
Number of updated asset objects reloaded before import = 0
Number of asset objects unloaded after import = 0
========================================================================
Received Prepare
AcceleratorClientConnectionCallback - disconnected - :0
[Licensing::Client] Successfully resolved entitlement details
Begin MonoManager ReloadAssembly
'Packages/com.unity.render-pipelines.core/Editor/Deprecated.cs' contains partial class of Unity.Object, exactly 1 of the partial classes needs to be in a file with the same filename. This is to know the one that can be referenced from ie. GameObjects
'Packages/com.unity.render-pipelines.core/Editor/Deprecated.cs' contains partial class of Unity.Object, exactly 1 of the partial classes needs to be in a file with the same filename. This is to know the one that can be referenced from ie. GameObjects
Refreshing native plugins compatible for Editor in 2.71 ms, found 4 plugins.
Native extension for WindowsStandalone target not found
Native extension for WebGL target not found
[Package Manager] Failed to launch server process. Reason: Unity was launched with the -noUpm command-line argument
[Package Manager] Unable to send message (not connected to server process).
[Package Manager] Cannot connect to Unity Package Manager local server
[Package Manager] Failed to launch server process. Reason: Unity was launched with the -noUpm command-line argument
[Package Manager] Unable to send message (not connected to server process).
[Package Manager] Cannot connect to Unity Package Manager local server
[MODES] ModeService[none].Initialize
[MODES] ModeService[none].LoadModes
ScheduleIndexationOnStartup MainProcess:False IndexOnStartup:True
Scripting: successfully reloaded assembly
- Finished resetting the current domain, in  1.007 seconds
Domain Reload Profiling: 3215ms
	BeginReloadAssembly (636ms)
		DisableScriptedObjects (32ms)
		CreateAndSetChildDomain (160ms)
	RebuildCommonClasses (16ms)
	RebuildNativeTypeToScriptingClass (38ms)
	initialDomainReloadingComplete (137ms)
	LoadAllAssembliesAndSetupDomain (1380ms)
		LoadAssemblies (920ms)
		TypeCache.Refresh (22ms)
		AnalyzeDomain (352ms)
			BuildScriptInfoCaches (333ms)
			ResolveRequiredComponents (11ms)
	FinalizeReload (1008ms)
		SetupLoadedEditorAssemblies (0ms)
			LogAssemblyErrors (3ms)
			InitializePlatformSupportModulesInManaged (3ms)
			BeforeProcessingInitializeOnLoad (149ms)
			ProcessInitializeOnLoadAttributes (331ms)
			ProcessInitializeOnLoadMethodAttributes (134ms)
			AfterProcessingInitializeOnLoad (11ms)
		AwakeInstancesAfterBackupRestoration (32ms)
Refreshing native plugins compatible for Editor in 2.91 ms, found 4 plugins.
Unloading 61 Unused Serialized files (Serialized files now loaded: 0)
Unloading 6984 unused Assets / (10.6 MB). Loaded Objects now: 7941.
Memory consumption went from 379.3 MB to 368.7 MB.
Total: 13.779200 ms (FindLiveObjects: 1.137900 ms CreateObjectMapping: 0.848100 ms MarkObjects: 7.229500 ms  DeleteObjects: 4.282800 ms)

Prepare: number of updated asset objects reloaded= 0
========================================================================
Received Prepare
AcceleratorClientConnectionCallback - disconnected - :0
[Licensing::Client] Successfully resolved entitlement details
Begin MonoManager ReloadAssembly
'Packages/com.unity.render-pipelines.core/Editor/Deprecated.cs' contains partial class of Unity.Object, exactly 1 of the partial classes needs to be in a file with the same filename. This is to know the one that can be referenced from ie. GameObjects
'Packages/com.unity.render-pipelines.core/Editor/Deprecated.cs' contains partial class of Unity.Object, exactly 1 of the partial classes needs to be in a file with the same filename. This is to know the one that can be referenced from ie. GameObjects
Native extension for WindowsStandalone target not found
Native extension for WebGL target not found
[Package Manager] Failed to launch server process. Reason: Unity was launched with the -noUpm command-line argument
[Package Manager] Unable to send message (not connected to server process).
[Package Manager] Cannot connect to Unity Package Manager local server
[Package Manager] Failed to launch server process. Reason: Unity was launched with the -noUpm command-line argument
[Package Manager] Unable to send message (not connected to server process).
[Package Manager] Cannot connect to Unity Package Manager local server
[MODES] ModeService[none].Initialize
[MODES] ModeService[none].LoadModes
ScheduleIndexationOnStartup MainProcess:False IndexOnStartup:True
Scripting: successfully reloaded assembly
- Finished resetting the current domain, in  1.120 seconds
Domain Reload Profiling: 2511ms
	BeginReloadAssembly (402ms)
		DisableScriptedObjects (16ms)
		CreateAndSetChildDomain (97ms)
	RebuildCommonClasses (12ms)
	RebuildNativeTypeToScriptingClass (22ms)
	initialDomainReloadingComplete (100ms)
	LoadAllAssembliesAndSetupDomain (854ms)
		LoadAssemblies (532ms)
		TypeCache.Refresh (16ms)
		AnalyzeDomain (238ms)
			BuildScriptInfoCaches (230ms)
			ResolveRequiredComponents (6ms)
	FinalizeReload (1121ms)
		SetupLoadedEditorAssemblies (0ms)
			LogAssemblyErrors (3ms)
			InitializePlatformSupportModulesInManaged (3ms)
			BeforeProcessingInitializeOnLoad (167ms)
			ProcessInitializeOnLoadAttributes (420ms)
			ProcessInitializeOnLoadMethodAttributes (159ms)
			AfterProcessingInitializeOnLoad (13ms)
		AwakeInstancesAfterBackupRestoration (34ms)
Refreshing native plugins compatible for Editor in 2.45 ms, found 4 plugins.
Unloading 61 Unused Serialized files (Serialized files now loaded: 0)
Unloading 6984 unused Assets / (9.3 MB). Loaded Objects now: 7944.
Memory consumption went from 384.4 MB to 375.1 MB.
Total: 12.877200 ms (FindLiveObjects: 1.118400 ms CreateObjectMapping: 0.382400 ms MarkObjects: 7.211900 ms  DeleteObjects: 3.897200 ms)

Prepare: number of updated asset objects reloaded= 0
========================================================================
Received Prepare
AcceleratorClientConnectionCallback - disconnected - :0
[Licensing::Client] Successfully resolved entitlement details
Begin MonoManager ReloadAssembly
'Packages/com.unity.render-pipelines.core/Editor/Deprecated.cs' contains partial class of Unity.Object, exactly 1 of the partial classes needs to be in a file with the same filename. This is to know the one that can be referenced from ie. GameObjects
'Packages/com.unity.render-pipelines.core/Editor/Deprecated.cs' contains partial class of Unity.Object, exactly 1 of the partial classes needs to be in a file with the same filename. This is to know the one that can be referenced from ie. GameObjects
Refreshing native plugins compatible for Editor in 2.00 ms, found 4 plugins.
Native extension for WindowsStandalone target not found
Native extension for WebGL target not found
[Package Manager] Failed to launch server process. Reason: Unity was launched with the -noUpm command-line argument
[Package Manager] Unable to send message (not connected to server process).
[Package Manager] Cannot connect to Unity Package Manager local server
[Package Manager] Failed to launch server process. Reason: Unity was launched with the -noUpm command-line argument
[Package Manager] Unable to send message (not connected to server process).
[Package Manager] Cannot connect to Unity Package Manager local server
[MODES] ModeService[none].Initialize
[MODES] ModeService[none].LoadModes
ScheduleIndexationOnStartup MainProcess:False IndexOnStartup:True
Scripting: successfully reloaded assembly
- Finished resetting the current domain, in  0.868 seconds
Domain Reload Profiling: 3942ms
	BeginReloadAssembly (541ms)
		DisableScriptedObjects (13ms)
		CreateAndSetChildDomain (74ms)
	RebuildCommonClasses (12ms)
	RebuildNativeTypeToScriptingClass (166ms)
	initialDomainReloadingComplete (104ms)
	LoadAllAssembliesAndSetupDomain (2249ms)
		LoadAssemblies (2114ms)
		TypeCache.Refresh (11ms)
		AnalyzeDomain (297ms)
			BuildScriptInfoCaches (289ms)
			ResolveRequiredComponents (7ms)
	FinalizeReload (870ms)
		SetupLoadedEditorAssemblies (0ms)
			LogAssemblyErrors (3ms)
			InitializePlatformSupportModulesInManaged (3ms)
			BeforeProcessingInitializeOnLoad (126ms)
			ProcessInitializeOnLoadAttributes (301ms)
			ProcessInitializeOnLoadMethodAttributes (132ms)
			AfterProcessingInitializeOnLoad (11ms)
		AwakeInstancesAfterBackupRestoration (29ms)
Refreshing native plugins compatible for Editor in 2.21 ms, found 4 plugins.
Unloading 61 Unused Serialized files (Serialized files now loaded: 0)
Unloading 6985 unused Assets / (8.6 MB). Loaded Objects now: 7948.
Memory consumption went from 389.9 MB to 381.3 MB.
Total: 11.695000 ms (FindLiveObjects: 1.031600 ms CreateObjectMapping: 0.491800 ms MarkObjects: 6.095200 ms  DeleteObjects: 3.851600 ms)

Prepare: number of updated asset objects reloaded= 0
========================================================================
Received Prepare
AcceleratorClientConnectionCallback - disconnected - :0
Refreshing native plugins compatible for Editor in 3.11 ms, found 4 plugins.
Unloading 61 Unused Serialized files (Serialized files now loaded: 0)
Unloading 61 unused Assets / (5.5 MB). Loaded Objects now: 7948.
Memory consumption went from 387.4 MB to 382.0 MB.
Total: 12.549500 ms (FindLiveObjects: 0.907000 ms CreateObjectMapping: 0.476600 ms MarkObjects: 8.681300 ms  DeleteObjects: 2.218600 ms)

Prepare: number of updated asset objects reloaded= 0
========================================================================
Received Import Request.
  Time of request: 2026-09-29T02:50:56.558686Z
  Time since last request: 1883.22201949999999 seconds.
  importAddress: GUID: d5859bd96328b724386c2f8ea8456dbc - Path: Assets/VoidRespawn.cs - Importer: PreviewImporter
Importing 'GUID: d5859bd96328b724386c2f8ea8456dbc - Path: Assets/VoidRespawn.cs - Importer: PreviewImporter' with importer (PreviewImporter)
Imported 'GUID: d5859bd96328b724386c2f8ea8456dbc' -> (Import Result ID: 'bcb263e793b05274753251c18ed95eed') in 0.018 seconds [static and dynamic dependencies]. Details - ImportResultOutputID=48c73b3d1ca4a81aa2d99728b37aa68b DependenciesID=5084e6b1653bb0ca26f3a9a1bc4263aa StaticDependenciesID=fb1bd723a23827c5083cf17064ccd878 
Number of updated asset objects reloaded before import = 0
Number of asset objects unloaded after import = 0
========================================================================
Received Prepare
AcceleratorClientConnectionCallback - disconnected - :0
[Licensing::Client] Successfully resolved entitlement details
Begin MonoManager ReloadAssembly
'Packages/com.unity.render-pipelines.core/Editor/Deprecated.cs' contains partial class of Unity.Object, exactly 1 of the partial classes needs to be in a file with the same filename. This is to know the one that can be referenced from ie. GameObjects
'Packages/com.unity.render-pipelines.core/Editor/Deprecated.cs' contains partial class of Unity.Object, exactly 1 of the partial classes needs to be in a file with the same filename. This is to know the one that can be referenced from ie. GameObjects
Refreshing native plugins compatible for Editor in 2.31 ms, found 4 plugins.
Native extension for WindowsStandalone target not found
Native extension for WebGL target not found
[Package Manager] Failed to launch server process. Reason: Unity was launched with the -noUpm command-line argument
[Package Manager] Unable to send message (not connected to server process).
[Package Manager] Cannot connect to Unity Package Manager local server
[Package Manager] Failed to launch server process. Reason: Unity was launched with the -noUpm command-line argument
[Package Manager] Unable to send message (not connected to server process).
[Package Manager] Cannot connect to Unity Package Manager local server
[MODES] ModeService[none].Initialize
[MODES] ModeService[none].LoadModes
ScheduleIndexationOnStartup MainProcess:False IndexOnStartup:True
Scripting: successfully reloaded assembly
- Finished resetting the current domain, in  0.954 seconds
Domain Reload Profiling: 2335ms
	BeginReloadAssembly (368ms)
		DisableScriptedObjects (13ms)
		CreateAndSetChildDomain (88ms)
	RebuildCommonClasses (14ms)
	RebuildNativeTypeToScriptingClass (28ms)
	initialDomainReloadingComplete (101ms)
	LoadAllAssembliesAndSetupDomain (869ms)
		LoadAssemblies (550ms)
		TypeCache.Refresh (11ms)
		AnalyzeDomain (254ms)
			BuildScriptInfoCaches (245ms)
			ResolveRequiredComponents (7ms)
	FinalizeReload (955ms)
		SetupLoadedEditorAssemblies (0ms)
			InitializePlatformSupportModulesInManaged (4ms)
			BeforeProcessingInitializeOnLoad (133ms)
			ProcessInitializeOnLoadAttributes (334ms)
			ProcessInitializeOnLoadMethodAttributes (145ms)
			AfterProcessingInitializeOnLoad (11ms)
		AwakeInstancesAfterBackupRestoration (28ms)
Refreshing native plugins compatible for Editor in 2.05 ms, found 4 plugins.
Unloading 61 Unused Serialized files (Serialized files now loaded: 0)
Unloading 6985 unused Assets / (10.3 MB). Loaded Objects now: 7951.
Memory consumption went from 395.6 MB to 385.3 MB.
Total: 15.973500 ms (FindLiveObjects: 1.165500 ms CreateObjectMapping: 1.517400 ms MarkObjects: 8.129100 ms  DeleteObjects: 4.875300 ms)

Prepare: number of updated asset objects reloaded= 0
========================================================================
Received Prepare
AcceleratorClientConnectionCallback - disconnected - :0
Begin MonoManager ReloadAssembly
'Packages/com.unity.render-pipelines.core/Editor/Deprecated.cs' contains partial class of Unity.Object, exactly 1 of the partial classes needs to be in a file with the same filename. This is to know the one that can be referenced from ie. GameObjects
'Packages/com.unity.render-pipelines.core/Editor/Deprecated.cs' contains partial class of Unity.Object, exactly 1 of the partial classes needs to be in a file with the same filename. This is to know the one that can be referenced from ie. GameObjects
Refreshing native plugins compatible for Editor in 2.95 ms, found 4 plugins.
Native extension for WindowsStandalone target not found
Native extension for WebGL target not found
[Package Manager] Failed to launch server process. Reason: Unity was launched with the -noUpm command-line argument
[Package Manager] Unable to send message (not connected to server process).
[Package Manager] Cannot connect to Unity Package Manager local server
[Package Manager] Failed to launch server process. Reason: Unity was launched with the -noUpm command-line argument
[Package Manager] Unable to send message (not connected to server process).
[Package Manager] Cannot connect to Unity Package Manager local server
[MODES] ModeService[none].Initialize
[MODES] ModeService[none].LoadModes
ScheduleIndexationOnStartup MainProcess:False IndexOnStartup:True
Scripting: successfully reloaded assembly
- Finished resetting the current domain, in  1.061 seconds
Domain Reload Profiling: 2279ms
	BeginReloadAssembly (333ms)
		DisableScriptedObjects (13ms)
		CreateAndSetChildDomain (82ms)
	RebuildCommonClasses (12ms)
	RebuildNativeTypeToScriptingClass (23ms)
	initialDomainReloadingComplete (93ms)
	LoadAllAssembliesAndSetupDomain (756ms)
		LoadAssemblies (462ms)
		TypeCache.Refresh (11ms)
		AnalyzeDomain (214ms)
			BuildScriptInfoCaches (205ms)
			ResolveRequiredComponents (7ms)
	FinalizeReload (1062ms)
		SetupLoadedEditorAssemblies (0ms)
			InitializePlatformSupportModulesInManaged (3ms)
			BeforeProcessingInitializeOnLoad (145ms)
			ProcessInitializeOnLoadAttributes (351ms)
			ProcessInitializeOnLoadMethodAttributes (175ms)
			AfterProcessingInitializeOnLoad (15ms)
		AwakeInstancesAfterBackupRestoration (43ms)
Refreshing native plugins compatible for Editor in 2.75 ms, found 4 plugins.
Unloading 61 Unused Serialized files (Serialized files now loaded: 0)
Unloading 6985 unused Assets / (9.8 MB). Loaded Objects now: 7954.
Memory consumption went from 400.5 MB to 390.6 MB.
Total: 16.730800 ms (FindLiveObjects: 1.602500 ms CreateObjectMapping: 1.134600 ms MarkObjects: 8.287400 ms  DeleteObjects: 5.471700 ms)

Prepare: number of updated asset objects reloaded= 0
========================================================================
Received Import Request.
  Time of request: 2026-09-29T03:01:42.0785259Z
  Time since last request: 645.48791749999998 seconds.
  importAddress: GUID: d5859bd96328b724386c2f8ea8456dbc - Path: Assets/VoidRespawn.cs - Importer: ScriptedImporter/UnityEditor.QuickSearchModule:UnityEditor.Search:ASIAI0B
Importing 'GUID: d5859bd96328b724386c2f8ea8456dbc - Path: Assets/VoidRespawn.cs - Importer: ScriptedImporter/UnityEditor.QuickSearchModule:UnityEditor.Search:ASIAI0B' with importer (ScriptedImporter : UnityEditor.QuickSearchModule:UnityEditor.Search:ASIAI0B)
Imported 'GUID: d5859bd96328b724386c2f8ea8456dbc' -> (Import Result ID: '1e4bdb52d688a63151eea9a1782818d9') in 0.141 seconds [static and dynamic dependencies]. Details - ImportResultOutputID=fbd911c127ce80d75111cb7cf9bf9d0c DependenciesID=719f3317e3d5a3ee51e9bccb9b85cfc3 StaticDependenciesID=0df8ff8a11d54a9acddfb5d8432b83cf 
Number of updated asset objects reloaded before import = 0
Number of asset objects unloaded after import = 0
========================================================================
Received Import Request.
  Time of request: 2026-09-29T03:01:42.2414259Z
  Time since last request: 0.0053399 seconds.
  importAddress: GUID: 0927756070b2ef6449d2b5fcf72bb339 - Path: Assets/FinishPlatform.cs - Importer: ScriptedImporter/UnityEditor.QuickSearchModule:UnityEditor.Search:ASIAI0B
Importing 'GUID: 0927756070b2ef6449d2b5fcf72bb339 - Path: Assets/FinishPlatform.cs - Importer: ScriptedImporter/UnityEditor.QuickSearchModule:UnityEditor.Search:ASIAI0B' with importer (ScriptedImporter : UnityEditor.QuickSearchModule:UnityEditor.Search:ASIAI0B)
Imported 'GUID: 0927756070b2ef6449d2b5fcf72bb339' -> (Import Result ID: '99e968e886db72f66a715b1a15b18a52') in 0.004 seconds [static and dynamic dependencies]. Details - ImportResultOutputID=0e16fa93f70856ce860c71a14c0a5051 DependenciesID=40ee42958a9cca769bd56f9cae4d5ab4 StaticDependenciesID=2100ec650f687e800f4a48ef825622e4 
Number of updated asset objects reloaded before import = 0
Number of asset objects unloaded after import = 0
========================================================================
Received Prepare
AcceleratorClientConnectionCallback - disconnected - :0
Refreshing native plugins compatible for Editor in 2.20 ms, found 4 plugins.
Unloading 61 Unused Serialized files (Serialized files now loaded: 0)
Unloading 63 unused Assets / (5.5 MB). Loaded Objects now: 7954.
Memory consumption went from 385.6 MB to 380.1 MB.
Total: 12.465600 ms (FindLiveObjects: 1.044700 ms CreateObjectMapping: 0.621000 ms MarkObjects: 8.478300 ms  DeleteObjects: 2.057800 ms)

Prepare: number of updated asset objects reloaded= 0
========================================================================
Received Import Request.
  Time of request: 2026-09-29T03:01:42.9954652Z
  Time since last request: 0.7342615 seconds.
  importAddress: GUID: a262727c8706c144a8dd829a04cd8bff - Path: Assets/New Material 2.mat - Importer: PreviewImporter
Importing 'GUID: a262727c8706c144a8dd829a04cd8bff - Path: Assets/New Material 2.mat - Importer: PreviewImporter' with importer (PreviewImporter)
Imported 'GUID: a262727c8706c144a8dd829a04cd8bff' -> (Import Result ID: '81bed0f355e058b8c3fc98ca8d865d27') in 1.107 seconds [static and dynamic dependencies]. Details - ImportResultOutputID=0cce5b19b057878bad2423296fbc3e35 DependenciesID=77295229c54bf25d01eaa8a5976ccf61 StaticDependenciesID=8686c2ee683f649161dc93f5b5470d24 
Number of updated asset objects reloaded before import = 0
Number of asset objects unloaded after import = 3
========================================================================
Received Import Request.
  Time of request: 2026-09-29T03:02:10.7126272Z
  Time since last request: 26.589717 seconds.
  importAddress: GUID: a262727c8706c144a8dd829a04cd8bff - Path: Assets/New Material 2.mat - Importer: PreviewImporter
Importing 'GUID: a262727c8706c144a8dd829a04cd8bff - Path: Assets/New Material 2.mat - Importer: PreviewImporter' with importer (PreviewImporter)
Imported 'GUID: a262727c8706c144a8dd829a04cd8bff' -> (Import Result ID: '646dc87fed85e48e29bfcf93b333cd24') in 0.017 seconds [static and dynamic dependencies]. Details - ImportResultOutputID=509c97907031365407c6723800e5904b DependenciesID=a84ccd7fd040d37278f2d8f2db04d8b0 StaticDependenciesID=bdabdd5d9e5b97f6cae7e4e24000540b 
Number of updated asset objects reloaded before import = 0
Number of asset objects unloaded after import = 2
========================================================================
Received Import Request.
  Time of request: 2026-09-29T03:02:11.6940408Z
  Time since last request: 0.9476828 seconds.
  importAddress: GUID: a262727c8706c144a8dd829a04cd8bff - Path: Assets/New Material 2.mat - Importer: ScriptedImporter/UnityEditor.QuickSearchModule:UnityEditor.Search:ASIAI0B
Importing 'GUID: a262727c8706c144a8dd829a04cd8bff - Path: Assets/New Material 2.mat - Importer: ScriptedImporter/UnityEditor.QuickSearchModule:UnityEditor.Search:ASIAI0B' with importer (ScriptedImporter : UnityEditor.QuickSearchModule:UnityEditor.Search:ASIAI0B)
Imported 'GUID: a262727c8706c144a8dd829a04cd8bff' -> (Import Result ID: '590730364414968c35f5e47c37bb506c') in 0.019 seconds [static and dynamic dependencies]. Details - ImportResultOutputID=4e3000d988c47da7c48d9b6515f781e4 DependenciesID=7799e1f32029cc91815d23ce70dada97 StaticDependenciesID=f2ca34f68952303105d05015d8b36768 
Number of updated asset objects reloaded before import = 0
Number of asset objects unloaded after import = 2
========================================================================
Received Prepare
AcceleratorClientConnectionCallback - disconnected - :0
Refreshing native plugins compatible for Editor in 2.23 ms, found 4 plugins.
Unloading 61 Unused Serialized files (Serialized files now loaded: 0)
Unloading 61 unused Assets / (5.5 MB). Loaded Objects now: 8109.
Memory consumption went from 401.5 MB to 396.0 MB.
Total: 12.859300 ms (FindLiveObjects: 1.160100 ms CreateObjectMapping: 0.591200 ms MarkObjects: 8.901300 ms  DeleteObjects: 1.914900 ms)

Prepare: number of updated asset objects reloaded= 0
========================================================================
Received Import Request.
  Time of request: 2026-09-29T03:07:18.6015309Z
  Time since last request: 306.8753155 seconds.
  importAddress: GUID: 99c9720ab356a0642a771bea13969a05 - Path: Assets/Scenes/SampleScene.unity - Importer: ScriptedImporter/UnityEditor.QuickSearchModule:UnityEditor.Search:ASIAI0B
Importing 'GUID: 99c9720ab356a0642a771bea13969a05 - Path: Assets/Scenes/SampleScene.unity - Importer: ScriptedImporter/UnityEditor.QuickSearchModule:UnityEditor.Search:ASIAI0B' with importer (ScriptedImporter : UnityEditor.QuickSearchModule:UnityEditor.Search:ASIAI0B)
Imported 'GUID: 99c9720ab356a0642a771bea13969a05' -> (Import Result ID: '5d31bca6fe32afc05938c9fbfaefcece') in 0.007 seconds [static and dynamic dependencies]. Details - ImportResultOutputID=b56e86fc8ee14ed52b693b54330d012c DependenciesID=55cfd3328fe41dc749ceb0cff624229d StaticDependenciesID=ad97d7dee136bfc2abb2c03e3611a7ea 
Number of updated asset objects reloaded before import = 0
Number of asset objects unloaded after import = 1
========================================================================
Received Prepare
AcceleratorClientConnectionCallback - disconnected - :0
Refreshing native plugins compatible for Editor in 2.58 ms, found 4 plugins.
Unloading 61 Unused Serialized files (Serialized files now loaded: 0)
Unloading 61 unused Assets / (5.5 MB). Loaded Objects now: 8109.
Memory consumption went from 403.9 MB to 398.4 MB.
Total: 14.013800 ms (FindLiveObjects: 1.164900 ms CreateObjectMapping: 0.441300 ms MarkObjects: 9.661300 ms  DeleteObjects: 2.478400 ms)

Prepare: number of updated asset objects reloaded= 0
========================================================================
Received Import Request.
  Time of request: 2026-09-29T03:11:24.8917676Z
  Time since last request: 246.27013260000001 seconds.
  importAddress: GUID: 99c9720ab356a0642a771bea13969a05 - Path: Assets/Scenes/SampleScene.unity - Importer: ScriptedImporter/UnityEditor.QuickSearchModule:UnityEditor.Search:ASIAI0B
Importing 'GUID: 99c9720ab356a0642a771bea13969a05 - Path: Assets/Scenes/SampleScene.unity - Importer: ScriptedImporter/UnityEditor.QuickSearchModule:UnityEditor.Search:ASIAI0B' with importer (ScriptedImporter : UnityEditor.QuickSearchModule:UnityEditor.Search:ASIAI0B)
Imported 'GUID: 99c9720ab356a0642a771bea13969a05' -> (Import Result ID: '5a831d77b80d8f543dade6d00296922e') in 0.006 seconds [static and dynamic dependencies]. Details - ImportResultOutputID=390f49b59806a22df0dd29be837952ee DependenciesID=c9ae54a64d975a36d35fd58f3f56c580 StaticDependenciesID=efeb0c68a9aff3c6e80be093e1102e91 
Number of updated asset objects reloaded before import = 0
Number of asset objects unloaded after import = 1
Editor requested this worker to shutdown with reason: Editor is closing down
AcceleratorClientConnectionCallback - disconnected - :0
Curl error 42: Callback aborted
AssetImportWorker is now disconnected from the server
Process exiting
[ExitDontLaunchBugReporter] Exiting without the bug reporter. Application will exit with return code 0
