VBCSCompilerPreWarmer: pre-warm launched (dotnet PID 12524)
VBCSCompiler prewarm took 24.31 ms
[Licensing::Module] Trying to connect to existing licensing client channel...
[Licensing::IpcConnector] Successfully connected to: "LicenseClient-Duncan Joseph" at "2026-09-28T16:12:21.583557Z"
Built from '6000.6/respin/6000.6.0f1-fa21a270ab12' branch; Version is '6000.6.0f1 (f7f8ed4d1e24) revision 16251117'; Using compiler version '194234433'; Build Type 'Release'
OS: 'Windows 11  (10.0.26200) CoreSingleLanguage' Language: 'en' Physical Memory: 15688 MB
BatchMode: 0, IsHumanControllingUs: 1, StartBugReporterOnCrash: 1, Is64bit: 1
System  architecture: x64
Process architecture: x64
Date: 2026-09-28T16:12:21Z

COMMAND LINE ARGUMENTS:
C:\Program Files\Unity\Hub\Editor\6000.6.0f1\Editor\Unity.exe
-projectPath
C:\Users\Duncan Joseph\Traversal Gameplay
Successfully changed project path to: C:\Users\Duncan Joseph\Traversal Gameplay
C:/Users/Duncan Joseph/Traversal Gameplay
[UnityMemory] Configuration Parameters - Can be set up in boot.config
    "memorysetup-temp-allocator-size-gi-baking-worker=262144"
    "memorysetup-temp-allocator-size-gi-baking-worker=262144"
    "memorysetup-temp-allocator-size-gi-baking-worker=262144"
    "memorysetup-temp-allocator-size-gi-baking-worker=262144"
    "memorysetup-temp-allocator-size-gi-baking-worker=262144"
    "memorysetup-temp-allocator-size-nav-mesh-worker=65536"
    "memorysetup-temp-allocator-size-audio-worker=65536"
    "memorysetup-temp-allocator-size-cloud-worker=32768"
    "memorysetup-temp-allocator-size-gfx=262144"
    "memorysetup-remapper-allocator-initial-capacity=32768"
    "memorysetup-temp-allocator-size-preload-manager=33554432"
    "memorysetup-allocator-temp-initial-block-size-main=262144"
    "memorysetup-allocator-temp-initial-block-size-worker=262144"
    "memorysetup-temp-allocator-size-job-worker=262144"
    "memorysetup-temp-allocator-size-background-worker=32768"
    "memorysetup-bucket-allocator-granularity=16"
    "memorysetup-bucket-allocator-bucket-count=8"
    "memorysetup-bucket-allocator-block-size=33554432"
    "memorysetup-bucket-allocator-block-count=8"
    "memorysetup-main-allocator-block-size=16777216"
    "memorysetup-thread-allocator-block-size=16777216"
    "memorysetup-main-allocator-mimalloc-enabled=1"
    "memorysetup-gfx-main-allocator-block-size=16777216"
    "memorysetup-gfx-thread-allocator-block-size=16777216"
    "memorysetup-cache-allocator-block-size=4194304"
    "memorysetup-typetree-allocator-block-size=2097152"
    "memorysetup-profiler-bucket-allocator-granularity=16"
    "memorysetup-profiler-bucket-allocator-bucket-count=8"
    "memorysetup-profiler-bucket-allocator-block-size=33554432"
    "memorysetup-profiler-bucket-allocator-block-count=8"
    "memorysetup-profiler-allocator-block-size=16777216"
    "memorysetup-profiler-editor-allocator-block-size=1048576"
    "memorysetup-temp-allocator-size-main=16777216"
    "memorysetup-job-temp-allocator-block-size=2097152"
    "memorysetup-job-temp-allocator-block-size-background=1048576"
    "memorysetup-job-temp-allocator-reduction-small-platforms=262144"
[Licensing::Client] Code 10 while verifying Licensing Client signature (process Id: 33528, path: "C:/Program Files/Unity Hub/UnityLicensingClient_V1/Unity.Licensing.Client.exe")
[Licensing::Module] LicensingClient has failed validation; ignoring
Player connection [27212]  Target information:

Player connection [27212]  * "[IP] 192.168.68.106 [Port] 55504 [Flags] 2 [Guid] 2056313465 [EditorId] 2056313465 [Version] 1048832 [Id] WindowsEditor(7,LAPTOP-9MJL6R2V) [Debug] 1 [PackageName] WindowsEditor [ProjectName] Editor" 

Player connection [27212]  * "[IP] 192.168.68.101 [Port] 55504 [Flags] 2 [Guid] 2056313465 [EditorId] 2056313465 [Version] 1048832 [Id] WindowsEditor(7,LAPTOP-9MJL6R2V) [Debug] 1 [PackageName] WindowsEditor [ProjectName] Editor" 

Player connection [27212] Host joined multi-casting on [225.0.0.222:54997]...
Player connection [27212] Host joined alternative multi-casting on [225.0.0.222:34997]...
[Licensing::Client] Handshaking with LicensingClient:
  Version:                 1.18.3+d7ffd15
  Session Id:              c153c37b52504d4ba620158e43a404ba
  Correlation Id:          6e467c2b30457f53135f63dd6e6f2009
  External correlation Id: 3033644950555615163
  Machine Id:              wHDpsUEVYpl4kxgehWEkM/qA1F0=
[Licensing::Module] Successfully connected to LicensingClient on channel: "LicenseClient-Duncan Joseph" (connect: 0.00s, validation: 0.01s, handshake: 0.07s)
[Licensing::IpcConnector] Successfully connected to: "LicenseClient-Duncan Joseph-notifications" at "2026-09-28T16:12:21.6638887Z"
[Licensing::Module] Error: Access token is unavailable; failed to update
Input System module state changed to: Initialized.
[Licensing::Client] Successfully resolved entitlement details
[Licensing::Module] License group:
  Id: 18968501699549-UnityPersXXXX
  Product: Unity Personal
  Type: Assigned
  Expiration: Unlimited
[Physics::Module] Initialized fallback backend.
[Physics::Module] Id: 0xdecafbad
[Licensing::Client] Successfully updated license, isAsync: True, time: 0.01
[Licensing::Client] Successfully resolved entitlement details
[Licensing::Module] Licensing Background thread has ended after 0.10s
[Package Manager] Connected to IPC stream "Upm-32444" after 0.4 seconds.
[Licensing::Client] Successfully resolved entitlement details
Library Redirect Path: Library/
Launching Unity Data Store - C:/Program Files/Unity/Hub/Editor/6000.6.0f1/Editor/Data/Tools/Unity.DataStore.exe 
Unity Data Store artifact dir = Library/DataStore, working dir = C:/Users/Duncan Joseph/Traversal Gameplay[Physics::Module] Selected backend.
[Physics::Module] Name: PhysX
[Physics::Module] Id: 0xf2b8ea05
[Physics::Module] SDK Version: 4.1.2
[Physics::Module] Integration Version: 1.0.0
[Physics::Module] Threading Mode: Multi-Threaded
Unity Data Store running and initialised
Initialize engine version: 6000.6.0f1 (f7f8ed4d1e24)
[EntityIdStore] init: VM path (explicit commit), pageSize=4096, blockCount=1048576, entitiesPerBlock=256, slots reserved=4294967296 bytes
[Subsystems] Discovering subsystems at path C:/Program Files/Unity/Hub/Editor/6000.6.0f1/Editor/Data/Resources/UnitySubsystems
[Subsystems] Discovering subsystems at path C:/Users/Duncan Joseph/Traversal Gameplay/Assets
GfxDevice: creating device client; kGfxThreadingModeThreaded
Direct3D:
    Version:  Direct3D 11.0 [level 11.1]
    Renderer: NVIDIA GeForce RTX 3050 Laptop GPU (ID=0x25a2)
    Vendor:   NVIDIA
    VRAM:     3962 MB
    Driver:   32.0.16.1047
Initialize mono
Mono path[0] = 'C:/Program Files/Unity/Hub/Editor/6000.6.0f1/Editor/Data/Managed'
Mono path[1] = 'C:/Program Files/Unity/Hub/Editor/6000.6.0f1/Editor/Data/BCLExtensions/runtime/netstandard2.1'
Mono path[2] = 'C:/Program Files/Unity/Hub/Editor/6000.6.0f1/Editor/Data/MonoBleedingEdge/lib/mono/unityjit-win32'
Mono config path = 'C:/Program Files/Unity/Hub/Editor/6000.6.0f1/Editor/Data/MonoBleedingEdge/etc'
Using monoOptions --debugger-agent=transport=dt_socket,embedding=1,server=y,suspend=n,address=127.0.0.1:56444
CodeReloadManager initialized
ImportWorker Server TCP listen port: 0
AcceleratorClientConnectionCallback - disconnected - :0
Begin MonoManager ReloadAssembly
Registering precompiled unity dll's ...
Register platform support module: C:/Program Files/Unity/Hub/Editor/6000.6.0f1/Editor/Data/PlaybackEngines/WebGLSupport/UnityEditor.WebGL.Extensions.dll
Register platform support module: C:/Program Files/Unity/Hub/Editor/6000.6.0f1/Editor/Data/PlaybackEngines/WindowsStandaloneSupport/UnityEditor.WindowsStandalone.Extensions.dll
Registered in 0.006013 seconds.
Native extension for WindowsStandalone target not found
Native extension for WebGL target not found
Package Manager log level set to [2]
ScheduleIndexationOnStartup MainProcess:False IndexOnStartup:True
Scripting: successfully reloaded assembly
- Finished resetting the current domain, in  1.534 seconds
Domain Reload Profiling: 2503ms
	BeginReloadAssembly (231ms)
		CreateAndSetChildDomain (12ms)
	RebuildCommonClasses (9ms)
	RebuildNativeTypeToScriptingClass (24ms)
	initialDomainReloadingComplete (128ms)
	LoadAllAssembliesAndSetupDomain (576ms)
		LoadAssemblies (213ms)
		TypeCache.Refresh (376ms)
			TypeCache.ScanAssembly (347ms)
		AnalyzeDomain (1ms)
	FinalizeReload (1536ms)
		SetupLoadedEditorAssemblies (0ms)
			LogAssemblyErrors (3ms)
			InitializePlatformSupportModulesInManaged (4ms)
			BeforeProcessingInitializeOnLoad (173ms)
			ProcessInitializeOnLoadAttributes (148ms)
			ProcessInitializeOnLoadMethodAttributes (842ms)
[Licensing::Client] Successfully resolved entitlement details
Application.AssetDatabase Initial Refresh Start
[Package Manager] Restoring resolved packages state from cache
[Licensing::Client] Successfully resolved entitlement details
[Package Manager] Registered 61 packages:
  Packages from [https://packages.unity.com]:
    com.unity.ai.navigation@2.0.14 (location: C:\Users\Duncan Joseph\Traversal Gameplay\Library\PackageCache\com.unity.ai.navigation@134dd6a3b97b)
    com.unity.collab-proxy@2.13.6 (location: C:\Users\Duncan Joseph\Traversal Gameplay\Library\PackageCache\com.unity.collab-proxy@4628d2ba6ea4)
    com.unity.ide.rider@3.0.38 (location: C:\Users\Duncan Joseph\Traversal Gameplay\Library\PackageCache\com.unity.ide.rider@1f60b3138684)
    com.unity.ide.visualstudio@2.0.26 (location: C:\Users\Duncan Joseph\Traversal Gameplay\Library\PackageCache\com.unity.ide.visualstudio@a99d56dec63f)
    com.unity.inputsystem@1.20.0 (location: C:\Users\Duncan Joseph\Traversal Gameplay\Library\PackageCache\com.unity.inputsystem@7a4e1a2a8194)
    com.unity.probuilder@6.1.2 (location: C:\Users\Duncan Joseph\Traversal Gameplay\Library\PackageCache\com.unity.probuilder@8be9724b2335)
    com.unity.visualscripting@1.9.12 (location: C:\Users\Duncan Joseph\Traversal Gameplay\Library\PackageCache\com.unity.visualscripting@4edfcc09512f)
    com.unity.settings-manager@2.1.1 (location: C:\Users\Duncan Joseph\Traversal Gameplay\Library\PackageCache\com.unity.settings-manager@0b8638c5ce86)
    com.unity.searcher@4.9.5 (location: C:\Users\Duncan Joseph\Traversal Gameplay\Library\PackageCache\com.unity.searcher@a463122f2c00)
    com.unity.profiling.core@1.0.3 (location: C:\Users\Duncan Joseph\Traversal Gameplay\Library\PackageCache\com.unity.profiling.core@8a49f7027d06)
    com.unity.nuget.mono-cecil@1.11.6 (location: C:\Users\Duncan Joseph\Traversal Gameplay\Library\PackageCache\com.unity.nuget.mono-cecil@ecb9724e46ff)
  Built-in packages:
    com.unity.render-pipelines.universal@17.6.0 (location: C:\Users\Duncan Joseph\Traversal Gameplay\Library\PackageCache\com.unity.render-pipelines.universal@8457e85b8184)
    com.unity.test-framework@1.8.0 (location: C:\Users\Duncan Joseph\Traversal Gameplay\Library\PackageCache\com.unity.test-framework@7a3849e09bd0)
    com.unity.timeline@6.6.0 (location: C:\Users\Duncan Joseph\Traversal Gameplay\Library\PackageCache\com.unity.timeline@281d5f7e7d7d)
    com.unity.ugui@2.6.0 (location: C:\Users\Duncan Joseph\Traversal Gameplay\Library\PackageCache\com.unity.ugui@23caec89ae27)
    com.unity.modules.accessibility@1.0.0 (location: C:\Users\Duncan Joseph\Traversal Gameplay\Library\PackageCache\com.unity.modules.accessibility)
    com.unity.modules.adaptiveperformance@1.0.0 (location: C:\Users\Duncan Joseph\Traversal Gameplay\Library\PackageCache\com.unity.modules.adaptiveperformance)
    com.unity.modules.ai@1.0.0 (location: C:\Users\Duncan Joseph\Traversal Gameplay\Library\PackageCache\com.unity.modules.ai)
    com.unity.modules.androidjni@1.0.0 (location: C:\Users\Duncan Joseph\Traversal Gameplay\Library\PackageCache\com.unity.modules.androidjni)
    com.unity.modules.animation@1.0.0 (location: C:\Users\Duncan Joseph\Traversal Gameplay\Library\PackageCache\com.unity.modules.animation)
    com.unity.modules.assetbundle@1.0.0 (location: C:\Users\Duncan Joseph\Traversal Gameplay\Library\PackageCache\com.unity.modules.assetbundle)
    com.unity.modules.audio@1.0.0 (location: C:\Users\Duncan Joseph\Traversal Gameplay\Library\PackageCache\com.unity.modules.audio)
    com.unity.modules.cloth@1.0.0 (location: C:\Users\Duncan Joseph\Traversal Gameplay\Library\PackageCache\com.unity.modules.cloth)
    com.unity.modules.director@1.0.0 (location: C:\Users\Duncan Joseph\Traversal Gameplay\Library\PackageCache\com.unity.modules.director)
    com.unity.modules.imageconversion@1.0.0 (location: C:\Users\Duncan Joseph\Traversal Gameplay\Library\PackageCache\com.unity.modules.imageconversion)
    com.unity.modules.imgui@1.0.0 (location: C:\Users\Duncan Joseph\Traversal Gameplay\Library\PackageCache\com.unity.modules.imgui)
    com.unity.modules.jsonserialize@1.0.0 (location: C:\Users\Duncan Joseph\Traversal Gameplay\Library\PackageCache\com.unity.modules.jsonserialize)
    com.unity.modules.particlesystem@1.0.0 (location: C:\Users\Duncan Joseph\Traversal Gameplay\Library\PackageCache\com.unity.modules.particlesystem)
    com.unity.modules.physics@1.0.0 (location: C:\Users\Duncan Joseph\Traversal Gameplay\Library\PackageCache\com.unity.modules.physics)
    com.unity.modules.physics2d@1.0.0 (location: C:\Users\Duncan Joseph\Traversal Gameplay\Library\PackageCache\com.unity.modules.physics2d)
    com.unity.modules.physicscore2d@1.0.0 (location: C:\Users\Duncan Joseph\Traversal Gameplay\Library\PackageCache\com.unity.modules.physicscore2d)
    com.unity.modules.screencapture@1.0.0 (location: C:\Users\Duncan Joseph\Traversal Gameplay\Library\PackageCache\com.unity.modules.screencapture)
    com.unity.modules.terrain@1.0.0 (location: C:\Users\Duncan Joseph\Traversal Gameplay\Library\PackageCache\com.unity.modules.terrain)
    com.unity.modules.terrainphysics@1.0.0 (location: C:\Users\Duncan Joseph\Traversal Gameplay\Library\PackageCache\com.unity.modules.terrainphysics)
    com.unity.modules.tetgen@1.0.0 (location: C:\Users\Duncan Joseph\Traversal Gameplay\Library\PackageCache\com.unity.modules.tetgen)
    com.unity.modules.tilemap@1.0.0 (location: C:\Users\Duncan Joseph\Traversal Gameplay\Library\PackageCache\com.unity.modules.tilemap)
    com.unity.modules.timelinefoundation@1.0.0 (location: C:\Users\Duncan Joseph\Traversal Gameplay\Library\PackageCache\com.unity.modules.timelinefoundation)
    com.unity.modules.ui@1.0.0 (location: C:\Users\Duncan Joseph\Traversal Gameplay\Library\PackageCache\com.unity.modules.ui)
    com.unity.modules.uielements@1.0.0 (location: C:\Users\Duncan Joseph\Traversal Gameplay\Library\PackageCache\com.unity.modules.uielements)
    com.unity.modules.umbra@1.0.0 (location: C:\Users\Duncan Joseph\Traversal Gameplay\Library\PackageCache\com.unity.modules.umbra)
    com.unity.modules.unityanalytics@1.0.0 (location: C:\Users\Duncan Joseph\Traversal Gameplay\Library\PackageCache\com.unity.modules.unityanalytics)
    com.unity.modules.unitywebrequest@1.0.0 (location: C:\Users\Duncan Joseph\Traversal Gameplay\Library\PackageCache\com.unity.modules.unitywebrequest)
    com.unity.modules.unitywebrequestassetbundle@1.0.0 (location: C:\Users\Duncan Joseph\Traversal Gameplay\Library\PackageCache\com.unity.modules.unitywebrequestassetbundle)
    com.unity.modules.unitywebrequestaudio@1.0.0 (location: C:\Users\Duncan Joseph\Traversal Gameplay\Library\PackageCache\com.unity.modules.unitywebrequestaudio)
    com.unity.modules.unitywebrequesttexture@1.0.0 (location: C:\Users\Duncan Joseph\Traversal Gameplay\Library\PackageCache\com.unity.modules.unitywebrequesttexture)
    com.unity.modules.unitywebrequestwww@1.0.0 (location: C:\Users\Duncan Joseph\Traversal Gameplay\Library\PackageCache\com.unity.modules.unitywebrequestwww)
    com.unity.modules.vectorgraphics@1.0.0 (location: C:\Users\Duncan Joseph\Traversal Gameplay\Library\PackageCache\com.unity.modules.vectorgraphics)
    com.unity.modules.vehicles@1.0.0 (location: C:\Users\Duncan Joseph\Traversal Gameplay\Library\PackageCache\com.unity.modules.vehicles)
    com.unity.modules.video@1.0.0 (location: C:\Users\Duncan Joseph\Traversal Gameplay\Library\PackageCache\com.unity.modules.video)
    com.unity.modules.wind@1.0.0 (location: C:\Users\Duncan Joseph\Traversal Gameplay\Library\PackageCache\com.unity.modules.wind)
    com.unity.modules.xr@1.0.0 (location: C:\Users\Duncan Joseph\Traversal Gameplay\Library\PackageCache\com.unity.modules.xr)
    com.unity.modules.subsystems@1.0.0 (location: C:\Users\Duncan Joseph\Traversal Gameplay\Library\PackageCache\com.unity.modules.subsystems)
    com.unity.modules.hierarchycore@1.0.0 (location: C:\Users\Duncan Joseph\Traversal Gameplay\Library\PackageCache\com.unity.modules.hierarchycore)
    com.unity.ext.nunit@2.1.0 (location: C:\Users\Duncan Joseph\Traversal Gameplay\Library\PackageCache\com.unity.ext.nunit@0198eae3b53e)
    com.unity.render-pipelines.core@17.6.0 (location: C:\Users\Duncan Joseph\Traversal Gameplay\Library\PackageCache\com.unity.render-pipelines.core@2d66c71e606e)
    com.unity.shadergraph@17.6.0 (location: C:\Users\Duncan Joseph\Traversal Gameplay\Library\PackageCache\com.unity.shadergraph@ef6135652377)
    com.unity.render-pipelines.universal-config@17.6.0 (location: C:\Users\Duncan Joseph\Traversal Gameplay\Library\PackageCache\com.unity.render-pipelines.universal-config@561422b74439)
    com.unity.graph-authoring@1.0.0 (location: C:\Users\Duncan Joseph\Traversal Gameplay\Library\PackageCache\com.unity.graph-authoring@cfd2588851ee)
    com.unity.burst@2.0.0 (location: C:\Users\Duncan Joseph\Traversal Gameplay\Library\PackageCache\com.unity.burst@626e66ab421b)
    com.unity.collections@6.6.0 (location: C:\Users\Duncan Joseph\Traversal Gameplay\Library\PackageCache\com.unity.collections@10fff0607388)
    com.unity.test-framework.performance@6.6.0 (location: C:\Users\Duncan Joseph\Traversal Gameplay\Library\PackageCache\com.unity.test-framework.performance@0a60b857a52e)
[Subsystems] No new subsystems found in resolved package list.
[Package Manager] Done registering packages in 0.04 seconds
Starting: C:\Program Files\Unity\Hub\Editor\6000.6.0f1\Editor\Data\Tools\BuildPipeline\bee_backend.exe --ipc --defer-dag-verification --dagfile="Library/Bee/1900b0aE.dag" --continue-on-failure --profile="Library/Bee/backend1.traceevents" ScriptAssemblies
WorkingDir: C:/Users/Duncan Joseph/Traversal Gameplay
Starting: C:\Program Files\Unity\Hub\Editor\6000.6.0f1\Editor\Data\DotNetSdk\dotnet.exe "C:\Program Files\Unity\Hub\Editor\6000.6.0f1\Editor\Data\Tools\BuildPipeline\ScriptCompilationBuildProgram.exe" "Library/Bee/1900b0aE.dag.json" "Library/Bee/1900b0aE-inputdata.json" "Library\Bee\buildprogram0.traceevents"
WorkingDir: C:/Users/Duncan Joseph/Traversal Gameplay
ExitCode: 4 Duration: 0s895ms
[ 788/1069  0s] CopyFiles Library/ScriptAssemblies/Unity.Collections.CodeGen.dll
[ 789/1069  0s] CopyFiles Library/ScriptAssemblies/Unity.Collections.CodeGen.pdb
[ 790/1069  0s] CopyFiles Library/ScriptAssemblies/Unity.Rider.Editor.pdb
[ 791/1069  0s] CopyFiles Library/ScriptAssemblies/Unity.VisualStudio.Editor.dll
[ 792/1069  0s] CopyFiles Library/ScriptAssemblies/Unity.Rider.Editor.dll
[ 793/1069  0s] CopyFiles Library/ScriptAssemblies/Unity.VisualStudio.Editor.pdb
Rebuilding DAG because FileSignature timestamp changed: Library/Bee/1900b0aE-inputdata.json
[ 828/1069  0s] ILPP-Configuration Library/ilpp-configuration.nevergeneratedoutput
*** Tundra requires additional run (0.74 seconds), 7 items updated, 827 evaluated
ExitCode: 0 Duration: 1s604ms
Starting: C:\Program Files\Unity\Hub\Editor\6000.6.0f1\Editor\Data\Tools\BuildPipeline\bee_backend.exe --ipc --defer-dag-verification --dagfile="Library/Bee/1900b0aE.dag" --continue-on-failure --dagfilejson="Library\Bee\1900b0aE.dag.json" --profile="Library/Bee/backend2.traceevents" ScriptAssemblies
WorkingDir: C:/Users/Duncan Joseph/Traversal Gameplay
ExitCode: 0 Duration: 57s
Finished compiling graph: 1072 nodes, 21226 flattened edges (18018 ToBuild, 166 ToUse), maximum node priority 1142
[ 211/1069  0s] WriteText Library/Bee/artifacts/1900b0aE.dag/UnityEditor.TestRunner.rsp
[ 212/1069  0s] WriteText Library/Bee/artifacts/1900b0aE.dag/Unity.UnifiedRayTracing.Runtime.rsp
[ 216/1069  0s] WriteText Library/Bee/artifacts/1900b0aE.dag/Unity.Collections.CodeGen.rsp
[ 221/1069  0s] WriteText Library/Bee/artifacts/1900b0aE.dag/Unity.Burst.rsp
[ 222/1069  0s] WriteText Library/Bee/artifacts/1900b0aE.dag/Unity.Collections.rsp
[ 232/1069  0s] WriteText Library/Bee/artifacts/1900b0aE.dag/UnityEngine.UI.rsp
[ 239/1069  0s] WriteText Library/Bee/artifacts/1900b0aE.dag/UnityEngine.TestRunner.rsp
[ 240/1069  0s] WriteText Library/Bee/artifacts/1900b0aE.dag/Unity.InputSystem.rsp
[ 241/1069  0s] WriteText Library/Bee/artifacts/1900b0aE.dag/Unity.RenderPipelines.Core.Runtime.rsp
[ 242/1069  0s] WriteText Library/Bee/artifacts/1900b0aE.dag/Unity.Profiling.Core.rsp
[ 243/1069  0s] WriteText Library/Bee/artifacts/1900b0aE.dag/Unity.RenderPipelines.GPUDriven.Runtime.rsp
[ 252/1069  0s] WriteText Library/Bee/artifacts/1900b0aE.dag/Unity.RenderPipelines.Core.Runtime.Shared.rsp
[ 253/1069  0s] WriteText Library/Bee/artifacts/1900b0aE.dag/Unity.RenderPipeline.Universal.ShaderLibrary.rsp
[ 257/1069  0s] WriteText Library/Bee/artifacts/1900b0aE.dag/Unity.PathTracing.Runtime.rsp
[ 259/1069  0s] WriteText Library/Bee/artifacts/1900b0aE.dag/Unity.InternalAPIEngineBridge.RenderPipelines.Core.Runtime.Shared.rsp
[ 262/1069  0s] WriteText Library/Bee/artifacts/1900b0aE.dag/Unity.VisualScripting.Core.rsp
[ 263/1069  0s] WriteText Library/Bee/artifacts/1900b0aE.dag/Unity.SurfaceCache.Runtime.rsp
[ 264/1069  0s] WriteText Library/Bee/artifacts/1900b0aE.dag/UnityEditor.UI.rsp
[ 292/1069  0s] WriteText Library/Bee/artifacts/1900b0aE.dag/Unity.PathTracing.Editor.rsp
[ 293/1069  0s] WriteText Library/Bee/artifacts/1900b0aE.dag/Unity.RenderPipelines.Universal.Config.Runtime.rsp
[ 306/1069  0s] WriteText Library/Bee/artifacts/1900b0aE.dag/Unity.ProBuilder.Poly2Tri.rsp
[ 307/1069  0s] WriteText Library/Bee/artifacts/1900b0aE.dag/Unity.RenderPipelines.Universal.Runtime.rsp
[ 309/1069  0s] WriteText Library/Bee/artifacts/1900b0aE.dag/Unity.InternalAPIEngineBridge.RenderPipelines.Core.Editor.rsp
[ 310/1069  0s] WriteText Library/Bee/artifacts/1900b0aE.dag/Unity.VisualScripting.Flow.rsp
[ 313/1069  0s] WriteText Library/Bee/artifacts/1900b0aE.dag/Unity.VisualScripting.Core.Editor.rsp
[ 318/1069  0s] WriteText Library/Bee/artifacts/1900b0aE.dag/Unity.InternalAPIEngineBridge.ObjectDispatcher.Runtime.rsp
[ 321/1069  0s] WriteText Library/Bee/artifacts/1900b0aE.dag/Unity.ProBuilder.KdTree.rsp
[ 322/1069  0s] WriteText Library/Bee/artifacts/1900b0aE.dag/Unity.InternalAPIEditorBridge.ShaderGraph.Editor.rsp
[ 324/1069  0s] WriteText Library/Bee/artifacts/1900b0aE.dag/Unity.RenderPipelines.Core.Editor.rsp
[ 327/1069  0s] WriteText Library/Bee/artifacts/1900b0aE.dag/Unity.VisualScripting.State.rsp
[ 328/1069  0s] WriteText Library/Bee/artifacts/1900b0aE.dag/Unity.AI.Navigation.rsp
[ 329/1069  0s] WriteText Library/Bee/artifacts/1900b0aE.dag/Unity.GraphAuthoring.Editor.rsp
[ 333/1069  0s] WriteText Library/Bee/artifacts/1900b0aE.dag/Unity.InternalAPIEngineBridge.004.rsp
[ 352/1069  0s] WriteText Library/Bee/artifacts/1900b0aE.dag/Unity.Settings.Editor.rsp
[ 355/1069  0s] WriteText Library/Bee/artifacts/1900b0aE.dag/Unity.Searcher.Editor.rsp
[ 358/1069  0s] WriteText Library/Bee/artifacts/1900b0aE.dag/Unity.VisualScripting.Flow.Editor.rsp
[ 359/1069  0s] WriteText Library/Bee/artifacts/1900b0aE.dag/Unity.ProBuilder.Stl.rsp
[ 360/1069  0s] WriteText Library/Bee/artifacts/1900b0aE.dag/Unity.ShaderGraph.Utilities.rsp
[ 361/1069  0s] WriteText Library/Bee/artifacts/1900b0aE.dag/Unity.ProBuilder.AssetIdRemapUtility.rsp
[ 367/1069  0s] WriteText Library/Bee/artifacts/1900b0aE.dag/Unity.ProBuilder.Csg.rsp
[ 368/1069  0s] WriteText Library/Bee/artifacts/1900b0aE.dag/Unity.ProBuilder.rsp
[ 369/1069  0s] WriteText Library/Bee/artifacts/1900b0aE.dag/Unity.ProBuilder.Editor.rsp
[ 370/1069  0s] WriteText Library/Bee/artifacts/1900b0aE.dag/Unity.PlasticSCM.Editor.rsp
[ 389/1069  0s] WriteText Library/Bee/artifacts/1900b0aE.dag/Unity.ShaderGraph.Editor.rsp
[ 420/1069  0s] WriteText Library/Bee/artifacts/1900b0aE.dag/Unity.RenderPipelines.Core.Editor.Shared.rsp
[ 434/1069  0s] WriteText Library/Bee/artifacts/1900b0aE.dag/Unity.TextMeshPro.rsp
[ 435/1069  0s] WriteText Library/Bee/artifacts/1900b0aE.dag/Unity.AI.Navigation.Editor.ConversionSystem.rsp
[ 441/1069  0s] WriteText Library/Bee/artifacts/1900b0aE.dag/Unity.InputSystem.ForUI.rsp
[ 442/1069  0s] WriteText Library/Bee/artifacts/1900b0aE.dag/Unity.VisualScripting.State.Editor.rsp
[ 443/1069  0s] WriteText Library/Bee/artifacts/1900b0aE.dag/Unity.RenderPipelines.Universal.2D.Runtime.rsp
[ 444/1069  0s] WriteText Library/Bee/artifacts/1900b0aE.dag/Unity.AI.Navigation.Editor.rsp
[ 445/1069  0s] WriteText Library/Bee/artifacts/1900b0aE.dag/Unity.RenderPipelines.ShaderGraph.ShaderGraphLibrary.rsp
[ 446/1069  0s] WriteText Library/Bee/artifacts/1900b0aE.dag/Unity.VisualStudio.Editor.rsp
[ 447/1069  0s] WriteText Library/Bee/artifacts/1900b0aE.dag/Unity.Timeline.rsp
[ 448/1069  0s] WriteText Library/Bee/artifacts/1900b0aE.dag/Unity.Rider.Editor.rsp
[ 449/1069  0s] WriteText Library/Bee/artifacts/1900b0aE.dag/Unity.InputSystem.ForUI.Editor.rsp
[ 450/1069  0s] WriteText Library/Bee/artifacts/1900b0aE.dag/Unity.Collections.Tests.CoreCLR.ProtectedJobNested.rsp
[ 451/1069  0s] WriteText Library/Bee/artifacts/1900b0aE.dag/Unity.RenderPipelines.Universal.2D.Editor.Overrides.rsp
[ 452/1069  0s] WriteText Library/Bee/artifacts/1900b0aE.dag/Unity.Rendering.LightTransport.Editor.rsp
[ 453/1069  0s] WriteText Library/Bee/artifacts/1900b0aE.dag/Unity.RenderPipelines.Universal.Editor.rsp
[ 454/1069  0s] WriteText Library/Bee/artifacts/1900b0aE.dag/Unity.PlasticSCM.Editor.Assistant.rsp
[ 455/1069  0s] WriteText Library/Bee/artifacts/1900b0aE.dag/Unity.ProBuilder.AddOns.Editor.rsp
[ 456/1069  0s] WriteText Library/Bee/artifacts/1900b0aE.dag/Unity.RenderPipelines.Universal.Shaders.rsp
[ 457/1069  0s] WriteText Library/Bee/artifacts/1900b0aE.dag/Unity.Timeline.Editor.rsp
[ 458/1069  0s] WriteText Library/Bee/artifacts/1900b0aE.dag/Unity.TextMeshPro.Editor.rsp
[ 462/1069  0s] WriteText Library/Bee/artifacts/1900b0aE.dag/Unity.VisualScripting.SettingsProvider.Editor.rsp
[ 465/1069  0s] WriteText Library/Bee/artifacts/1900b0aE.dag/Unity.RenderPipelines.Core.ShaderLibrary.rsp
[ 478/1069  0s] WriteText Library/Bee/artifacts/1900b0aE.dag/UnityEditor.UI.Analytics.rsp
[ 480/1069  0s] WriteText Library/Bee/artifacts/1900b0aE.dag/Unity.Collections.Tests.CoreCLR.PublicJobPrivateGeneric.rsp
[ 488/1069  0s] WriteText Library/Bee/artifacts/1900b0aE.dag/Unity.VisualScripting.Shared.Editor.rsp
[ 491/1069  0s] WriteText Library/Bee/artifacts/1900b0aE.dag/Unity.AI.Navigation.Updater.rsp
[ 492/1069  0s] WriteText Library/Bee/artifacts/1900b0aE.dag/Unity.Collections.Editor.rsp
[ 493/1069  0s] WriteText Library/Bee/artifacts/1900b0aE.dag/Unity.Collections.Tests.CoreCLR.PrivateJobNested.rsp
[ 494/1069  0s] WriteText Library/Bee/artifacts/1900b0aE.dag/Unity.Collections.Tests.CoreCLR.InternalJobNestedPrivate.rsp
[ 495/1069  0s] WriteText Library/Bee/artifacts/1900b0aE.dag/Unity.VisualScripting.DocCodeExamples.rsp
[ 496/1069  0s] WriteText Library/Bee/artifacts/1900b0aE.dag/Unity.PerformanceTesting.rsp
[ 497/1069  0s] WriteText Library/Bee/artifacts/1900b0aE.dag/Unity.InputSystem.TestFramework.rsp
[ 498/1069  0s] WriteText Library/Bee/artifacts/1900b0aE.dag/Assembly-CSharp.rsp
[ 499/1069  0s] WriteText Library/Bee/artifacts/1900b0aE.dag/Unity.InputSystem.DocCodeSamples.rsp
[ 500/1069  0s] WriteResponseFile Library/Bee/artifacts/rsp/14832617886295879631.rsp
[ 501/1069  0s] WriteText Library/Bee/artifacts/1900b0aE.dag/Unity.PlasticSCM.Editor.Entities.rsp
[ 502/1069  0s] WriteResponseFile Library/Bee/artifacts/rsp/1418726328684876121.rsp
[ 503/1069  0s] WriteText Library/Bee/artifacts/1900b0aE.dag/Unity.CollabProxy.Editor.rsp
[ 504/1069  0s] WriteText Library/Bee/artifacts/1900b0aE.dag/Unity.PerformanceTesting.Editor.rsp
[ 505/1069  0s] WriteResponseFile Library/Bee/artifacts/rsp/371313552957789180.rsp
[ 506/1069  0s] WriteResponseFile Library/Bee/artifacts/rsp/3232911574759799904.rsp
[ 507/1069  0s] WriteResponseFile Library/Bee/artifacts/rsp/9870516708743257357.rsp
[ 508/1069  0s] WriteResponseFile Library/Bee/artifacts/rsp/5803490648119114145.rsp
[ 509/1069  0s] WriteResponseFile Library/Bee/artifacts/rsp/8899139255040401798.rsp
[ 510/1069  0s] WriteResponseFile Library/Bee/artifacts/rsp/4014436084419441659.rsp
[ 511/1069  0s] WriteResponseFile Library/Bee/artifacts/rsp/10745884157788120225.rsp
[ 512/1069  0s] WriteText Library/Bee/artifacts/1900b0aE.dag/Assembly-CSharp-Editor.rsp
[ 513/1069  0s] WriteResponseFile Library/Bee/artifacts/rsp/5249134988916615986.rsp
[ 514/1069  0s] WriteResponseFile Library/Bee/artifacts/rsp/17346584914308636752.rsp
[ 515/1069  0s] WriteResponseFile Library/Bee/artifacts/rsp/18218310762646611085.rsp
[ 516/1069  0s] WriteResponseFile Library/Bee/artifacts/rsp/13909235412005675431.rsp
[ 517/1069  0s] WriteResponseFile Library/Bee/artifacts/rsp/15966515983506956808.rsp
[ 518/1069  0s] WriteResponseFile Library/Bee/artifacts/rsp/9231891881196895936.rsp
[ 519/1069  0s] WriteResponseFile Library/Bee/artifacts/rsp/7606483801609891643.rsp
[ 520/1069  0s] WriteResponseFile Library/Bee/artifacts/rsp/5658204686568100546.rsp
[ 521/1069  0s] WriteResponseFile Library/Bee/artifacts/rsp/11294775302662683298.rsp
[ 522/1069  0s] WriteResponseFile Library/Bee/artifacts/rsp/2897256077774953845.rsp
[ 523/1069  0s] WriteResponseFile Library/Bee/artifacts/rsp/15183482696195477058.rsp
[ 524/1069  0s] WriteResponseFile Library/Bee/artifacts/rsp/17525389461119239690.rsp
[ 525/1069  0s] WriteResponseFile Library/Bee/artifacts/rsp/9362519405459664194.rsp
[ 526/1069  0s] WriteResponseFile Library/Bee/artifacts/rsp/2157608619508796868.rsp
[ 527/1069  0s] WriteResponseFile Library/Bee/artifacts/rsp/10678863128556690338.rsp
[ 528/1069  0s] WriteResponseFile Library/Bee/artifacts/rsp/13470454050998269204.rsp
[ 529/1069  0s] WriteResponseFile Library/Bee/artifacts/rsp/3064155424177982801.rsp
[ 530/1069  0s] WriteResponseFile Library/Bee/artifacts/rsp/4691676790321305727.rsp
[ 531/1069  0s] WriteResponseFile Library/Bee/artifacts/rsp/5546506141355401238.rsp
[ 532/1069  0s] WriteResponseFile Library/Bee/artifacts/rsp/1237274906319909237.rsp
[ 533/1069  0s] WriteResponseFile Library/Bee/artifacts/rsp/1478594098268573080.rsp
[ 534/1069  0s] WriteResponseFile Library/Bee/artifacts/rsp/10571807241835812913.rsp
[ 535/1069  0s] WriteResponseFile Library/Bee/artifacts/rsp/10010842633742469623.rsp
[ 536/1069  0s] WriteResponseFile Library/Bee/artifacts/rsp/14316143403170570236.rsp
[ 537/1069  0s] WriteResponseFile Library/Bee/artifacts/rsp/3071285868016441895.rsp
[ 538/1069  0s] WriteResponseFile Library/Bee/artifacts/rsp/10882039081662076641.rsp
[ 539/1069  0s] WriteResponseFile Library/Bee/artifacts/rsp/12912871946893575143.rsp
[ 540/1069  0s] WriteResponseFile Library/Bee/artifacts/rsp/10411718816959651794.rsp
[ 541/1069  0s] WriteResponseFile Library/Bee/artifacts/rsp/13686715218353603589.rsp
[ 542/1069  0s] WriteResponseFile Library/Bee/artifacts/rsp/11787665206494273547.rsp
[ 543/1069  0s] WriteResponseFile Library/Bee/artifacts/rsp/9822160241446076777.rsp
[ 544/1069  0s] WriteResponseFile Library/Bee/artifacts/rsp/15085861467720516389.rsp
[ 545/1069  0s] WriteResponseFile Library/Bee/artifacts/rsp/12900333509587573630.rsp
[ 546/1069  0s] WriteResponseFile Library/Bee/artifacts/rsp/10397561839769426034.rsp
[ 547/1069  0s] WriteResponseFile Library/Bee/artifacts/rsp/6083568660615989563.rsp
[ 548/1069  0s] WriteResponseFile Library/Bee/artifacts/rsp/14402696373757716438.rsp
[ 549/1069  0s] WriteResponseFile Library/Bee/artifacts/rsp/11820488456832421373.rsp
[ 550/1069  0s] WriteResponseFile Library/Bee/artifacts/rsp/17723086061372457914.rsp
[ 551/1069  0s] WriteResponseFile Library/Bee/artifacts/rsp/5652260764500437206.rsp
[ 552/1069  0s] WriteResponseFile Library/Bee/artifacts/rsp/14022153576099422025.rsp
[ 553/1069  0s] WriteResponseFile Library/Bee/artifacts/rsp/1723042715960067801.rsp
[ 554/1069  0s] WriteResponseFile Library/Bee/artifacts/rsp/9111662996337956171.rsp
[ 555/1069  0s] WriteResponseFile Library/Bee/artifacts/rsp/5440508632015449564.rsp
[ 556/1069  0s] WriteResponseFile Library/Bee/artifacts/rsp/16285879237017002407.rsp
[ 557/1069  0s] WriteResponseFile Library/Bee/artifacts/rsp/12812556936427222528.rsp
[ 558/1069  0s] WriteResponseFile Library/Bee/artifacts/rsp/15154896315304165303.rsp
[ 559/1069  0s] WriteResponseFile Library/Bee/artifacts/rsp/9703144790800738880.rsp
[ 560/1069  0s] WriteResponseFile Library/Bee/artifacts/rsp/2655319114021734818.rsp
[ 561/1069  0s] WriteResponseFile Library/Bee/artifacts/rsp/6841316898876630997.rsp
[ 562/1069  0s] WriteResponseFile Library/Bee/artifacts/rsp/6413563044966999158.rsp
[ 563/1069  0s] WriteResponseFile Library/Bee/artifacts/rsp/17296387151066238333.rsp
[ 564/1069  0s] WriteResponseFile Library/Bee/artifacts/rsp/4772145154433932943.rsp
[ 565/1069  0s] WriteResponseFile Library/Bee/artifacts/rsp/8863518860715653438.rsp
[ 566/1069  0s] WriteResponseFile Library/Bee/artifacts/rsp/6262281476893245489.rsp
[ 567/1069  0s] WriteResponseFile Library/Bee/artifacts/rsp/14776904114713646495.rsp
[ 568/1069  0s] WriteResponseFile Library/Bee/artifacts/rsp/2781082588993088484.rsp
[ 569/1069  0s] WriteResponseFile Library/Bee/artifacts/rsp/2400031028012695012.rsp
[ 570/1069  0s] WriteResponseFile Library/Bee/artifacts/rsp/2240406767038398906.rsp
[ 571/1069  0s] WriteResponseFile Library/Bee/artifacts/rsp/7759033573704817190.rsp
[ 572/1069  0s] WriteResponseFile Library/Bee/artifacts/rsp/3938377011463375229.rsp
[ 573/1069  0s] WriteResponseFile Library/Bee/artifacts/rsp/3388064732626934676.rsp
[ 574/1069  0s] WriteResponseFile Library/Bee/artifacts/rsp/15183149355271759364.rsp
[ 575/1069  0s] WriteResponseFile Library/Bee/artifacts/rsp/9675442845102135732.rsp
[ 576/1069  0s] WriteResponseFile Library/Bee/artifacts/rsp/15312589170787849123.rsp
[ 577/1069  0s] WriteResponseFile Library/Bee/artifacts/rsp/1488387367365330867.rsp
[ 578/1069  0s] WriteResponseFile Library/Bee/artifacts/rsp/14566447020836459352.rsp
[ 579/1069  0s] WriteResponseFile Library/Bee/artifacts/rsp/2953117779104569460.rsp
[ 580/1069  0s] WriteResponseFile Library/Bee/artifacts/rsp/15394042617203071315.rsp
[ 581/1069  0s] WriteResponseFile Library/Bee/artifacts/rsp/9963604852455136489.rsp
[ 582/1069  0s] WriteResponseFile Library/Bee/artifacts/rsp/1177933628359149393.rsp
[ 583/1069  0s] WriteResponseFile Library/Bee/artifacts/rsp/10292501669419677951.rsp
[           0s] Csc Library/Bee/artifacts/1900b0aE.dag/UnityEngine.TestRunner.dll (+2 others) [CacheMiss e90b49be11ca04234ddbc68eb7409bc500000000000000000000000000000006]
[           0s] Csc Library/Bee/artifacts/1900b0aE.dag/UnityEngine.UI.dll (+2 others) [CacheMiss e7e64dc55a0ff4cc6df41a411471fbf000000000000000000000000000000006]
[ 584/1069  3s] Csc Library/Bee/artifacts/1900b0aE.dag/UnityEngine.TestRunner.dll (+2 others)
[ 585/1069  3s] Csc Library/Bee/artifacts/1900b0aE.dag/UnityEngine.UI.dll (+2 others)
[           0s] Csc Library/Bee/artifacts/1900b0aE.dag/UnityEngine.TestRunner.dll (+2 others) [CacheWrite e90b49be11ca04234ddbc68eb7409bc500000000000000000000000000000006]
[           0s] Csc Library/Bee/artifacts/1900b0aE.dag/UnityEngine.UI.dll (+2 others) [CacheWrite e7e64dc55a0ff4cc6df41a411471fbf000000000000000000000000000000006]
[           0s] Csc Library/Bee/artifacts/1900b0aE.dag/UnityEditor.TestRunner.dll (+2 others) [CacheMiss 48562ae9eecfdc12c0fc8952809f419e00000000000000000000000000000006]
[ 589/1069  5s] Csc Library/Bee/artifacts/1900b0aE.dag/UnityEditor.TestRunner.dll (+2 others)
[           0s] Csc Library/Bee/artifacts/1900b0aE.dag/UnityEditor.TestRunner.dll (+2 others) [CacheWrite 48562ae9eecfdc12c0fc8952809f419e00000000000000000000000000000006]
[           0s] Csc Library/Bee/artifacts/1900b0aE.dag/UnityEditor.UI.dll (+2 others) [CacheMiss 30def52692783f257cc092de2b2ef8c800000000000000000000000000000006]
[ 592/1069  0s] Csc Library/Bee/artifacts/1900b0aE.dag/UnityEditor.UI.dll (+2 others)
[           0s] Csc Library/Bee/artifacts/1900b0aE.dag/UnityEditor.UI.dll (+2 others) [CacheWrite 30def52692783f257cc092de2b2ef8c800000000000000000000000000000006]
[           0s] Csc Library/Bee/artifacts/1900b0aE.dag/Unity.InternalAPIEngineBridge.RenderPipelines.Core.Editor.dll (+2 others) [CacheMiss d3bd8fac01e775c628aa8d8221441b0d00000000000000000000000000000006]
[           0s] Csc Library/Bee/artifacts/1900b0aE.dag/Unity.ProBuilder.Poly2Tri.dll (+2 others) [CacheMiss e7cb6d370b17d7b00eab2720814933ea00000000000000000000000000000006]
[           0s] Csc Library/Bee/artifacts/1900b0aE.dag/Unity.InternalAPIEditorBridge.ShaderGraph.Editor.dll (+2 others) [CacheMiss d3fc330853cbd97d9515a4913d8ec15000000000000000000000000000000006]
[           0s] Csc Library/Bee/artifacts/1900b0aE.dag/Unity.InternalAPIEngineBridge.004.dll (+2 others) [CacheMiss 2d344bddc6b2024575085dd00c93867700000000000000000000000000000006]
[           0s] Csc Library/Bee/artifacts/1900b0aE.dag/Unity.Burst.dll (+2 others) [CacheMiss 36da8d8ef1f1e009148368c8dd23e6fe00000000000000000000000000000006]
[           0s] Csc Library/Bee/artifacts/1900b0aE.dag/Unity.InternalAPIEngineBridge.ObjectDispatcher.Runtime.dll (+2 others) [CacheMiss e8146419f03a68d25af9fc116eda50b500000000000000000000000000000006]
[           0s] Csc Library/Bee/artifacts/1900b0aE.dag/Unity.InputSystem.dll (+2 others) [CacheMiss 89ad4e8c6e0b9c2c32c24d8d679b235d00000000000000000000000000000006]
[           0s] Csc Library/Bee/artifacts/1900b0aE.dag/Unity.Profiling.Core.dll (+2 others) [CacheMiss 794b48c04a29f568de7894b40e4f9c0400000000000000000000000000000006]
[           0s] Csc Library/Bee/artifacts/1900b0aE.dag/Unity.InternalAPIEngineBridge.RenderPipelines.Core.Runtime.Shared.dll (+2 others) [CacheMiss bcd9eb0b6b8fbd10f607ec8979b778d800000000000000000000000000000006]
[           0s] Csc Library/Bee/artifacts/1900b0aE.dag/Unity.GraphAuthoring.Editor.dll (+2 others) [CacheMiss 0321478b2c7a37bc2c1488ddf8780ffe00000000000000000000000000000006]
[           0s] Csc Library/Bee/artifacts/1900b0aE.dag/Unity.Searcher.Editor.dll (+2 others) [CacheMiss 6cf30531f3b936ff2eb281ee3dcb7b8300000000000000000000000000000006]
[           0s] Csc Library/Bee/artifacts/1900b0aE.dag/Unity.ProBuilder.KdTree.dll (+2 others) [CacheMiss 3b5e17345312e75c56e83878aa5c8de800000000000000000000000000000006]
[ 606/1069  1s] Csc Library/Bee/artifacts/1900b0aE.dag/Unity.InternalAPIEngineBridge.004.dll (+2 others)
[ 607/1069  1s] Csc Library/Bee/artifacts/1900b0aE.dag/Unity.InternalAPIEngineBridge.RenderPipelines.Core.Editor.dll (+2 others)
[ 608/1069  1s] Csc Library/Bee/artifacts/1900b0aE.dag/Unity.Burst.dll (+2 others)
[ 609/1069  1s] Csc Library/Bee/artifacts/1900b0aE.dag/Unity.InternalAPIEngineBridge.ObjectDispatcher.Runtime.dll (+2 others)
[ 610/1069  1s] Csc Library/Bee/artifacts/1900b0aE.dag/Unity.InternalAPIEngineBridge.RenderPipelines.Core.Runtime.Shared.dll (+2 others)
[ 611/1069  1s] Csc Library/Bee/artifacts/1900b0aE.dag/Unity.InternalAPIEditorBridge.ShaderGraph.Editor.dll (+2 others)
[ 612/1069  1s] Csc Library/Bee/artifacts/1900b0aE.dag/Unity.Profiling.Core.dll (+2 others)
[           0s] Csc Library/Bee/artifacts/1900b0aE.dag/Unity.Burst.dll (+2 others) [CacheWrite 36da8d8ef1f1e009148368c8dd23e6fe00000000000000000000000000000006]
[           0s] Csc Library/Bee/artifacts/1900b0aE.dag/Unity.InternalAPIEngineBridge.004.dll (+2 others) [CacheWrite 2d344bddc6b2024575085dd00c93867700000000000000000000000000000006]
[           0s] Csc Library/Bee/artifacts/1900b0aE.dag/Unity.InternalAPIEngineBridge.RenderPipelines.Core.Editor.dll (+2 others) [CacheWrite d3bd8fac01e775c628aa8d8221441b0d00000000000000000000000000000006]
[           0s] Csc Library/Bee/artifacts/1900b0aE.dag/Unity.InternalAPIEngineBridge.RenderPipelines.Core.Runtime.Shared.dll (+2 others) [CacheWrite bcd9eb0b6b8fbd10f607ec8979b778d800000000000000000000000000000006]
[           0s] Csc Library/Bee/artifacts/1900b0aE.dag/Unity.InternalAPIEngineBridge.ObjectDispatcher.Runtime.dll (+2 others) [CacheWrite e8146419f03a68d25af9fc116eda50b500000000000000000000000000000006]
[           0s] Csc Library/Bee/artifacts/1900b0aE.dag/Unity.Profiling.Core.dll (+2 others) [CacheWrite 794b48c04a29f568de7894b40e4f9c0400000000000000000000000000000006]
[           0s] Csc Library/Bee/artifacts/1900b0aE.dag/Unity.InternalAPIEditorBridge.ShaderGraph.Editor.dll (+2 others) [CacheWrite d3fc330853cbd97d9515a4913d8ec15000000000000000000000000000000006]
[           0s] Csc Library/Bee/artifacts/1900b0aE.dag/Unity.AI.Navigation.dll (+2 others) [CacheMiss 0c7af7386eab785f0648a813d9500ff100000000000000000000000000000006]
[ 626/1069  1s] Csc Library/Bee/artifacts/1900b0aE.dag/Unity.ProBuilder.KdTree.dll (+2 others)
[           0s] Csc Library/Bee/artifacts/1900b0aE.dag/Unity.Settings.Editor.dll (+2 others) [CacheMiss 019151b9b817202efd76683bef8b7e1500000000000000000000000000000006]
[           0s] Csc Library/Bee/artifacts/1900b0aE.dag/Unity.ShaderGraph.Utilities.dll (+2 others) [CacheMiss 9fb32c2021bc04c83d0408414989821c00000000000000000000000000000006]
[           0s] Csc Library/Bee/artifacts/1900b0aE.dag/Unity.AI.Navigation.Editor.ConversionSystem.dll (+2 others) [CacheMiss ed9dd13ebde4af370b7e0303e429fbda00000000000000000000000000000006]
[           0s] Csc Library/Bee/artifacts/1900b0aE.dag/Unity.Collections.dll (+2 others) [CacheMiss e18ce5aef29a0e7e499389b853f96c8500000000000000000000000000000006]
[           0s] Csc Library/Bee/artifacts/1900b0aE.dag/Unity.ProBuilder.AssetIdRemapUtility.dll (+2 others) [CacheMiss 0ed4574eecccb4dbe8cdabd6315d8d6e00000000000000000000000000000006]
[ 627/1069  2s] Csc Library/Bee/artifacts/1900b0aE.dag/Unity.ProBuilder.Poly2Tri.dll (+2 others)
[           0s] Csc Library/Bee/artifacts/1900b0aE.dag/Unity.ProBuilder.KdTree.dll (+2 others) [CacheWrite 3b5e17345312e75c56e83878aa5c8de800000000000000000000000000000006]
[           0s] Csc Library/Bee/artifacts/1900b0aE.dag/Unity.ProBuilder.Stl.dll (+2 others) [CacheMiss 4dcbeae8caf58991f8dec7680fd55c4300000000000000000000000000000006]
[           0s] Csc Library/Bee/artifacts/1900b0aE.dag/Unity.ProBuilder.Poly2Tri.dll (+2 others) [CacheWrite e7cb6d370b17d7b00eab2720814933ea00000000000000000000000000000006]
[ 629/1069  2s] Csc Library/Bee/artifacts/1900b0aE.dag/Unity.Searcher.Editor.dll (+2 others)
[ 634/1069  2s] Csc Library/Bee/artifacts/1900b0aE.dag/Unity.GraphAuthoring.Editor.dll (+2 others)
[           0s] Csc Library/Bee/artifacts/1900b0aE.dag/Unity.ProBuilder.Csg.dll (+2 others) [CacheMiss 2521bfa65a1148c6042ddc145f3641e300000000000000000000000000000006]
[           0s] Csc Library/Bee/artifacts/1900b0aE.dag/Unity.Searcher.Editor.dll (+2 others) [CacheWrite 6cf30531f3b936ff2eb281ee3dcb7b8300000000000000000000000000000006]
[           0s] Csc Library/Bee/artifacts/1900b0aE.dag/Unity.GraphAuthoring.Editor.dll (+2 others) [CacheWrite 0321478b2c7a37bc2c1488ddf8780ffe00000000000000000000000000000006]
[           0s] Csc Library/Bee/artifacts/1900b0aE.dag/Unity.PlasticSCM.Editor.dll (+2 others) [CacheMiss 980196089b02f1522ebbe44dcdf845d200000000000000000000000000000006]
[           0s] Csc Library/Bee/artifacts/1900b0aE.dag/Unity.Timeline.dll (+2 others) [CacheMiss ecd6cac8c71ecf04c884bad925f9cea200000000000000000000000000000006]
[           0s] Csc Library/Bee/artifacts/1900b0aE.dag/Unity.TextMeshPro.dll (+2 others) [CacheMiss 267a543ebf9d9213be0184a2db9b9cdb00000000000000000000000000000006]
[ 639/1069  0s] Csc Library/Bee/artifacts/1900b0aE.dag/Unity.ShaderGraph.Utilities.dll (+2 others)
[ 640/1069  1s] Csc Library/Bee/artifacts/1900b0aE.dag/Unity.AI.Navigation.dll (+2 others)
[ 641/1069  1s] Csc Library/Bee/artifacts/1900b0aE.dag/Unity.AI.Navigation.Editor.ConversionSystem.dll (+2 others)
[ 642/1069  0s] Csc Library/Bee/artifacts/1900b0aE.dag/Unity.ProBuilder.Stl.dll (+2 others)
[           0s] Csc Library/Bee/artifacts/1900b0aE.dag/Unity.ShaderGraph.Utilities.dll (+2 others) [CacheWrite 9fb32c2021bc04c83d0408414989821c00000000000000000000000000000006]
[           0s] Csc Library/Bee/artifacts/1900b0aE.dag/Unity.AI.Navigation.dll (+2 others) [CacheWrite 0c7af7386eab785f0648a813d9500ff100000000000000000000000000000006]
[ 651/1069  1s] Csc Library/Bee/artifacts/1900b0aE.dag/Unity.ProBuilder.AssetIdRemapUtility.dll (+2 others)
[           0s] Csc Library/Bee/artifacts/1900b0aE.dag/Unity.ProBuilder.Stl.dll (+2 others) [CacheWrite 4dcbeae8caf58991f8dec7680fd55c4300000000000000000000000000000006]
[           0s] Csc Library/Bee/artifacts/1900b0aE.dag/Unity.AI.Navigation.Editor.ConversionSystem.dll (+2 others) [CacheWrite ed9dd13ebde4af370b7e0303e429fbda00000000000000000000000000000006]
[ 655/1069  1s] Csc Library/Bee/artifacts/1900b0aE.dag/Unity.Settings.Editor.dll (+2 others)
[           0s] Csc Library/Bee/artifacts/1900b0aE.dag/Unity.VisualStudio.Editor.dll (+2 others) [CacheMiss 545575d1f6b2a12d518486139ce3dc0b00000000000000000000000000000006]
[           0s] Csc Library/Bee/artifacts/1900b0aE.dag/Unity.ProBuilder.AssetIdRemapUtility.dll (+2 others) [CacheWrite 0ed4574eecccb4dbe8cdabd6315d8d6e00000000000000000000000000000006]
[           0s] Csc Library/Bee/artifacts/1900b0aE.dag/Unity.Rider.Editor.dll (+2 others) [CacheMiss 60d2a9b403cb1905fd80c2f31e61e31b00000000000000000000000000000006]
[           0s] Csc Library/Bee/artifacts/1900b0aE.dag/Unity.RenderPipelines.ShaderGraph.ShaderGraphLibrary.dll (+2 others) [CacheMiss f6f2d709cba5d7c54cd66ecdfb8c50f800000000000000000000000000000006]
[           0s] Csc Library/Bee/artifacts/1900b0aE.dag/Unity.AI.Navigation.Editor.dll (+2 others) [CacheMiss 56dc9c456d9afa11c8d5083ed9e8201800000000000000000000000000000006]
[           0s] Csc Library/Bee/artifacts/1900b0aE.dag/Unity.Settings.Editor.dll (+2 others) [CacheWrite 019151b9b817202efd76683bef8b7e1500000000000000000000000000000006]
[           0s] Csc Library/Bee/artifacts/1900b0aE.dag/Unity.RenderPipelines.Core.ShaderLibrary.dll (+2 others) [CacheMiss 441c63bd6568426aed72dde5c73471c600000000000000000000000000000006]
[           0s] Csc Library/Bee/artifacts/1900b0aE.dag/Unity.RenderPipelines.Universal.Shaders.dll (+2 others) [CacheMiss 2608c147aaa06a8bc2f52a5967cfd56900000000000000000000000000000006]
[ 658/1069  2s] Csc Library/Bee/artifacts/1900b0aE.dag/Unity.ProBuilder.Csg.dll (+2 others)
[           0s] Csc Library/Bee/artifacts/1900b0aE.dag/Unity.ProBuilder.Csg.dll (+2 others) [CacheWrite 2521bfa65a1148c6042ddc145f3641e300000000000000000000000000000006]
[           0s] Csc Library/Bee/artifacts/1900b0aE.dag/Unity.Rendering.LightTransport.Editor.dll (+2 others) [CacheMiss 1bdd599c0a649683c6dc6036d10338a400000000000000000000000000000006]
[ 660/1069  1s] Csc Library/Bee/artifacts/1900b0aE.dag/Unity.RenderPipelines.ShaderGraph.ShaderGraphLibrary.dll (+2 others)
[           0s] Csc Library/Bee/artifacts/1900b0aE.dag/Unity.RenderPipelines.ShaderGraph.ShaderGraphLibrary.dll (+2 others) [CacheWrite f6f2d709cba5d7c54cd66ecdfb8c50f800000000000000000000000000000006]
[ 661/1069  1s] Csc Library/Bee/artifacts/1900b0aE.dag/Unity.RenderPipelines.Universal.Shaders.dll (+2 others)
[ 662/1069  1s] Csc Library/Bee/artifacts/1900b0aE.dag/Unity.RenderPipelines.Core.ShaderLibrary.dll (+2 others)
[           0s] Csc Library/Bee/artifacts/1900b0aE.dag/Unity.RenderPipelines.Universal.Shaders.dll (+2 others) [CacheWrite 2608c147aaa06a8bc2f52a5967cfd56900000000000000000000000000000006]
[           0s] Csc Library/Bee/artifacts/1900b0aE.dag/Unity.RenderPipelines.Core.ShaderLibrary.dll (+2 others) [CacheWrite 441c63bd6568426aed72dde5c73471c600000000000000000000000000000006]
[           0s] Csc Library/Bee/artifacts/1900b0aE.dag/Unity.PerformanceTesting.dll (+2 others) [CacheMiss 43af9139134590fb20e8673f59184f5500000000000000000000000000000006]
[ 667/1069  1s] Csc Library/Bee/artifacts/1900b0aE.dag/Unity.AI.Navigation.Editor.dll (+2 others)
[           0s] Csc Library/Bee/artifacts/1900b0aE.dag/Unity.AI.Navigation.Editor.dll (+2 others) [CacheWrite 56dc9c456d9afa11c8d5083ed9e8201800000000000000000000000000000006]
[ 670/1069  2s] Csc Library/Bee/artifacts/1900b0aE.dag/Unity.Rider.Editor.dll (+2 others)
[           0s] Csc Library/Bee/artifacts/1900b0aE.dag/Unity.AI.Navigation.Updater.dll (+2 others) [CacheMiss e5d4a090e7d97be78be3663fd0808cfa00000000000000000000000000000006]
[           0s] Csc Library/Bee/artifacts/1900b0aE.dag/Unity.Rider.Editor.dll (+2 others) [CacheWrite 60d2a9b403cb1905fd80c2f31e61e31b00000000000000000000000000000006]
[ 671/1069  0s] Csc Library/Bee/artifacts/1900b0aE.dag/Unity.Rendering.LightTransport.Editor.dll (+2 others)
[ 673/1069  0s] CopyFiles Library/ScriptAssemblies/Unity.Rider.Editor.pdb
[ 674/1069  0s] CopyFiles Library/ScriptAssemblies/Unity.Rider.Editor.dll
[           0s] Csc Library/Bee/artifacts/1900b0aE.dag/Unity.Rendering.LightTransport.Editor.dll (+2 others) [CacheWrite 1bdd599c0a649683c6dc6036d10338a400000000000000000000000000000006]
[ 676/1069  2s] Csc Library/Bee/artifacts/1900b0aE.dag/Unity.VisualStudio.Editor.dll (+2 others)
[ 677/1069  3s] Csc Library/Bee/artifacts/1900b0aE.dag/Unity.Timeline.dll (+2 others)
[           0s] Csc Library/Bee/artifacts/1900b0aE.dag/Unity.VisualStudio.Editor.dll (+2 others) [CacheWrite 545575d1f6b2a12d518486139ce3dc0b00000000000000000000000000000006]
[           0s] Csc Library/Bee/artifacts/1900b0aE.dag/Unity.Timeline.dll (+2 others) [CacheWrite ecd6cac8c71ecf04c884bad925f9cea200000000000000000000000000000006]
[ 679/1069  0s] CopyFiles Library/ScriptAssemblies/Unity.VisualStudio.Editor.dll
[ 680/1069  0s] CopyFiles Library/ScriptAssemblies/Unity.VisualStudio.Editor.pdb
[           0s] Csc Library/Bee/artifacts/1900b0aE.dag/Unity.Timeline.Editor.dll (+2 others) [CacheMiss 149653a42cf8e33198f10b7614ca7c8500000000000000000000000000000006]
[ 683/1069  1s] Csc Library/Bee/artifacts/1900b0aE.dag/Unity.PerformanceTesting.dll (+2 others)
[ 684/1069  1s] Csc Library/Bee/artifacts/1900b0aE.dag/Unity.AI.Navigation.Updater.dll (+2 others)
[           0s] Csc Library/Bee/artifacts/1900b0aE.dag/Unity.PerformanceTesting.dll (+2 others) [CacheWrite 43af9139134590fb20e8673f59184f5500000000000000000000000000000006]
[           0s] Csc Library/Bee/artifacts/1900b0aE.dag/Unity.AI.Navigation.Updater.dll (+2 others) [CacheWrite e5d4a090e7d97be78be3663fd0808cfa00000000000000000000000000000006]
[           0s] Csc Library/Bee/artifacts/1900b0aE.dag/Unity.PerformanceTesting.Editor.dll (+2 others) [CacheMiss b89264358b2648e53679bcbefd11468b00000000000000000000000000000006]
[ 688/1069  7s] Csc Library/Bee/artifacts/1900b0aE.dag/Unity.TextMeshPro.dll (+2 others)
[           0s] Csc Library/Bee/artifacts/1900b0aE.dag/Unity.TextMeshPro.dll (+2 others) [CacheWrite 267a543ebf9d9213be0184a2db9b9cdb00000000000000000000000000000006]
[           0s] Csc Library/Bee/artifacts/1900b0aE.dag/UnityEditor.UI.Analytics.dll (+2 others) [CacheMiss 31bb9e68e6d15d3ede10a21ece515bc000000000000000000000000000000006]
[ 691/1069  3s] Csc Library/Bee/artifacts/1900b0aE.dag/Unity.PerformanceTesting.Editor.dll (+2 others)
[           0s] Csc Library/Bee/artifacts/1900b0aE.dag/Unity.PerformanceTesting.Editor.dll (+2 others) [CacheWrite b89264358b2648e53679bcbefd11468b00000000000000000000000000000006]
[ 692/1069  1s] Csc Library/Bee/artifacts/1900b0aE.dag/UnityEditor.UI.Analytics.dll (+2 others)
Failure while invoking caching client: Csc Library/Bee/artifacts/1900b0aE.dag/UnityEditor.UI.Analytics.dll (+2 others)
move_path failed: No error



[           0s] Csc Library/Bee/artifacts/1900b0aE.dag/UnityEditor.UI.Analytics.dll (+2 others) [CacheWrite 31bb9e68e6d15d3ede10a21ece515bc000000000000000000000000000000006]
[ 694/1069 12s] Csc Library/Bee/artifacts/1900b0aE.dag/Unity.Collections.dll (+2 others)
[           0s] Csc Library/Bee/artifacts/1900b0aE.dag/Unity.Collections.dll (+2 others) [CacheWrite e18ce5aef29a0e7e499389b853f96c8500000000000000000000000000000006]
[           0s] Csc Library/Bee/artifacts/1900b0aE.dag/Unity.Collections.Tests.CoreCLR.PrivateJobNested.dll (+2 others) [CacheMiss 6026e50ad71c46b305287a16f96c774700000000000000000000000000000006]
[           0s] Csc Library/Bee/artifacts/1900b0aE.dag/Unity.Collections.Tests.CoreCLR.InternalJobNestedPrivate.dll (+2 others) [CacheMiss b3dc23bd4f512e7dbb88ab7aa57f345800000000000000000000000000000006]
[           0s] Csc Library/Bee/artifacts/1900b0aE.dag/Unity.Collections.Editor.dll (+2 others) [CacheMiss 17a99b5e5d32a6ff6d67c1832018d62500000000000000000000000000000006]
[           0s] Csc Library/Bee/artifacts/1900b0aE.dag/Unity.UnifiedRayTracing.Runtime.dll (+2 others) [CacheMiss 1cf4b3edaeadc988ee99e69b1e61ca4600000000000000000000000000000006]
[           0s] Csc Library/Bee/artifacts/1900b0aE.dag/Unity.Collections.Tests.CoreCLR.ProtectedJobNested.dll (+2 others) [CacheMiss 1d46bcdb0eba261184ea38c00ab5106500000000000000000000000000000006]
[           0s] Csc Library/Bee/artifacts/1900b0aE.dag/Unity.Collections.Tests.CoreCLR.PublicJobPrivateGeneric.dll (+2 others) [CacheMiss d5907e0323a888eb7e909287b844ee9800000000000000000000000000000006]
[           0s] Csc Library/Bee/artifacts/1900b0aE.dag/Unity.Collections.CodeGen.dll (+2 others) [CacheMiss bf3c822b1f936b7f25100840920ba52900000000000000000000000000000006]
[ 703/1069  0s] Csc Library/Bee/artifacts/1900b0aE.dag/Unity.Collections.Tests.CoreCLR.InternalJobNestedPrivate.dll (+2 others)
[ 704/1069  0s] Csc Library/Bee/artifacts/1900b0aE.dag/Unity.Collections.Tests.CoreCLR.PrivateJobNested.dll (+2 others)
[ 705/1069 15s] Csc Library/Bee/artifacts/1900b0aE.dag/Unity.InputSystem.dll (+2 others)
[ 706/1069  0s] Csc Library/Bee/artifacts/1900b0aE.dag/Unity.Collections.Tests.CoreCLR.ProtectedJobNested.dll (+2 others)
[ 707/1069  1s] Csc Library/Bee/artifacts/1900b0aE.dag/Unity.Collections.Editor.dll (+2 others)
[           0s] Csc Library/Bee/artifacts/1900b0aE.dag/Unity.Collections.Tests.CoreCLR.InternalJobNestedPrivate.dll (+2 others) [CacheWrite b3dc23bd4f512e7dbb88ab7aa57f345800000000000000000000000000000006]
[           0s] Csc Library/Bee/artifacts/1900b0aE.dag/Unity.Collections.Editor.dll (+2 others) [CacheWrite 17a99b5e5d32a6ff6d67c1832018d62500000000000000000000000000000006]
[           0s] Csc Library/Bee/artifacts/1900b0aE.dag/Unity.Collections.Tests.CoreCLR.PrivateJobNested.dll (+2 others) [CacheWrite 6026e50ad71c46b305287a16f96c774700000000000000000000000000000006]
[           0s] Csc Library/Bee/artifacts/1900b0aE.dag/Unity.InputSystem.dll (+2 others) [CacheWrite 89ad4e8c6e0b9c2c32c24d8d679b235d00000000000000000000000000000006]
[           0s] Csc Library/Bee/artifacts/1900b0aE.dag/Unity.Collections.Tests.CoreCLR.ProtectedJobNested.dll (+2 others) [CacheWrite 1d46bcdb0eba261184ea38c00ab5106500000000000000000000000000000006]
[ 718/1069  1s] Csc Library/Bee/artifacts/1900b0aE.dag/Unity.Collections.Tests.CoreCLR.PublicJobPrivateGeneric.dll (+2 others)
[ 719/1069  1s] Csc Library/Bee/artifacts/1900b0aE.dag/Unity.Collections.CodeGen.dll (+2 others)
[           0s] Csc Library/Bee/artifacts/1900b0aE.dag/Unity.InputSystem.DocCodeSamples.dll (+2 others) [CacheMiss 77238056d86a159f804958ee6a986c2000000000000000000000000000000006]
[           0s] Csc Library/Bee/artifacts/1900b0aE.dag/Unity.InputSystem.TestFramework.dll (+2 others) [CacheMiss ceec0adc264c9322dd4d9bdd386ba70400000000000000000000000000000006]
[           0s] Csc Library/Bee/artifacts/1900b0aE.dag/Unity.RenderPipelines.Core.Runtime.dll (+2 others) [CacheMiss 1e46bf78b1cedac9d37f051f1b6063c400000000000000000000000000000006]
[           0s] Csc Library/Bee/artifacts/1900b0aE.dag/Unity.InputSystem.ForUI.dll (+2 others) [CacheMiss 40419eb647cbfcc59cd73147153117ae00000000000000000000000000000006]
[           0s] Csc Library/Bee/artifacts/1900b0aE.dag/Unity.VisualScripting.Core.dll (+2 others) [CacheMiss fa0734e8d7bf23cea74e635883cb1ebc00000000000000000000000000000006]
[           0s] Csc Library/Bee/artifacts/1900b0aE.dag/Unity.Collections.CodeGen.dll (+2 others) [CacheWrite bf3c822b1f936b7f25100840920ba52900000000000000000000000000000006]
[           0s] Csc Library/Bee/artifacts/1900b0aE.dag/Unity.Collections.Tests.CoreCLR.PublicJobPrivateGeneric.dll (+2 others) [CacheWrite d5907e0323a888eb7e909287b844ee9800000000000000000000000000000006]
[ 721/1069  0s] CopyFiles Library/ScriptAssemblies/Unity.Collections.CodeGen.pdb
[ 722/1069  0s] CopyFiles Library/ScriptAssemblies/Unity.Collections.CodeGen.dll
[ 723/1069  2s] Csc Library/Bee/artifacts/1900b0aE.dag/Unity.UnifiedRayTracing.Runtime.dll (+2 others)
[ 724/1069  1s] Csc Library/Bee/artifacts/1900b0aE.dag/Unity.InputSystem.DocCodeSamples.dll (+2 others)
[           0s] Csc Library/Bee/artifacts/1900b0aE.dag/Unity.UnifiedRayTracing.Runtime.dll (+2 others) [CacheWrite 1cf4b3edaeadc988ee99e69b1e61ca4600000000000000000000000000000006]
[           0s] Csc Library/Bee/artifacts/1900b0aE.dag/Unity.InputSystem.DocCodeSamples.dll (+2 others) [CacheWrite 77238056d86a159f804958ee6a986c2000000000000000000000000000000006]
[ 726/1069  1s] Csc Library/Bee/artifacts/1900b0aE.dag/Unity.InputSystem.ForUI.dll (+2 others)
[           0s] Csc Library/Bee/artifacts/1900b0aE.dag/Unity.InputSystem.ForUI.dll (+2 others) [CacheWrite 40419eb647cbfcc59cd73147153117ae00000000000000000000000000000006]
[ 729/1069  2s] Csc Library/Bee/artifacts/1900b0aE.dag/Unity.InputSystem.TestFramework.dll (+2 others)
[           0s] Csc Library/Bee/artifacts/1900b0aE.dag/Unity.InputSystem.ForUI.Editor.dll (+2 others) [CacheMiss 85848010979881bb827dc203a71f1ac200000000000000000000000000000006]
[ 730/1069  1s] ILPP-Configuration Library/ilpp-configuration.nevergeneratedoutput
[           0s] Csc Library/Bee/artifacts/1900b0aE.dag/Unity.InputSystem.TestFramework.dll (+2 others) [CacheWrite ceec0adc264c9322dd4d9bdd386ba70400000000000000000000000000000006]
[ 731/1069 11s] Csc Library/Bee/artifacts/1900b0aE.dag/Unity.Timeline.Editor.dll (+2 others)
[ 732/1069  0s] Csc Library/Bee/artifacts/1900b0aE.dag/Unity.InputSystem.ForUI.Editor.dll (+2 others)
[           0s] Csc Library/Bee/artifacts/1900b0aE.dag/Unity.Timeline.Editor.dll (+2 others) [CacheWrite 149653a42cf8e33198f10b7614ca7c8500000000000000000000000000000006]
[           0s] Csc Library/Bee/artifacts/1900b0aE.dag/Unity.InputSystem.ForUI.Editor.dll (+2 others) [CacheWrite 85848010979881bb827dc203a71f1ac200000000000000000000000000000006]
[ 735/1069 16s] Csc Library/Bee/artifacts/1900b0aE.dag/Unity.PlasticSCM.Editor.dll (+2 others)
[           0s] Csc Library/Bee/artifacts/1900b0aE.dag/Unity.PlasticSCM.Editor.dll (+2 others) [CacheWrite 980196089b02f1522ebbe44dcdf845d200000000000000000000000000000006]
[           0s] Csc Library/Bee/artifacts/1900b0aE.dag/Unity.PlasticSCM.Editor.Assistant.dll (+2 others) [CacheMiss 435afe61b161417fd3908ae49b67848500000000000000000000000000000006]
[ 738/1069  1s] Csc Library/Bee/artifacts/1900b0aE.dag/Unity.PlasticSCM.Editor.Assistant.dll (+2 others)
[           0s] Csc Library/Bee/artifacts/1900b0aE.dag/Unity.PlasticSCM.Editor.Assistant.dll (+2 others) [CacheWrite 435afe61b161417fd3908ae49b67848500000000000000000000000000000006]
[ 742/1069  2s] ILPostProcess Library/Bee/artifacts/1900b0aE.dag/post-processed/Unity.Profiling.Core.dll (+pdb)
Processing assembly Library/Bee/artifacts/1900b0aE.dag/Unity.Profiling.Core.dll, with 150 defines and 305 references

processors: Unity.Jobs.CodeGen.JobsILPostProcessor, zzzUnity.Burst.CodeGen.BurstILPostProcessor

1 processor(s) skipped this assembly

running Unity.Jobs.CodeGen.JobsILPostProcessor
[ 743/1069  2s] ILPostProcess Library/Bee/artifacts/1900b0aE.dag/post-processed/Unity.RenderPipelines.Core.ShaderLibrary.dll (+pdb)
Processing assembly Library/Bee/artifacts/1900b0aE.dag/Unity.RenderPipelines.Core.ShaderLibrary.dll, with 150 defines and 305 references

processors: Unity.Jobs.CodeGen.JobsILPostProcessor, zzzUnity.Burst.CodeGen.BurstILPostProcessor

1 processor(s) skipped this assembly

running Unity.Jobs.CodeGen.JobsILPostProcessor
[ 744/1069  2s] ILPostProcess Library/Bee/artifacts/1900b0aE.dag/post-processed/Unity.ProBuilder.Poly2Tri.dll (+pdb)
Processing assembly Library/Bee/artifacts/1900b0aE.dag/Unity.ProBuilder.Poly2Tri.dll, with 150 defines and 305 references

processors: Unity.Jobs.CodeGen.JobsILPostProcessor, zzzUnity.Burst.CodeGen.BurstILPostProcessor

1 processor(s) skipped this assembly

running Unity.Jobs.CodeGen.JobsILPostProcessor
[ 745/1069  2s] ILPostProcess Library/Bee/artifacts/1900b0aE.dag/post-processed/Unity.PerformanceTesting.dll (+pdb)
Processing assembly Library/Bee/artifacts/1900b0aE.dag/Unity.PerformanceTesting.dll, with 151 defines and 290 references

processors: Unity.Jobs.CodeGen.JobsILPostProcessor, zzzUnity.Burst.CodeGen.BurstILPostProcessor

1 processor(s) skipped this assembly

running Unity.Jobs.CodeGen.JobsILPostProcessor
[           0s] Csc Library/Bee/artifacts/1900b0aE.dag/Unity.CollabProxy.Editor.dll (+2 others) [CacheMiss 9fa59e36b86099e8ff69ce24dd7ca2b800000000000000000000000000000006]
[           0s] Csc Library/Bee/artifacts/1900b0aE.dag/Unity.PlasticSCM.Editor.Entities.dll (+2 others) [CacheMiss a5fbcc78c7e4b82ff37b9de2e83255ce00000000000000000000000000000006]
[ 746/1069  2s] ILPostProcess Library/Bee/artifacts/1900b0aE.dag/post-processed/Unity.InternalAPIEngineBridge.004.dll (+pdb)
Processing assembly Library/Bee/artifacts/1900b0aE.dag/Unity.InternalAPIEngineBridge.004.dll, with 150 defines and 305 references

processors: Unity.Jobs.CodeGen.JobsILPostProcessor, zzzUnity.Burst.CodeGen.BurstILPostProcessor

1 processor(s) skipped this assembly

running Unity.Jobs.CodeGen.JobsILPostProcessor
[ 747/1069  5s] Csc Library/Bee/artifacts/1900b0aE.dag/Unity.VisualScripting.Core.dll (+2 others)
[           0s] Csc Library/Bee/artifacts/1900b0aE.dag/Unity.VisualScripting.Core.dll (+2 others) [CacheWrite fa0734e8d7bf23cea74e635883cb1ebc00000000000000000000000000000006]
[ 750/1069  0s] Csc Library/Bee/artifacts/1900b0aE.dag/Unity.CollabProxy.Editor.dll (+2 others)
[           0s] Csc Library/Bee/artifacts/1900b0aE.dag/Unity.CollabProxy.Editor.dll (+2 others) [CacheWrite 9fa59e36b86099e8ff69ce24dd7ca2b800000000000000000000000000000006]
[           0s] Csc Library/Bee/artifacts/1900b0aE.dag/Unity.VisualScripting.Flow.dll (+2 others) [CacheMiss 02033de86b01fdcc37c4b35a58c8b91400000000000000000000000000000006]
[ 752/1069  0s] Csc Library/Bee/artifacts/1900b0aE.dag/Unity.PlasticSCM.Editor.Entities.dll (+2 others)
[           0s] Csc Library/Bee/artifacts/1900b0aE.dag/Unity.PlasticSCM.Editor.Entities.dll (+2 others) [CacheWrite a5fbcc78c7e4b82ff37b9de2e83255ce00000000000000000000000000000006]
[           0s] Csc Library/Bee/artifacts/1900b0aE.dag/Unity.VisualScripting.Core.Editor.dll (+2 others) [CacheMiss 600ac695e0dbd04485d2b63be0f9389200000000000000000000000000000006]
[ 753/1069  4s] ILPostProcess Library/Bee/artifacts/1900b0aE.dag/post-processed/Unity.Collections.Tests.CoreCLR.ProtectedJobNested.dll (+pdb)
Processing assembly Library/Bee/artifacts/1900b0aE.dag/Unity.Collections.Tests.CoreCLR.ProtectedJobNested.dll, with 150 defines and 306 references

processors: Unity.Jobs.CodeGen.JobsILPostProcessor, zzzUnity.Burst.CodeGen.BurstILPostProcessor

1 processor(s) skipped this assembly

running Unity.Jobs.CodeGen.JobsILPostProcessor
[ 754/1069  6s] Csc Library/Bee/artifacts/1900b0aE.dag/Unity.RenderPipelines.Core.Runtime.dll (+2 others)
[           0s] Csc Library/Bee/artifacts/1900b0aE.dag/Unity.RenderPipelines.Core.Runtime.dll (+2 others) [CacheWrite 1e46bf78b1cedac9d37f051f1b6063c400000000000000000000000000000006]
[           0s] Csc Library/Bee/artifacts/1900b0aE.dag/Unity.PathTracing.Runtime.dll (+2 others) [CacheMiss 5229fafa232ce0bffd85be3c6ef4ee1e00000000000000000000000000000006]
[ 757/1069  1s] ILPostProcess Library/Bee/artifacts/1900b0aE.dag/post-processed/Unity.Collections.Tests.CoreCLR.PublicJobPrivateGeneric.dll (+pdb)
Processing assembly Library/Bee/artifacts/1900b0aE.dag/Unity.Collections.Tests.CoreCLR.PublicJobPrivateGeneric.dll, with 150 defines and 306 references

processors: Unity.Jobs.CodeGen.JobsILPostProcessor, zzzUnity.Burst.CodeGen.BurstILPostProcessor

1 processor(s) skipped this assembly

running Unity.Jobs.CodeGen.JobsILPostProcessor
[ 758/1069  5s] ILPostProcess Library/Bee/artifacts/1900b0aE.dag/post-processed/Unity.TextMeshPro.dll (+pdb)
Processing assembly Library/Bee/artifacts/1900b0aE.dag/Unity.TextMeshPro.dll, with 151 defines and 306 references

processors: Unity.Jobs.CodeGen.JobsILPostProcessor, zzzUnity.Burst.CodeGen.BurstILPostProcessor

1 processor(s) skipped this assembly

running Unity.Jobs.CodeGen.JobsILPostProcessor
[ 759/1069  2s] ILPostProcess Library/Bee/artifacts/1900b0aE.dag/post-processed/Unity.RenderPipelines.ShaderGraph.ShaderGraphLibrary.dll (+pdb)
Processing assembly Library/Bee/artifacts/1900b0aE.dag/Unity.RenderPipelines.ShaderGraph.ShaderGraphLibrary.dll, with 150 defines and 305 references

processors: Unity.Jobs.CodeGen.JobsILPostProcessor, zzzUnity.Burst.CodeGen.BurstILPostProcessor

1 processor(s) skipped this assembly

running Unity.Jobs.CodeGen.JobsILPostProcessor
[ 760/1069  0s] ILPostProcess Library/Bee/artifacts/1900b0aE.dag/post-processed/Unity.InternalAPIEngineBridge.ObjectDispatcher.Runtime.dll (+pdb)
Processing assembly Library/Bee/artifacts/1900b0aE.dag/Unity.InternalAPIEngineBridge.ObjectDispatcher.Runtime.dll, with 150 defines and 305 references

processors: Unity.Jobs.CodeGen.JobsILPostProcessor, zzzUnity.Burst.CodeGen.BurstILPostProcessor

1 processor(s) skipped this assembly

running Unity.Jobs.CodeGen.JobsILPostProcessor
[ 761/1069  2s] ILPostProcess Library/Bee/artifacts/1900b0aE.dag/post-processed/Unity.InternalAPIEngineBridge.RenderPipelines.Core.Runtime.Shared.dll (+pdb)
Processing assembly Library/Bee/artifacts/1900b0aE.dag/Unity.InternalAPIEngineBridge.RenderPipelines.Core.Runtime.Shared.dll, with 150 defines and 305 references

processors: Unity.Jobs.CodeGen.JobsILPostProcessor, zzzUnity.Burst.CodeGen.BurstILPostProcessor

1 processor(s) skipped this assembly

running Unity.Jobs.CodeGen.JobsILPostProcessor
[           0s] Csc Library/Bee/artifacts/1900b0aE.dag/Unity.RenderPipelines.GPUDriven.Runtime.dll (+2 others) [CacheMiss f79295fc584394c83c57f28d6146777a00000000000000000000000000000006]
[           0s] Csc Library/Bee/artifacts/1900b0aE.dag/Unity.RenderPipelines.Core.Runtime.Shared.dll (+2 others) [CacheMiss 138d530832c5e2ce0d4517b536c2742c00000000000000000000000000000006]
[           0s] Csc Library/Bee/artifacts/1900b0aE.dag/Unity.RenderPipeline.Universal.ShaderLibrary.dll (+2 others) [CacheMiss 725218e3b43a2e3f72453799510a0f4c00000000000000000000000000000006]
[ 767/1069  1s] ILPostProcess Library/Bee/artifacts/1900b0aE.dag/post-processed/Unity.Burst.dll (+pdb)
Processing assembly Library/Bee/artifacts/1900b0aE.dag/Unity.Burst.dll, with 150 defines and 305 references

processors: Unity.Jobs.CodeGen.JobsILPostProcessor, zzzUnity.Burst.CodeGen.BurstILPostProcessor

running Unity.Jobs.CodeGen.JobsILPostProcessor

running zzzUnity.Burst.CodeGen.BurstILPostProcessor
[           0s] Csc Library/Bee/artifacts/1900b0aE.dag/Unity.RenderPipelines.Universal.Config.Runtime.dll (+2 others) [CacheMiss 0f6c94b1691b58f51b394c9af7d5b90400000000000000000000000000000006]
[           0s] Csc Library/Bee/artifacts/1900b0aE.dag/Unity.TextMeshPro.Editor.dll (+2 others) [CacheMiss b818138163e339ab67ba01464bcbc83000000000000000000000000000000006]
[ 768/1069  2s] ILPostProcess Library/Bee/artifacts/1900b0aE.dag/post-processed/Unity.ProBuilder.KdTree.dll (+pdb)
Processing assembly Library/Bee/artifacts/1900b0aE.dag/Unity.ProBuilder.KdTree.dll, with 150 defines and 305 references

processors: Unity.Jobs.CodeGen.JobsILPostProcessor, zzzUnity.Burst.CodeGen.BurstILPostProcessor

1 processor(s) skipped this assembly

running Unity.Jobs.CodeGen.JobsILPostProcessor
[ 769/1069  5s] ILPostProcess Library/Bee/artifacts/1900b0aE.dag/post-processed/Unity.InputSystem.TestFramework.dll (+pdb)
Processing assembly Library/Bee/artifacts/1900b0aE.dag/Unity.InputSystem.TestFramework.dll, with 152 defines and 292 references

processors: Unity.Jobs.CodeGen.JobsILPostProcessor, zzzUnity.Burst.CodeGen.BurstILPostProcessor

1 processor(s) skipped this assembly

running Unity.Jobs.CodeGen.JobsILPostProcessor
[ 770/1069  0s] ILPostProcess Library/Bee/artifacts/1900b0aE.dag/post-processed/Unity.ProBuilder.Csg.dll (+pdb)
Processing assembly Library/Bee/artifacts/1900b0aE.dag/Unity.ProBuilder.Csg.dll, with 150 defines and 305 references

processors: Unity.Jobs.CodeGen.JobsILPostProcessor, zzzUnity.Burst.CodeGen.BurstILPostProcessor

1 processor(s) skipped this assembly

running Unity.Jobs.CodeGen.JobsILPostProcessor
[ 771/1069  0s] ILPostProcess Library/Bee/artifacts/1900b0aE.dag/post-processed/Unity.InputSystem.ForUI.dll (+pdb)
Processing assembly Library/Bee/artifacts/1900b0aE.dag/Unity.InputSystem.ForUI.dll, with 150 defines and 306 references

processors: Unity.Jobs.CodeGen.JobsILPostProcessor, zzzUnity.Burst.CodeGen.BurstILPostProcessor

1 processor(s) skipped this assembly

running Unity.Jobs.CodeGen.JobsILPostProcessor
[ 772/1069  0s] ILPostProcess Library/Bee/artifacts/1900b0aE.dag/post-processed/Unity.ProBuilder.Stl.dll (+pdb)
Processing assembly Library/Bee/artifacts/1900b0aE.dag/Unity.ProBuilder.Stl.dll, with 150 defines and 305 references

processors: Unity.Jobs.CodeGen.JobsILPostProcessor, zzzUnity.Burst.CodeGen.BurstILPostProcessor

1 processor(s) skipped this assembly

running Unity.Jobs.CodeGen.JobsILPostProcessor
[ 773/1069  0s] ILPostProcess Library/Bee/artifacts/1900b0aE.dag/post-processed/UnityEngine.UI.dll (+pdb)
Processing assembly Library/Bee/artifacts/1900b0aE.dag/UnityEngine.UI.dll, with 156 defines and 303 references

processors: Unity.Jobs.CodeGen.JobsILPostProcessor, zzzUnity.Burst.CodeGen.BurstILPostProcessor

1 processor(s) skipped this assembly

running Unity.Jobs.CodeGen.JobsILPostProcessor
[ 774/1069  5s] ILPostProcess Library/Bee/artifacts/1900b0aE.dag/post-processed/Unity.InputSystem.dll (+pdb)
Processing assembly Library/Bee/artifacts/1900b0aE.dag/Unity.InputSystem.dll, with 163 defines and 305 references

processors: Unity.Jobs.CodeGen.JobsILPostProcessor, zzzUnity.Burst.CodeGen.BurstILPostProcessor

1 processor(s) skipped this assembly

running Unity.Jobs.CodeGen.JobsILPostProcessor
[ 775/1069  0s] ILPostProcess Library/Bee/artifacts/1900b0aE.dag/post-processed/Unity.RenderPipelines.Universal.Shaders.dll (+pdb)
Processing assembly Library/Bee/artifacts/1900b0aE.dag/Unity.RenderPipelines.Universal.Shaders.dll, with 150 defines and 305 references

processors: Unity.Jobs.CodeGen.JobsILPostProcessor, zzzUnity.Burst.CodeGen.BurstILPostProcessor

1 processor(s) skipped this assembly

running Unity.Jobs.CodeGen.JobsILPostProcessor
[ 776/1069  1s] Csc Library/Bee/artifacts/1900b0aE.dag/Unity.RenderPipelines.Universal.Config.Runtime.dll (+2 others)
[ 777/1069  1s] Csc Library/Bee/artifacts/1900b0aE.dag/Unity.RenderPipeline.Universal.ShaderLibrary.dll (+2 others)
[           0s] Csc Library/Bee/artifacts/1900b0aE.dag/Unity.RenderPipeline.Universal.ShaderLibrary.dll (+2 others) [CacheWrite 725218e3b43a2e3f72453799510a0f4c00000000000000000000000000000006]
Failure while invoking caching client: Csc Library/Bee/artifacts/1900b0aE.dag/Unity.RenderPipelines.Universal.Config.Runtime.dll (+2 others)
move_path failed: No error



[           0s] Csc Library/Bee/artifacts/1900b0aE.dag/Unity.RenderPipelines.Universal.Config.Runtime.dll (+2 others) [CacheWrite 0f6c94b1691b58f51b394c9af7d5b90400000000000000000000000000000006]
[ 780/1069  1s] Csc Library/Bee/artifacts/1900b0aE.dag/Unity.RenderPipelines.Core.Runtime.Shared.dll (+2 others)
[           0s] Csc Library/Bee/artifacts/1900b0aE.dag/Unity.RenderPipelines.Core.Runtime.Shared.dll (+2 others) [CacheWrite 138d530832c5e2ce0d4517b536c2742c00000000000000000000000000000006]
[ 781/1069  0s] ILPostProcess Library/Bee/artifacts/1900b0aE.dag/post-processed/Unity.RenderPipelines.Universal.Config.Runtime.dll (+pdb)
Processing assembly Library/Bee/artifacts/1900b0aE.dag/Unity.RenderPipelines.Universal.Config.Runtime.dll, with 150 defines and 306 references

processors: Unity.Jobs.CodeGen.JobsILPostProcessor, zzzUnity.Burst.CodeGen.BurstILPostProcessor

1 processor(s) skipped this assembly

running Unity.Jobs.CodeGen.JobsILPostProcessor
[ 783/1069  0s] ILPostProcess Library/Bee/artifacts/1900b0aE.dag/post-processed/Unity.RenderPipeline.Universal.ShaderLibrary.dll (+pdb)
Processing assembly Library/Bee/artifacts/1900b0aE.dag/Unity.RenderPipeline.Universal.ShaderLibrary.dll, with 150 defines and 306 references

processors: Unity.Jobs.CodeGen.JobsILPostProcessor, zzzUnity.Burst.CodeGen.BurstILPostProcessor

1 processor(s) skipped this assembly

running Unity.Jobs.CodeGen.JobsILPostProcessor
[ 784/1069  1s] ILPostProcess Library/Bee/artifacts/1900b0aE.dag/post-processed/Unity.AI.Navigation.dll (+pdb)
Processing assembly Library/Bee/artifacts/1900b0aE.dag/Unity.AI.Navigation.dll, with 151 defines and 305 references

processors: Unity.Jobs.CodeGen.JobsILPostProcessor, zzzUnity.Burst.CodeGen.BurstILPostProcessor

1 processor(s) skipped this assembly

running Unity.Jobs.CodeGen.JobsILPostProcessor
[ 785/1069  1s] ILPostProcess Library/Bee/artifacts/1900b0aE.dag/post-processed/Unity.Timeline.dll (+pdb)
Processing assembly Library/Bee/artifacts/1900b0aE.dag/Unity.Timeline.dll, with 151 defines and 305 references

processors: Unity.Jobs.CodeGen.JobsILPostProcessor, zzzUnity.Burst.CodeGen.BurstILPostProcessor

1 processor(s) skipped this assembly

running Unity.Jobs.CodeGen.JobsILPostProcessor
[ 786/1069  0s] ILPostProcess Library/Bee/artifacts/1900b0aE.dag/post-processed/Unity.RenderPipelines.Core.Runtime.Shared.dll (+pdb)
Processing assembly Library/Bee/artifacts/1900b0aE.dag/Unity.RenderPipelines.Core.Runtime.Shared.dll, with 150 defines and 308 references

processors: Unity.Jobs.CodeGen.JobsILPostProcessor, zzzUnity.Burst.CodeGen.BurstILPostProcessor

1 processor(s) skipped this assembly

running Unity.Jobs.CodeGen.JobsILPostProcessor
[ 787/1069  1s] ILPostProcess Library/Bee/artifacts/1900b0aE.dag/post-processed/Unity.UnifiedRayTracing.Runtime.dll (+pdb)
Processing assembly Library/Bee/artifacts/1900b0aE.dag/Unity.UnifiedRayTracing.Runtime.dll, with 152 defines and 307 references

processors: Unity.Jobs.CodeGen.JobsILPostProcessor, zzzUnity.Burst.CodeGen.BurstILPostProcessor

running Unity.Jobs.CodeGen.JobsILPostProcessor

running zzzUnity.Burst.CodeGen.BurstILPostProcessor
[ 788/1069  0s] ILPostProcess Library/Bee/artifacts/1900b0aE.dag/post-processed/Unity.Collections.Tests.CoreCLR.PrivateJobNested.dll (+pdb)
Processing assembly Library/Bee/artifacts/1900b0aE.dag/Unity.Collections.Tests.CoreCLR.PrivateJobNested.dll, with 150 defines and 306 references

processors: Unity.Jobs.CodeGen.JobsILPostProcessor, zzzUnity.Burst.CodeGen.BurstILPostProcessor

1 processor(s) skipped this assembly

running Unity.Jobs.CodeGen.JobsILPostProcessor
[ 789/1069  0s] ILPostProcess Library/Bee/artifacts/1900b0aE.dag/post-processed/Unity.Collections.Tests.CoreCLR.InternalJobNestedPrivate.dll (+pdb)
Processing assembly Library/Bee/artifacts/1900b0aE.dag/Unity.Collections.Tests.CoreCLR.InternalJobNestedPrivate.dll, with 150 defines and 306 references

processors: Unity.Jobs.CodeGen.JobsILPostProcessor, zzzUnity.Burst.CodeGen.BurstILPostProcessor

1 processor(s) skipped this assembly

running Unity.Jobs.CodeGen.JobsILPostProcessor
[ 790/1069  0s] ILPostProcess Library/Bee/artifacts/1900b0aE.dag/post-processed/UnityEngine.TestRunner.dll (+pdb)
Processing assembly Library/Bee/artifacts/1900b0aE.dag/UnityEngine.TestRunner.dll, with 151 defines and 287 references

processors: Unity.Jobs.CodeGen.JobsILPostProcessor, zzzUnity.Burst.CodeGen.BurstILPostProcessor

1 processor(s) skipped this assembly

running Unity.Jobs.CodeGen.JobsILPostProcessor
[ 791/1069  3s] Csc Library/Bee/artifacts/1900b0aE.dag/Unity.PathTracing.Runtime.dll (+2 others)
[           0s] Csc Library/Bee/artifacts/1900b0aE.dag/Unity.PathTracing.Runtime.dll (+2 others) [CacheWrite 5229fafa232ce0bffd85be3c6ef4ee1e00000000000000000000000000000006]
[ 794/1069  0s] ILPostProcess Library/Bee/artifacts/1900b0aE.dag/post-processed/Unity.InternalAPIEditorBridge.ShaderGraph.Editor.dll (+pdb)
Processing assembly Library/Bee/artifacts/1900b0aE.dag/Unity.InternalAPIEditorBridge.ShaderGraph.Editor.dll, with 148 defines and 314 references

processors: Unity.Jobs.CodeGen.JobsILPostProcessor, zzzUnity.Burst.CodeGen.BurstILPostProcessor

1 processor(s) skipped this assembly

running Unity.Jobs.CodeGen.JobsILPostProcessor
[           0s] Csc Library/Bee/artifacts/1900b0aE.dag/Unity.SurfaceCache.Runtime.dll (+2 others) [CacheMiss e7499c477a1bad6a7c37a21b72202f7600000000000000000000000000000006]
[ 796/1069  1s] ILPostProcess Library/Bee/artifacts/1900b0aE.dag/post-processed/Unity.CollabProxy.Editor.dll (+pdb)
Processing assembly Library/Bee/artifacts/1900b0aE.dag/Unity.CollabProxy.Editor.dll, with 148 defines and 315 references

processors: Unity.Jobs.CodeGen.JobsILPostProcessor, zzzUnity.Burst.CodeGen.BurstILPostProcessor

1 processor(s) skipped this assembly

running Unity.Jobs.CodeGen.JobsILPostProcessor
[           0s] Csc Library/Bee/artifacts/1900b0aE.dag/Unity.PathTracing.Editor.dll (+2 others) [CacheMiss 3288a931a891ff43b6e43725c85bc35200000000000000000000000000000006]
[ 797/1069  6s] Csc Library/Bee/artifacts/1900b0aE.dag/Unity.VisualScripting.Flow.dll (+2 others)
[           0s] Csc Library/Bee/artifacts/1900b0aE.dag/Unity.VisualScripting.Flow.dll (+2 others) [CacheWrite 02033de86b01fdcc37c4b35a58c8b91400000000000000000000000000000006]
[ 800/1069  4s] Csc Library/Bee/artifacts/1900b0aE.dag/Unity.TextMeshPro.Editor.dll (+2 others)
[ 801/1069  1s] Csc Library/Bee/artifacts/1900b0aE.dag/Unity.SurfaceCache.Runtime.dll (+2 others)
[           0s] Csc Library/Bee/artifacts/1900b0aE.dag/Unity.VisualScripting.State.dll (+2 others) [CacheMiss c0ae1b417ae99645f6f762264cd4598b00000000000000000000000000000006]
[           0s] Csc Library/Bee/artifacts/1900b0aE.dag/Unity.TextMeshPro.Editor.dll (+2 others) [CacheWrite b818138163e339ab67ba01464bcbc83000000000000000000000000000000006]
[           0s] Csc Library/Bee/artifacts/1900b0aE.dag/Unity.SurfaceCache.Runtime.dll (+2 others) [CacheWrite e7499c477a1bad6a7c37a21b72202f7600000000000000000000000000000006]
[           0s] Csc Library/Bee/artifacts/1900b0aE.dag/Unity.VisualScripting.DocCodeExamples.dll (+2 others) [CacheMiss 5379821c550a22bafdf4f4134cb98d0200000000000000000000000000000006]
[ 805/1069  5s] Csc Library/Bee/artifacts/1900b0aE.dag/Unity.RenderPipelines.GPUDriven.Runtime.dll (+2 others)
[ 806/1069  2s] ILPostProcess Library/Bee/artifacts/1900b0aE.dag/post-processed/Unity.PlasticSCM.Editor.Assistant.dll (+pdb)
Processing assembly Library/Bee/artifacts/1900b0aE.dag/Unity.PlasticSCM.Editor.Assistant.dll, with 148 defines and 315 references

processors: Unity.Jobs.CodeGen.JobsILPostProcessor, zzzUnity.Burst.CodeGen.BurstILPostProcessor

1 processor(s) skipped this assembly

running Unity.Jobs.CodeGen.JobsILPostProcessor
[           0s] Csc Library/Bee/artifacts/1900b0aE.dag/Unity.RenderPipelines.GPUDriven.Runtime.dll (+2 others) [CacheWrite f79295fc584394c83c57f28d6146777a00000000000000000000000000000006]
[ 809/1069  1s] Csc Library/Bee/artifacts/1900b0aE.dag/Unity.PathTracing.Editor.dll (+2 others)
[           0s] Csc Library/Bee/artifacts/1900b0aE.dag/Unity.RenderPipelines.Universal.Runtime.dll (+2 others) [CacheMiss 1c2f677dccffad2a45d5f704c1b2f7e100000000000000000000000000000006]
[           0s] Csc Library/Bee/artifacts/1900b0aE.dag/Unity.PathTracing.Editor.dll (+2 others) [CacheWrite 3288a931a891ff43b6e43725c85bc35200000000000000000000000000000006]
[ 812/1069  0s] Csc Library/Bee/artifacts/1900b0aE.dag/Unity.VisualScripting.State.dll (+2 others)
[ 813/1069  7s] Csc Library/Bee/artifacts/1900b0aE.dag/Unity.VisualScripting.Core.Editor.dll (+2 others)
[ 814/1069  0s] Csc Library/Bee/artifacts/1900b0aE.dag/Unity.VisualScripting.DocCodeExamples.dll (+2 others)
[           0s] Csc Library/Bee/artifacts/1900b0aE.dag/Unity.RenderPipelines.Core.Editor.dll (+2 others) [CacheMiss 3a3df4f2222999eb51f942cb59ca7a8200000000000000000000000000000006]
[           0s] Csc Library/Bee/artifacts/1900b0aE.dag/Unity.VisualScripting.State.dll (+2 others) [CacheWrite c0ae1b417ae99645f6f762264cd4598b00000000000000000000000000000006]
[           0s] Csc Library/Bee/artifacts/1900b0aE.dag/Unity.VisualScripting.Core.Editor.dll (+2 others) [CacheWrite 600ac695e0dbd04485d2b63be0f9389200000000000000000000000000000006]
[           0s] Csc Library/Bee/artifacts/1900b0aE.dag/Unity.VisualScripting.DocCodeExamples.dll (+2 others) [CacheWrite 5379821c550a22bafdf4f4134cb98d0200000000000000000000000000000006]
[           0s] Csc Library/Bee/artifacts/1900b0aE.dag/Unity.VisualScripting.Flow.Editor.dll (+2 others) [CacheMiss 8e1f469b04b363a8684bc374369a672900000000000000000000000000000006]
[ 818/1069  6s] ILPostProcess Library/Bee/artifacts/1900b0aE.dag/post-processed/Unity.RenderPipelines.Core.Runtime.dll (+pdb)
Processing assembly Library/Bee/artifacts/1900b0aE.dag/Unity.RenderPipelines.Core.Runtime.dll, with 155 defines and 308 references

processors: Unity.Jobs.CodeGen.JobsILPostProcessor, zzzUnity.Burst.CodeGen.BurstILPostProcessor

1 processor(s) skipped this assembly

running Unity.Jobs.CodeGen.JobsILPostProcessor
[ 819/1069  2s] ILPostProcess Library/Bee/artifacts/1900b0aE.dag/post-processed/Unity.SurfaceCache.Runtime.dll (+pdb)
Processing assembly Library/Bee/artifacts/1900b0aE.dag/Unity.SurfaceCache.Runtime.dll, with 151 defines and 308 references

processors: Unity.Jobs.CodeGen.JobsILPostProcessor, zzzUnity.Burst.CodeGen.BurstILPostProcessor

1 processor(s) skipped this assembly

running Unity.Jobs.CodeGen.JobsILPostProcessor
[ 820/1069  1s] ILPostProcess Library/Bee/artifacts/1900b0aE.dag/post-processed/Unity.VisualScripting.State.dll (+pdb)
Processing assembly Library/Bee/artifacts/1900b0aE.dag/Unity.VisualScripting.State.dll, with 150 defines and 307 references

processors: Unity.Jobs.CodeGen.JobsILPostProcessor, zzzUnity.Burst.CodeGen.BurstILPostProcessor

1 processor(s) skipped this assembly

running Unity.Jobs.CodeGen.JobsILPostProcessor
[ 821/1069  1s] ILPostProcess Library/Bee/artifacts/1900b0aE.dag/post-processed/Unity.VisualScripting.DocCodeExamples.dll (+pdb)
Processing assembly Library/Bee/artifacts/1900b0aE.dag/Unity.VisualScripting.DocCodeExamples.dll, with 150 defines and 293 references

processors: Unity.Jobs.CodeGen.JobsILPostProcessor, zzzUnity.Burst.CodeGen.BurstILPostProcessor

1 processor(s) skipped this assembly

running Unity.Jobs.CodeGen.JobsILPostProcessor
[ 822/1069  2s] Csc Library/Bee/artifacts/1900b0aE.dag/Unity.VisualScripting.Flow.Editor.dll (+2 others)
[           0s] Csc Library/Bee/artifacts/1900b0aE.dag/Unity.VisualScripting.Flow.Editor.dll (+2 others) [CacheWrite 8e1f469b04b363a8684bc374369a672900000000000000000000000000000006]
[           0s] Csc Library/Bee/artifacts/1900b0aE.dag/Unity.VisualScripting.State.Editor.dll (+2 others) [CacheMiss 0bc21e5e1ddf420189c7e167d091a5dd00000000000000000000000000000006]
[ 825/1069  1s] ILPostProcess Library/Bee/artifacts/1900b0aE.dag/post-processed/Unity.ProBuilder.AssetIdRemapUtility.dll (+pdb)
Processing assembly Library/Bee/artifacts/1900b0aE.dag/Unity.ProBuilder.AssetIdRemapUtility.dll, with 148 defines and 314 references

processors: Unity.Jobs.CodeGen.JobsILPostProcessor, zzzUnity.Burst.CodeGen.BurstILPostProcessor

1 processor(s) skipped this assembly

running Unity.Jobs.CodeGen.JobsILPostProcessor
[           0s] Csc Library/Bee/artifacts/1900b0aE.dag/Unity.VisualScripting.SettingsProvider.Editor.dll (+2 others) [CacheMiss eb20cf1f6e2e4f60642d23705dab2ff500000000000000000000000000000006]
[ 827/1069  1s] ILPostProcess Library/Bee/artifacts/1900b0aE.dag/post-processed/Unity.PlasticSCM.Editor.Entities.dll (+pdb)
Processing assembly Library/Bee/artifacts/1900b0aE.dag/Unity.PlasticSCM.Editor.Entities.dll, with 148 defines and 315 references

processors: Unity.Jobs.CodeGen.JobsILPostProcessor, zzzUnity.Burst.CodeGen.BurstILPostProcessor

1 processor(s) skipped this assembly

running Unity.Jobs.CodeGen.JobsILPostProcessor
[ 828/1069  0s] Csc Library/Bee/artifacts/1900b0aE.dag/Unity.VisualScripting.SettingsProvider.Editor.dll (+2 others)
[ 829/1069  0s] Csc Library/Bee/artifacts/1900b0aE.dag/Unity.VisualScripting.State.Editor.dll (+2 others)
[           0s] Csc Library/Bee/artifacts/1900b0aE.dag/Unity.VisualScripting.State.Editor.dll (+2 others) [CacheWrite 0bc21e5e1ddf420189c7e167d091a5dd00000000000000000000000000000006]
[           0s] Csc Library/Bee/artifacts/1900b0aE.dag/Unity.VisualScripting.SettingsProvider.Editor.dll (+2 others) [CacheWrite eb20cf1f6e2e4f60642d23705dab2ff500000000000000000000000000000006]
[ 833/1069  4s] Csc Library/Bee/artifacts/1900b0aE.dag/Unity.RenderPipelines.Universal.Runtime.dll (+2 others)
[           0s] Csc Library/Bee/artifacts/1900b0aE.dag/Unity.VisualScripting.Shared.Editor.dll (+2 others) [CacheMiss a1f4a5ae87332ae17a9cff86426f405e00000000000000000000000000000006]
[           0s] Csc Library/Bee/artifacts/1900b0aE.dag/Unity.RenderPipelines.Universal.Runtime.dll (+2 others) [CacheWrite 1c2f677dccffad2a45d5f704c1b2f7e100000000000000000000000000000006]
[           0s] Csc Library/Bee/artifacts/1900b0aE.dag/Unity.ProBuilder.dll (+2 others) [CacheMiss 722f14ecd415714821f6f49a4ecef60800000000000000000000000000000006]
[ 836/1069  4s] Csc Library/Bee/artifacts/1900b0aE.dag/Unity.RenderPipelines.Core.Editor.dll (+2 others)
[           0s] Csc Library/Bee/artifacts/1900b0aE.dag/Unity.RenderPipelines.Core.Editor.dll (+2 others) [CacheWrite 3a3df4f2222999eb51f942cb59ca7a8200000000000000000000000000000006]
[           0s] Csc Library/Bee/artifacts/1900b0aE.dag/Unity.RenderPipelines.Universal.2D.Runtime.dll (+2 others) [CacheMiss cd87785a35b4d7c91d588bac6baf506000000000000000000000000000000006]
[ 841/1069  0s] Csc Library/Bee/artifacts/1900b0aE.dag/Unity.VisualScripting.Shared.Editor.dll (+2 others)
[           0s] Csc Library/Bee/artifacts/1900b0aE.dag/Unity.VisualScripting.Shared.Editor.dll (+2 others) [CacheWrite a1f4a5ae87332ae17a9cff86426f405e00000000000000000000000000000006]
[           0s] Csc Library/Bee/artifacts/1900b0aE.dag/Unity.RenderPipelines.Core.Editor.Shared.dll (+2 others) [CacheMiss fd4a78f83c43a56643e88dfd1ae9a1eb00000000000000000000000000000006]
[ 842/1069  1s] Csc Library/Bee/artifacts/1900b0aE.dag/Unity.RenderPipelines.Core.Editor.Shared.dll (+2 others)
[           0s] Csc Library/Bee/artifacts/1900b0aE.dag/Unity.RenderPipelines.Core.Editor.Shared.dll (+2 others) [CacheWrite fd4a78f83c43a56643e88dfd1ae9a1eb00000000000000000000000000000006]
[ 843/1069  1s] Csc Library/Bee/artifacts/1900b0aE.dag/Unity.ProBuilder.dll (+2 others)
[           0s] Csc Library/Bee/artifacts/1900b0aE.dag/Unity.ShaderGraph.Editor.dll (+2 others) [CacheMiss 5380397d9d9b6efe906701f40d57aaef00000000000000000000000000000006]
[ 844/1069  1s] Csc Library/Bee/artifacts/1900b0aE.dag/Unity.RenderPipelines.Universal.2D.Runtime.dll (+2 others)
[           0s] Csc Library/Bee/artifacts/1900b0aE.dag/Unity.ProBuilder.dll (+2 others) [CacheWrite 722f14ecd415714821f6f49a4ecef60800000000000000000000000000000006]
[           0s] Csc Library/Bee/artifacts/1900b0aE.dag/Unity.RenderPipelines.Universal.2D.Runtime.dll (+2 others) [CacheWrite cd87785a35b4d7c91d588bac6baf506000000000000000000000000000000006]
[           0s] Csc Library/Bee/artifacts/1900b0aE.dag/Unity.ProBuilder.Editor.dll (+2 others) [CacheMiss 0a91c7b560765d167b1ce3efb14c36a300000000000000000000000000000006]
[ 850/1069  7s] ILPostProcess Library/Bee/artifacts/1900b0aE.dag/post-processed/Unity.RenderPipelines.GPUDriven.Runtime.dll (+pdb)
Processing assembly Library/Bee/artifacts/1900b0aE.dag/Unity.RenderPipelines.GPUDriven.Runtime.dll, with 151 defines and 309 references

processors: Unity.Jobs.CodeGen.JobsILPostProcessor, zzzUnity.Burst.CodeGen.BurstILPostProcessor

running Unity.Jobs.CodeGen.JobsILPostProcessor

running zzzUnity.Burst.CodeGen.BurstILPostProcessor
[ 851/1069  9s] ILPostProcess Library/Bee/artifacts/1900b0aE.dag/post-processed/Unity.PathTracing.Runtime.dll (+pdb)
Processing assembly Library/Bee/artifacts/1900b0aE.dag/Unity.PathTracing.Runtime.dll, with 153 defines and 308 references

processors: Unity.Jobs.CodeGen.JobsILPostProcessor, zzzUnity.Burst.CodeGen.BurstILPostProcessor

1 processor(s) skipped this assembly

running Unity.Jobs.CodeGen.JobsILPostProcessor
[ 852/1069 11s] ILPostProcess Library/Bee/artifacts/1900b0aE.dag/post-processed/Unity.VisualScripting.Core.dll (+pdb)
Processing assembly Library/Bee/artifacts/1900b0aE.dag/Unity.VisualScripting.Core.dll, with 155 defines and 306 references

processors: Unity.Jobs.CodeGen.JobsILPostProcessor, zzzUnity.Burst.CodeGen.BurstILPostProcessor

1 processor(s) skipped this assembly

running Unity.Jobs.CodeGen.JobsILPostProcessor
[ 853/1069 10s] ILPostProcess Library/Bee/artifacts/1900b0aE.dag/post-processed/Unity.Timeline.Editor.dll (+pdb)
Processing assembly Library/Bee/artifacts/1900b0aE.dag/Unity.Timeline.Editor.dll, with 149 defines and 315 references

processors: Unity.Jobs.CodeGen.JobsILPostProcessor, zzzUnity.Burst.CodeGen.BurstILPostProcessor

1 processor(s) skipped this assembly

running Unity.Jobs.CodeGen.JobsILPostProcessor
[ 854/1069  4s] ILPostProcess Library/Bee/artifacts/1900b0aE.dag/post-processed/Unity.Collections.Editor.dll (+pdb)
Processing assembly Library/Bee/artifacts/1900b0aE.dag/Unity.Collections.Editor.dll, with 149 defines and 315 references

processors: Unity.Jobs.CodeGen.JobsILPostProcessor, zzzUnity.Burst.CodeGen.BurstILPostProcessor

1 processor(s) skipped this assembly

running Unity.Jobs.CodeGen.JobsILPostProcessor
[ 855/1069  6s] ILPostProcess Library/Bee/artifacts/1900b0aE.dag/post-processed/Unity.AI.Navigation.Editor.dll (+pdb)
Processing assembly Library/Bee/artifacts/1900b0aE.dag/Unity.AI.Navigation.Editor.dll, with 149 defines and 316 references

processors: Unity.Jobs.CodeGen.JobsILPostProcessor, zzzUnity.Burst.CodeGen.BurstILPostProcessor

1 processor(s) skipped this assembly

running Unity.Jobs.CodeGen.JobsILPostProcessor
[ 856/1069  3s] ILPostProcess Library/Bee/artifacts/1900b0aE.dag/post-processed/Unity.VisualScripting.SettingsProvider.Editor.dll (+pdb)
Processing assembly Library/Bee/artifacts/1900b0aE.dag/Unity.VisualScripting.SettingsProvider.Editor.dll, with 148 defines and 319 references

processors: Unity.Jobs.CodeGen.JobsILPostProcessor, zzzUnity.Burst.CodeGen.BurstILPostProcessor

1 processor(s) skipped this assembly

running Unity.Jobs.CodeGen.JobsILPostProcessor
[ 857/1069  7s] ILPostProcess Library/Bee/artifacts/1900b0aE.dag/post-processed/Unity.VisualScripting.Flow.dll (+pdb)
Processing assembly Library/Bee/artifacts/1900b0aE.dag/Unity.VisualScripting.Flow.dll, with 158 defines and 307 references

processors: Unity.Jobs.CodeGen.JobsILPostProcessor, zzzUnity.Burst.CodeGen.BurstILPostProcessor

1 processor(s) skipped this assembly

running Unity.Jobs.CodeGen.JobsILPostProcessor
[ 858/1069  0s] ILPostProcess Library/Bee/artifacts/1900b0aE.dag/post-processed/UnityEditor.UI.Analytics.dll (+pdb)
Processing assembly Library/Bee/artifacts/1900b0aE.dag/UnityEditor.UI.Analytics.dll, with 148 defines and 315 references

processors: Unity.Jobs.CodeGen.JobsILPostProcessor, zzzUnity.Burst.CodeGen.BurstILPostProcessor

1 processor(s) skipped this assembly

running Unity.Jobs.CodeGen.JobsILPostProcessor
[ 859/1069 12s] ILPostProcess Library/Bee/artifacts/1900b0aE.dag/post-processed/Unity.Collections.dll (+pdb)
Processing assembly Library/Bee/artifacts/1900b0aE.dag/Unity.Collections.dll, with 152 defines and 306 references

processors: Unity.Jobs.CodeGen.JobsILPostProcessor, zzzUnity.Burst.CodeGen.BurstILPostProcessor

running Unity.Jobs.CodeGen.JobsILPostProcessor

running zzzUnity.Burst.CodeGen.BurstILPostProcessor
[ 860/1069  3s] Csc Library/Bee/artifacts/1900b0aE.dag/Unity.ProBuilder.Editor.dll (+2 others)
[           0s] Csc Library/Bee/artifacts/1900b0aE.dag/Unity.ProBuilder.Editor.dll (+2 others) [CacheWrite 0a91c7b560765d167b1ce3efb14c36a300000000000000000000000000000006]
[           0s] Csc Library/Bee/artifacts/1900b0aE.dag/Unity.ProBuilder.AddOns.Editor.dll (+2 others) [CacheMiss fea8086a8109b271b10c4fcd38edc76a00000000000000000000000000000006]
[ 863/1069  2s] ILPostProcess Library/Bee/artifacts/1900b0aE.dag/post-processed/Unity.VisualScripting.State.Editor.dll (+pdb)
Processing assembly Library/Bee/artifacts/1900b0aE.dag/Unity.VisualScripting.State.Editor.dll, with 148 defines and 319 references

processors: Unity.Jobs.CodeGen.JobsILPostProcessor, zzzUnity.Burst.CodeGen.BurstILPostProcessor

1 processor(s) skipped this assembly

running Unity.Jobs.CodeGen.JobsILPostProcessor
[ 864/1069  2s] ILPostProcess Library/Bee/artifacts/1900b0aE.dag/post-processed/Unity.VisualScripting.Flow.Editor.dll (+pdb)
Processing assembly Library/Bee/artifacts/1900b0aE.dag/Unity.VisualScripting.Flow.Editor.dll, with 150 defines and 318 references

processors: Unity.Jobs.CodeGen.JobsILPostProcessor, zzzUnity.Burst.CodeGen.BurstILPostProcessor

1 processor(s) skipped this assembly

running Unity.Jobs.CodeGen.JobsILPostProcessor
[ 865/1069  4s] ILPostProcess Library/Bee/artifacts/1900b0aE.dag/post-processed/Unity.RenderPipelines.Universal.2D.Runtime.dll (+pdb)
Processing assembly Library/Bee/artifacts/1900b0aE.dag/Unity.RenderPipelines.Universal.2D.Runtime.dll, with 153 defines and 310 references

processors: Unity.Jobs.CodeGen.JobsILPostProcessor, zzzUnity.Burst.CodeGen.BurstILPostProcessor

running Unity.Jobs.CodeGen.JobsILPostProcessor

running zzzUnity.Burst.CodeGen.BurstILPostProcessor
[ 866/1069  3s] ILPostProcess Library/Bee/artifacts/1900b0aE.dag/post-processed/Unity.ProBuilder.dll (+pdb)
Processing assembly Library/Bee/artifacts/1900b0aE.dag/Unity.ProBuilder.dll, with 152 defines and 309 references

processors: Unity.Jobs.CodeGen.JobsILPostProcessor, zzzUnity.Burst.CodeGen.BurstILPostProcessor

1 processor(s) skipped this assembly

running Unity.Jobs.CodeGen.JobsILPostProcessor
[ 867/1069  3s] ILPostProcess Library/Bee/artifacts/1900b0aE.dag/post-processed/Unity.AI.Navigation.Editor.ConversionSystem.dll (+pdb)
Processing assembly Library/Bee/artifacts/1900b0aE.dag/Unity.AI.Navigation.Editor.ConversionSystem.dll, with 148 defines and 314 references

processors: Unity.Jobs.CodeGen.JobsILPostProcessor, zzzUnity.Burst.CodeGen.BurstILPostProcessor

1 processor(s) skipped this assembly

running Unity.Jobs.CodeGen.JobsILPostProcessor
[ 868/1069  1s] Csc Library/Bee/artifacts/1900b0aE.dag/Unity.ProBuilder.AddOns.Editor.dll (+2 others)
[           0s] Csc Library/Bee/artifacts/1900b0aE.dag/Unity.ProBuilder.AddOns.Editor.dll (+2 others) [CacheWrite fea8086a8109b271b10c4fcd38edc76a00000000000000000000000000000006]
[ 870/1069  3s] ILPostProcess Library/Bee/artifacts/1900b0aE.dag/post-processed/UnityEditor.UI.dll (+pdb)
Processing assembly Library/Bee/artifacts/1900b0aE.dag/UnityEditor.UI.dll, with 151 defines and 313 references

processors: Unity.Jobs.CodeGen.JobsILPostProcessor, zzzUnity.Burst.CodeGen.BurstILPostProcessor

1 processor(s) skipped this assembly

running Unity.Jobs.CodeGen.JobsILPostProcessor
[ 871/1069  3s] ILPostProcess Library/Bee/artifacts/1900b0aE.dag/post-processed/Unity.VisualScripting.Shared.Editor.dll (+pdb)
Processing assembly Library/Bee/artifacts/1900b0aE.dag/Unity.VisualScripting.Shared.Editor.dll, with 148 defines and 320 references

processors: Unity.Jobs.CodeGen.JobsILPostProcessor, zzzUnity.Burst.CodeGen.BurstILPostProcessor

1 processor(s) skipped this assembly

running Unity.Jobs.CodeGen.JobsILPostProcessor
[ 872/1069  0s] ILPostProcess Library/Bee/artifacts/1900b0aE.dag/post-processed/Unity.ShaderGraph.Utilities.dll (+pdb)
Processing assembly Library/Bee/artifacts/1900b0aE.dag/Unity.ShaderGraph.Utilities.dll, with 148 defines and 314 references

processors: Unity.Jobs.CodeGen.JobsILPostProcessor, zzzUnity.Burst.CodeGen.BurstILPostProcessor

1 processor(s) skipped this assembly

running Unity.Jobs.CodeGen.JobsILPostProcessor
[ 873/1069  2s] ILPostProcess Library/Bee/artifacts/1900b0aE.dag/post-processed/Unity.InputSystem.ForUI.Editor.dll (+pdb)
Processing assembly Library/Bee/artifacts/1900b0aE.dag/Unity.InputSystem.ForUI.Editor.dll, with 148 defines and 316 references

processors: Unity.Jobs.CodeGen.JobsILPostProcessor, zzzUnity.Burst.CodeGen.BurstILPostProcessor

1 processor(s) skipped this assembly

running Unity.Jobs.CodeGen.JobsILPostProcessor
[ 874/1069  0s] ILPostProcess Library/Bee/artifacts/1900b0aE.dag/post-processed/Unity.ProBuilder.AddOns.Editor.dll (+pdb)
Processing assembly Library/Bee/artifacts/1900b0aE.dag/Unity.ProBuilder.AddOns.Editor.dll, with 148 defines and 316 references

processors: Unity.Jobs.CodeGen.JobsILPostProcessor, zzzUnity.Burst.CodeGen.BurstILPostProcessor

1 processor(s) skipped this assembly

running Unity.Jobs.CodeGen.JobsILPostProcessor
[ 875/1069  1s] ILPostProcess Library/Bee/artifacts/1900b0aE.dag/post-processed/Unity.PerformanceTesting.Editor.dll (+pdb)
Processing assembly Library/Bee/artifacts/1900b0aE.dag/Unity.PerformanceTesting.Editor.dll, with 149 defines and 301 references

processors: Unity.Jobs.CodeGen.JobsILPostProcessor, zzzUnity.Burst.CodeGen.BurstILPostProcessor

1 processor(s) skipped this assembly

running Unity.Jobs.CodeGen.JobsILPostProcessor
[ 876/1069  1s] ILPostProcess Library/Bee/artifacts/1900b0aE.dag/post-processed/Unity.GraphAuthoring.Editor.dll (+pdb)
Processing assembly Library/Bee/artifacts/1900b0aE.dag/Unity.GraphAuthoring.Editor.dll, with 148 defines and 314 references

processors: Unity.Jobs.CodeGen.JobsILPostProcessor, zzzUnity.Burst.CodeGen.BurstILPostProcessor

1 processor(s) skipped this assembly

running Unity.Jobs.CodeGen.JobsILPostProcessor
[ 877/1069  1s] ILPostProcess Library/Bee/artifacts/1900b0aE.dag/post-processed/Unity.Settings.Editor.dll (+pdb)
Processing assembly Library/Bee/artifacts/1900b0aE.dag/Unity.Settings.Editor.dll, with 148 defines and 314 references

processors: Unity.Jobs.CodeGen.JobsILPostProcessor, zzzUnity.Burst.CodeGen.BurstILPostProcessor

1 processor(s) skipped this assembly

running Unity.Jobs.CodeGen.JobsILPostProcessor
[ 878/1069  1s] ILPostProcess Library/Bee/artifacts/1900b0aE.dag/post-processed/Unity.Rendering.LightTransport.Editor.dll (+pdb)
Processing assembly Library/Bee/artifacts/1900b0aE.dag/Unity.Rendering.LightTransport.Editor.dll, with 148 defines and 314 references

processors: Unity.Jobs.CodeGen.JobsILPostProcessor, zzzUnity.Burst.CodeGen.BurstILPostProcessor

1 processor(s) skipped this assembly

running Unity.Jobs.CodeGen.JobsILPostProcessor
[ 879/1069  1s] ILPostProcess Library/Bee/artifacts/1900b0aE.dag/post-processed/Unity.AI.Navigation.Updater.dll (+pdb)
Processing assembly Library/Bee/artifacts/1900b0aE.dag/Unity.AI.Navigation.Updater.dll, with 148 defines and 317 references

processors: Unity.Jobs.CodeGen.JobsILPostProcessor, zzzUnity.Burst.CodeGen.BurstILPostProcessor

1 processor(s) skipped this assembly

running Unity.Jobs.CodeGen.JobsILPostProcessor
[ 880/1069  4s] ILPostProcess Library/Bee/artifacts/1900b0aE.dag/post-processed/Unity.RenderPipelines.Core.Editor.dll (+pdb)
Processing assembly Library/Bee/artifacts/1900b0aE.dag/Unity.RenderPipelines.Core.Editor.dll, with 152 defines and 322 references

processors: Unity.Jobs.CodeGen.JobsILPostProcessor, zzzUnity.Burst.CodeGen.BurstILPostProcessor

1 processor(s) skipped this assembly

running Unity.Jobs.CodeGen.JobsILPostProcessor
[ 881/1069  1s] ILPostProcess Library/Bee/artifacts/1900b0aE.dag/post-processed/Unity.RenderPipelines.Core.Editor.Shared.dll (+pdb)
Processing assembly Library/Bee/artifacts/1900b0aE.dag/Unity.RenderPipelines.Core.Editor.Shared.dll, with 148 defines and 321 references

processors: Unity.Jobs.CodeGen.JobsILPostProcessor, zzzUnity.Burst.CodeGen.BurstILPostProcessor

1 processor(s) skipped this assembly

running Unity.Jobs.CodeGen.JobsILPostProcessor
[ 882/1069  1s] ILPostProcess Library/Bee/artifacts/1900b0aE.dag/post-processed/Unity.TextMeshPro.Editor.dll (+pdb)
Processing assembly Library/Bee/artifacts/1900b0aE.dag/Unity.TextMeshPro.Editor.dll, with 148 defines and 316 references

processors: Unity.Jobs.CodeGen.JobsILPostProcessor, zzzUnity.Burst.CodeGen.BurstILPostProcessor

1 processor(s) skipped this assembly

running Unity.Jobs.CodeGen.JobsILPostProcessor
[ 883/1069  1s] ILPostProcess Library/Bee/artifacts/1900b0aE.dag/post-processed/UnityEditor.TestRunner.dll (+pdb)
Processing assembly Library/Bee/artifacts/1900b0aE.dag/UnityEditor.TestRunner.dll, with 149 defines and 301 references

processors: Unity.Jobs.CodeGen.JobsILPostProcessor, zzzUnity.Burst.CodeGen.BurstILPostProcessor

1 processor(s) skipped this assembly

running Unity.Jobs.CodeGen.JobsILPostProcessor
[ 884/1069  0s] CopyFiles Library/ScriptAssemblies/Unity.InternalAPIEngineBridge.004.dll
[ 885/1069  0s] CopyFiles Library/ScriptAssemblies/Unity.VisualScripting.State.dll
[ 886/1069  0s] CopyFiles Library/ScriptAssemblies/Unity.PerformanceTesting.dll
[ 887/1069  0s] CopyFiles Library/ScriptAssemblies/Unity.ProBuilder.Stl.dll
[ 888/1069  0s] CopyFiles Library/ScriptAssemblies/Unity.InternalAPIEngineBridge.RenderPipelines.Core.Runtime.Shared.dll
[ 889/1069  0s] CopyFiles Library/ScriptAssemblies/Unity.RenderPipelines.Universal.Shaders.dll
[ 890/1069  0s] CopyFiles Library/ScriptAssemblies/Unity.TextMeshPro.dll
[ 891/1069  0s] CopyFiles Library/ScriptAssemblies/Unity.RenderPipelines.Universal.Config.Runtime.dll
[ 892/1069  0s] CopyFiles Library/ScriptAssemblies/Unity.InputSystem.TestFramework.dll
[ 893/1069  0s] CopyFiles Library/ScriptAssemblies/Unity.Collections.Tests.CoreCLR.InternalJobNestedPrivate.dll
[ 894/1069  0s] CopyFiles Library/ScriptAssemblies/Unity.RenderPipelines.Core.Runtime.dll
[ 895/1069  0s] CopyFiles Library/ScriptAssemblies/Unity.Timeline.dll
[ 896/1069  0s] CopyFiles Library/ScriptAssemblies/Unity.ProBuilder.Poly2Tri.dll
[ 897/1069  0s] CopyFiles Library/ScriptAssemblies/Unity.AI.Navigation.dll
[ 898/1069  0s] CopyFiles Library/ScriptAssemblies/Unity.RenderPipelines.Core.Runtime.Shared.dll
[ 899/1069  0s] CopyFiles Library/ScriptAssemblies/Unity.RenderPipeline.Universal.ShaderLibrary.dll
[ 900/1069  0s] CopyFiles Library/ScriptAssemblies/Unity.RenderPipelines.Core.ShaderLibrary.dll
[ 901/1069  0s] CopyFiles Library/ScriptAssemblies/Unity.ProBuilder.dll
[ 902/1069  1s] ILPostProcess Library/Bee/artifacts/1900b0aE.dag/post-processed/Unity.ProBuilder.Editor.dll (+pdb)
Processing assembly Library/Bee/artifacts/1900b0aE.dag/Unity.ProBuilder.Editor.dll, with 148 defines and 319 references

processors: Unity.Jobs.CodeGen.JobsILPostProcessor, zzzUnity.Burst.CodeGen.BurstILPostProcessor

1 processor(s) skipped this assembly

running Unity.Jobs.CodeGen.JobsILPostProcessor
[ 903/1069  0s] CopyFiles Library/ScriptAssemblies/Unity.RenderPipelines.ShaderGraph.ShaderGraphLibrary.dll
[ 904/1069  0s] CopyFiles Library/ScriptAssemblies/Unity.Collections.Tests.CoreCLR.PrivateJobNested.dll
[ 905/1069  0s] CopyFiles Library/ScriptAssemblies/Unity.ProBuilder.Csg.dll
[ 906/1069  0s] CopyFiles Library/ScriptAssemblies/Unity.Burst.dll
[ 907/1069  0s] CopyFiles Library/ScriptAssemblies/Unity.Collections.dll
[ 908/1069  0s] CopyFiles Library/ScriptAssemblies/Unity.Collections.Tests.CoreCLR.ProtectedJobNested.dll
[ 909/1069  0s] CopyFiles Library/ScriptAssemblies/Unity.ProBuilder.KdTree.dll
[ 910/1069  0s] CopyFiles Library/ScriptAssemblies/Unity.VisualScripting.Flow.dll
[ 911/1069  0s] CopyFiles Library/ScriptAssemblies/Unity.RenderPipelines.GPUDriven.Runtime.dll
[ 912/1069  0s] CopyFiles Library/ScriptAssemblies/Unity.VisualScripting.DocCodeExamples.dll
[ 913/1069  0s] CopyFiles Library/ScriptAssemblies/UnityEngine.UI.dll
[ 914/1069  0s] CopyFiles Library/ScriptAssemblies/Unity.InternalAPIEngineBridge.ObjectDispatcher.Runtime.dll
[ 915/1069  0s] CopyFiles Library/ScriptAssemblies/Unity.PathTracing.Runtime.dll
[ 916/1069  0s] CopyFiles Library/ScriptAssemblies/Unity.RenderPipelines.Universal.2D.Runtime.dll
[ 917/1069  0s] CopyFiles Library/ScriptAssemblies/Unity.UnifiedRayTracing.Runtime.dll
[ 918/1069  0s] CopyFiles Library/ScriptAssemblies/Unity.SurfaceCache.Runtime.dll
[ 919/1069  0s] CopyFiles Library/ScriptAssemblies/Unity.InputSystem.ForUI.dll
[ 920/1069  0s] CopyFiles Library/ScriptAssemblies/Unity.VisualScripting.Core.dll
[ 921/1069  0s] CopyFiles Library/ScriptAssemblies/Unity.Profiling.Core.dll
[ 922/1069  0s] CopyFiles Library/ScriptAssemblies/UnityEngine.TestRunner.dll
[ 923/1069  0s] CopyFiles Library/ScriptAssemblies/Unity.InputSystem.dll
[ 924/1069  0s] CopyFiles Library/ScriptAssemblies/UnityEditor.TestRunner.dll
[ 925/1069  0s] CopyFiles Library/ScriptAssemblies/UnityEditor.TestRunner.pdb
[ 926/1069  0s] CopyFiles Library/ScriptAssemblies/Unity.TextMeshPro.Editor.pdb
[ 927/1069  0s] CopyFiles Library/ScriptAssemblies/Unity.RenderPipelines.Core.Editor.Shared.dll
[ 928/1069  0s] CopyFiles Library/ScriptAssemblies/Unity.Collections.Tests.CoreCLR.PublicJobPrivateGeneric.dll
[ 929/1069  0s] CopyFiles Library/ScriptAssemblies/Unity.RenderPipelines.Core.Editor.Shared.pdb
[ 930/1069  0s] CopyFiles Library/ScriptAssemblies/Unity.RenderPipelines.Core.Editor.pdb
[ 931/1069  0s] CopyFiles Library/ScriptAssemblies/Unity.AI.Navigation.Updater.pdb
[ 932/1069  0s] CopyFiles Library/ScriptAssemblies/Unity.ProBuilder.Editor.dll
[ 933/1069  0s] CopyFiles Library/ScriptAssemblies/Unity.ProBuilder.Editor.pdb
[ 934/1069  0s] CopyFiles Library/ScriptAssemblies/Unity.Rendering.LightTransport.Editor.pdb
[ 935/1069  0s] CopyFiles Library/ScriptAssemblies/Unity.Rendering.LightTransport.Editor.dll
[ 936/1069  0s] CopyFiles Library/ScriptAssemblies/Unity.GraphAuthoring.Editor.pdb
[ 937/1069  0s] CopyFiles Library/ScriptAssemblies/Unity.GraphAuthoring.Editor.dll
[ 938/1069  0s] CopyFiles Library/ScriptAssemblies/Unity.Settings.Editor.pdb
[ 939/1069  0s] CopyFiles Library/ScriptAssemblies/Unity.Settings.Editor.dll
[ 940/1069  0s] CopyFiles Library/ScriptAssemblies/Unity.PerformanceTesting.Editor.dll
[ 941/1069  0s] CopyFiles Library/ScriptAssemblies/Unity.PerformanceTesting.Editor.pdb
[ 942/1069  0s] CopyFiles Library/ScriptAssemblies/Unity.AI.Navigation.Updater.dll
[ 943/1069  0s] CopyFiles Library/ScriptAssemblies/Unity.ProBuilder.AddOns.Editor.dll
[ 944/1069  0s] CopyFiles Library/ScriptAssemblies/Unity.ProBuilder.AddOns.Editor.pdb
[ 945/1069  0s] CopyFiles Library/ScriptAssemblies/Unity.InputSystem.ForUI.Editor.dll
[ 946/1069  0s] CopyFiles Library/ScriptAssemblies/Unity.ShaderGraph.Utilities.pdb
[ 947/1069  0s] CopyFiles Library/ScriptAssemblies/Unity.InputSystem.ForUI.Editor.pdb
[ 948/1069  0s] CopyFiles Library/ScriptAssemblies/Unity.ShaderGraph.Utilities.dll
[ 949/1069  0s] CopyFiles Library/ScriptAssemblies/UnityEditor.UI.dll
[ 950/1069  0s] CopyFiles Library/ScriptAssemblies/UnityEditor.UI.pdb
[ 951/1069  0s] CopyFiles Library/ScriptAssemblies/Unity.VisualScripting.Shared.Editor.pdb
[ 952/1069  0s] CopyFiles Library/ScriptAssemblies/Unity.VisualScripting.Shared.Editor.dll
[ 953/1069  0s] CopyFiles Library/ScriptAssemblies/Unity.AI.Navigation.Editor.ConversionSystem.dll
[ 954/1069  0s] CopyFiles Library/ScriptAssemblies/Unity.AI.Navigation.Editor.ConversionSystem.pdb
[ 955/1069  0s] CopyFiles Library/ScriptAssemblies/Unity.VisualScripting.State.Editor.pdb
[ 956/1069  0s] CopyFiles Library/ScriptAssemblies/Unity.VisualScripting.State.Editor.dll
[ 957/1069  0s] CopyFiles Library/ScriptAssemblies/Unity.RenderPipelines.Universal.2D.Runtime.pdb
[ 958/1069  0s] CopyFiles Library/ScriptAssemblies/Unity.VisualScripting.Flow.Editor.pdb
[ 959/1069  5s] ILPostProcess Library/Bee/artifacts/1900b0aE.dag/post-processed/Unity.RenderPipelines.Universal.Runtime.dll (+pdb)
Processing assembly Library/Bee/artifacts/1900b0aE.dag/Unity.RenderPipelines.Universal.Runtime.dll, with 158 defines and 315 references

processors: Unity.Jobs.CodeGen.JobsILPostProcessor, zzzUnity.Burst.CodeGen.BurstILPostProcessor

running Unity.Jobs.CodeGen.JobsILPostProcessor

running zzzUnity.Burst.CodeGen.BurstILPostProcessor
[ 960/1069  0s] CopyFiles Library/ScriptAssemblies/Unity.VisualScripting.Flow.Editor.dll
[ 961/1069  0s] CopyFiles Library/ScriptAssemblies/Unity.ProBuilder.pdb
[ 962/1069  0s] CopyFiles Library/ScriptAssemblies/Unity.Collections.pdb
[ 963/1069  0s] CopyFiles Library/ScriptAssemblies/UnityEditor.UI.Analytics.dll
[ 964/1069  0s] CopyFiles Library/ScriptAssemblies/UnityEditor.UI.Analytics.pdb
[ 965/1069  0s] CopyFiles Library/ScriptAssemblies/Unity.VisualScripting.Flow.pdb
[ 966/1069  0s] CopyFiles Library/ScriptAssemblies/Unity.VisualScripting.SettingsProvider.Editor.dll
[ 967/1069  0s] CopyFiles Library/ScriptAssemblies/Unity.VisualScripting.SettingsProvider.Editor.pdb
[ 968/1069  0s] CopyFiles Library/ScriptAssemblies/Unity.AI.Navigation.Editor.pdb
[ 969/1069  0s] CopyFiles Library/ScriptAssemblies/Unity.VisualScripting.Core.pdb
[ 970/1069  0s] CopyFiles Library/ScriptAssemblies/Unity.Collections.Editor.pdb
[ 971/1069  0s] CopyFiles Library/ScriptAssemblies/Unity.AI.Navigation.Editor.dll
[ 972/1069  0s] CopyFiles Library/ScriptAssemblies/Unity.Collections.Editor.dll
[ 973/1069  0s] CopyFiles Library/ScriptAssemblies/Unity.Timeline.Editor.pdb
[ 974/1069  0s] CopyFiles Library/ScriptAssemblies/Unity.Timeline.Editor.dll
[ 975/1069  0s] CopyFiles Library/ScriptAssemblies/Unity.PathTracing.Runtime.pdb
[ 976/1069  0s] CopyFiles Library/ScriptAssemblies/Unity.RenderPipelines.GPUDriven.Runtime.pdb
[ 977/1069  0s] CopyFiles Library/ScriptAssemblies/Unity.PlasticSCM.Editor.Entities.dll
[ 978/1069  0s] CopyFiles Library/ScriptAssemblies/Unity.PlasticSCM.Editor.Entities.pdb
[ 979/1069  0s] CopyFiles Library/ScriptAssemblies/Unity.ProBuilder.AssetIdRemapUtility.pdb
[ 980/1069  0s] CopyFiles Library/ScriptAssemblies/Unity.ProBuilder.AssetIdRemapUtility.dll
[ 981/1069  0s] CopyFiles Library/ScriptAssemblies/Unity.VisualScripting.DocCodeExamples.pdb
[ 982/1069  0s] CopyFiles Library/ScriptAssemblies/Unity.VisualScripting.State.pdb
[ 983/1069  0s] CopyFiles Library/ScriptAssemblies/Unity.RenderPipelines.Core.Runtime.pdb
[ 984/1069  0s] CopyFiles Library/ScriptAssemblies/Unity.SurfaceCache.Runtime.pdb
[ 985/1069  0s] CopyFiles Library/ScriptAssemblies/Unity.PlasticSCM.Editor.Assistant.pdb
[ 986/1069  0s] CopyFiles Library/ScriptAssemblies/Unity.PlasticSCM.Editor.Assistant.dll
[ 987/1069  0s] CopyFiles Library/ScriptAssemblies/Unity.CollabProxy.Editor.pdb
[ 988/1069  0s] CopyFiles Library/ScriptAssemblies/Unity.CollabProxy.Editor.dll
[ 989/1069  0s] CopyFiles Library/ScriptAssemblies/Unity.InternalAPIEditorBridge.ShaderGraph.Editor.pdb
[ 990/1069  0s] CopyFiles Library/ScriptAssemblies/Unity.InternalAPIEditorBridge.ShaderGraph.Editor.dll
[ 991/1069  0s] CopyFiles Library/ScriptAssemblies/Unity.Collections.Tests.CoreCLR.InternalJobNestedPrivate.pdb
[ 992/1069  0s] CopyFiles Library/ScriptAssemblies/UnityEngine.TestRunner.pdb
[ 993/1069  0s] CopyFiles Library/ScriptAssemblies/Unity.RenderPipelines.Core.Editor.dll
[ 994/1069  0s] CopyFiles Library/ScriptAssemblies/Unity.Collections.Tests.CoreCLR.PrivateJobNested.pdb
[ 995/1069  0s] CopyFiles Library/ScriptAssemblies/Unity.UnifiedRayTracing.Runtime.pdb
[ 996/1069  0s] CopyFiles Library/ScriptAssemblies/Unity.RenderPipelines.Core.Runtime.Shared.pdb
[ 997/1069  0s] CopyFiles Library/ScriptAssemblies/Unity.AI.Navigation.pdb
[ 998/1069  0s] CopyFiles Library/ScriptAssemblies/Unity.Timeline.pdb
[ 999/1069  0s] CopyFiles Library/ScriptAssemblies/Unity.RenderPipeline.Universal.ShaderLibrary.pdb
[1000/1069  0s] CopyFiles Library/ScriptAssemblies/Unity.RenderPipelines.Universal.Shaders.pdb
[1001/1069  0s] CopyFiles Library/ScriptAssemblies/Unity.RenderPipelines.Universal.Config.Runtime.pdb
[1002/1069  0s] CopyFiles Library/ScriptAssemblies/Unity.InputSystem.pdb
[1003/1069  0s] CopyFiles Library/ScriptAssemblies/UnityEngine.UI.pdb
[1004/1069  0s] CopyFiles Library/ScriptAssemblies/Unity.ProBuilder.Stl.pdb
[1005/1069  0s] CopyFiles Library/ScriptAssemblies/Unity.InputSystem.ForUI.pdb
[1006/1069  0s] CopyFiles Library/ScriptAssemblies/Unity.ProBuilder.Csg.pdb
[1007/1069  0s] CopyFiles Library/ScriptAssemblies/Unity.InputSystem.TestFramework.pdb
[1008/1069  0s] CopyFiles Library/ScriptAssemblies/Unity.ProBuilder.KdTree.pdb
[1009/1069  0s] CopyFiles Library/ScriptAssemblies/Unity.Burst.pdb
[1010/1069  0s] CopyFiles Library/ScriptAssemblies/Unity.InternalAPIEngineBridge.ObjectDispatcher.Runtime.pdb
[1011/1069  0s] CopyFiles Library/ScriptAssemblies/Unity.TextMeshPro.pdb
[1012/1069  0s] CopyFiles Library/ScriptAssemblies/Unity.InternalAPIEngineBridge.RenderPipelines.Core.Runtime.Shared.pdb
[1013/1069  0s] CopyFiles Library/ScriptAssemblies/Unity.Collections.Tests.CoreCLR.PublicJobPrivateGeneric.pdb
[1014/1069  0s] CopyFiles Library/ScriptAssemblies/Unity.Collections.Tests.CoreCLR.ProtectedJobNested.pdb
[1015/1069  0s] CopyFiles Library/ScriptAssemblies/Unity.RenderPipelines.ShaderGraph.ShaderGraphLibrary.pdb
[1016/1069  0s] CopyFiles Library/ScriptAssemblies/Unity.InternalAPIEngineBridge.004.pdb
[1017/1069  0s] CopyFiles Library/ScriptAssemblies/Unity.ProBuilder.Poly2Tri.pdb
[1018/1069  0s] CopyFiles Library/ScriptAssemblies/Unity.RenderPipelines.Core.ShaderLibrary.pdb
[1019/1069  0s] CopyFiles Library/ScriptAssemblies/Unity.Profiling.Core.pdb
[1020/1069  0s] CopyFiles Library/ScriptAssemblies/Unity.PerformanceTesting.pdb
[1021/1069  0s] CopyFiles Library/ScriptAssemblies/Unity.RenderPipelines.Universal.Runtime.pdb
[1022/1069  0s] CopyFiles Library/ScriptAssemblies/Unity.RenderPipelines.Universal.Runtime.dll
[1023/1069  0s] ILPostProcess Library/Bee/artifacts/1900b0aE.dag/post-processed/Unity.InternalAPIEngineBridge.RenderPipelines.Core.Editor.dll (+pdb)
Processing assembly Library/Bee/artifacts/1900b0aE.dag/Unity.InternalAPIEngineBridge.RenderPipelines.Core.Editor.dll, with 148 defines and 314 references

processors: Unity.Jobs.CodeGen.JobsILPostProcessor, zzzUnity.Burst.CodeGen.BurstILPostProcessor

1 processor(s) skipped this assembly

running Unity.Jobs.CodeGen.JobsILPostProcessor
[1024/1069  0s] ILPostProcess Library/Bee/artifacts/1900b0aE.dag/post-processed/Unity.InputSystem.DocCodeSamples.dll (+pdb)
Processing assembly Library/Bee/artifacts/1900b0aE.dag/Unity.InputSystem.DocCodeSamples.dll, with 148 defines and 301 references

processors: Unity.Jobs.CodeGen.JobsILPostProcessor, zzzUnity.Burst.CodeGen.BurstILPostProcessor

1 processor(s) skipped this assembly

running Unity.Jobs.CodeGen.JobsILPostProcessor
[1025/1069  0s] ILPostProcess Library/Bee/artifacts/1900b0aE.dag/post-processed/Unity.Searcher.Editor.dll (+pdb)
Processing assembly Library/Bee/artifacts/1900b0aE.dag/Unity.Searcher.Editor.dll, with 148 defines and 314 references

processors: Unity.Jobs.CodeGen.JobsILPostProcessor, zzzUnity.Burst.CodeGen.BurstILPostProcessor

1 processor(s) skipped this assembly

running Unity.Jobs.CodeGen.JobsILPostProcessor
[1026/1069  7s] Csc Library/Bee/artifacts/1900b0aE.dag/Unity.ShaderGraph.Editor.dll (+2 others)
[1027/1069  0s] CopyFiles Library/ScriptAssemblies/Unity.InternalAPIEngineBridge.RenderPipelines.Core.Editor.dll
[1028/1069  0s] CopyFiles Library/ScriptAssemblies/Unity.Searcher.Editor.pdb
[1029/1069  0s] CopyFiles Library/ScriptAssemblies/Unity.InternalAPIEngineBridge.RenderPipelines.Core.Editor.pdb
[1030/1069  0s] CopyFiles Library/ScriptAssemblies/Unity.InputSystem.DocCodeSamples.pdb
[1031/1069  0s] CopyFiles Library/ScriptAssemblies/Unity.InputSystem.DocCodeSamples.dll
[1032/1069  0s] CopyFiles Library/ScriptAssemblies/Unity.TextMeshPro.Editor.dll
[1033/1069  0s] CopyFiles Library/ScriptAssemblies/Unity.Searcher.Editor.dll
[           0s] Csc Library/Bee/artifacts/1900b0aE.dag/Unity.ShaderGraph.Editor.dll (+2 others) [CacheWrite 5380397d9d9b6efe906701f40d57aaef00000000000000000000000000000006]
[1034/1069  0s] ILPostProcess Library/Bee/artifacts/1900b0aE.dag/post-processed/Unity.PathTracing.Editor.dll (+pdb)
Processing assembly Library/Bee/artifacts/1900b0aE.dag/Unity.PathTracing.Editor.dll, with 149 defines and 317 references

processors: Unity.Jobs.CodeGen.JobsILPostProcessor, zzzUnity.Burst.CodeGen.BurstILPostProcessor

1 processor(s) skipped this assembly

running Unity.Jobs.CodeGen.JobsILPostProcessor
[1038/1069  0s] CopyFiles Library/ScriptAssemblies/Unity.PathTracing.Editor.pdb
[           0s] Csc Library/Bee/artifacts/1900b0aE.dag/Unity.RenderPipelines.Universal.Editor.dll (+2 others) [CacheMiss 19b05b6acd23ec663987bfbeefa68a8e00000000000000000000000000000006]
[           0s] Csc Library/Bee/artifacts/1900b0aE.dag/Unity.RenderPipelines.Universal.2D.Editor.Overrides.dll (+2 others) [CacheMiss 211dc8d0502d93030ae6a44f6a504dd300000000000000000000000000000006]
[1039/1069  0s] CopyFiles Library/ScriptAssemblies/Unity.PathTracing.Editor.dll
[1040/1069  0s] Csc Library/Bee/artifacts/1900b0aE.dag/Unity.RenderPipelines.Universal.2D.Editor.Overrides.dll (+2 others)
[           0s] Csc Library/Bee/artifacts/1900b0aE.dag/Unity.RenderPipelines.Universal.2D.Editor.Overrides.dll (+2 others) [CacheWrite 211dc8d0502d93030ae6a44f6a504dd300000000000000000000000000000006]
[1042/1069  0s] ILPostProcess Library/Bee/artifacts/1900b0aE.dag/post-processed/Unity.RenderPipelines.Universal.2D.Editor.Overrides.dll (+pdb)
Processing assembly Library/Bee/artifacts/1900b0aE.dag/Unity.RenderPipelines.Universal.2D.Editor.Overrides.dll, with 149 defines and 322 references

processors: Unity.Jobs.CodeGen.JobsILPostProcessor, zzzUnity.Burst.CodeGen.BurstILPostProcessor

1 processor(s) skipped this assembly

running Unity.Jobs.CodeGen.JobsILPostProcessor
[1043/1069  0s] CopyFiles Library/ScriptAssemblies/Unity.RenderPipelines.Universal.2D.Editor.Overrides.dll
[1044/1069  0s] CopyFiles Library/ScriptAssemblies/Unity.RenderPipelines.Universal.2D.Editor.Overrides.pdb
[1045/1069  2s] ILPostProcess Library/Bee/artifacts/1900b0aE.dag/post-processed/Unity.VisualScripting.Core.Editor.dll (+pdb)
Processing assembly Library/Bee/artifacts/1900b0aE.dag/Unity.VisualScripting.Core.Editor.dll, with 148 defines and 315 references

processors: Unity.Jobs.CodeGen.JobsILPostProcessor, zzzUnity.Burst.CodeGen.BurstILPostProcessor

1 processor(s) skipped this assembly

running Unity.Jobs.CodeGen.JobsILPostProcessor
[1046/1069  0s] CopyFiles Library/ScriptAssemblies/Unity.VisualScripting.Core.Editor.pdb
[1047/1069  0s] CopyFiles Library/ScriptAssemblies/Unity.VisualScripting.Core.Editor.dll
[1048/1069  2s] Csc Library/Bee/artifacts/1900b0aE.dag/Unity.RenderPipelines.Universal.Editor.dll (+2 others)
[           0s] Csc Library/Bee/artifacts/1900b0aE.dag/Unity.RenderPipelines.Universal.Editor.dll (+2 others) [CacheWrite 19b05b6acd23ec663987bfbeefa68a8e00000000000000000000000000000006]
[1049/1069  2s] ILPostProcess Library/Bee/artifacts/1900b0aE.dag/post-processed/Unity.ShaderGraph.Editor.dll (+pdb)
Processing assembly Library/Bee/artifacts/1900b0aE.dag/Unity.ShaderGraph.Editor.dll, with 148 defines and 320 references

processors: Unity.Jobs.CodeGen.JobsILPostProcessor, zzzUnity.Burst.CodeGen.BurstILPostProcessor

1 processor(s) skipped this assembly

running Unity.Jobs.CodeGen.JobsILPostProcessor
[1053/1069  0s] CopyFiles Library/ScriptAssemblies/Unity.ShaderGraph.Editor.pdb
[1054/1069  3s] ILPostProcess Library/Bee/artifacts/1900b0aE.dag/post-processed/Unity.PlasticSCM.Editor.dll (+pdb)
Processing assembly Library/Bee/artifacts/1900b0aE.dag/Unity.PlasticSCM.Editor.dll, with 149 defines and 304 references

processors: Unity.Jobs.CodeGen.JobsILPostProcessor, zzzUnity.Burst.CodeGen.BurstILPostProcessor

1 processor(s) skipped this assembly

running Unity.Jobs.CodeGen.JobsILPostProcessor
[1055/1069  0s] CopyFiles Library/ScriptAssemblies/Unity.PlasticSCM.Editor.pdb
[1056/1069  0s] CopyFiles Library/ScriptAssemblies/Unity.ShaderGraph.Editor.dll
[1057/1069  0s] Csc Library/Bee/artifacts/1900b0aE.dag/Assembly-CSharp.dll (+2 others)
[1058/1069  0s] CopyFiles Library/ScriptAssemblies/Unity.PlasticSCM.Editor.dll
[1059/1069  0s] ILPostProcess Library/Bee/artifacts/1900b0aE.dag/post-processed/Assembly-CSharp.dll (+pdb)
Processing assembly Library/Bee/artifacts/1900b0aE.dag/Assembly-CSharp.dll, with 150 defines and 356 references

processors: Unity.Jobs.CodeGen.JobsILPostProcessor, zzzUnity.Burst.CodeGen.BurstILPostProcessor

1 processor(s) skipped this assembly

running Unity.Jobs.CodeGen.JobsILPostProcessor
[1060/1069  0s] CopyFiles Library/ScriptAssemblies/Assembly-CSharp.pdb
[1061/1069  0s] CopyFiles Library/ScriptAssemblies/Assembly-CSharp.dll
[1062/1069  0s] ILPostProcess Library/Bee/artifacts/1900b0aE.dag/post-processed/Unity.RenderPipelines.Universal.Editor.dll (+pdb)
Processing assembly Library/Bee/artifacts/1900b0aE.dag/Unity.RenderPipelines.Universal.Editor.dll, with 152 defines and 326 references

processors: Unity.Jobs.CodeGen.JobsILPostProcessor, zzzUnity.Burst.CodeGen.BurstILPostProcessor

1 processor(s) skipped this assembly

running Unity.Jobs.CodeGen.JobsILPostProcessor
[1063/1069  0s] CopyFiles Library/ScriptAssemblies/Unity.RenderPipelines.Universal.Editor.pdb
[1064/1069  0s] Csc Library/Bee/artifacts/1900b0aE.dag/Assembly-CSharp-Editor.dll (+2 others)
[1065/1069  0s] CopyFiles Library/ScriptAssemblies/Unity.RenderPipelines.Universal.Editor.dll
[1066/1069  0s] ILPostProcess Library/Bee/artifacts/1900b0aE.dag/post-processed/Assembly-CSharp-Editor.dll (+pdb)
Processing assembly Library/Bee/artifacts/1900b0aE.dag/Assembly-CSharp-Editor.dll, with 148 defines and 379 references

processors: Unity.Jobs.CodeGen.JobsILPostProcessor, zzzUnity.Burst.CodeGen.BurstILPostProcessor

1 processor(s) skipped this assembly

running Unity.Jobs.CodeGen.JobsILPostProcessor
[1067/1069  0s] CopyFiles Library/ScriptAssemblies/Assembly-CSharp-Editor.dll
[1068/1069  0s] CopyFiles Library/ScriptAssemblies/Assembly-CSharp-Editor.pdb
*** Tundra build success (57.39 seconds), 493 items updated, 1069 evaluated
Total cache size 301148648
Total cache size after purge 264872472, took 00:00:02.1753148
AssetDatabase: script compilation time: 68.690305s
[Licensing::Client] Successfully resolved entitlement details
Begin MonoManager ReloadAssembly
'Packages/com.unity.render-pipelines.core/Editor/Deprecated.cs' contains partial class of Unity.Object, exactly 1 of the partial classes needs to be in a file with the same filename. This is to know the one that can be referenced from ie. GameObjects
'Packages/com.unity.render-pipelines.core/Editor/Deprecated.cs' contains partial class of Unity.Object, exactly 1 of the partial classes needs to be in a file with the same filename. This is to know the one that can be referenced from ie. GameObjects
Refreshing native plugins compatible for Editor in 7.91 ms, found 4 plugins.
Native extension for WindowsStandalone target not found
Native extension for WebGL target not found
[MODES] ModeService[none].Initialize
[MODES] ModeService[none].LoadModes
[MODES] Loading mode Default (0) for mode-current-id-Traversal Gameplay
ScheduleIndexationOnStartup MainProcess:True IndexOnStartup:True
Scripting: successfully reloaded assembly
- Finished resetting the current domain, in  1.676 seconds
Domain Reload Profiling: 3378ms
	BeginReloadAssembly (399ms)
		DisableScriptedObjects (76ms)
		CreateAndSetChildDomain (84ms)
	RebuildCommonClasses (11ms)
	RebuildNativeTypeToScriptingClass (19ms)
	initialDomainReloadingComplete (85ms)
	LoadAllAssembliesAndSetupDomain (1187ms)
		LoadAssemblies (699ms)
		TypeCache.Refresh (317ms)
			TypeCache.ScanAssembly (296ms)
		AnalyzeDomain (110ms)
			BuildScriptInfoCaches (96ms)
			ResolveRequiredComponents (12ms)
	FinalizeReload (1677ms)
		SetupLoadedEditorAssemblies (0ms)
			BeforeProcessingInitializeOnLoad (150ms)
			ProcessInitializeOnLoadAttributes (466ms)
			ProcessInitializeOnLoadMethodAttributes (393ms)
			AfterProcessingInitializeOnLoad (11ms)
			EditorAssembliesLoaded (3ms)
		AwakeInstancesAfterBackupRestoration (42ms)
Starting new worker id: 0 with log in C:/Users/Duncan Joseph/Traversal Gameplay/Logs/AssetImportWorkerHW0.log

Asset Pipeline Refresh (id=bfd3e9b53f810c04894fe995e2bb8719): Total: 73.682 seconds - Initiated by InitialRefreshV2(ForceSynchronousImport)
	(Values over 0.05ms)
	Summary:
		Imports: total=0 (actual=0, local cache=0, cache server=0)
		Asset DB Process Time: managed=0 ms, native=2872 ms
		Asset DB Callback time: managed=60 ms, native=64 ms
		Scripting: domain reloads=1, domain reload time=1911 ms, compile time=68693 ms, other=80 ms
		Project Asset Count: scripts=1443, non-scripts=2805
		Asset File Changes: new=0, changed=0, moved=0, deleted=0
		Scan Filter Count: 0
	InvokePackagesCallback: 68.714ms
	ApplyChangesToAssetFolders: 1.081ms
	Scan: 393.224ms
	Collect global state as custom dependencies: 39.527ms
	CategorizeScriptCompilationAssets: 97.099ms
	ProcessAssetsWithTransientArtifactChanges: 123.719ms
	CategorizeAssets: 205.925ms
	CompileScripts: 68693.113ms
	ImportOutOfDateAssets: 1718.393ms (1697.795ms without children)
		ReloadNativeAssets: 0.365ms
		UnloadImportedAssets: 1.556ms
		EnsureUptoDateAssetsAreRegisteredWithGuidPM: 1.471ms
		ImportSchedulerStart: 17.201ms
	PostProcessAllAssets: 60.390ms
		MonoPostProcessAllAssets: 60.282ms
			UniversalRenderPipelineGlobalSettingsPostprocessor.OnPostprocessAllAssets 23.718ms
			SyncVS.PostprocessSyncProject 4.029ms
			WindowAssetPostprocessingWatcher.OnPostprocessAllAssets 3.118ms
			SpeedTree9Postprocessor.OnPostprocessAllAssets 2.154ms
			EditModeScopePostprocessor.OnPostprocessAllAssets 1.907ms
			ShaderReflectionAssetPostProcessor.OnPostprocessAllAssets 0.961ms
			RenderPipelineGlobalSettingsPostprocessor.OnPostprocessAllAssets 0.920ms
			ReferencedClipsPostProcessor.OnPostprocessAllAssets 0.412ms
			InputActionAssetPostprocessor.OnPostprocessAllAssets 0.308ms
			AssetDatabaseCallbacks.OnPostprocessAllAssets 0.272ms
			TerrainToolbarOverlayPostProcessor.OnPostprocessAllAssets 0.226ms
			ProjectSettingsPostprocessor.OnPostprocessAllAssets 0.196ms
	UnloadStreamsBegin: 2.462ms
	PersistCurrentRevisions: 0.151ms
	GenerateScriptTypeHashes: 2.226ms
	GenerateScriptTypeSerializationHashes: 3.684ms
	Untracked: 2231.548ms

Application.AssetDatabase Initial Refresh End
Launched and connected shader compiler UnityShaderCompiler.exe after 0.03 seconds
Scanning for USB devices : 11.983ms
Initializing Unity extensions:
Unloading 63 Unused Serialized files (Serialized files now loaded: 0)
Loaded scene 'Assets/Scenes/SampleScene.unity'
	Deserialize:            21.931 ms
	Integration:            69.571 ms
	Integration of assets:  2.008 ms
	Thread Wait Time:       -1.929 ms
	Total Operation Time:   91.581 ms
Unloading 6997 unused Assets / (10.6 MB). Loaded Objects now: 8046.
Memory consumption went from 425.8 MB to 415.2 MB.
Total: 24.877700 ms (FindLiveObjects: 0.990900 ms CreateObjectMapping: 1.158100 ms MarkObjects: 17.676000 ms  DeleteObjects: 4.479600 ms)

[LAYOUT] About to load UserSettings\Layouts\default-6000.dwlt, keepMainWindow=False
[LAYOUT] About to save layout C:\Users\Duncan Joseph\Traversal Gameplay\UserSettings\Layouts\default-6000.dwlt
[LAYOUT] About to save layout C:/Users/Duncan Joseph/AppData/Roaming/Unity/Editor-5.x/Preferences\Layouts\current\default-6000.dwlt
[MODES] ModeService[default].InitializeCurrentMode
[MODES] ModeService[default].RaiseModeChanged(default, default)
This project uses Input Manager, which is marked for deprecation. To manage input in your project, use the <a href="https://docs.unity3d.com/Packages/com.unity.inputsystem@latest">Input System package</a> instead.
<RI> Initializing input.
Using Windows.Gaming.Input
<RI> Input initialized.
[Project] Loading completed in 84.981 seconds
	Project init time: 				79.694 seconds
		Template init time: 		0.000 seconds
		Package Manager init time: 		0.374 seconds
		Asset Database init time: 		0.935 seconds
		Global illumination init time: 	0.007 seconds
		Assemblies load time: 			2.708 seconds
		Unity extensions init time: 	0.041 seconds
		Asset Database refresh time: 	73.682 seconds
	Scene opening time: 			4.069 seconds
##utp:{"type":"ProjectInfo","version":2,"phase":"Immediate","time":1790612025543,"processId":32444,"projectLoad":84.9806488,"projectInit":79.6941268,"templateInit":0.0,"packageManagerInit":0.3741649,"assetDatabaseInit":0.9352834,"globalIlluminationInit":0.0074792,"assembliesLoad":2.7075266,"unityExtensionsInit":0.0412034,"assetDatabaseRefresh":73.68225,"sceneOpening":4.0690901}
##utp:{"type":"EditorInfo","version":2,"phase":"Immediate","time":1790612025544,"processId":32444,"editorVersion":"6000.6.0f1 (f7f8ed4d1e24)","branch":"6000.6/respin/6000.6.0f1-fa21a270ab12","buildType":"Release","platform":"Windows"}
[Licensing::Client] Successfully resolved entitlement details
Worker ready: AssetImportWorkerHW0 0
GPU Resident Drawer created.
[Licensing::Client] Successfully resolved entitlement details
Created GICache directory at C:/Users/Duncan Joseph/AppData/LocalLow/Unity/Caches/GiCache. Took: 0.052s, timestamps: [86.097 - 86.149]
[Licensing::Client] Successfully resolved entitlement details
[Licensing::Client] Successfully resolved entitlement details
[Licensing::Client] Successfully resolved entitlement details
[Licensing::Client] Successfully updated the access token
[Licensing::Module] Successfully updated access token: "LE6u7z1b"... (expires: 2026-09-28T17:20:22Z)
UPID Received 'e5d3e204-cd96-4438-a1a4-e05c63c78158'.
[Licensing::Client] Successfully resolved entitlement details
Start Indexing on Editor startup
[Indexing] Starting Initial Indexing for Assets
Request Asset Garbage Collect because used heap size increased from 414.9 MB to 0.67 GB, exceeding the threshold of 256.0 MB.
Unloading 119 Unused Serialized files (Serialized files now loaded: 0)
Asset Pipeline Refresh (id=09d1a2e3437349147885fbd1ccf3d41e): Total: 0.123 seconds - Initiated by RefreshV2(AllowForceSynchronousImport)
Unloading 147 unused Assets / (16.9 MB). Loaded Objects now: 9353.
Memory consumption went from 0.63 GB to 0.62 GB.
Total: 30.201700 ms (FindLiveObjects: 0.641800 ms CreateObjectMapping: 0.470500 ms MarkObjects: 22.307100 ms  DeleteObjects: 6.482800 ms)

Starting new worker id: 1 with log in C:/Users/Duncan Joseph/Traversal Gameplay/Logs/AssetImportWorkerHW1.log
[Worker0] Imported GUID: 99c9720ab356a0642a771bea13969a05 - Path: Assets/Scenes/SampleScene.unity - Importer: ScriptedImporter/UnityEditor.QuickSearchModule:UnityEditor.Search:ASIAI0B -> (ImportResultId: '9d3956dea813cfa0dc47f4f5ab359076') in 0.1468429 seconds
[Worker0] Imported GUID: c22777d6e868e4f2fb421913386b154e - Path: Packages/com.unity.probuilder/Content/Resources/Materials/ProBuilderDefault.mat - Importer: ScriptedImporter/UnityEditor.QuickSearchModule:UnityEditor.Search:ASIAI0B -> (ImportResultId: '13b4bbadd7121c37e8ad8022f7129d23') in 0.0931889 seconds
Worker ready: AssetImportWorkerHW1 1
GPU Resident Drawer disposed.
Entering Playmode with Reload Domain disabled.
If you experience any issues, please disable "Enter Play Mode Options" in Editor Settings
Entering Playmode with Reload Scene disabled. If you experience any issues, please disable "Enter Play Mode Options" in Editor Settings
GPU Resident Drawer created.
TrimDiskCacheJob: Current cache size 0mb
GPU Resident Drawer disposed.
Unloading 12 Unused Serialized files (Serialized files now loaded: 0)
Loaded scene 'Temp/__Backupscenes/0.backup'
	Deserialize:            5.905 ms
	Integration:            35.134 ms
	Integration of assets:  0.121 ms
	Thread Wait Time:       -0.071 ms
	Total Operation Time:   41.090 ms
Unloading 25 unused Assets / (276.7 KB). Loaded Objects now: 9211.
Memory consumption went from 0.63 GB to 0.63 GB.
Total: 37.199600 ms (FindLiveObjects: 0.574500 ms CreateObjectMapping: 0.230400 ms MarkObjects: 35.738100 ms  DeleteObjects: 0.430400 ms)

[Licensing::Client] Successfully resolved entitlement details
GPU Resident Drawer created.
GPU Resident Drawer disposed.
Entering Playmode with Reload Domain disabled.
If you experience any issues, please disable "Enter Play Mode Options" in Editor Settings
Entering Playmode with Reload Scene disabled. If you experience any issues, please disable "Enter Play Mode Options" in Editor Settings
GPU Resident Drawer created.
GPU Resident Drawer disposed.
Unloading 7 Unused Serialized files (Serialized files now loaded: 0)
Loaded scene 'Temp/__Backupscenes/0.backup'
	Deserialize:            2.021 ms
	Integration:            29.678 ms
	Integration of assets:  0.043 ms
	Thread Wait Time:       0.019 ms
	Total Operation Time:   31.762 ms
Unloading 22 unused Assets / (258.6 KB). Loaded Objects now: 9216.
Memory consumption went from 0.63 GB to 0.63 GB.
Total: 36.207500 ms (FindLiveObjects: 0.644400 ms CreateObjectMapping: 0.168800 ms MarkObjects: 35.032500 ms  DeleteObjects: 0.098000 ms)

GPU Resident Drawer created.
[ScriptCompilation] Requested script compilation because: AssetDatabase observed changes in script compilation related files
[Licensing::Client] Successfully resolved entitlement details
Starting: C:\Program Files\Unity\Hub\Editor\6000.6.0f1\Editor\Data\Tools\BuildPipeline\bee_backend.exe --ipc --defer-dag-verification --dagfile="Library/Bee/1900b0aE.dag" --continue-on-failure --profile="Library/Bee/backend1.traceevents" ScriptAssemblies
WorkingDir: C:/Users/Duncan Joseph/Traversal Gameplay
ExitCode: 0 Duration: 2s789ms
[ 826/1069  0s] ILPP-Configuration Library/ilpp-configuration.nevergeneratedoutput
[1061/1069  1s] Csc Library/Bee/artifacts/1900b0aE.dag/Assembly-CSharp.dll (+2 others)
[1062/1069  0s] ILPostProcess Library/Bee/artifacts/1900b0aE.dag/post-processed/Assembly-CSharp.dll (+pdb)
Processing assembly Library/Bee/artifacts/1900b0aE.dag/Assembly-CSharp.dll, with 150 defines and 356 references

processors: Unity.Jobs.CodeGen.JobsILPostProcessor, zzzUnity.Burst.CodeGen.BurstILPostProcessor

1 processor(s) skipped this assembly

running Unity.Jobs.CodeGen.JobsILPostProcessor
[1063/1069  0s] CopyFiles Library/ScriptAssemblies/Assembly-CSharp.pdb
[1064/1069  0s] CopyFiles Library/ScriptAssemblies/Assembly-CSharp.dll
[1065/1069  0s] Csc Library/Bee/artifacts/1900b0aE.dag/Assembly-CSharp-Editor.dll (+2 others)
[1066/1069  0s] ILPostProcess Library/Bee/artifacts/1900b0aE.dag/post-processed/Assembly-CSharp-Editor.dll (+pdb)
Processing assembly Library/Bee/artifacts/1900b0aE.dag/Assembly-CSharp-Editor.dll, with 148 defines and 379 references

processors: Unity.Jobs.CodeGen.JobsILPostProcessor, zzzUnity.Burst.CodeGen.BurstILPostProcessor

1 processor(s) skipped this assembly

running Unity.Jobs.CodeGen.JobsILPostProcessor
[1067/1069  0s] CopyFiles Library/ScriptAssemblies/Assembly-CSharp-Editor.dll
[1068/1069  0s] CopyFiles Library/ScriptAssemblies/Assembly-CSharp-Editor.pdb
*** Tundra build success (2.57 seconds), 9 items updated, 1069 evaluated
Reloading assemblies after forced synchronous recompile.
Begin MonoManager ReloadAssembly
GPU Resident Drawer disposed.
Refreshing native plugins compatible for Editor in 7.34 ms, found 4 plugins.
Native extension for WindowsStandalone target not found
Native extension for WebGL target not found
[MODES] ModeService[none].Initialize
[MODES] ModeService[none].LoadModes
ScheduleIndexationOnStartup MainProcess:True IndexOnStartup:True
Scripting: successfully reloaded assembly
- Finished resetting the current domain, in  3.141 seconds
Domain Reload Profiling: 5619ms
	BeginReloadAssembly (1562ms)
		ExecutionOrderSort (6ms)
		DisableScriptedObjects (370ms)
		CreateAndSetChildDomain (583ms)
	RebuildCommonClasses (18ms)
	RebuildNativeTypeToScriptingClass (24ms)
	initialDomainReloadingComplete (222ms)
	LoadAllAssembliesAndSetupDomain (649ms)
		LoadAssemblies (482ms)
		TypeCache.Refresh (21ms)
		AnalyzeDomain (270ms)
			BuildScriptInfoCaches (230ms)
			ResolveRequiredComponents (32ms)
	FinalizeReload (3143ms)
		SetupLoadedEditorAssemblies (0ms)
			LogAssemblyErrors (3ms)
			InitializePlatformSupportModulesInManaged (3ms)
			BeforeProcessingInitializeOnLoad (317ms)
			ProcessInitializeOnLoadAttributes (456ms)
			ProcessInitializeOnLoadMethodAttributes (191ms)
			AfterProcessingInitializeOnLoad (10ms)
			EditorAssembliesLoaded (3ms)
		AwakeInstancesAfterBackupRestoration (1531ms)
Refreshing native plugins compatible for Editor in 3.11 ms, found 4 plugins.

Asset Pipeline Refresh (id=2543893e012ebc441bc842a58ec779c1): Total: 9.774 seconds - Initiated by RefreshV2(AllowForceSynchronousImport)
	(Values over 0.05ms)
	Summary:
		Imports: total=0 (actual=0, local cache=0, cache server=0)
		Asset DB Process Time: managed=0 ms, native=3397 ms
		Asset DB Callback time: managed=173 ms, native=13 ms
		Scripting: domain reloads=1, domain reload time=2744 ms, compile time=3445 ms, other=0 ms
		Project Asset Count: scripts=1443, non-scripts=2805
		Asset File Changes: new=0, changed=1, moved=0, deleted=0
		Scan Filter Count: 0
	InvokePackagesCallback: 5.992ms
	ApplyChangesToAssetFolders: 1.002ms
	Scan: 41.910ms
	Collect global state as custom dependencies: 7.143ms
	OnSourceAssetsModified: 3.745ms
	CategorizeScriptCompilationAssets: 1.075ms
	ProcessAssetsWithTransientArtifactChanges: 9.870ms
	CategorizeAssets: 78.612ms
	CompileScripts: 3445.192ms
	ImportOutOfDateAssets: 3164.364ms (3159.518ms without children)
		CollectScriptTypesHashes: 5.502ms
		ReloadNativeAssets: 1.122ms
		UnloadImportedAssets: 1.685ms
		EnsureUptoDateAssetsAreRegisteredWithGuidPM: 0.855ms
		ImportSchedulerStart: 1.159ms
	PostProcessAllAssets: 176.139ms
		XRBuildSystem.XRAssetImported 0.869ms
		PostProcessCallbackCreateDeferredMaterials 0.580ms
		VCAutoAddAssetPostprocess 0.261ms
		MonoPostProcessAllAssets: 170.778ms
			AssetPostprocessor.OnPostprocessAllAssets 84.700ms
			UniversalRenderPipelineGlobalSettingsPostprocessor.OnPostprocessAllAssets 23.747ms
			BuilderAssetPostprocessor.OnPostprocessAllAssets 8.065ms
			AssetChangedListener.OnPostprocessAllAssets 7.437ms
			SyncVS.PostprocessSyncProject 4.577ms
			WindowAssetPostprocessingWatcher.OnPostprocessAllAssets 3.597ms
			SpeedTree9Postprocessor.OnPostprocessAllAssets 3.589ms
			ShaderGraphAssetPostProcessor.OnPostprocessAllAssets 3.270ms
			RenderPipelineGlobalSettingsPostprocessor.OnPostprocessAllAssets 1.762ms
			RetainedModeAssetPostprocessor.OnPostprocessAllAssets 1.709ms
			EditModeScopePostprocessor.OnPostprocessAllAssets 1.221ms
			ProjectSettingsPostprocessor.OnPostprocessAllAssets 1.155ms
			TMPro_TexturePostProcessor.OnPostprocessAllAssets 1.018ms
			ShaderReflectionAssetPostProcessor.OnPostprocessAllAssets 0.955ms
			MaterialPostprocessor.OnPostprocessAllAssets 0.891ms
			InputActionAssetPostprocessor.OnPostprocessAllAssets 0.671ms
			TextAssetPostProcessor.OnPostprocessAllAssets 0.551ms
			PostProcessor.OnPostprocessAllAssets 0.543ms
			AudioMixerPostprocessor.OnPostprocessAllAssets 0.533ms
			ArtifactBrowserPostProcessor.OnPostprocessAllAssets 0.475ms
			UVCSAssetPostprocessor.OnPostprocessAllAssets 0.465ms
			AssetEvents.OnPostprocessAllAssets 0.437ms
			ReferencedClipsPostProcessor.OnPostprocessAllAssets 0.422ms
			InputActionJsonNameModifierAssetProcessor.OnPostprocessAllAssets 0.411ms
			StyleCatalogPostProcessor.OnPostprocessAllAssets 0.375ms
			TerrainToolbarOverlayPostProcessor.OnPostprocessAllAssets 0.269ms
			SpeedTreePostProcessor.OnPostprocessAllAssets 0.256ms
			SamplePostprocessor.OnPostprocessAllAssets 0.230ms
			AssetDatabaseCallbacks.OnPostprocessAllAssets 0.193ms
			ConfigAssetsTracker.OnPostprocessAllAssets 0.169ms
			ScenarioDriftAssetsTracker.OnPostprocessAllAssets 0.163ms
			AudioContainerPostProcessor.OnPostprocessAllAssets 0.145ms
			AssetReloadNotifier.OnPostprocessAllAssets 0.142ms
			ThemePostprocessor.OnPostprocessAllAssets 0.136ms
	PostAssetChangesProfiler: 4.434ms
	GatherAllCurrentPrimaryImportResultRevisions: 0.324ms
	UnloadStreamsBegin: 0.070ms
	PersistCurrentRevisions: 0.107ms
	GenerateScriptTypeHashes: 3.910ms
	GenerateScriptTypeSerializationHashes: 6.505ms
	Untracked: 2802.034ms

[Licensing::Client] Successfully resolved entitlement details
[Licensing::Client] Successfully resolved entitlement details
Entering Playmode with Reload Domain disabled.
If you experience any issues, please disable "Enter Play Mode Options" in Editor Settings
Entering Playmode with Reload Scene disabled. If you experience any issues, please disable "Enter Play Mode Options" in Editor Settings
Creating missing CharacterController component for CustomPlayerController in Player.
GPU Resident Drawer created.
GPU Resident Drawer disposed.
Unloading 33 Unused Serialized files (Serialized files now loaded: 0)
Creating missing CharacterController component for CustomPlayerController in Player.
Loaded scene 'Temp/__Backupscenes/0.backup'
	Deserialize:            99.280 ms
	Integration:            40.732 ms
	Integration of assets:  63.742 ms
	Thread Wait Time:       -63.705 ms
	Total Operation Time:   140.048 ms
Unloading 70 unused Assets / (2.5 MB). Loaded Objects now: 9223.
Memory consumption went from 0.65 GB to 0.65 GB.
Total: 35.275700 ms (FindLiveObjects: 0.578800 ms CreateObjectMapping: 0.247200 ms MarkObjects: 31.066600 ms  DeleteObjects: 3.106000 ms)

[Licensing::Client] Successfully resolved entitlement details
GPU Resident Drawer created.
[ScriptCompilation] Requested script compilation because: AssetDatabase observed changes in script compilation related files
Starting: C:\Program Files\Unity\Hub\Editor\6000.6.0f1\Editor\Data\Tools\BuildPipeline\bee_backend.exe --ipc --defer-dag-verification --dagfile="Library/Bee/1900b0aE.dag" --continue-on-failure --profile="Library/Bee/backend1.traceevents" ScriptAssemblies
WorkingDir: C:/Users/Duncan Joseph/Traversal Gameplay
ExitCode: 0 Duration: 2s48ms
[ 826/1069  0s] ILPP-Configuration Library/ilpp-configuration.nevergeneratedoutput
[1061/1069  0s] Csc Library/Bee/artifacts/1900b0aE.dag/Assembly-CSharp.dll (+2 others)
[1062/1069  0s] ILPostProcess Library/Bee/artifacts/1900b0aE.dag/post-processed/Assembly-CSharp.dll (+pdb)
Processing assembly Library/Bee/artifacts/1900b0aE.dag/Assembly-CSharp.dll, with 150 defines and 356 references

processors: Unity.Jobs.CodeGen.JobsILPostProcessor, zzzUnity.Burst.CodeGen.BurstILPostProcessor

1 processor(s) skipped this assembly

running Unity.Jobs.CodeGen.JobsILPostProcessor
[1063/1069  0s] CopyFiles Library/ScriptAssemblies/Assembly-CSharp.dll
[1064/1069  0s] CopyFiles Library/ScriptAssemblies/Assembly-CSharp.pdb
[1065/1069  0s] Csc Library/Bee/artifacts/1900b0aE.dag/Assembly-CSharp-Editor.dll (+2 others)
[1066/1069  0s] ILPostProcess Library/Bee/artifacts/1900b0aE.dag/post-processed/Assembly-CSharp-Editor.dll (+pdb)
Processing assembly Library/Bee/artifacts/1900b0aE.dag/Assembly-CSharp-Editor.dll, with 148 defines and 379 references

processors: Unity.Jobs.CodeGen.JobsILPostProcessor, zzzUnity.Burst.CodeGen.BurstILPostProcessor

1 processor(s) skipped this assembly

running Unity.Jobs.CodeGen.JobsILPostProcessor
[1067/1069  0s] CopyFiles Library/ScriptAssemblies/Assembly-CSharp-Editor.pdb
[1068/1069  0s] CopyFiles Library/ScriptAssemblies/Assembly-CSharp-Editor.dll
*** Tundra build success (1.82 seconds), 9 items updated, 1069 evaluated
Reloading assemblies after forced synchronous recompile.
Begin MonoManager ReloadAssembly
GPU Resident Drawer disposed.
Total cache size 264872472
Total cache size after purge 264872472, took 00:00:00.5234963
Refreshing native plugins compatible for Editor in 2.38 ms, found 4 plugins.
Native extension for WindowsStandalone target not found
Native extension for WebGL target not found
[MODES] ModeService[none].Initialize
[MODES] ModeService[none].LoadModes
ScheduleIndexationOnStartup MainProcess:True IndexOnStartup:True
Scripting: successfully reloaded assembly
- Finished resetting the current domain, in  3.276 seconds
Domain Reload Profiling: 4632ms
	BeginReloadAssembly (718ms)
		DisableScriptedObjects (147ms)
		CreateAndSetChildDomain (312ms)
	RebuildCommonClasses (14ms)
	RebuildNativeTypeToScriptingClass (20ms)
	initialDomainReloadingComplete (85ms)
	LoadAllAssembliesAndSetupDomain (518ms)
		LoadAssemblies (214ms)
		TypeCache.Refresh (10ms)
		AnalyzeDomain (227ms)
			BuildScriptInfoCaches (197ms)
			ResolveRequiredComponents (28ms)
	FinalizeReload (3277ms)
		SetupLoadedEditorAssemblies (0ms)
			LogAssemblyErrors (3ms)
			InitializePlatformSupportModulesInManaged (3ms)
			BeforeProcessingInitializeOnLoad (304ms)
			ProcessInitializeOnLoadAttributes (490ms)
			ProcessInitializeOnLoadMethodAttributes (206ms)
			AfterProcessingInitializeOnLoad (13ms)
		AwakeInstancesAfterBackupRestoration (1675ms)
Refreshing native plugins compatible for Editor in 2.22 ms, found 4 plugins.

Asset Pipeline Refresh (id=07e143bf87494034ea5c40ff1604a2ae): Total: 7.629 seconds - Initiated by RefreshV2(AllowForceSynchronousImport)
	(Values over 0.05ms)
	Summary:
		Imports: total=0 (actual=0, local cache=0, cache server=0)
		Asset DB Process Time: managed=0 ms, native=3473 ms
		Asset DB Callback time: managed=88 ms, native=50 ms
		Scripting: domain reloads=1, domain reload time=1560 ms, compile time=2457 ms, other=0 ms
		Project Asset Count: scripts=1443, non-scripts=2805
		Asset File Changes: new=0, changed=1, moved=0, deleted=0
		Scan Filter Count: 0
	InvokePackagesCallback: 49.413ms
	ApplyChangesToAssetFolders: 0.461ms
	Scan: 31.941ms
	Collect global state as custom dependencies: 7.119ms
	OnSourceAssetsModified: 0.798ms
	ProcessAssetsWithTransientArtifactChanges: 5.290ms
	CategorizeAssets: 67.218ms
	CompileScripts: 2456.546ms
	ImportOutOfDateAssets: 3290.461ms (3287.456ms without children)
		CollectScriptTypesHashes: 1.011ms
		ReloadNativeAssets: 1.119ms
		UnloadImportedAssets: 0.154ms
		EnsureUptoDateAssetsAreRegisteredWithGuidPM: 0.828ms
		ImportSchedulerStart: 0.884ms
	PostProcessAllAssets: 88.506ms
		XRBuildSystem.XRAssetImported 0.728ms
		MonoPostProcessAllAssets: 87.283ms
			UniversalRenderPipelineGlobalSettingsPostprocessor.OnPostprocessAllAssets 20.579ms
			AssetPostprocessor.OnPostprocessAllAssets 19.044ms
			BuilderAssetPostprocessor.OnPostprocessAllAssets 7.248ms
			AssetChangedListener.OnPostprocessAllAssets 7.218ms
			SyncVS.PostprocessSyncProject 4.487ms
			WindowAssetPostprocessingWatcher.OnPostprocessAllAssets 2.371ms
			SpeedTree9Postprocessor.OnPostprocessAllAssets 2.033ms
			ShaderGraphAssetPostProcessor.OnPostprocessAllAssets 1.697ms
			RetainedModeAssetPostprocessor.OnPostprocessAllAssets 1.441ms
			EditModeScopePostprocessor.OnPostprocessAllAssets 1.287ms
			RenderPipelineGlobalSettingsPostprocessor.OnPostprocessAllAssets 1.054ms
			ProjectSettingsPostprocessor.OnPostprocessAllAssets 0.764ms
			MaterialPostprocessor.OnPostprocessAllAssets 0.730ms
			TMPro_TexturePostProcessor.OnPostprocessAllAssets 0.713ms
			PostProcessor.OnPostprocessAllAssets 0.713ms
			ShaderReflectionAssetPostProcessor.OnPostprocessAllAssets 0.615ms
			ArtifactBrowserPostProcessor.OnPostprocessAllAssets 0.420ms
			UVCSAssetPostprocessor.OnPostprocessAllAssets 0.401ms
			AudioMixerPostprocessor.OnPostprocessAllAssets 0.387ms
			InputActionAssetPostprocessor.OnPostprocessAllAssets 0.387ms
			StyleCatalogPostProcessor.OnPostprocessAllAssets 0.345ms
			TextAssetPostProcessor.OnPostprocessAllAssets 0.343ms
			ReferencedClipsPostProcessor.OnPostprocessAllAssets 0.289ms
			InputActionJsonNameModifierAssetProcessor.OnPostprocessAllAssets 0.284ms
			AssetEvents.OnPostprocessAllAssets 0.260ms
			AssetDatabaseCallbacks.OnPostprocessAllAssets 0.231ms
			ConfigAssetsTracker.OnPostprocessAllAssets 0.207ms
			ScenarioDriftAssetsTracker.OnPostprocessAllAssets 0.196ms
			AssetReloadNotifier.OnPostprocessAllAssets 0.181ms
			TerrainToolbarOverlayPostProcessor.OnPostprocessAllAssets 0.161ms
			SpeedTreePostProcessor.OnPostprocessAllAssets 0.160ms
			SamplePostprocessor.OnPostprocessAllAssets 0.148ms
			ThemePostprocessor.OnPostprocessAllAssets 0.115ms
			AudioContainerPostProcessor.OnPostprocessAllAssets 0.096ms
	PostAssetChangesProfiler: 2.656ms
	GatherAllCurrentPrimaryImportResultRevisions: 0.319ms
	UnloadStreamsBegin: 0.059ms
	PersistCurrentRevisions: 0.100ms
	GenerateScriptTypeHashes: 2.233ms
	GenerateScriptTypeSerializationHashes: 3.949ms
	Untracked: 1597.416ms

[Licensing::Client] Successfully resolved entitlement details
[Licensing::Client] Successfully resolved entitlement details
GPU Resident Drawer created.
Asset Pipeline Refresh (id=531acd0f77d5a3c4b966e13b2477738c): Total: 0.008 seconds - Initiated by RefreshV2(AllowForceSynchronousImport)
Asset Pipeline Refresh (id=91ac490a35b059140a9635b24f1e7d7f): Total: 0.009 seconds - Initiated by RefreshV2(AllowForceSynchronousImport)
Asset Pipeline Refresh (id=c676975f077159b4a90d7afeb0e0f1fb): Total: 0.008 seconds - Initiated by RefreshV2(AllowForceSynchronousImport)
Importing 'GUID: 86e78c18e72ec1d4e9ac883cb8db5dce - Path: Assets/New Material.mat' with importer (NativeFormatImporter)
Imported 'GUID: 86e78c18e72ec1d4e9ac883cb8db5dce' -> (Import Result ID: '86c75edce5f2d4a7270ce7d8567af54e') in 0.010 seconds [static dependencies only]. Details - ImportResultOutputID=df0a44c87511f4d361e4a8a833d32d85 DependenciesID=9b8c8c621df549b677d6be6e17187226 StaticDependenciesID=94ad85b1cf0754cdcee2ce975746661f 
Refreshing native plugins compatible for Editor in 5.80 ms, found 4 plugins.
Asset Pipeline Refresh (id=26725c6d0db3d8247aa808ff2088be37): Total: 0.115 seconds - Initiated by StopAssetImportingV2(NoUpdateAssetOptions)
Importing 'GUID: 00000000000000009000000000000000 - Path: ProjectSettings/QualitySettings.asset' with importer (LibraryAssetImporter)
Imported 'GUID: 00000000000000009000000000000000' -> (Import Result ID: '8151b601d05d3e12de314c2aa1f82962') in 0.002 seconds [static dependencies only]. Details - ImportResultOutputID=2a108b3da874f726c62fbe5f12be4a8a DependenciesID=6180c49ef29638684367d2893c04e070 StaticDependenciesID=5b19720d9149525484b40148944c8e26 
Importing 'GUID: c22777d6e868e4f2fb421913386b154e - Path: Packages/com.unity.probuilder/Content/Resources/Materials/ProBuilderDefault.mat' with importer (NativeFormatImporter)
Imported 'GUID: c22777d6e868e4f2fb421913386b154e' -> (Import Result ID: '81feccf3c9b6ddb552253be7fd0a8f04') in 0.008 seconds [static dependencies only]. Details - ImportResultOutputID=ac1e421262df60e4e0b869edb87ff084 DependenciesID=d0598d5f295f8d794f93899e223608b8 StaticDependenciesID=9ff0cacd4d653408c3da5ad738434f98 
Importing 'GUID: 86e78c18e72ec1d4e9ac883cb8db5dce - Path: Assets/New Material.mat' with importer (NativeFormatImporter)
Imported 'GUID: 86e78c18e72ec1d4e9ac883cb8db5dce' -> (Import Result ID: '189b6a19abf4b1fa8a43b24e77f2db11') in 0.001 seconds [static dependencies only]. Details - ImportResultOutputID=df0a44c87511f4d361e4a8a833d32d85 DependenciesID=952a71ff27d5576506812c56e400d03d StaticDependenciesID=167cdb1b805f40bdeb66980aefb8b65d 
Asset Pipeline Refresh (id=aa192c7ecedbaca40951a707830e1cae): Total: 0.071 seconds - Initiated by StopAssetImportingV2(NoUpdateAssetOptions)
[Worker1] Imported GUID: 86e78c18e72ec1d4e9ac883cb8db5dce - Path: Assets/New Material.mat - Importer: PreviewImporter -> (ImportResultId: '02ccf042793d494db39f38c0cfffc583') in 3.9979994 seconds
[Worker0] Imported GUID: 86e78c18e72ec1d4e9ac883cb8db5dce - Path: Assets/New Material.mat - Importer: ScriptedImporter/UnityEditor.QuickSearchModule:UnityEditor.Search:ASIAI0B -> (ImportResultId: '0cb1d192224ff6d635eab8497cdc6a30') in 0.1664466 seconds
Launched and connected shader compiler UnityShaderCompiler.exe after 0.03 seconds
Asset Pipeline Refresh (id=42b56ffd4253738409b7f580df40e4a8): Total: 0.028 seconds - Initiated by RefreshV2(AllowForceSynchronousImport)
Asset Pipeline Refresh (id=80c01fef1a0ef5440ae31e5e64a03089): Total: 0.005 seconds - Initiated by RefreshV2(AllowForceSynchronousImport)
Asset Pipeline Refresh (id=26e83ab26c4ef5942837d7c8687b5da4): Total: 0.005 seconds - Initiated by RefreshV2(AllowForceSynchronousImport)
Asset Pipeline Refresh (id=02c32ef4b759afb43af5c8f0c3e27b09): Total: 0.005 seconds - Initiated by RefreshV2(AllowForceSynchronousImport)
Asset Pipeline Refresh (id=a419ecbf0ab536e4ba26511c8f0551e7): Total: 0.005 seconds - Initiated by RefreshV2(AllowForceSynchronousImport)
Asset Pipeline Refresh (id=da9aaf400a28799478e8fcb71e91c7dc): Total: 0.005 seconds - Initiated by RefreshV2(AllowForceSynchronousImport)
Asset Pipeline Refresh (id=85e0fc16661638346ae782390e9716ed): Total: 0.007 seconds - Initiated by RefreshV2(AllowForceSynchronousImport)
Asset Pipeline Refresh (id=42bd4a16735ad2d4f8001c30c8204d2e): Total: 0.005 seconds - Initiated by RefreshV2(AllowForceSynchronousImport)
Asset Pipeline Refresh (id=c060d7e8a93bacd48ad5d6a0e79b4423): Total: 0.007 seconds - Initiated by RefreshV2(AllowForceSynchronousImport)
GPU Resident Drawer disposed.
Entering Playmode with Reload Domain disabled.
If you experience any issues, please disable "Enter Play Mode Options" in Editor Settings
Entering Playmode with Reload Scene disabled. If you experience any issues, please disable "Enter Play Mode Options" in Editor Settings
GPU Resident Drawer created.
GPU Resident Drawer disposed.
Unloading 6 Unused Serialized files (Serialized files now loaded: 0)
Loaded scene 'Temp/__Backupscenes/0.backup'
	Deserialize:            5.600 ms
	Integration:            34.918 ms
	Integration of assets:  0.318 ms
	Thread Wait Time:       0.019 ms
	Total Operation Time:   40.855 ms
Unloading 77 unused Assets / (115.7 KB). Loaded Objects now: 9371.
Memory consumption went from 0.69 GB to 0.69 GB.
Total: 52.709100 ms (FindLiveObjects: 0.605700 ms CreateObjectMapping: 0.211800 ms MarkObjects: 50.912000 ms  DeleteObjects: 0.724700 ms)

[Licensing::Client] Successfully resolved entitlement details
GPU Resident Drawer created.
GPU Resident Drawer disposed.
Entering Playmode with Reload Domain disabled.
If you experience any issues, please disable "Enter Play Mode Options" in Editor Settings
Entering Playmode with Reload Scene disabled. If you experience any issues, please disable "Enter Play Mode Options" in Editor Settings
GPU Resident Drawer created.
GPU Resident Drawer disposed.
Unloading 8 Unused Serialized files (Serialized files now loaded: 0)
Loaded scene 'Temp/__Backupscenes/0.backup'
	Deserialize:            2.631 ms
	Integration:            29.736 ms
	Integration of assets:  0.190 ms
	Thread Wait Time:       -0.164 ms
	Total Operation Time:   32.392 ms
Unloading 22 unused Assets / (173.5 KB). Loaded Objects now: 9372.
Memory consumption went from 0.69 GB to 0.69 GB.
Total: 33.779700 ms (FindLiveObjects: 0.656400 ms CreateObjectMapping: 0.220500 ms MarkObjects: 32.544900 ms  DeleteObjects: 0.115200 ms)

GPU Resident Drawer created.
GPU Resident Drawer disposed.
Entering Playmode with Reload Domain disabled.
If you experience any issues, please disable "Enter Play Mode Options" in Editor Settings
Entering Playmode with Reload Scene disabled. If you experience any issues, please disable "Enter Play Mode Options" in Editor Settings
GPU Resident Drawer created.
GPU Resident Drawer disposed.
Unloading 9 Unused Serialized files (Serialized files now loaded: 0)
Loaded scene 'Temp/__Backupscenes/0.backup'
	Deserialize:            1.980 ms
	Integration:            33.326 ms
	Integration of assets:  0.126 ms
	Thread Wait Time:       -0.075 ms
	Total Operation Time:   35.357 ms
Unloading 22 unused Assets / (0.7 MB). Loaded Objects now: 9411.
Memory consumption went from 0.69 GB to 0.69 GB.
Total: 33.707300 ms (FindLiveObjects: 0.705000 ms CreateObjectMapping: 0.280500 ms MarkObjects: 32.183700 ms  DeleteObjects: 0.179400 ms)

GPU Resident Drawer created.
Asset Pipeline Refresh (id=1b3a1a52b66ca764bb586515d49d8a4d): Total: 0.024 seconds - Initiated by RefreshV2(AllowForceSynchronousImport)
[ScriptCompilation] Requested script compilation because: AssetDatabase observed changes in script compilation related files
[Licensing::Client] Successfully resolved entitlement details
Starting: C:\Program Files\Unity\Hub\Editor\6000.6.0f1\Editor\Data\Tools\BuildPipeline\bee_backend.exe --ipc --defer-dag-verification --dagfile="Library/Bee/1900b0aE.dag" --continue-on-failure --profile="Library/Bee/backend1.traceevents" ScriptAssemblies
WorkingDir: C:/Users/Duncan Joseph/Traversal Gameplay
ExitCode: 0 Duration: 1s172ms
[ 826/1069  0s] ILPP-Configuration Library/ilpp-configuration.nevergeneratedoutput
[1061/1069  0s] Csc Library/Bee/artifacts/1900b0aE.dag/Assembly-CSharp.dll (+2 others)
[1062/1069  0s] ILPostProcess Library/Bee/artifacts/1900b0aE.dag/post-processed/Assembly-CSharp.dll (+pdb)
Processing assembly Library/Bee/artifacts/1900b0aE.dag/Assembly-CSharp.dll, with 150 defines and 356 references

processors: Unity.Jobs.CodeGen.JobsILPostProcessor, zzzUnity.Burst.CodeGen.BurstILPostProcessor

1 processor(s) skipped this assembly

running Unity.Jobs.CodeGen.JobsILPostProcessor
[1063/1069  0s] CopyFiles Library/ScriptAssemblies/Assembly-CSharp.pdb
[1064/1069  0s] CopyFiles Library/ScriptAssemblies/Assembly-CSharp.dll
[1065/1069  0s] Csc Library/Bee/artifacts/1900b0aE.dag/Assembly-CSharp-Editor.dll (+2 others)
[1066/1069  0s] ILPostProcess Library/Bee/artifacts/1900b0aE.dag/post-processed/Assembly-CSharp-Editor.dll (+pdb)
Processing assembly Library/Bee/artifacts/1900b0aE.dag/Assembly-CSharp-Editor.dll, with 148 defines and 379 references

processors: Unity.Jobs.CodeGen.JobsILPostProcessor, zzzUnity.Burst.CodeGen.BurstILPostProcessor

1 processor(s) skipped this assembly

running Unity.Jobs.CodeGen.JobsILPostProcessor
[1067/1069  0s] CopyFiles Library/ScriptAssemblies/Assembly-CSharp-Editor.dll
[1068/1069  0s] CopyFiles Library/ScriptAssemblies/Assembly-CSharp-Editor.pdb
*** Tundra build success (1.00 seconds), 9 items updated, 1069 evaluated
Reloading assemblies after forced synchronous recompile.
Begin MonoManager ReloadAssembly
GPU Resident Drawer disposed.
Refreshing native plugins compatible for Editor in 6.88 ms, found 4 plugins.
Native extension for WindowsStandalone target not found
Native extension for WebGL target not found
[MODES] ModeService[none].Initialize
[MODES] ModeService[none].LoadModes
ScheduleIndexationOnStartup MainProcess:True IndexOnStartup:True
Scripting: successfully reloaded assembly
- Finished resetting the current domain, in  3.140 seconds
Domain Reload Profiling: 4989ms
	BeginReloadAssembly (1131ms)
		DisableScriptedObjects (240ms)
		CreateAndSetChildDomain (550ms)
	RebuildCommonClasses (14ms)
	RebuildNativeTypeToScriptingClass (18ms)
	initialDomainReloadingComplete (96ms)
	LoadAllAssembliesAndSetupDomain (589ms)
		LoadAssemblies (251ms)
		TypeCache.Refresh (16ms)
		AnalyzeDomain (256ms)
			BuildScriptInfoCaches (222ms)
			ResolveRequiredComponents (30ms)
	FinalizeReload (3142ms)
		SetupLoadedEditorAssemblies (0ms)
			LogAssemblyErrors (3ms)
			InitializePlatformSupportModulesInManaged (3ms)
			BeforeProcessingInitializeOnLoad (310ms)
			ProcessInitializeOnLoadAttributes (453ms)
			ProcessInitializeOnLoadMethodAttributes (186ms)
			AfterProcessingInitializeOnLoad (11ms)
		AwakeInstancesAfterBackupRestoration (1568ms)
Refreshing native plugins compatible for Editor in 2.91 ms, found 4 plugins.

Asset Pipeline Refresh (id=59a9807f41a8e4f4292147f22b6ccee8): Total: 7.509 seconds - Initiated by RefreshV2(AllowForceSynchronousImport)
	(Values over 0.05ms)
	Summary:
		Imports: total=0 (actual=0, local cache=0, cache server=0)
		Asset DB Process Time: managed=0 ms, native=3352 ms
		Asset DB Callback time: managed=88 ms, native=5 ms
		Scripting: domain reloads=1, domain reload time=2095 ms, compile time=1967 ms, other=0 ms
		Project Asset Count: scripts=1443, non-scripts=2806
		Asset File Changes: new=0, changed=1, moved=0, deleted=0
		Scan Filter Count: 0
	InvokePackagesCallback: 3.225ms
	ApplyChangesToAssetFolders: 0.746ms
	Scan: 34.090ms
	Collect global state as custom dependencies: 6.224ms
	OnSourceAssetsModified: 0.057ms
	CategorizeScriptCompilationAssets: 0.801ms
	ProcessAssetsWithTransientArtifactChanges: 7.124ms
	CategorizeAssets: 69.742ms
	CompileScripts: 1966.764ms
	ImportOutOfDateAssets: 3157.746ms (3154.917ms without children)
		CollectScriptTypesHashes: 3.178ms
		ReloadNativeAssets: 1.186ms
		UnloadImportedAssets: 0.200ms
		EnsureUptoDateAssetsAreRegisteredWithGuidPM: 0.738ms
		ImportSchedulerStart: 0.675ms
	PostProcessAllAssets: 89.410ms
		XRBuildSystem.XRAssetImported 0.571ms
		PostProcessCallbackCreateDeferredMaterials 0.303ms
		MonoPostProcessAllAssets: 88.015ms
			UniversalRenderPipelineGlobalSettingsPostprocessor.OnPostprocessAllAssets 23.285ms
			BuilderAssetPostprocessor.OnPostprocessAllAssets 8.960ms
			AssetChangedListener.OnPostprocessAllAssets 6.913ms
			AssetPostprocessor.OnPostprocessAllAssets 5.728ms
			SyncVS.PostprocessSyncProject 5.091ms
			WindowAssetPostprocessingWatcher.OnPostprocessAllAssets 3.390ms
			SpeedTree9Postprocessor.OnPostprocessAllAssets 2.771ms
			ShaderGraphAssetPostProcessor.OnPostprocessAllAssets 2.734ms
			RetainedModeAssetPostprocessor.OnPostprocessAllAssets 1.827ms
			EditModeScopePostprocessor.OnPostprocessAllAssets 1.801ms
			ProjectSettingsPostprocessor.OnPostprocessAllAssets 1.282ms
			MaterialPostprocessor.OnPostprocessAllAssets 1.081ms
			ShaderReflectionAssetPostProcessor.OnPostprocessAllAssets 1.067ms
			RenderPipelineGlobalSettingsPostprocessor.OnPostprocessAllAssets 0.947ms
			TMPro_TexturePostProcessor.OnPostprocessAllAssets 0.887ms
			InputActionAssetPostprocessor.OnPostprocessAllAssets 0.619ms
			AudioMixerPostprocessor.OnPostprocessAllAssets 0.604ms
			ArtifactBrowserPostProcessor.OnPostprocessAllAssets 0.562ms
			PostProcessor.OnPostprocessAllAssets 0.562ms
			TextAssetPostProcessor.OnPostprocessAllAssets 0.558ms
			UVCSAssetPostprocessor.OnPostprocessAllAssets 0.467ms
			InputActionJsonNameModifierAssetProcessor.OnPostprocessAllAssets 0.461ms
			StyleCatalogPostProcessor.OnPostprocessAllAssets 0.433ms
			AssetEvents.OnPostprocessAllAssets 0.425ms
			ReferencedClipsPostProcessor.OnPostprocessAllAssets 0.377ms
			SpeedTreePostProcessor.OnPostprocessAllAssets 0.237ms
			SamplePostprocessor.OnPostprocessAllAssets 0.224ms
			AssetDatabaseCallbacks.OnPostprocessAllAssets 0.222ms
			TerrainToolbarOverlayPostProcessor.OnPostprocessAllAssets 0.207ms
			ScenarioDriftAssetsTracker.OnPostprocessAllAssets 0.181ms
			ConfigAssetsTracker.OnPostprocessAllAssets 0.162ms
			ThemePostprocessor.OnPostprocessAllAssets 0.161ms
			AssetReloadNotifier.OnPostprocessAllAssets 0.149ms
			AudioContainerPostProcessor.OnPostprocessAllAssets 0.129ms
	PostAssetChangesProfiler: 3.709ms
	GatherAllCurrentPrimaryImportResultRevisions: 0.425ms
	PersistCurrentRevisions: 0.102ms
	GenerateScriptTypeHashes: 2.346ms
	GenerateScriptTypeSerializationHashes: 4.085ms
	Untracked: 2150.601ms

[Licensing::Client] Successfully resolved entitlement details
[Licensing::Client] Successfully resolved entitlement details
GPU Resident Drawer created.
GPU Resident Drawer disposed.
Entering Playmode with Reload Domain disabled.
If you experience any issues, please disable "Enter Play Mode Options" in Editor Settings
Entering Playmode with Reload Scene disabled. If you experience any issues, please disable "Enter Play Mode Options" in Editor Settings
GPU Resident Drawer created.
GPU Resident Drawer disposed.
Unloading 34 Unused Serialized files (Serialized files now loaded: 0)
Loaded scene 'Temp/__Backupscenes/0.backup'
	Deserialize:            29.073 ms
	Integration:            31.531 ms
	Integration of assets:  0.126 ms
	Thread Wait Time:       -0.117 ms
	Total Operation Time:   60.614 ms
Unloading 64 unused Assets / (2.2 MB). Loaded Objects now: 9418.
Memory consumption went from 0.71 GB to 0.71 GB.
Total: 27.875700 ms (FindLiveObjects: 0.591900 ms CreateObjectMapping: 0.215800 ms MarkObjects: 26.434700 ms  DeleteObjects: 0.338000 ms)

[Licensing::Client] Successfully resolved entitlement details
GPU Resident Drawer created.
GPU Resident Drawer disposed.
Entering Playmode with Reload Domain disabled.
If you experience any issues, please disable "Enter Play Mode Options" in Editor Settings
Entering Playmode with Reload Scene disabled. If you experience any issues, please disable "Enter Play Mode Options" in Editor Settings
GPU Resident Drawer created.
Asset Pipeline Refresh (id=41c86a9ba2330f04fb349068700cc731): Total: 0.023 seconds - Initiated by RefreshV2(NoUpdateAssetOptions)
Asset Pipeline Refresh (id=e852d1732b358334baba9483f58eb6a1): Total: 0.004 seconds - Initiated by RefreshV2(NoUpdateAssetOptions)
GPU Resident Drawer disposed.
Unloading 4 Unused Serialized files (Serialized files now loaded: 0)
Loaded scene 'Temp/__Backupscenes/0.backup'
	Deserialize:            1.604 ms
	Integration:            27.593 ms
	Integration of assets:  0.047 ms
	Thread Wait Time:       -0.001 ms
	Total Operation Time:   29.242 ms
Unloading 22 unused Assets / (499.5 KB). Loaded Objects now: 9424.
Memory consumption went from 0.71 GB to 0.71 GB.
Total: 29.905000 ms (FindLiveObjects: 0.655600 ms CreateObjectMapping: 0.167500 ms MarkObjects: 28.738400 ms  DeleteObjects: 0.091800 ms)

GPU Resident Drawer created.
[ScriptCompilation] Requested script compilation because: AssetDatabase observed changes in script compilation related files
Starting: C:\Program Files\Unity\Hub\Editor\6000.6.0f1\Editor\Data\Tools\BuildPipeline\bee_backend.exe --ipc --defer-dag-verification --dagfile="Library/Bee/1900b0aE.dag" --continue-on-failure --profile="Library/Bee/backend1.traceevents" ScriptAssemblies
WorkingDir: C:/Users/Duncan Joseph/Traversal Gameplay
ExitCode: 0 Duration: 0s749ms
[ 826/1069  0s] ILPP-Configuration Library/ilpp-configuration.nevergeneratedoutput
[1061/1069  0s] Csc Library/Bee/artifacts/1900b0aE.dag/Assembly-CSharp.dll (+2 others)
[1063/1069  0s] ILPostProcess Library/Bee/artifacts/1900b0aE.dag/post-processed/Assembly-CSharp.dll (+pdb)
Processing assembly Library/Bee/artifacts/1900b0aE.dag/Assembly-CSharp.dll, with 150 defines and 356 references

processors: Unity.Jobs.CodeGen.JobsILPostProcessor, zzzUnity.Burst.CodeGen.BurstILPostProcessor

1 processor(s) skipped this assembly

running Unity.Jobs.CodeGen.JobsILPostProcessor
[1064/1069  0s] ILPostProcess Library/Bee/artifacts/1900b0aE.dag/post-processed/Assembly-CSharp-Editor.dll (+pdb)
Processing assembly Library/Bee/artifacts/1900b0aE.dag/Assembly-CSharp-Editor.dll, with 148 defines and 379 references

processors: Unity.Jobs.CodeGen.JobsILPostProcessor, zzzUnity.Burst.CodeGen.BurstILPostProcessor

1 processor(s) skipped this assembly

running Unity.Jobs.CodeGen.JobsILPostProcessor
[1065/1069  0s] CopyFiles Library/ScriptAssemblies/Assembly-CSharp.pdb
[1066/1069  0s] CopyFiles Library/ScriptAssemblies/Assembly-CSharp.dll
*** Tundra build success (0.67 seconds), 6 items updated, 1069 evaluated
Reloading assemblies after forced synchronous recompile.
Begin MonoManager ReloadAssembly
GPU Resident Drawer disposed.
Total cache size 264872472
Total cache size after purge 264872472, took 00:00:00.6865825
Refreshing native plugins compatible for Editor in 5.78 ms, found 4 plugins.
Native extension for WindowsStandalone target not found
Native extension for WebGL target not found
[MODES] ModeService[none].Initialize
[MODES] ModeService[none].LoadModes
ScheduleIndexationOnStartup MainProcess:True IndexOnStartup:True
Scripting: successfully reloaded assembly
- Finished resetting the current domain, in  3.294 seconds
Domain Reload Profiling: 4954ms
	BeginReloadAssembly (905ms)
		DisableScriptedObjects (224ms)
		CreateAndSetChildDomain (395ms)
	RebuildCommonClasses (16ms)
	RebuildNativeTypeToScriptingClass (21ms)
	initialDomainReloadingComplete (105ms)
	LoadAllAssembliesAndSetupDomain (612ms)
		LoadAssemblies (241ms)
		TypeCache.Refresh (15ms)
		AnalyzeDomain (264ms)
			BuildScriptInfoCaches (233ms)
			ResolveRequiredComponents (28ms)
	FinalizeReload (3295ms)
		SetupLoadedEditorAssemblies (0ms)
			LogAssemblyErrors (3ms)
			InitializePlatformSupportModulesInManaged (3ms)
			BeforeProcessingInitializeOnLoad (423ms)
			ProcessInitializeOnLoadAttributes (493ms)
			ProcessInitializeOnLoadMethodAttributes (169ms)
			AfterProcessingInitializeOnLoad (12ms)
		AwakeInstancesAfterBackupRestoration (1562ms)
Refreshing native plugins compatible for Editor in 2.54 ms, found 4 plugins.

Asset Pipeline Refresh (id=04bcfd71b953d9448b6b69153a8eb93a): Total: 6.615 seconds - Initiated by RefreshV2(AllowForceSynchronousImport)
	(Values over 0.05ms)
	Summary:
		Imports: total=0 (actual=0, local cache=0, cache server=0)
		Asset DB Process Time: managed=0 ms, native=3509 ms
		Asset DB Callback time: managed=71 ms, native=8 ms
		Scripting: domain reloads=1, domain reload time=1906 ms, compile time=1119 ms, other=0 ms
		Project Asset Count: scripts=1443, non-scripts=2806
		Asset File Changes: new=0, changed=1, moved=0, deleted=0
		Scan Filter Count: 0
	InvokePackagesCallback: 2.976ms
	ApplyChangesToAssetFolders: 0.431ms
	Scan: 17.533ms
	Collect global state as custom dependencies: 8.431ms
	OnSourceAssetsModified: 0.713ms
	ProcessAssetsWithTransientArtifactChanges: 6.169ms
	CategorizeAssets: 66.767ms
	CompileScripts: 1119.223ms
	ImportOutOfDateAssets: 3323.805ms (3321.129ms without children)
		CollectScriptTypesHashes: 1.125ms
		ReloadNativeAssets: 1.045ms
		UnloadImportedAssets: 0.162ms
		EnsureUptoDateAssetsAreRegisteredWithGuidPM: 0.671ms
		ImportSchedulerStart: 0.780ms
	PostProcessAllAssets: 75.584ms
		XRBuildSystem.XRAssetImported 0.713ms
		PostProcessCallbackCreateDeferredMaterials 0.280ms
		VCAutoAddAssetPostprocess 0.206ms
		ObjectImages.AssetImported 0.067ms
		MonoPostProcessAllAssets: 71.064ms
			UniversalRenderPipelineGlobalSettingsPostprocessor.OnPostprocessAllAssets 19.936ms
			BuilderAssetPostprocessor.OnPostprocessAllAssets 6.563ms
			AssetChangedListener.OnPostprocessAllAssets 6.173ms
			AssetPostprocessor.OnPostprocessAllAssets 4.456ms
			SyncVS.PostprocessSyncProject 3.836ms
			SpeedTree9Postprocessor.OnPostprocessAllAssets 2.456ms
			WindowAssetPostprocessingWatcher.OnPostprocessAllAssets 2.230ms
			RetainedModeAssetPostprocessor.OnPostprocessAllAssets 1.931ms
			ShaderGraphAssetPostProcessor.OnPostprocessAllAssets 1.573ms
			EditModeScopePostprocessor.OnPostprocessAllAssets 1.056ms
			ProjectSettingsPostprocessor.OnPostprocessAllAssets 0.987ms
			RenderPipelineGlobalSettingsPostprocessor.OnPostprocessAllAssets 0.980ms
			ShaderReflectionAssetPostProcessor.OnPostprocessAllAssets 0.943ms
			MaterialPostprocessor.OnPostprocessAllAssets 0.890ms
			TMPro_TexturePostProcessor.OnPostprocessAllAssets 0.730ms
			TextAssetPostProcessor.OnPostprocessAllAssets 0.601ms
			InputActionAssetPostprocessor.OnPostprocessAllAssets 0.541ms
			InputActionJsonNameModifierAssetProcessor.OnPostprocessAllAssets 0.380ms
			ArtifactBrowserPostProcessor.OnPostprocessAllAssets 0.380ms
			TerrainToolbarOverlayPostProcessor.OnPostprocessAllAssets 0.372ms
			UVCSAssetPostprocessor.OnPostprocessAllAssets 0.367ms
			PostProcessor.OnPostprocessAllAssets 0.359ms
			AudioMixerPostprocessor.OnPostprocessAllAssets 0.349ms
			ReferencedClipsPostProcessor.OnPostprocessAllAssets 0.293ms
			StyleCatalogPostProcessor.OnPostprocessAllAssets 0.265ms
			SamplePostprocessor.OnPostprocessAllAssets 0.232ms
			SpeedTreePostProcessor.OnPostprocessAllAssets 0.228ms
			AssetEvents.OnPostprocessAllAssets 0.227ms
			AssetDatabaseCallbacks.OnPostprocessAllAssets 0.178ms
			ConfigAssetsTracker.OnPostprocessAllAssets 0.142ms
			ScenarioDriftAssetsTracker.OnPostprocessAllAssets 0.139ms
			ThemePostprocessor.OnPostprocessAllAssets 0.124ms
			AssetReloadNotifier.OnPostprocessAllAssets 0.120ms
			AudioContainerPostProcessor.OnPostprocessAllAssets 0.095ms
	PostAssetChangesProfiler: 3.547ms
	GatherAllCurrentPrimaryImportResultRevisions: 1.300ms
	UnloadStreamsBegin: 0.070ms
	PersistCurrentRevisions: 0.134ms
	GenerateScriptTypeHashes: 2.419ms
	GenerateScriptTypeSerializationHashes: 4.291ms
	Untracked: 1961.611ms

[Licensing::Client] Successfully resolved entitlement details
[Licensing::Client] Successfully resolved entitlement details
GPU Resident Drawer created.
Asset Pipeline Refresh (id=3c8a15496a270c54caeed1785accce38): Total: 0.005 seconds - Initiated by RefreshV2(AllowForceSynchronousImport)
GPU Resident Drawer disposed.
Entering Playmode with Reload Domain disabled.
If you experience any issues, please disable "Enter Play Mode Options" in Editor Settings
Entering Playmode with Reload Scene disabled. If you experience any issues, please disable "Enter Play Mode Options" in Editor Settings
GPU Resident Drawer created.
GPU Resident Drawer disposed.
Unloading 6 Unused Serialized files (Serialized files now loaded: 0)
Loaded scene 'Temp/__Backupscenes/0.backup'
	Deserialize:            27.693 ms
	Integration:            31.773 ms
	Integration of assets:  0.364 ms
	Thread Wait Time:       -0.331 ms
	Total Operation Time:   59.499 ms
Unloading 63 unused Assets / (2.6 MB). Loaded Objects now: 9436.
Memory consumption went from 0.73 GB to 0.72 GB.
Total: 27.829400 ms (FindLiveObjects: 0.861700 ms CreateObjectMapping: 0.572700 ms MarkObjects: 25.936800 ms  DeleteObjects: 0.206500 ms)

[Licensing::Client] Successfully resolved entitlement details
GPU Resident Drawer created.
GPU Resident Drawer disposed.
Entering Playmode with Reload Domain disabled.
If you experience any issues, please disable "Enter Play Mode Options" in Editor Settings
Entering Playmode with Reload Scene disabled. If you experience any issues, please disable "Enter Play Mode Options" in Editor Settings
GPU Resident Drawer created.
GPU Resident Drawer disposed.
Unloading 8 Unused Serialized files (Serialized files now loaded: 0)
Loaded scene 'Temp/__Backupscenes/0.backup'
	Deserialize:            1.962 ms
	Integration:            30.131 ms
	Integration of assets:  0.074 ms
	Thread Wait Time:       -0.004 ms
	Total Operation Time:   32.164 ms
Unloading 22 unused Assets / (221.9 KB). Loaded Objects now: 9415.
Memory consumption went from 0.72 GB to 0.72 GB.
Total: 32.286300 ms (FindLiveObjects: 0.742300 ms CreateObjectMapping: 0.155600 ms MarkObjects: 31.039300 ms  DeleteObjects: 0.115200 ms)

GPU Resident Drawer created.
Asset Pipeline Refresh (id=d4d95d18f49407f48ade82fc35852495): Total: 0.018 seconds - Initiated by RefreshV2(AllowForceSynchronousImport)
GPU Resident Drawer disposed.
Entering Playmode with Reload Domain disabled.
If you experience any issues, please disable "Enter Play Mode Options" in Editor Settings
Entering Playmode with Reload Scene disabled. If you experience any issues, please disable "Enter Play Mode Options" in Editor Settings
GPU Resident Drawer created.
GPU Resident Drawer disposed.
Unloading 6 Unused Serialized files (Serialized files now loaded: 0)
Loaded scene 'Temp/__Backupscenes/0.backup'
	Deserialize:            1.828 ms
	Integration:            29.281 ms
	Integration of assets:  0.067 ms
	Thread Wait Time:       -0.021 ms
	Total Operation Time:   31.155 ms
Unloading 22 unused Assets / (274.2 KB). Loaded Objects now: 9419.
Memory consumption went from 0.73 GB to 0.73 GB.
Total: 29.427100 ms (FindLiveObjects: 0.615100 ms CreateObjectMapping: 0.140900 ms MarkObjects: 28.298800 ms  DeleteObjects: 0.103400 ms)

GPU Resident Drawer created.
Asset Pipeline Refresh (id=c2f67a57b51281640abd8edbc3bd8d8e): Total: 0.011 seconds - Initiated by RefreshV2(AllowForceSynchronousImport)
Asset Pipeline Refresh (id=dcd3d666148c1a14eb318c413f1f367b): Total: 0.005 seconds - Initiated by RefreshV2(AllowForceSynchronousImport)
Asset Pipeline Refresh (id=6e5d083a8512f8c4b9c82809d68453ae): Total: 0.016 seconds - Initiated by RefreshV2(AllowForceSynchronousImport)
GPU Resident Drawer disposed.
Entering Playmode with Reload Domain disabled.
If you experience any issues, please disable "Enter Play Mode Options" in Editor Settings
Entering Playmode with Reload Scene disabled. If you experience any issues, please disable "Enter Play Mode Options" in Editor Settings
GPU Resident Drawer created.
GPU Resident Drawer disposed.
Unloading 6 Unused Serialized files (Serialized files now loaded: 0)
Loaded scene 'Temp/__Backupscenes/0.backup'
	Deserialize:            1.618 ms
	Integration:            27.122 ms
	Integration of assets:  0.099 ms
	Thread Wait Time:       -0.058 ms
	Total Operation Time:   28.782 ms
Unloading 22 unused Assets / (270.4 KB). Loaded Objects now: 9469.
Memory consumption went from 0.73 GB to 0.73 GB.
Total: 29.490700 ms (FindLiveObjects: 0.748300 ms CreateObjectMapping: 0.304900 ms MarkObjects: 27.976300 ms  DeleteObjects: 0.110200 ms)

[Licensing::Client] Successfully resolved entitlement details
GPU Resident Drawer created.
Asset Pipeline Refresh (id=f2a76a599f737e2418f01c6735a855c3): Total: 0.015 seconds - Initiated by RefreshV2(AllowForceSynchronousImport)
Asset Pipeline Refresh (id=e4be1077f9b358b4d97f7f16aaa493ce): Total: 0.004 seconds - Initiated by RefreshV2(AllowForceSynchronousImport)
Asset Pipeline Refresh (id=83ff70f323290404f8f8a3cb0e35a558): Total: 0.004 seconds - Initiated by RefreshV2(AllowForceSynchronousImport)
GPU Resident Drawer disposed.
Entering Playmode with Reload Domain disabled.
If you experience any issues, please disable "Enter Play Mode Options" in Editor Settings
Entering Playmode with Reload Scene disabled. If you experience any issues, please disable "Enter Play Mode Options" in Editor Settings
GPU Resident Drawer created.
GPU Resident Drawer disposed.
Unloading 6 Unused Serialized files (Serialized files now loaded: 0)
Loaded scene 'Temp/__Backupscenes/0.backup'
	Deserialize:            1.287 ms
	Integration:            28.791 ms
	Integration of assets:  0.047 ms
	Thread Wait Time:       -0.012 ms
	Total Operation Time:   30.113 ms
Unloading 22 unused Assets / (356.1 KB). Loaded Objects now: 9475.
Memory consumption went from 0.73 GB to 0.73 GB.
Total: 27.545500 ms (FindLiveObjects: 0.624000 ms CreateObjectMapping: 0.118100 ms MarkObjects: 26.436000 ms  DeleteObjects: 0.108600 ms)

GPU Resident Drawer created.
Asset Pipeline Refresh (id=963f3c19427b6874286bb177dbc7352d): Total: 0.015 seconds - Initiated by RefreshV2(AllowForceSynchronousImport)
GPU Resident Drawer disposed.
Entering Playmode with Reload Domain disabled.
If you experience any issues, please disable "Enter Play Mode Options" in Editor Settings
Entering Playmode with Reload Scene disabled. If you experience any issues, please disable "Enter Play Mode Options" in Editor Settings
GPU Resident Drawer created.
GPU Resident Drawer disposed.
Unloading 6 Unused Serialized files (Serialized files now loaded: 0)
Loaded scene 'Temp/__Backupscenes/0.backup'
	Deserialize:            1.511 ms
	Integration:            28.028 ms
	Integration of assets:  0.063 ms
	Thread Wait Time:       -0.019 ms
	Total Operation Time:   29.583 ms
Unloading 22 unused Assets / (245.7 KB). Loaded Objects now: 9415.
Memory consumption went from 0.73 GB to 0.73 GB.
Total: 28.527500 ms (FindLiveObjects: 0.668100 ms CreateObjectMapping: 0.122300 ms MarkObjects: 27.284600 ms  DeleteObjects: 0.113700 ms)

GPU Resident Drawer created.
Asset Pipeline Refresh (id=0ea679a9898662448b088f9f98e07509): Total: 0.015 seconds - Initiated by StopAssetImportingV2(ForceUpdate)
GPU Resident Drawer disposed.
Entering Playmode with Reload Domain disabled.
If you experience any issues, please disable "Enter Play Mode Options" in Editor Settings
Entering Playmode with Reload Scene disabled. If you experience any issues, please disable "Enter Play Mode Options" in Editor Settings
GPU Resident Drawer created.
GPU Resident Drawer disposed.
Unloading 6 Unused Serialized files (Serialized files now loaded: 0)
Loaded scene 'Temp/__Backupscenes/0.backup'
	Deserialize:            2.031 ms
	Integration:            26.619 ms
	Integration of assets:  0.061 ms
	Thread Wait Time:       -0.005 ms
	Total Operation Time:   28.706 ms
Unloading 22 unused Assets / (292.3 KB). Loaded Objects now: 9446.
Memory consumption went from 0.73 GB to 0.73 GB.
Total: 32.151800 ms (FindLiveObjects: 0.784500 ms CreateObjectMapping: 0.358700 ms MarkObjects: 30.631200 ms  DeleteObjects: 0.094200 ms)

[Licensing::Client] Successfully resolved entitlement details
GPU Resident Drawer created.
GPU Resident Drawer disposed.
Entering Playmode with Reload Domain disabled.
If you experience any issues, please disable "Enter Play Mode Options" in Editor Settings
Entering Playmode with Reload Scene disabled. If you experience any issues, please disable "Enter Play Mode Options" in Editor Settings
GPU Resident Drawer created.
GPU Resident Drawer disposed.
Unloading 8 Unused Serialized files (Serialized files now loaded: 0)
Loaded scene 'Temp/__Backupscenes/0.backup'
	Deserialize:            1.686 ms
	Integration:            28.715 ms
	Integration of assets:  0.113 ms
	Thread Wait Time:       -0.087 ms
	Total Operation Time:   30.426 ms
Unloading 22 unused Assets / (0.5 MB). Loaded Objects now: 9479.
Memory consumption went from 0.74 GB to 0.74 GB.
Total: 29.495100 ms (FindLiveObjects: 0.636900 ms CreateObjectMapping: 0.108100 ms MarkObjects: 28.380500 ms  DeleteObjects: 0.107100 ms)

GPU Resident Drawer created.
GPU Resident Drawer disposed.
Entering Playmode with Reload Domain disabled.
If you experience any issues, please disable "Enter Play Mode Options" in Editor Settings
Entering Playmode with Reload Scene disabled. If you experience any issues, please disable "Enter Play Mode Options" in Editor Settings
GPU Resident Drawer created.
GPU Resident Drawer disposed.
Unloading 8 Unused Serialized files (Serialized files now loaded: 0)
Loaded scene 'Temp/__Backupscenes/0.backup'
	Deserialize:            1.472 ms
	Integration:            26.662 ms
	Integration of assets:  0.051 ms
	Thread Wait Time:       0.022 ms
	Total Operation Time:   28.207 ms
Unloading 22 unused Assets / (170.5 KB). Loaded Objects now: 9485.
Memory consumption went from 0.74 GB to 0.74 GB.
Total: 28.622400 ms (FindLiveObjects: 0.681300 ms CreateObjectMapping: 0.260800 ms MarkObjects: 27.316900 ms  DeleteObjects: 0.096500 ms)

GPU Resident Drawer created.
Asset Pipeline Refresh (id=7ee8a69324af72d4c8eefdc2fab682cf): Total: 0.016 seconds - Initiated by RefreshV2(AllowForceSynchronousImport)
Asset Pipeline Refresh (id=daaa8368a305e9749874f4a84d9be27c): Total: 0.005 seconds - Initiated by RefreshV2(AllowForceSynchronousImport)
Asset Pipeline Refresh (id=2851527e1ac9633408f46c30fc959476): Total: 0.005 seconds - Initiated by RefreshV2(AllowForceSynchronousImport)
[ScriptCompilation] Requested script compilation because: AssetDatabase observed changes in script compilation related files
[Licensing::Client] Successfully resolved entitlement details
Starting: C:\Program Files\Unity\Hub\Editor\6000.6.0f1\Editor\Data\Tools\BuildPipeline\bee_backend.exe --ipc --defer-dag-verification --dagfile="Library/Bee/1900b0aE.dag" --continue-on-failure --profile="Library/Bee/backend1.traceevents" ScriptAssemblies
WorkingDir: C:/Users/Duncan Joseph/Traversal Gameplay
ExitCode: 0 Duration: 1s35ms
[ 826/1069  0s] ILPP-Configuration Library/ilpp-configuration.nevergeneratedoutput
[1061/1069  0s] Csc Library/Bee/artifacts/1900b0aE.dag/Assembly-CSharp.dll (+2 others)
Assets\Player.cs(84,28): warning CS0618: 'Rigidbody.velocity' is obsolete: 'Please use Rigidbody.linearVelocity instead. (UnityUpgradable) -> linearVelocity'

Assets\Player.cs(87,9): warning CS0618: 'Rigidbody.velocity' is obsolete: 'Please use Rigidbody.linearVelocity instead. (UnityUpgradable) -> linearVelocity'

Assets\Player.cs(92,13): warning CS0618: 'Rigidbody.velocity' is obsolete: 'Please use Rigidbody.linearVelocity instead. (UnityUpgradable) -> linearVelocity'

Assets\Player.cs(92,42): warning CS0618: 'Rigidbody.velocity' is obsolete: 'Please use Rigidbody.linearVelocity instead. (UnityUpgradable) -> linearVelocity'

Assets\Player.cs(111,9): warning CS0618: 'Rigidbody.velocity' is obsolete: 'Please use Rigidbody.linearVelocity instead. (UnityUpgradable) -> linearVelocity'

Assets\Player.cs(111,35): warning CS0618: 'Rigidbody.velocity' is obsolete: 'Please use Rigidbody.linearVelocity instead. (UnityUpgradable) -> linearVelocity'

Assets\Player.cs(111,61): warning CS0618: 'Rigidbody.velocity' is obsolete: 'Please use Rigidbody.linearVelocity instead. (UnityUpgradable) -> linearVelocity'

Assets\Player.cs(116,13): warning CS0618: 'Rigidbody.velocity' is obsolete: 'Please use Rigidbody.linearVelocity instead. (UnityUpgradable) -> linearVelocity'

Assets\Player.cs(119,13): warning CS0618: 'Rigidbody.velocity' is obsolete: 'Please use Rigidbody.linearVelocity instead. (UnityUpgradable) -> linearVelocity'

Assets\Player.cs(121,18): warning CS0618: 'Rigidbody.velocity' is obsolete: 'Please use Rigidbody.linearVelocity instead. (UnityUpgradable) -> linearVelocity'

Assets\Player.cs(124,13): warning CS0618: 'Rigidbody.velocity' is obsolete: 'Please use Rigidbody.linearVelocity instead. (UnityUpgradable) -> linearVelocity'
[1062/1069  0s] ILPostProcess Library/Bee/artifacts/1900b0aE.dag/post-processed/Assembly-CSharp.dll (+pdb)
Processing assembly Library/Bee/artifacts/1900b0aE.dag/Assembly-CSharp.dll, with 150 defines and 356 references

processors: Unity.Jobs.CodeGen.JobsILPostProcessor, zzzUnity.Burst.CodeGen.BurstILPostProcessor

1 processor(s) skipped this assembly

running Unity.Jobs.CodeGen.JobsILPostProcessor
[1063/1069  0s] CopyFiles Library/ScriptAssemblies/Assembly-CSharp.dll
[1064/1069  0s] CopyFiles Library/ScriptAssemblies/Assembly-CSharp.pdb
[1065/1069  0s] Csc Library/Bee/artifacts/1900b0aE.dag/Assembly-CSharp-Editor.dll (+2 others)
[1066/1069  0s] ILPostProcess Library/Bee/artifacts/1900b0aE.dag/post-processed/Assembly-CSharp-Editor.dll (+pdb)
Processing assembly Library/Bee/artifacts/1900b0aE.dag/Assembly-CSharp-Editor.dll, with 148 defines and 379 references

processors: Unity.Jobs.CodeGen.JobsILPostProcessor, zzzUnity.Burst.CodeGen.BurstILPostProcessor

1 processor(s) skipped this assembly

running Unity.Jobs.CodeGen.JobsILPostProcessor
[1067/1069  0s] CopyFiles Library/ScriptAssemblies/Assembly-CSharp-Editor.pdb
[1068/1069  0s] CopyFiles Library/ScriptAssemblies/Assembly-CSharp-Editor.dll
*** Tundra build success (0.91 seconds), 9 items updated, 1069 evaluated
[ApiUpdater] Total time: 2141ms, Parse response file: 97ms, Collect updater configs: 873ms, Update: 1167ms, Save: 4ms Files: 1 modified / 1 visited / 2 total (Library/Bee/artifacts/1900b0aE.dag/Assembly-CSharp.dll).
[API Updater] Updated Files:
Assets/Player.cs
Finished running ScriptUpdaters
Starting: C:\Program Files\Unity\Hub\Editor\6000.6.0f1\Editor\Data\Tools\BuildPipeline\bee_backend.exe --ipc --defer-dag-verification --dagfile="Library/Bee/1900b0aE.dag" --continue-on-failure --profile="Library/Bee/backend2.traceevents" ScriptAssemblies
WorkingDir: C:/Users/Duncan Joseph/Traversal Gameplay
ExitCode: 0 Duration: 0s701ms
[ 826/1069  0s] ILPP-Configuration Library/ilpp-configuration.nevergeneratedoutput
[1061/1069  0s] Csc Library/Bee/artifacts/1900b0aE.dag/Assembly-CSharp.dll (+2 others)
[1063/1069  0s] ILPostProcess Library/Bee/artifacts/1900b0aE.dag/post-processed/Assembly-CSharp.dll (+pdb)
Processing assembly Library/Bee/artifacts/1900b0aE.dag/Assembly-CSharp.dll, with 150 defines and 356 references

processors: Unity.Jobs.CodeGen.JobsILPostProcessor, zzzUnity.Burst.CodeGen.BurstILPostProcessor

1 processor(s) skipped this assembly

running Unity.Jobs.CodeGen.JobsILPostProcessor
[1064/1069  0s] ILPostProcess Library/Bee/artifacts/1900b0aE.dag/post-processed/Assembly-CSharp-Editor.dll (+pdb)
Processing assembly Library/Bee/artifacts/1900b0aE.dag/Assembly-CSharp-Editor.dll, with 148 defines and 379 references

processors: Unity.Jobs.CodeGen.JobsILPostProcessor, zzzUnity.Burst.CodeGen.BurstILPostProcessor

1 processor(s) skipped this assembly

running Unity.Jobs.CodeGen.JobsILPostProcessor
[1065/1069  0s] CopyFiles Library/ScriptAssemblies/Assembly-CSharp.pdb
[1066/1069  0s] CopyFiles Library/ScriptAssemblies/Assembly-CSharp.dll
*** Tundra build success (0.63 seconds), 6 items updated, 1069 evaluated
[ScriptCompilation] Requested script compilation because: AssetDatabase observed changes in script compilation related files
Starting: C:\Program Files\Unity\Hub\Editor\6000.6.0f1\Editor\Data\Tools\BuildPipeline\bee_backend.exe --ipc --defer-dag-verification --dagfile="Library/Bee/1900b0aE.dag" --continue-on-failure --profile="Library/Bee/backend1.traceevents" ScriptAssemblies
WorkingDir: C:/Users/Duncan Joseph/Traversal Gameplay
Total cache size 264872472
Total cache size after purge 264872472, took 00:00:00.5497806
ExitCode: 0 Duration: 0s366ms
[ 828/1069  0s] ILPP-Configuration Library/ilpp-configuration.nevergeneratedoutput
*** Tundra build success (0.30 seconds), 1 items updated, 1069 evaluated
Reloading assemblies after forced synchronous recompile.
Begin MonoManager ReloadAssembly
Total cache size 264872472
Total cache size after purge 264872472, took 00:00:00.3767822
GPU Resident Drawer disposed.
Refreshing native plugins compatible for Editor in 5.48 ms, found 4 plugins.
Native extension for WindowsStandalone target not found
Native extension for WebGL target not found
[MODES] ModeService[none].Initialize
[MODES] ModeService[none].LoadModes
ScheduleIndexationOnStartup MainProcess:True IndexOnStartup:True
Scripting: successfully reloaded assembly
- Finished resetting the current domain, in  2.978 seconds
Domain Reload Profiling: 4526ms
	BeginReloadAssembly (854ms)
		DisableScriptedObjects (175ms)
		CreateAndSetChildDomain (387ms)
	RebuildCommonClasses (14ms)
	RebuildNativeTypeToScriptingClass (20ms)
	initialDomainReloadingComplete (89ms)
	LoadAllAssembliesAndSetupDomain (571ms)
		LoadAssemblies (218ms)
		TypeCache.Refresh (11ms)
		AnalyzeDomain (257ms)
			BuildScriptInfoCaches (226ms)
			ResolveRequiredComponents (29ms)
	FinalizeReload (2979ms)
		SetupLoadedEditorAssemblies (0ms)
			LogAssemblyErrors (3ms)
			InitializePlatformSupportModulesInManaged (3ms)
			BeforeProcessingInitializeOnLoad (269ms)
			ProcessInitializeOnLoadAttributes (476ms)
			ProcessInitializeOnLoadMethodAttributes (172ms)
			AfterProcessingInitializeOnLoad (12ms)
		AwakeInstancesAfterBackupRestoration (1456ms)
Refreshing native plugins compatible for Editor in 2.35 ms, found 4 plugins.

Asset Pipeline Refresh (id=da3d623ebe7a200478c7f1710dbfde74): Total: 52.155 seconds - Initiated by RefreshV2(AllowForceSynchronousImport)
	(Values over 0.05ms)
	Summary:
		Imports: total=0 (actual=0, local cache=0, cache server=0)
		Asset DB Process Time: managed=0 ms, native=3187 ms
		Asset DB Callback time: managed=74 ms, native=5 ms
		Scripting: domain reloads=1, domain reload time=1756 ms, compile time=47132 ms, other=0 ms
		Project Asset Count: scripts=1443, non-scripts=2806
		Asset File Changes: new=0, changed=2, moved=0, deleted=0
		Scan Filter Count: 0
	InvokePackagesCallback: 5.530ms
	ApplyChangesToAssetFolders: 0.554ms
	Scan: 39.284ms
	Collect global state as custom dependencies: 10.951ms
	OnSourceAssetsModified: 3.330ms
	CategorizeScriptCompilationAssets: 0.076ms
	ProcessAssetsWithTransientArtifactChanges: 5.880ms
	CategorizeAssets: 68.841ms
	CompileScripts: 47131.503ms
	ImportOutOfDateAssets: 2995.296ms (2992.300ms without children)
		CollectScriptTypesHashes: 1.198ms
		ReloadNativeAssets: 1.232ms
		UnloadImportedAssets: 0.197ms
		EnsureUptoDateAssetsAreRegisteredWithGuidPM: 0.770ms
		ImportSchedulerStart: 0.775ms
	PostProcessAllAssets: 72.384ms
		XRBuildSystem.XRAssetImported 0.646ms
		PostProcessCallbackCreateDeferredMaterials 0.232ms
		MonoPostProcessAllAssets: 70.841ms
			UniversalRenderPipelineGlobalSettingsPostprocessor.OnPostprocessAllAssets 18.069ms
			BuilderAssetPostprocessor.OnPostprocessAllAssets 6.776ms
			AssetChangedListener.OnPostprocessAllAssets 6.734ms
			AssetPostprocessor.OnPostprocessAllAssets 4.940ms
			SyncVS.PostprocessSyncProject 3.479ms
			WindowAssetPostprocessingWatcher.OnPostprocessAllAssets 2.856ms
			SpeedTree9Postprocessor.OnPostprocessAllAssets 2.666ms
			ShaderGraphAssetPostProcessor.OnPostprocessAllAssets 2.002ms
			RetainedModeAssetPostprocessor.OnPostprocessAllAssets 1.341ms
			EditModeScopePostprocessor.OnPostprocessAllAssets 1.152ms
			ProjectSettingsPostprocessor.OnPostprocessAllAssets 0.853ms
			RenderPipelineGlobalSettingsPostprocessor.OnPostprocessAllAssets 0.829ms
			MaterialPostprocessor.OnPostprocessAllAssets 0.753ms
			ShaderReflectionAssetPostProcessor.OnPostprocessAllAssets 0.685ms
			TMPro_TexturePostProcessor.OnPostprocessAllAssets 0.621ms
			PostProcessor.OnPostprocessAllAssets 0.580ms
			ArtifactBrowserPostProcessor.OnPostprocessAllAssets 0.522ms
			UVCSAssetPostprocessor.OnPostprocessAllAssets 0.446ms
			InputActionAssetPostprocessor.OnPostprocessAllAssets 0.411ms
			AudioMixerPostprocessor.OnPostprocessAllAssets 0.399ms
			TextAssetPostProcessor.OnPostprocessAllAssets 0.387ms
			StyleCatalogPostProcessor.OnPostprocessAllAssets 0.324ms
			InputActionJsonNameModifierAssetProcessor.OnPostprocessAllAssets 0.308ms
			ReferencedClipsPostProcessor.OnPostprocessAllAssets 0.296ms
			AssetEvents.OnPostprocessAllAssets 0.277ms
			SpeedTreePostProcessor.OnPostprocessAllAssets 0.228ms
			AssetDatabaseCallbacks.OnPostprocessAllAssets 0.200ms
			ScenarioDriftAssetsTracker.OnPostprocessAllAssets 0.186ms
			TerrainToolbarOverlayPostProcessor.OnPostprocessAllAssets 0.179ms
			SamplePostprocessor.OnPostprocessAllAssets 0.160ms
			ConfigAssetsTracker.OnPostprocessAllAssets 0.155ms
			AssetReloadNotifier.OnPostprocessAllAssets 0.143ms
			ThemePostprocessor.OnPostprocessAllAssets 0.128ms
			AudioContainerPostProcessor.OnPostprocessAllAssets 0.105ms
	PostAssetChangesProfiler: 3.018ms
	GatherAllCurrentPrimaryImportResultRevisions: 0.193ms
	PersistCurrentRevisions: 0.112ms
	GenerateScriptTypeHashes: 2.318ms
	GenerateScriptTypeSerializationHashes: 4.110ms
	Untracked: 1798.851ms

Asset Pipeline Refresh (id=914249da0da82b54989fd170a2f1d703): Total: 0.005 seconds - Initiated by RefreshV2(AllowForceSynchronousImport)
[Licensing::Client] Successfully resolved entitlement details
[Licensing::Client] Successfully resolved entitlement details
GPU Resident Drawer created.
GPU Resident Drawer disposed.
Entering Playmode with Reload Domain disabled.
If you experience any issues, please disable "Enter Play Mode Options" in Editor Settings
Entering Playmode with Reload Scene disabled. If you experience any issues, please disable "Enter Play Mode Options" in Editor Settings
GPU Resident Drawer created.
GPU Resident Drawer disposed.
Unloading 34 Unused Serialized files (Serialized files now loaded: 0)
Loaded scene 'Temp/__Backupscenes/0.backup'
	Deserialize:            29.228 ms
	Integration:            35.767 ms
	Integration of assets:  0.150 ms
	Thread Wait Time:       -0.118 ms
	Total Operation Time:   65.027 ms
Unloading 63 unused Assets / (2.7 MB). Loaded Objects now: 9496.
Memory consumption went from 0.75 GB to 0.75 GB.
Total: 32.248300 ms (FindLiveObjects: 0.767900 ms CreateObjectMapping: 0.119600 ms MarkObjects: 30.593700 ms  DeleteObjects: 0.475700 ms)

[Licensing::Client] Successfully resolved entitlement details
GPU Resident Drawer created.
GPU Resident Drawer disposed.
Entering Playmode with Reload Domain disabled.
If you experience any issues, please disable "Enter Play Mode Options" in Editor Settings
Entering Playmode with Reload Scene disabled. If you experience any issues, please disable "Enter Play Mode Options" in Editor Settings
GPU Resident Drawer created.
GPU Resident Drawer disposed.
Unloading 8 Unused Serialized files (Serialized files now loaded: 0)
Loaded scene 'Temp/__Backupscenes/0.backup'
	Deserialize:            1.429 ms
	Integration:            29.769 ms
	Integration of assets:  0.042 ms
	Thread Wait Time:       0.017 ms
	Total Operation Time:   31.258 ms
Unloading 22 unused Assets / (0.6 MB). Loaded Objects now: 9502.
Memory consumption went from 0.75 GB to 0.75 GB.
Total: 30.212900 ms (FindLiveObjects: 0.750700 ms CreateObjectMapping: 0.273100 ms MarkObjects: 28.800200 ms  DeleteObjects: 0.113200 ms)

GPU Resident Drawer created.
[ScriptCompilation] Requested script compilation because: AssetDatabase observed changes in script compilation related files
[Licensing::Client] Successfully resolved entitlement details
Starting: C:\Program Files\Unity\Hub\Editor\6000.6.0f1\Editor\Data\Tools\BuildPipeline\bee_backend.exe --ipc --defer-dag-verification --dagfile="Library/Bee/1900b0aE.dag" --continue-on-failure --profile="Library/Bee/backend1.traceevents" ScriptAssemblies
WorkingDir: C:/Users/Duncan Joseph/Traversal Gameplay
ExitCode: 0 Duration: 0s772ms
[ 826/1069  0s] ILPP-Configuration Library/ilpp-configuration.nevergeneratedoutput
[1061/1069  0s] Csc Library/Bee/artifacts/1900b0aE.dag/Assembly-CSharp.dll (+2 others)
[1063/1069  0s] ILPostProcess Library/Bee/artifacts/1900b0aE.dag/post-processed/Assembly-CSharp.dll (+pdb)
Processing assembly Library/Bee/artifacts/1900b0aE.dag/Assembly-CSharp.dll, with 150 defines and 356 references

processors: Unity.Jobs.CodeGen.JobsILPostProcessor, zzzUnity.Burst.CodeGen.BurstILPostProcessor

1 processor(s) skipped this assembly

running Unity.Jobs.CodeGen.JobsILPostProcessor
[1064/1069  0s] ILPostProcess Library/Bee/artifacts/1900b0aE.dag/post-processed/Assembly-CSharp-Editor.dll (+pdb)
Processing assembly Library/Bee/artifacts/1900b0aE.dag/Assembly-CSharp-Editor.dll, with 148 defines and 379 references

processors: Unity.Jobs.CodeGen.JobsILPostProcessor, zzzUnity.Burst.CodeGen.BurstILPostProcessor

1 processor(s) skipped this assembly

running Unity.Jobs.CodeGen.JobsILPostProcessor
[1067/1069  0s] CopyFiles Library/ScriptAssemblies/Assembly-CSharp.dll
[1068/1069  0s] CopyFiles Library/ScriptAssemblies/Assembly-CSharp.pdb
*** Tundra build success (0.70 seconds), 6 items updated, 1069 evaluated
Reloading assemblies after forced synchronous recompile.
Begin MonoManager ReloadAssembly
GPU Resident Drawer disposed.
Refreshing native plugins compatible for Editor in 13.21 ms, found 4 plugins.
Native extension for WindowsStandalone target not found
Native extension for WebGL target not found
[MODES] ModeService[none].Initialize
[MODES] ModeService[none].LoadModes
ScheduleIndexationOnStartup MainProcess:True IndexOnStartup:True
Scripting: successfully reloaded assembly
- Finished resetting the current domain, in  5.570 seconds
Domain Reload Profiling: 7137ms
	BeginReloadAssembly (790ms)
		DisableScriptedObjects (154ms)
		CreateAndSetChildDomain (348ms)
	RebuildCommonClasses (13ms)
	RebuildNativeTypeToScriptingClass (18ms)
	initialDomainReloadingComplete (78ms)
	LoadAllAssembliesAndSetupDomain (665ms)
		LoadAssemblies (243ms)
		TypeCache.Refresh (14ms)
		AnalyzeDomain (253ms)
			BuildScriptInfoCaches (222ms)
			ResolveRequiredComponents (28ms)
	FinalizeReload (5572ms)
		SetupLoadedEditorAssemblies (0ms)
			LogAssemblyErrors (4ms)
			InitializePlatformSupportModulesInManaged (5ms)
			BeforeProcessingInitializeOnLoad (548ms)
			ProcessInitializeOnLoadAttributes (785ms)
			ProcessInitializeOnLoadMethodAttributes (295ms)
			AfterProcessingInitializeOnLoad (18ms)
			EditorAssembliesLoaded (4ms)
		AwakeInstancesAfterBackupRestoration (2820ms)
Refreshing native plugins compatible for Editor in 4.21 ms, found 4 plugins.

Asset Pipeline Refresh (id=0a9a05adb9c31464a92f3a737cd23677): Total: 9.032 seconds - Initiated by RefreshV2(AllowForceSynchronousImport)
	(Values over 0.05ms)
	Summary:
		Imports: total=0 (actual=0, local cache=0, cache server=0)
		Asset DB Process Time: managed=0 ms, native=5911 ms
		Asset DB Callback time: managed=110 ms, native=20 ms
		Scripting: domain reloads=1, domain reload time=1772 ms, compile time=1216 ms, other=0 ms
		Project Asset Count: scripts=1443, non-scripts=2806
		Asset File Changes: new=0, changed=1, moved=0, deleted=0
		Scan Filter Count: 0
	InvokePackagesCallback: 16.718ms
	ApplyChangesToAssetFolders: 0.592ms
	Scan: 26.227ms
	Collect global state as custom dependencies: 30.473ms
	OnSourceAssetsModified: 0.913ms
	ProcessAssetsWithTransientArtifactChanges: 11.960ms
	CategorizeAssets: 117.331ms
	CompileScripts: 1215.758ms
	ImportOutOfDateAssets: 5601.307ms (5595.787ms without children)
		CollectScriptTypesHashes: 1.592ms
		ReloadNativeAssets: 2.155ms
		UnloadImportedAssets: 0.222ms
		EnsureUptoDateAssetsAreRegisteredWithGuidPM: 1.316ms
		ImportSchedulerStart: 1.803ms
	PostProcessAllAssets: 112.263ms
		XRBuildSystem.XRAssetImported 1.026ms
		PostProcessCallbackCreateDeferredMaterials 0.736ms
		MonoPostProcessAllAssets: 109.740ms
			UniversalRenderPipelineGlobalSettingsPostprocessor.OnPostprocessAllAssets 28.204ms
			BuilderAssetPostprocessor.OnPostprocessAllAssets 13.783ms
			AssetChangedListener.OnPostprocessAllAssets 10.643ms
			SyncVS.PostprocessSyncProject 7.216ms
			AssetPostprocessor.OnPostprocessAllAssets 6.776ms
			SpeedTree9Postprocessor.OnPostprocessAllAssets 4.627ms
			WindowAssetPostprocessingWatcher.OnPostprocessAllAssets 3.335ms
			ShaderGraphAssetPostProcessor.OnPostprocessAllAssets 2.915ms
			RetainedModeAssetPostprocessor.OnPostprocessAllAssets 2.155ms
			RenderPipelineGlobalSettingsPostprocessor.OnPostprocessAllAssets 1.398ms
			EditModeScopePostprocessor.OnPostprocessAllAssets 1.274ms
			MaterialPostprocessor.OnPostprocessAllAssets 1.113ms
			ProjectSettingsPostprocessor.OnPostprocessAllAssets 1.079ms
			TMPro_TexturePostProcessor.OnPostprocessAllAssets 0.884ms
			ShaderReflectionAssetPostProcessor.OnPostprocessAllAssets 0.879ms
			ArtifactBrowserPostProcessor.OnPostprocessAllAssets 0.803ms
			UVCSAssetPostprocessor.OnPostprocessAllAssets 0.661ms
			InputActionAssetPostprocessor.OnPostprocessAllAssets 0.600ms
			PostProcessor.OnPostprocessAllAssets 0.592ms
			TextAssetPostProcessor.OnPostprocessAllAssets 0.550ms
			AudioMixerPostprocessor.OnPostprocessAllAssets 0.548ms
			InputActionJsonNameModifierAssetProcessor.OnPostprocessAllAssets 0.394ms
			ScenarioDriftAssetsTracker.OnPostprocessAllAssets 0.374ms
			ReferencedClipsPostProcessor.OnPostprocessAllAssets 0.358ms
			AssetEvents.OnPostprocessAllAssets 0.313ms
			StyleCatalogPostProcessor.OnPostprocessAllAssets 0.309ms
			AssetDatabaseCallbacks.OnPostprocessAllAssets 0.306ms
			SamplePostprocessor.OnPostprocessAllAssets 0.280ms
			SpeedTreePostProcessor.OnPostprocessAllAssets 0.248ms
			ConfigAssetsTracker.OnPostprocessAllAssets 0.242ms
			TerrainToolbarOverlayPostProcessor.OnPostprocessAllAssets 0.241ms
			ThemePostprocessor.OnPostprocessAllAssets 0.231ms
			AudioContainerPostProcessor.OnPostprocessAllAssets 0.222ms
			AssetReloadNotifier.OnPostprocessAllAssets 0.211ms
	PostAssetChangesProfiler: 5.104ms
	GatherAllCurrentPrimaryImportResultRevisions: 0.806ms
	UnloadStreamsBegin: 0.074ms
	PersistCurrentRevisions: 0.115ms
	GenerateScriptTypeHashes: 3.673ms
	GenerateScriptTypeSerializationHashes: 6.186ms
	Untracked: 1826.286ms

[Licensing::Client] Successfully resolved entitlement details
[Licensing::Client] Successfully resolved entitlement details
GPU Resident Drawer created.
Asset Pipeline Refresh (id=608018f9979a09b4c9b2788087ebb7fc): Total: 0.010 seconds - Initiated by RefreshV2(AllowForceSynchronousImport)
GPU Resident Drawer disposed.
Entering Playmode with Reload Domain disabled.
If you experience any issues, please disable "Enter Play Mode Options" in Editor Settings
Entering Playmode with Reload Scene disabled. If you experience any issues, please disable "Enter Play Mode Options" in Editor Settings
GPU Resident Drawer created.
GPU Resident Drawer disposed.
Unloading 6 Unused Serialized files (Serialized files now loaded: 0)
Loaded scene 'Temp/__Backupscenes/0.backup'
	Deserialize:            30.674 ms
	Integration:            33.591 ms
	Integration of assets:  0.110 ms
	Thread Wait Time:       -0.025 ms
	Total Operation Time:   64.349 ms
Unloading 63 unused Assets / (2.5 MB). Loaded Objects now: 9514.
Memory consumption went from 0.76 GB to 0.76 GB.
Total: 35.565900 ms (FindLiveObjects: 0.922700 ms CreateObjectMapping: 0.210700 ms MarkObjects: 33.718200 ms  DeleteObjects: 0.437900 ms)

[Licensing::Client] Successfully resolved entitlement details
GPU Resident Drawer created.
[ScriptCompilation] Requested script compilation because: AssetDatabase observed changes in script compilation related files
Starting: C:\Program Files\Unity\Hub\Editor\6000.6.0f1\Editor\Data\Tools\BuildPipeline\bee_backend.exe --ipc --defer-dag-verification --dagfile="Library/Bee/1900b0aE.dag" --continue-on-failure --profile="Library/Bee/backend1.traceevents" ScriptAssemblies
WorkingDir: C:/Users/Duncan Joseph/Traversal Gameplay
ExitCode: 0 Duration: 1s324ms
[ 826/1069  0s] ILPP-Configuration Library/ilpp-configuration.nevergeneratedoutput
[1061/1069  0s] Csc Library/Bee/artifacts/1900b0aE.dag/Assembly-CSharp.dll (+2 others)
[1063/1069  0s] ILPostProcess Library/Bee/artifacts/1900b0aE.dag/post-processed/Assembly-CSharp.dll (+pdb)
Processing assembly Library/Bee/artifacts/1900b0aE.dag/Assembly-CSharp.dll, with 150 defines and 356 references

processors: Unity.Jobs.CodeGen.JobsILPostProcessor, zzzUnity.Burst.CodeGen.BurstILPostProcessor

1 processor(s) skipped this assembly

running Unity.Jobs.CodeGen.JobsILPostProcessor
[1064/1069  0s] ILPostProcess Library/Bee/artifacts/1900b0aE.dag/post-processed/Assembly-CSharp-Editor.dll (+pdb)
Processing assembly Library/Bee/artifacts/1900b0aE.dag/Assembly-CSharp-Editor.dll, with 148 defines and 379 references

processors: Unity.Jobs.CodeGen.JobsILPostProcessor, zzzUnity.Burst.CodeGen.BurstILPostProcessor

1 processor(s) skipped this assembly

running Unity.Jobs.CodeGen.JobsILPostProcessor
[1065/1069  0s] CopyFiles Library/ScriptAssemblies/Assembly-CSharp.dll
[1066/1069  0s] CopyFiles Library/ScriptAssemblies/Assembly-CSharp.pdb
*** Tundra build success (1.08 seconds), 6 items updated, 1069 evaluated
Reloading assemblies after forced synchronous recompile.
Begin MonoManager ReloadAssembly
GPU Resident Drawer disposed.
Refreshing native plugins compatible for Editor in 11.81 ms, found 4 plugins.
Native extension for WindowsStandalone target not found
Native extension for WebGL target not found
[MODES] ModeService[none].Initialize
[MODES] ModeService[none].LoadModes
ScheduleIndexationOnStartup MainProcess:True IndexOnStartup:True
Scripting: successfully reloaded assembly
- Finished resetting the current domain, in  3.975 seconds
Domain Reload Profiling: 5783ms
	BeginReloadAssembly (948ms)
		DisableScriptedObjects (185ms)
		CreateAndSetChildDomain (439ms)
	RebuildCommonClasses (15ms)
	RebuildNativeTypeToScriptingClass (21ms)
	initialDomainReloadingComplete (96ms)
	LoadAllAssembliesAndSetupDomain (727ms)
		LoadAssemblies (268ms)
		TypeCache.Refresh (11ms)
		AnalyzeDomain (328ms)
			BuildScriptInfoCaches (283ms)
			ResolveRequiredComponents (42ms)
	FinalizeReload (3976ms)
		SetupLoadedEditorAssemblies (0ms)
			LogAssemblyErrors (5ms)
			InitializePlatformSupportModulesInManaged (3ms)
			BeforeProcessingInitializeOnLoad (356ms)
			ProcessInitializeOnLoadAttributes (673ms)
			ProcessInitializeOnLoadMethodAttributes (260ms)
			AfterProcessingInitializeOnLoad (20ms)
			EditorAssembliesLoaded (4ms)
		AwakeInstancesAfterBackupRestoration (1905ms)
Refreshing native plugins compatible for Editor in 3.37 ms, found 4 plugins.

Asset Pipeline Refresh (id=6a5edac9558f0414ba871291a2ea0e67): Total: 8.587 seconds - Initiated by RefreshV2(AllowForceSynchronousImport)
	(Values over 0.05ms)
	Summary:
		Imports: total=0 (actual=0, local cache=0, cache server=0)
		Asset DB Process Time: managed=0 ms, native=4258 ms
		Asset DB Callback time: managed=100 ms, native=9 ms
		Scripting: domain reloads=1, domain reload time=2052 ms, compile time=2166 ms, other=0 ms
		Project Asset Count: scripts=1443, non-scripts=2806
		Asset File Changes: new=0, changed=1, moved=0, deleted=0
		Scan Filter Count: 0
	InvokePackagesCallback: 5.096ms
	ApplyChangesToAssetFolders: 0.518ms
	Scan: 40.448ms
	Collect global state as custom dependencies: 9.659ms
	OnSourceAssetsModified: 1.531ms
	CategorizeScriptCompilationAssets: 0.063ms
	ProcessAssetsWithTransientArtifactChanges: 11.358ms
	CategorizeAssets: 83.273ms
	CompileScripts: 2165.512ms
	ImportOutOfDateAssets: 4002.036ms (3997.718ms without children)
		CollectScriptTypesHashes: 1.364ms
		ReloadNativeAssets: 1.069ms
		UnloadImportedAssets: 0.316ms
		EnsureUptoDateAssetsAreRegisteredWithGuidPM: 1.219ms
		ImportSchedulerStart: 1.692ms
	PostProcessAllAssets: 102.453ms
		XRBuildSystem.XRAssetImported 0.675ms
		PostProcessCallbackCreateDeferredMaterials 0.533ms
		VCAutoAddAssetPostprocess 0.247ms
		MonoPostProcessAllAssets: 99.474ms
			UniversalRenderPipelineGlobalSettingsPostprocessor.OnPostprocessAllAssets 31.622ms
			AssetChangedListener.OnPostprocessAllAssets 11.966ms
			BuilderAssetPostprocessor.OnPostprocessAllAssets 7.509ms
			AssetPostprocessor.OnPostprocessAllAssets 6.930ms
			SyncVS.PostprocessSyncProject 4.708ms
			ShaderGraphAssetPostProcessor.OnPostprocessAllAssets 2.899ms
			WindowAssetPostprocessingWatcher.OnPostprocessAllAssets 2.813ms
			SpeedTree9Postprocessor.OnPostprocessAllAssets 2.777ms
			RetainedModeAssetPostprocessor.OnPostprocessAllAssets 2.595ms
			RenderPipelineGlobalSettingsPostprocessor.OnPostprocessAllAssets 1.266ms
			ProjectSettingsPostprocessor.OnPostprocessAllAssets 1.152ms
			EditModeScopePostprocessor.OnPostprocessAllAssets 1.128ms
			MaterialPostprocessor.OnPostprocessAllAssets 0.881ms
			TMPro_TexturePostProcessor.OnPostprocessAllAssets 0.645ms
			ShaderReflectionAssetPostProcessor.OnPostprocessAllAssets 0.639ms
			PostProcessor.OnPostprocessAllAssets 0.628ms
			ArtifactBrowserPostProcessor.OnPostprocessAllAssets 0.622ms
			AudioMixerPostprocessor.OnPostprocessAllAssets 0.594ms
			InputActionAssetPostprocessor.OnPostprocessAllAssets 0.437ms
			StyleCatalogPostProcessor.OnPostprocessAllAssets 0.430ms
			ReferencedClipsPostProcessor.OnPostprocessAllAssets 0.418ms
			TextAssetPostProcessor.OnPostprocessAllAssets 0.418ms
			InputActionJsonNameModifierAssetProcessor.OnPostprocessAllAssets 0.412ms
			AssetEvents.OnPostprocessAllAssets 0.395ms
			UVCSAssetPostprocessor.OnPostprocessAllAssets 0.373ms
			SpeedTreePostProcessor.OnPostprocessAllAssets 0.208ms
			SamplePostprocessor.OnPostprocessAllAssets 0.191ms
			AssetDatabaseCallbacks.OnPostprocessAllAssets 0.189ms
			TerrainToolbarOverlayPostProcessor.OnPostprocessAllAssets 0.188ms
			ScenarioDriftAssetsTracker.OnPostprocessAllAssets 0.153ms
			ConfigAssetsTracker.OnPostprocessAllAssets 0.148ms
			AudioContainerPostProcessor.OnPostprocessAllAssets 0.142ms
			AssetReloadNotifier.OnPostprocessAllAssets 0.131ms
			ThemePostprocessor.OnPostprocessAllAssets 0.118ms
	PostAssetChangesProfiler: 4.265ms
	GatherAllCurrentPrimaryImportResultRevisions: 0.334ms
	UnloadStreamsBegin: 0.068ms
	PersistCurrentRevisions: 0.117ms
	GenerateScriptTypeHashes: 2.374ms
	GenerateScriptTypeSerializationHashes: 4.153ms
	Untracked: 2117.823ms

[Licensing::Client] Successfully resolved entitlement details
[Licensing::Client] Successfully resolved entitlement details
GPU Resident Drawer created.
Asset Pipeline Refresh (id=6d4c196acb0cff149835535611445f8f): Total: 0.006 seconds - Initiated by RefreshV2(AllowForceSynchronousImport)
GPU Resident Drawer disposed.
Entering Playmode with Reload Domain disabled.
If you experience any issues, please disable "Enter Play Mode Options" in Editor Settings
Entering Playmode with Reload Scene disabled. If you experience any issues, please disable "Enter Play Mode Options" in Editor Settings
GPU Resident Drawer created.
Space pressed! isGrounded: False, Timer: 0
UnityEngine.Debug:ExtractStackTraceNoAlloc (byte*,int,string)
UnityEngine.StackTraceUtility:ExtractStackTrace ()
UnityEngine.DebugLogHandler:Internal_Log (UnityEngine.LogType,UnityEngine.LogOption,string,UnityEngine.Object)
UnityEngine.DebugLogHandler:LogFormat (UnityEngine.LogType,UnityEngine.Object,string,object[])
UnityEngine.Logger:Log (UnityEngine.LogType,object)
UnityEngine.Debug:Log (object)
Player:Update () (at Assets/Player.cs:66)

(Filename: Assets/Player.cs Line: 66)

Space pressed! isGrounded: False, Timer: 0
UnityEngine.Debug:ExtractStackTraceNoAlloc (byte*,int,string)
UnityEngine.StackTraceUtility:ExtractStackTrace ()
UnityEngine.DebugLogHandler:Internal_Log (UnityEngine.LogType,UnityEngine.LogOption,string,UnityEngine.Object)
UnityEngine.DebugLogHandler:LogFormat (UnityEngine.LogType,UnityEngine.Object,string,object[])
UnityEngine.Logger:Log (UnityEngine.LogType,object)
UnityEngine.Debug:Log (object)
Player:Update () (at Assets/Player.cs:66)

(Filename: Assets/Player.cs Line: 66)

Space pressed! isGrounded: False, Timer: 0
UnityEngine.Debug:ExtractStackTraceNoAlloc (byte*,int,string)
UnityEngine.StackTraceUtility:ExtractStackTrace ()
UnityEngine.DebugLogHandler:Internal_Log (UnityEngine.LogType,UnityEngine.LogOption,string,UnityEngine.Object)
UnityEngine.DebugLogHandler:LogFormat (UnityEngine.LogType,UnityEngine.Object,string,object[])
UnityEngine.Logger:Log (UnityEngine.LogType,object)
UnityEngine.Debug:Log (object)
Player:Update () (at Assets/Player.cs:66)

(Filename: Assets/Player.cs Line: 66)

Space pressed! isGrounded: False, Timer: 0
UnityEngine.Debug:ExtractStackTraceNoAlloc (byte*,int,string)
UnityEngine.StackTraceUtility:ExtractStackTrace ()
UnityEngine.DebugLogHandler:Internal_Log (UnityEngine.LogType,UnityEngine.LogOption,string,UnityEngine.Object)
UnityEngine.DebugLogHandler:LogFormat (UnityEngine.LogType,UnityEngine.Object,string,object[])
UnityEngine.Logger:Log (UnityEngine.LogType,object)
UnityEngine.Debug:Log (object)
Player:Update () (at Assets/Player.cs:66)

(Filename: Assets/Player.cs Line: 66)

Space pressed! isGrounded: False, Timer: 0
UnityEngine.Debug:ExtractStackTraceNoAlloc (byte*,int,string)
UnityEngine.StackTraceUtility:ExtractStackTrace ()
UnityEngine.DebugLogHandler:Internal_Log (UnityEngine.LogType,UnityEngine.LogOption,string,UnityEngine.Object)
UnityEngine.DebugLogHandler:LogFormat (UnityEngine.LogType,UnityEngine.Object,string,object[])
UnityEngine.Logger:Log (UnityEngine.LogType,object)
UnityEngine.Debug:Log (object)
Player:Update () (at Assets/Player.cs:66)

(Filename: Assets/Player.cs Line: 66)

Space pressed! isGrounded: False, Timer: 0
UnityEngine.Debug:ExtractStackTraceNoAlloc (byte*,int,string)
UnityEngine.StackTraceUtility:ExtractStackTrace ()
UnityEngine.DebugLogHandler:Internal_Log (UnityEngine.LogType,UnityEngine.LogOption,string,UnityEngine.Object)
UnityEngine.DebugLogHandler:LogFormat (UnityEngine.LogType,UnityEngine.Object,string,object[])
UnityEngine.Logger:Log (UnityEngine.LogType,object)
UnityEngine.Debug:Log (object)
Player:Update () (at Assets/Player.cs:66)

(Filename: Assets/Player.cs Line: 66)

Space pressed! isGrounded: False, Timer: 0
UnityEngine.Debug:ExtractStackTraceNoAlloc (byte*,int,string)
UnityEngine.StackTraceUtility:ExtractStackTrace ()
UnityEngine.DebugLogHandler:Internal_Log (UnityEngine.LogType,UnityEngine.LogOption,string,UnityEngine.Object)
UnityEngine.DebugLogHandler:LogFormat (UnityEngine.LogType,UnityEngine.Object,string,object[])
UnityEngine.Logger:Log (UnityEngine.LogType,object)
UnityEngine.Debug:Log (object)
Player:Update () (at Assets/Player.cs:66)

(Filename: Assets/Player.cs Line: 66)

Space pressed! isGrounded: False, Timer: 0
UnityEngine.Debug:ExtractStackTraceNoAlloc (byte*,int,string)
UnityEngine.StackTraceUtility:ExtractStackTrace ()
UnityEngine.DebugLogHandler:Internal_Log (UnityEngine.LogType,UnityEngine.LogOption,string,UnityEngine.Object)
UnityEngine.DebugLogHandler:LogFormat (UnityEngine.LogType,UnityEngine.Object,string,object[])
UnityEngine.Logger:Log (UnityEngine.LogType,object)
UnityEngine.Debug:Log (object)
Player:Update () (at Assets/Player.cs:66)

(Filename: Assets/Player.cs Line: 66)

Space pressed! isGrounded: False, Timer: 0
UnityEngine.Debug:ExtractStackTraceNoAlloc (byte*,int,string)
UnityEngine.StackTraceUtility:ExtractStackTrace ()
UnityEngine.DebugLogHandler:Internal_Log (UnityEngine.LogType,UnityEngine.LogOption,string,UnityEngine.Object)
UnityEngine.DebugLogHandler:LogFormat (UnityEngine.LogType,UnityEngine.Object,string,object[])
UnityEngine.Logger:Log (UnityEngine.LogType,object)
UnityEngine.Debug:Log (object)
Player:Update () (at Assets/Player.cs:66)

(Filename: Assets/Player.cs Line: 66)

Space pressed! isGrounded: False, Timer: 0
UnityEngine.Debug:ExtractStackTraceNoAlloc (byte*,int,string)
UnityEngine.StackTraceUtility:ExtractStackTrace ()
UnityEngine.DebugLogHandler:Internal_Log (UnityEngine.LogType,UnityEngine.LogOption,string,UnityEngine.Object)
UnityEngine.DebugLogHandler:LogFormat (UnityEngine.LogType,UnityEngine.Object,string,object[])
UnityEngine.Logger:Log (UnityEngine.LogType,object)
UnityEngine.Debug:Log (object)
Player:Update () (at Assets/Player.cs:66)

(Filename: Assets/Player.cs Line: 66)

Space pressed! isGrounded: False, Timer: 0
UnityEngine.Debug:ExtractStackTraceNoAlloc (byte*,int,string)
UnityEngine.StackTraceUtility:ExtractStackTrace ()
UnityEngine.DebugLogHandler:Internal_Log (UnityEngine.LogType,UnityEngine.LogOption,string,UnityEngine.Object)
UnityEngine.DebugLogHandler:LogFormat (UnityEngine.LogType,UnityEngine.Object,string,object[])
UnityEngine.Logger:Log (UnityEngine.LogType,object)
UnityEngine.Debug:Log (object)
Player:Update () (at Assets/Player.cs:66)

(Filename: Assets/Player.cs Line: 66)

Space pressed! isGrounded: False, Timer: 0
UnityEngine.Debug:ExtractStackTraceNoAlloc (byte*,int,string)
UnityEngine.StackTraceUtility:ExtractStackTrace ()
UnityEngine.DebugLogHandler:Internal_Log (UnityEngine.LogType,UnityEngine.LogOption,string,UnityEngine.Object)
UnityEngine.DebugLogHandler:LogFormat (UnityEngine.LogType,UnityEngine.Object,string,object[])
UnityEngine.Logger:Log (UnityEngine.LogType,object)
UnityEngine.Debug:Log (object)
Player:Update () (at Assets/Player.cs:66)

(Filename: Assets/Player.cs Line: 66)

Space pressed! isGrounded: False, Timer: 0
UnityEngine.Debug:ExtractStackTraceNoAlloc (byte*,int,string)
UnityEngine.StackTraceUtility:ExtractStackTrace ()
UnityEngine.DebugLogHandler:Internal_Log (UnityEngine.LogType,UnityEngine.LogOption,string,UnityEngine.Object)
UnityEngine.DebugLogHandler:LogFormat (UnityEngine.LogType,UnityEngine.Object,string,object[])
UnityEngine.Logger:Log (UnityEngine.LogType,object)
UnityEngine.Debug:Log (object)
Player:Update () (at Assets/Player.cs:66)

(Filename: Assets/Player.cs Line: 66)

Space pressed! isGrounded: False, Timer: 0
UnityEngine.Debug:ExtractStackTraceNoAlloc (byte*,int,string)
UnityEngine.StackTraceUtility:ExtractStackTrace ()
UnityEngine.DebugLogHandler:Internal_Log (UnityEngine.LogType,UnityEngine.LogOption,string,UnityEngine.Object)
UnityEngine.DebugLogHandler:LogFormat (UnityEngine.LogType,UnityEngine.Object,string,object[])
UnityEngine.Logger:Log (UnityEngine.LogType,object)
UnityEngine.Debug:Log (object)
Player:Update () (at Assets/Player.cs:66)

(Filename: Assets/Player.cs Line: 66)

Space pressed! isGrounded: False, Timer: 0
UnityEngine.Debug:ExtractStackTraceNoAlloc (byte*,int,string)
UnityEngine.StackTraceUtility:ExtractStackTrace ()
UnityEngine.DebugLogHandler:Internal_Log (UnityEngine.LogType,UnityEngine.LogOption,string,UnityEngine.Object)
UnityEngine.DebugLogHandler:LogFormat (UnityEngine.LogType,UnityEngine.Object,string,object[])
UnityEngine.Logger:Log (UnityEngine.LogType,object)
UnityEngine.Debug:Log (object)
Player:Update () (at Assets/Player.cs:66)

(Filename: Assets/Player.cs Line: 66)

Space pressed! isGrounded: False, Timer: 0
UnityEngine.Debug:ExtractStackTraceNoAlloc (byte*,int,string)
UnityEngine.StackTraceUtility:ExtractStackTrace ()
UnityEngine.DebugLogHandler:Internal_Log (UnityEngine.LogType,UnityEngine.LogOption,string,UnityEngine.Object)
UnityEngine.DebugLogHandler:LogFormat (UnityEngine.LogType,UnityEngine.Object,string,object[])
UnityEngine.Logger:Log (UnityEngine.LogType,object)
UnityEngine.Debug:Log (object)
Player:Update () (at Assets/Player.cs:66)

(Filename: Assets/Player.cs Line: 66)

GPU Resident Drawer disposed.
Unloading 6 Unused Serialized files (Serialized files now loaded: 0)
Loaded scene 'Temp/__Backupscenes/0.backup'
	Deserialize:            31.267 ms
	Integration:            33.845 ms
	Integration of assets:  0.145 ms
	Thread Wait Time:       0.109 ms
	Total Operation Time:   65.366 ms
Unloading 63 unused Assets / (2.5 MB). Loaded Objects now: 9526.
Memory consumption went from 0.78 GB to 0.78 GB.
Total: 31.855000 ms (FindLiveObjects: 0.807200 ms CreateObjectMapping: 0.165300 ms MarkObjects: 30.400800 ms  DeleteObjects: 0.211100 ms)

[Licensing::Client] Successfully resolved entitlement details
GPU Resident Drawer created.
Asset Pipeline Refresh (id=b17aa0ad89b300a48ad116c99009f689): Total: 0.020 seconds - Initiated by RefreshV2(AllowForceSynchronousImport)
Asset Pipeline Refresh (id=58e3052b861a1ec4195094d92c476e5d): Total: 0.005 seconds - Initiated by RefreshV2(AllowForceSynchronousImport)
Asset Pipeline Refresh (id=d75bb3cd9f3f16044a8bbdd14ceb5ede): Total: 0.004 seconds - Initiated by RefreshV2(AllowForceSynchronousImport)
GPU Resident Drawer disposed.
Entering Playmode with Reload Domain disabled.
If you experience any issues, please disable "Enter Play Mode Options" in Editor Settings
Entering Playmode with Reload Scene disabled. If you experience any issues, please disable "Enter Play Mode Options" in Editor Settings
GPU Resident Drawer created.
Space pressed! isGrounded: False, Timer: 0
UnityEngine.Debug:ExtractStackTraceNoAlloc (byte*,int,string)
UnityEngine.StackTraceUtility:ExtractStackTrace ()
UnityEngine.DebugLogHandler:Internal_Log (UnityEngine.LogType,UnityEngine.LogOption,string,UnityEngine.Object)
UnityEngine.DebugLogHandler:LogFormat (UnityEngine.LogType,UnityEngine.Object,string,object[])
UnityEngine.Logger:Log (UnityEngine.LogType,object)
UnityEngine.Debug:Log (object)
Player:Update () (at Assets/Player.cs:66)

(Filename: Assets/Player.cs Line: 66)

Space pressed! isGrounded: False, Timer: 0
UnityEngine.Debug:ExtractStackTraceNoAlloc (byte*,int,string)
UnityEngine.StackTraceUtility:ExtractStackTrace ()
UnityEngine.DebugLogHandler:Internal_Log (UnityEngine.LogType,UnityEngine.LogOption,string,UnityEngine.Object)
UnityEngine.DebugLogHandler:LogFormat (UnityEngine.LogType,UnityEngine.Object,string,object[])
UnityEngine.Logger:Log (UnityEngine.LogType,object)
UnityEngine.Debug:Log (object)
Player:Update () (at Assets/Player.cs:66)

(Filename: Assets/Player.cs Line: 66)

Space pressed! isGrounded: False, Timer: 0
UnityEngine.Debug:ExtractStackTraceNoAlloc (byte*,int,string)
UnityEngine.StackTraceUtility:ExtractStackTrace ()
UnityEngine.DebugLogHandler:Internal_Log (UnityEngine.LogType,UnityEngine.LogOption,string,UnityEngine.Object)
UnityEngine.DebugLogHandler:LogFormat (UnityEngine.LogType,UnityEngine.Object,string,object[])
UnityEngine.Logger:Log (UnityEngine.LogType,object)
UnityEngine.Debug:Log (object)
Player:Update () (at Assets/Player.cs:66)

(Filename: Assets/Player.cs Line: 66)

Space pressed! isGrounded: False, Timer: 0
UnityEngine.Debug:ExtractStackTraceNoAlloc (byte*,int,string)
UnityEngine.StackTraceUtility:ExtractStackTrace ()
UnityEngine.DebugLogHandler:Internal_Log (UnityEngine.LogType,UnityEngine.LogOption,string,UnityEngine.Object)
UnityEngine.DebugLogHandler:LogFormat (UnityEngine.LogType,UnityEngine.Object,string,object[])
UnityEngine.Logger:Log (UnityEngine.LogType,object)
UnityEngine.Debug:Log (object)
Player:Update () (at Assets/Player.cs:66)

(Filename: Assets/Player.cs Line: 66)

Space pressed! isGrounded: False, Timer: 0
UnityEngine.Debug:ExtractStackTraceNoAlloc (byte*,int,string)
UnityEngine.StackTraceUtility:ExtractStackTrace ()
UnityEngine.DebugLogHandler:Internal_Log (UnityEngine.LogType,UnityEngine.LogOption,string,UnityEngine.Object)
UnityEngine.DebugLogHandler:LogFormat (UnityEngine.LogType,UnityEngine.Object,string,object[])
UnityEngine.Logger:Log (UnityEngine.LogType,object)
UnityEngine.Debug:Log (object)
Player:Update () (at Assets/Player.cs:66)

(Filename: Assets/Player.cs Line: 66)

Space pressed! isGrounded: False, Timer: 0
UnityEngine.Debug:ExtractStackTraceNoAlloc (byte*,int,string)
UnityEngine.StackTraceUtility:ExtractStackTrace ()
UnityEngine.DebugLogHandler:Internal_Log (UnityEngine.LogType,UnityEngine.LogOption,string,UnityEngine.Object)
UnityEngine.DebugLogHandler:LogFormat (UnityEngine.LogType,UnityEngine.Object,string,object[])
UnityEngine.Logger:Log (UnityEngine.LogType,object)
UnityEngine.Debug:Log (object)
Player:Update () (at Assets/Player.cs:66)

(Filename: Assets/Player.cs Line: 66)

Space pressed! isGrounded: False, Timer: 0
UnityEngine.Debug:ExtractStackTraceNoAlloc (byte*,int,string)
UnityEngine.StackTraceUtility:ExtractStackTrace ()
UnityEngine.DebugLogHandler:Internal_Log (UnityEngine.LogType,UnityEngine.LogOption,string,UnityEngine.Object)
UnityEngine.DebugLogHandler:LogFormat (UnityEngine.LogType,UnityEngine.Object,string,object[])
UnityEngine.Logger:Log (UnityEngine.LogType,object)
UnityEngine.Debug:Log (object)
Player:Update () (at Assets/Player.cs:66)

(Filename: Assets/Player.cs Line: 66)

Space pressed! isGrounded: False, Timer: 0
UnityEngine.Debug:ExtractStackTraceNoAlloc (byte*,int,string)
UnityEngine.StackTraceUtility:ExtractStackTrace ()
UnityEngine.DebugLogHandler:Internal_Log (UnityEngine.LogType,UnityEngine.LogOption,string,UnityEngine.Object)
UnityEngine.DebugLogHandler:LogFormat (UnityEngine.LogType,UnityEngine.Object,string,object[])
UnityEngine.Logger:Log (UnityEngine.LogType,object)
UnityEngine.Debug:Log (object)
Player:Update () (at Assets/Player.cs:66)

(Filename: Assets/Player.cs Line: 66)

GPU Resident Drawer disposed.
Unloading 2 Unused Serialized files (Serialized files now loaded: 0)
Loaded scene 'Temp/__Backupscenes/0.backup'
	Deserialize:            1.638 ms
	Integration:            26.146 ms
	Integration of assets:  0.063 ms
	Thread Wait Time:       -0.020 ms
	Total Operation Time:   27.827 ms
Unloading 3 unused Assets / (156.6 KB). Loaded Objects now: 9533.
Memory consumption went from 0.78 GB to 0.78 GB.
Total: 30.963600 ms (FindLiveObjects: 0.585200 ms CreateObjectMapping: 0.218200 ms MarkObjects: 29.840400 ms  DeleteObjects: 0.074500 ms)

GPU Resident Drawer created.
Asset Pipeline Refresh (id=c2c90e18bd3bba54bbbcf717707c4a37): Total: 0.017 seconds - Initiated by RefreshV2(AllowForceSynchronousImport)
Asset Pipeline Refresh (id=e0b4beaab602d6941bb9ec1062bfac9e): Total: 0.004 seconds - Initiated by RefreshV2(AllowForceSynchronousImport)
GPU Resident Drawer disposed.
Entering Playmode with Reload Domain disabled.
If you experience any issues, please disable "Enter Play Mode Options" in Editor Settings
Entering Playmode with Reload Scene disabled. If you experience any issues, please disable "Enter Play Mode Options" in Editor Settings
GPU Resident Drawer created.
GPU Resident Drawer disposed.
GPU Resident Drawer created.
Space pressed! isGrounded: False, Timer: 0
UnityEngine.Debug:ExtractStackTraceNoAlloc (byte*,int,string)
UnityEngine.StackTraceUtility:ExtractStackTrace ()
UnityEngine.DebugLogHandler:Internal_Log (UnityEngine.LogType,UnityEngine.LogOption,string,UnityEngine.Object)
UnityEngine.DebugLogHandler:LogFormat (UnityEngine.LogType,UnityEngine.Object,string,object[])
UnityEngine.Logger:Log (UnityEngine.LogType,object)
UnityEngine.Debug:Log (object)
Player:Update () (at Assets/Player.cs:66)

(Filename: Assets/Player.cs Line: 66)

Space pressed! isGrounded: False, Timer: 0
UnityEngine.Debug:ExtractStackTraceNoAlloc (byte*,int,string)
UnityEngine.StackTraceUtility:ExtractStackTrace ()
UnityEngine.DebugLogHandler:Internal_Log (UnityEngine.LogType,UnityEngine.LogOption,string,UnityEngine.Object)
UnityEngine.DebugLogHandler:LogFormat (UnityEngine.LogType,UnityEngine.Object,string,object[])
UnityEngine.Logger:Log (UnityEngine.LogType,object)
UnityEngine.Debug:Log (object)
Player:Update () (at Assets/Player.cs:66)

(Filename: Assets/Player.cs Line: 66)

Space pressed! isGrounded: False, Timer: 0
UnityEngine.Debug:ExtractStackTraceNoAlloc (byte*,int,string)
UnityEngine.StackTraceUtility:ExtractStackTrace ()
UnityEngine.DebugLogHandler:Internal_Log (UnityEngine.LogType,UnityEngine.LogOption,string,UnityEngine.Object)
UnityEngine.DebugLogHandler:LogFormat (UnityEngine.LogType,UnityEngine.Object,string,object[])
UnityEngine.Logger:Log (UnityEngine.LogType,object)
UnityEngine.Debug:Log (object)
Player:Update () (at Assets/Player.cs:66)

(Filename: Assets/Player.cs Line: 66)

Space pressed! isGrounded: False, Timer: 0
UnityEngine.Debug:ExtractStackTraceNoAlloc (byte*,int,string)
UnityEngine.StackTraceUtility:ExtractStackTrace ()
UnityEngine.DebugLogHandler:Internal_Log (UnityEngine.LogType,UnityEngine.LogOption,string,UnityEngine.Object)
UnityEngine.DebugLogHandler:LogFormat (UnityEngine.LogType,UnityEngine.Object,string,object[])
UnityEngine.Logger:Log (UnityEngine.LogType,object)
UnityEngine.Debug:Log (object)
Player:Update () (at Assets/Player.cs:66)

(Filename: Assets/Player.cs Line: 66)

Space pressed! isGrounded: False, Timer: 0
UnityEngine.Debug:ExtractStackTraceNoAlloc (byte*,int,string)
UnityEngine.StackTraceUtility:ExtractStackTrace ()
UnityEngine.DebugLogHandler:Internal_Log (UnityEngine.LogType,UnityEngine.LogOption,string,UnityEngine.Object)
UnityEngine.DebugLogHandler:LogFormat (UnityEngine.LogType,UnityEngine.Object,string,object[])
UnityEngine.Logger:Log (UnityEngine.LogType,object)
UnityEngine.Debug:Log (object)
Player:Update () (at Assets/Player.cs:66)

(Filename: Assets/Player.cs Line: 66)

Space pressed! isGrounded: False, Timer: 0
UnityEngine.Debug:ExtractStackTraceNoAlloc (byte*,int,string)
UnityEngine.StackTraceUtility:ExtractStackTrace ()
UnityEngine.DebugLogHandler:Internal_Log (UnityEngine.LogType,UnityEngine.LogOption,string,UnityEngine.Object)
UnityEngine.DebugLogHandler:LogFormat (UnityEngine.LogType,UnityEngine.Object,string,object[])
UnityEngine.Logger:Log (UnityEngine.LogType,object)
UnityEngine.Debug:Log (object)
Player:Update () (at Assets/Player.cs:66)

(Filename: Assets/Player.cs Line: 66)

Space pressed! isGrounded: False, Timer: 0
UnityEngine.Debug:ExtractStackTraceNoAlloc (byte*,int,string)
UnityEngine.StackTraceUtility:ExtractStackTrace ()
UnityEngine.DebugLogHandler:Internal_Log (UnityEngine.LogType,UnityEngine.LogOption,string,UnityEngine.Object)
UnityEngine.DebugLogHandler:LogFormat (UnityEngine.LogType,UnityEngine.Object,string,object[])
UnityEngine.Logger:Log (UnityEngine.LogType,object)
UnityEngine.Debug:Log (object)
Player:Update () (at Assets/Player.cs:66)

(Filename: Assets/Player.cs Line: 66)

Space pressed! isGrounded: False, Timer: 0
UnityEngine.Debug:ExtractStackTraceNoAlloc (byte*,int,string)
UnityEngine.StackTraceUtility:ExtractStackTrace ()
UnityEngine.DebugLogHandler:Internal_Log (UnityEngine.LogType,UnityEngine.LogOption,string,UnityEngine.Object)
UnityEngine.DebugLogHandler:LogFormat (UnityEngine.LogType,UnityEngine.Object,string,object[])
UnityEngine.Logger:Log (UnityEngine.LogType,object)
UnityEngine.Debug:Log (object)
Player:Update () (at Assets/Player.cs:66)

(Filename: Assets/Player.cs Line: 66)

Space pressed! isGrounded: False, Timer: 0
UnityEngine.Debug:ExtractStackTraceNoAlloc (byte*,int,string)
UnityEngine.StackTraceUtility:ExtractStackTrace ()
UnityEngine.DebugLogHandler:Internal_Log (UnityEngine.LogType,UnityEngine.LogOption,string,UnityEngine.Object)
UnityEngine.DebugLogHandler:LogFormat (UnityEngine.LogType,UnityEngine.Object,string,object[])
UnityEngine.Logger:Log (UnityEngine.LogType,object)
UnityEngine.Debug:Log (object)
Player:Update () (at Assets/Player.cs:66)

(Filename: Assets/Player.cs Line: 66)

Space pressed! isGrounded: False, Timer: 0
UnityEngine.Debug:ExtractStackTraceNoAlloc (byte*,int,string)
UnityEngine.StackTraceUtility:ExtractStackTrace ()
UnityEngine.DebugLogHandler:Internal_Log (UnityEngine.LogType,UnityEngine.LogOption,string,UnityEngine.Object)
UnityEngine.DebugLogHandler:LogFormat (UnityEngine.LogType,UnityEngine.Object,string,object[])
UnityEngine.Logger:Log (UnityEngine.LogType,object)
UnityEngine.Debug:Log (object)
Player:Update () (at Assets/Player.cs:66)

(Filename: Assets/Player.cs Line: 66)

Space pressed! isGrounded: False, Timer: 0
UnityEngine.Debug:ExtractStackTraceNoAlloc (byte*,int,string)
UnityEngine.StackTraceUtility:ExtractStackTrace ()
UnityEngine.DebugLogHandler:Internal_Log (UnityEngine.LogType,UnityEngine.LogOption,string,UnityEngine.Object)
UnityEngine.DebugLogHandler:LogFormat (UnityEngine.LogType,UnityEngine.Object,string,object[])
UnityEngine.Logger:Log (UnityEngine.LogType,object)
UnityEngine.Debug:Log (object)
Player:Update () (at Assets/Player.cs:66)

(Filename: Assets/Player.cs Line: 66)

Space pressed! isGrounded: False, Timer: 0
UnityEngine.Debug:ExtractStackTraceNoAlloc (byte*,int,string)
UnityEngine.StackTraceUtility:ExtractStackTrace ()
UnityEngine.DebugLogHandler:Internal_Log (UnityEngine.LogType,UnityEngine.LogOption,string,UnityEngine.Object)
UnityEngine.DebugLogHandler:LogFormat (UnityEngine.LogType,UnityEngine.Object,string,object[])
UnityEngine.Logger:Log (UnityEngine.LogType,object)
UnityEngine.Debug:Log (object)
Player:Update () (at Assets/Player.cs:66)

(Filename: Assets/Player.cs Line: 66)

Space pressed! isGrounded: False, Timer: 0
UnityEngine.Debug:ExtractStackTraceNoAlloc (byte*,int,string)
UnityEngine.StackTraceUtility:ExtractStackTrace ()
UnityEngine.DebugLogHandler:Internal_Log (UnityEngine.LogType,UnityEngine.LogOption,string,UnityEngine.Object)
UnityEngine.DebugLogHandler:LogFormat (UnityEngine.LogType,UnityEngine.Object,string,object[])
UnityEngine.Logger:Log (UnityEngine.LogType,object)
UnityEngine.Debug:Log (object)
Player:Update () (at Assets/Player.cs:66)

(Filename: Assets/Player.cs Line: 66)

Space pressed! isGrounded: False, Timer: 0
UnityEngine.Debug:ExtractStackTraceNoAlloc (byte*,int,string)
UnityEngine.StackTraceUtility:ExtractStackTrace ()
UnityEngine.DebugLogHandler:Internal_Log (UnityEngine.LogType,UnityEngine.LogOption,string,UnityEngine.Object)
UnityEngine.DebugLogHandler:LogFormat (UnityEngine.LogType,UnityEngine.Object,string,object[])
UnityEngine.Logger:Log (UnityEngine.LogType,object)
UnityEngine.Debug:Log (object)
Player:Update () (at Assets/Player.cs:66)

(Filename: Assets/Player.cs Line: 66)

GPU Resident Drawer disposed.
Unloading 2 Unused Serialized files (Serialized files now loaded: 0)
Loaded scene 'Temp/__Backupscenes/0.backup'
	Deserialize:            1.421 ms
	Integration:            28.481 ms
	Integration of assets:  0.094 ms
	Thread Wait Time:       -0.044 ms
	Total Operation Time:   29.952 ms
Unloading 3 unused Assets / (0.6 MB). Loaded Objects now: 9542.
Memory consumption went from 0.78 GB to 0.78 GB.
Total: 31.354400 ms (FindLiveObjects: 0.704800 ms CreateObjectMapping: 0.280000 ms MarkObjects: 29.992900 ms  DeleteObjects: 0.087900 ms)

GPU Resident Drawer created.
[Licensing::Client] Successfully resolved entitlement details
GPU Resident Drawer disposed.
GPU Resident Drawer created.
Asset Pipeline Refresh (id=23ec7aff9dd8d324297893c8808ec068): Total: 0.021 seconds - Initiated by RefreshV2(AllowForceSynchronousImport)
Asset Pipeline Refresh (id=28aa6aa5f4fec4b428b3a38da96d5205): Total: 0.009 seconds - Initiated by RefreshV2(AllowForceSynchronousImport)
Asset Pipeline Refresh (id=57c9ebb9af9adb2478bd8ac23e34903b): Total: 0.006 seconds - Initiated by RefreshV2(AllowForceSynchronousImport)
Asset Pipeline Refresh (id=879f9d03be84b2a4ca91621a830970aa): Total: 0.005 seconds - Initiated by RefreshV2(AllowForceSynchronousImport)
GPU Resident Drawer disposed.
Entering Playmode with Reload Domain disabled.
If you experience any issues, please disable "Enter Play Mode Options" in Editor Settings
Entering Playmode with Reload Scene disabled. If you experience any issues, please disable "Enter Play Mode Options" in Editor Settings
GPU Resident Drawer created.
GPU Resident Drawer disposed.
GPU Resident Drawer created.
Space pressed! isGrounded: True, Timer: 0
UnityEngine.Debug:ExtractStackTraceNoAlloc (byte*,int,string)
UnityEngine.StackTraceUtility:ExtractStackTrace ()
UnityEngine.DebugLogHandler:Internal_Log (UnityEngine.LogType,UnityEngine.LogOption,string,UnityEngine.Object)
UnityEngine.DebugLogHandler:LogFormat (UnityEngine.LogType,UnityEngine.Object,string,object[])
UnityEngine.Logger:Log (UnityEngine.LogType,object)
UnityEngine.Debug:Log (object)
Player:Update () (at Assets/Player.cs:66)

(Filename: Assets/Player.cs Line: 66)

Space pressed! isGrounded: False, Timer: 0
UnityEngine.Debug:ExtractStackTraceNoAlloc (byte*,int,string)
UnityEngine.StackTraceUtility:ExtractStackTrace ()
UnityEngine.DebugLogHandler:Internal_Log (UnityEngine.LogType,UnityEngine.LogOption,string,UnityEngine.Object)
UnityEngine.DebugLogHandler:LogFormat (UnityEngine.LogType,UnityEngine.Object,string,object[])
UnityEngine.Logger:Log (UnityEngine.LogType,object)
UnityEngine.Debug:Log (object)
Player:Update () (at Assets/Player.cs:66)

(Filename: Assets/Player.cs Line: 66)

Space pressed! isGrounded: True, Timer: -0.003808793
UnityEngine.Debug:ExtractStackTraceNoAlloc (byte*,int,string)
UnityEngine.StackTraceUtility:ExtractStackTrace ()
UnityEngine.DebugLogHandler:Internal_Log (UnityEngine.LogType,UnityEngine.LogOption,string,UnityEngine.Object)
UnityEngine.DebugLogHandler:LogFormat (UnityEngine.LogType,UnityEngine.Object,string,object[])
UnityEngine.Logger:Log (UnityEngine.LogType,object)
UnityEngine.Debug:Log (object)
Player:Update () (at Assets/Player.cs:66)

(Filename: Assets/Player.cs Line: 66)

Space pressed! isGrounded: False, Timer: 0
UnityEngine.Debug:ExtractStackTraceNoAlloc (byte*,int,string)
UnityEngine.StackTraceUtility:ExtractStackTrace ()
UnityEngine.DebugLogHandler:Internal_Log (UnityEngine.LogType,UnityEngine.LogOption,string,UnityEngine.Object)
UnityEngine.DebugLogHandler:LogFormat (UnityEngine.LogType,UnityEngine.Object,string,object[])
UnityEngine.Logger:Log (UnityEngine.LogType,object)
UnityEngine.Debug:Log (object)
Player:Update () (at Assets/Player.cs:66)

(Filename: Assets/Player.cs Line: 66)

Space pressed! isGrounded: True, Timer: -0.0007625623
UnityEngine.Debug:ExtractStackTraceNoAlloc (byte*,int,string)
UnityEngine.StackTraceUtility:ExtractStackTrace ()
UnityEngine.DebugLogHandler:Internal_Log (UnityEngine.LogType,UnityEngine.LogOption,string,UnityEngine.Object)
UnityEngine.DebugLogHandler:LogFormat (UnityEngine.LogType,UnityEngine.Object,string,object[])
UnityEngine.Logger:Log (UnityEngine.LogType,object)
UnityEngine.Debug:Log (object)
Player:Update () (at Assets/Player.cs:66)

(Filename: Assets/Player.cs Line: 66)

Space pressed! isGrounded: False, Timer: 0
UnityEngine.Debug:ExtractStackTraceNoAlloc (byte*,int,string)
UnityEngine.StackTraceUtility:ExtractStackTrace ()
UnityEngine.DebugLogHandler:Internal_Log (UnityEngine.LogType,UnityEngine.LogOption,string,UnityEngine.Object)
UnityEngine.DebugLogHandler:LogFormat (UnityEngine.LogType,UnityEngine.Object,string,object[])
UnityEngine.Logger:Log (UnityEngine.LogType,object)
UnityEngine.Debug:Log (object)
Player:Update () (at Assets/Player.cs:66)

(Filename: Assets/Player.cs Line: 66)

Space pressed! isGrounded: True, Timer: -0.0006407918
UnityEngine.Debug:ExtractStackTraceNoAlloc (byte*,int,string)
UnityEngine.StackTraceUtility:ExtractStackTrace ()
UnityEngine.DebugLogHandler:Internal_Log (UnityEngine.LogType,UnityEngine.LogOption,string,UnityEngine.Object)
UnityEngine.DebugLogHandler:LogFormat (UnityEngine.LogType,UnityEngine.Object,string,object[])
UnityEngine.Logger:Log (UnityEngine.LogType,object)
UnityEngine.Debug:Log (object)
Player:Update () (at Assets/Player.cs:66)

(Filename: Assets/Player.cs Line: 66)

Space pressed! isGrounded: False, Timer: 0
UnityEngine.Debug:ExtractStackTraceNoAlloc (byte*,int,string)
UnityEngine.StackTraceUtility:ExtractStackTrace ()
UnityEngine.DebugLogHandler:Internal_Log (UnityEngine.LogType,UnityEngine.LogOption,string,UnityEngine.Object)
UnityEngine.DebugLogHandler:LogFormat (UnityEngine.LogType,UnityEngine.Object,string,object[])
UnityEngine.Logger:Log (UnityEngine.LogType,object)
UnityEngine.Debug:Log (object)
Player:Update () (at Assets/Player.cs:66)

(Filename: Assets/Player.cs Line: 66)

Space pressed! isGrounded: True, Timer: -0.003278054
UnityEngine.Debug:ExtractStackTraceNoAlloc (byte*,int,string)
UnityEngine.StackTraceUtility:ExtractStackTrace ()
UnityEngine.DebugLogHandler:Internal_Log (UnityEngine.LogType,UnityEngine.LogOption,string,UnityEngine.Object)
UnityEngine.DebugLogHandler:LogFormat (UnityEngine.LogType,UnityEngine.Object,string,object[])
UnityEngine.Logger:Log (UnityEngine.LogType,object)
UnityEngine.Debug:Log (object)
Player:Update () (at Assets/Player.cs:66)

(Filename: Assets/Player.cs Line: 66)

Space pressed! isGrounded: False, Timer: 0
UnityEngine.Debug:ExtractStackTraceNoAlloc (byte*,int,string)
UnityEngine.StackTraceUtility:ExtractStackTrace ()
UnityEngine.DebugLogHandler:Internal_Log (UnityEngine.LogType,UnityEngine.LogOption,string,UnityEngine.Object)
UnityEngine.DebugLogHandler:LogFormat (UnityEngine.LogType,UnityEngine.Object,string,object[])
UnityEngine.Logger:Log (UnityEngine.LogType,object)
UnityEngine.Debug:Log (object)
Player:Update () (at Assets/Player.cs:66)

(Filename: Assets/Player.cs Line: 66)

Space pressed! isGrounded: False, Timer: -0.00263202
UnityEngine.Debug:ExtractStackTraceNoAlloc (byte*,int,string)
UnityEngine.StackTraceUtility:ExtractStackTrace ()
UnityEngine.DebugLogHandler:Internal_Log (UnityEngine.LogType,UnityEngine.LogOption,string,UnityEngine.Object)
UnityEngine.DebugLogHandler:LogFormat (UnityEngine.LogType,UnityEngine.Object,string,object[])
UnityEngine.Logger:Log (UnityEngine.LogType,object)
UnityEngine.Debug:Log (object)
Player:Update () (at Assets/Player.cs:66)

(Filename: Assets/Player.cs Line: 66)

Space pressed! isGrounded: False, Timer: 0
UnityEngine.Debug:ExtractStackTraceNoAlloc (byte*,int,string)
UnityEngine.StackTraceUtility:ExtractStackTrace ()
UnityEngine.DebugLogHandler:Internal_Log (UnityEngine.LogType,UnityEngine.LogOption,string,UnityEngine.Object)
UnityEngine.DebugLogHandler:LogFormat (UnityEngine.LogType,UnityEngine.Object,string,object[])
UnityEngine.Logger:Log (UnityEngine.LogType,object)
UnityEngine.Debug:Log (object)
Player:Update () (at Assets/Player.cs:66)

(Filename: Assets/Player.cs Line: 66)

Space pressed! isGrounded: False, Timer: -0.00263202
UnityEngine.Debug:ExtractStackTraceNoAlloc (byte*,int,string)
UnityEngine.StackTraceUtility:ExtractStackTrace ()
UnityEngine.DebugLogHandler:Internal_Log (UnityEngine.LogType,UnityEngine.LogOption,string,UnityEngine.Object)
UnityEngine.DebugLogHandler:LogFormat (UnityEngine.LogType,UnityEngine.Object,string,object[])
UnityEngine.Logger:Log (UnityEngine.LogType,object)
UnityEngine.Debug:Log (object)
Player:Update () (at Assets/Player.cs:66)

(Filename: Assets/Player.cs Line: 66)

Space pressed! isGrounded: False, Timer: 0
UnityEngine.Debug:ExtractStackTraceNoAlloc (byte*,int,string)
UnityEngine.StackTraceUtility:ExtractStackTrace ()
UnityEngine.DebugLogHandler:Internal_Log (UnityEngine.LogType,UnityEngine.LogOption,string,UnityEngine.Object)
UnityEngine.DebugLogHandler:LogFormat (UnityEngine.LogType,UnityEngine.Object,string,object[])
UnityEngine.Logger:Log (UnityEngine.LogType,object)
UnityEngine.Debug:Log (object)
Player:Update () (at Assets/Player.cs:66)

(Filename: Assets/Player.cs Line: 66)

Space pressed! isGrounded: False, Timer: -0.00263202
UnityEngine.Debug:ExtractStackTraceNoAlloc (byte*,int,string)
UnityEngine.StackTraceUtility:ExtractStackTrace ()
UnityEngine.DebugLogHandler:Internal_Log (UnityEngine.LogType,UnityEngine.LogOption,string,UnityEngine.Object)
UnityEngine.DebugLogHandler:LogFormat (UnityEngine.LogType,UnityEngine.Object,string,object[])
UnityEngine.Logger:Log (UnityEngine.LogType,object)
UnityEngine.Debug:Log (object)
Player:Update () (at Assets/Player.cs:66)

(Filename: Assets/Player.cs Line: 66)

Space pressed! isGrounded: False, Timer: 0
UnityEngine.Debug:ExtractStackTraceNoAlloc (byte*,int,string)
UnityEngine.StackTraceUtility:ExtractStackTrace ()
UnityEngine.DebugLogHandler:Internal_Log (UnityEngine.LogType,UnityEngine.LogOption,string,UnityEngine.Object)
UnityEngine.DebugLogHandler:LogFormat (UnityEngine.LogType,UnityEngine.Object,string,object[])
UnityEngine.Logger:Log (UnityEngine.LogType,object)
UnityEngine.Debug:Log (object)
Player:Update () (at Assets/Player.cs:66)

(Filename: Assets/Player.cs Line: 66)

GPU Resident Drawer disposed.
Unloading 2 Unused Serialized files (Serialized files now loaded: 0)
Loaded scene 'Temp/__Backupscenes/0.backup'
	Deserialize:            2.105 ms
	Integration:            29.530 ms
	Integration of assets:  0.086 ms
	Thread Wait Time:       -0.038 ms
	Total Operation Time:   31.683 ms
Unloading 3 unused Assets / (0.6 MB). Loaded Objects now: 9554.
Memory consumption went from 0.78 GB to 0.78 GB.
Total: 34.475400 ms (FindLiveObjects: 0.763900 ms CreateObjectMapping: 0.186500 ms MarkObjects: 32.963000 ms  DeleteObjects: 0.123500 ms)

GPU Resident Drawer created.
[Licensing::Client] Successfully resolved entitlement details
GPU Resident Drawer disposed.
GPU Resident Drawer created.
GPU Resident Drawer disposed.
Entering Playmode with Reload Domain disabled.
If you experience any issues, please disable "Enter Play Mode Options" in Editor Settings
Entering Playmode with Reload Scene disabled. If you experience any issues, please disable "Enter Play Mode Options" in Editor Settings
GPU Resident Drawer created.
GPU Resident Drawer disposed.
GPU Resident Drawer created.
Space pressed! isGrounded: False, Timer: 0
UnityEngine.Debug:ExtractStackTraceNoAlloc (byte*,int,string)
UnityEngine.StackTraceUtility:ExtractStackTrace ()
UnityEngine.DebugLogHandler:Internal_Log (UnityEngine.LogType,UnityEngine.LogOption,string,UnityEngine.Object)
UnityEngine.DebugLogHandler:LogFormat (UnityEngine.LogType,UnityEngine.Object,string,object[])
UnityEngine.Logger:Log (UnityEngine.LogType,object)
UnityEngine.Debug:Log (object)
Player:Update () (at Assets/Player.cs:66)

(Filename: Assets/Player.cs Line: 66)

Space pressed! isGrounded: False, Timer: 0
UnityEngine.Debug:ExtractStackTraceNoAlloc (byte*,int,string)
UnityEngine.StackTraceUtility:ExtractStackTrace ()
UnityEngine.DebugLogHandler:Internal_Log (UnityEngine.LogType,UnityEngine.LogOption,string,UnityEngine.Object)
UnityEngine.DebugLogHandler:LogFormat (UnityEngine.LogType,UnityEngine.Object,string,object[])
UnityEngine.Logger:Log (UnityEngine.LogType,object)
UnityEngine.Debug:Log (object)
Player:Update () (at Assets/Player.cs:66)

(Filename: Assets/Player.cs Line: 66)

GPU Resident Drawer disposed.
Unloading 3 Unused Serialized files (Serialized files now loaded: 0)
Loaded scene 'Temp/__Backupscenes/0.backup'
	Deserialize:            2.378 ms
	Integration:            26.488 ms
	Integration of assets:  0.055 ms
	Thread Wait Time:       -0.005 ms
	Total Operation Time:   28.916 ms
Unloading 3 unused Assets / (173.8 KB). Loaded Objects now: 9566.
Memory consumption went from 0.78 GB to 0.78 GB.
Total: 30.874000 ms (FindLiveObjects: 0.721700 ms CreateObjectMapping: 0.109500 ms MarkObjects: 29.599100 ms  DeleteObjects: 0.093900 ms)

GPU Resident Drawer created.
GPU Resident Drawer disposed.
GPU Resident Drawer created.
GPU Resident Drawer disposed.
Entering Playmode with Reload Domain disabled.
If you experience any issues, please disable "Enter Play Mode Options" in Editor Settings
Entering Playmode with Reload Scene disabled. If you experience any issues, please disable "Enter Play Mode Options" in Editor Settings
GPU Resident Drawer created.
GPU Resident Drawer disposed.
GPU Resident Drawer created.
Space pressed! isGrounded: False, Timer: 0
UnityEngine.Debug:ExtractStackTraceNoAlloc (byte*,int,string)
UnityEngine.StackTraceUtility:ExtractStackTrace ()
UnityEngine.DebugLogHandler:Internal_Log (UnityEngine.LogType,UnityEngine.LogOption,string,UnityEngine.Object)
UnityEngine.DebugLogHandler:LogFormat (UnityEngine.LogType,UnityEngine.Object,string,object[])
UnityEngine.Logger:Log (UnityEngine.LogType,object)
UnityEngine.Debug:Log (object)
Player:Update () (at Assets/Player.cs:66)

(Filename: Assets/Player.cs Line: 66)

Space pressed! isGrounded: False, Timer: 0
UnityEngine.Debug:ExtractStackTraceNoAlloc (byte*,int,string)
UnityEngine.StackTraceUtility:ExtractStackTrace ()
UnityEngine.DebugLogHandler:Internal_Log (UnityEngine.LogType,UnityEngine.LogOption,string,UnityEngine.Object)
UnityEngine.DebugLogHandler:LogFormat (UnityEngine.LogType,UnityEngine.Object,string,object[])
UnityEngine.Logger:Log (UnityEngine.LogType,object)
UnityEngine.Debug:Log (object)
Player:Update () (at Assets/Player.cs:66)

(Filename: Assets/Player.cs Line: 66)

GPU Resident Drawer disposed.
Unloading 3 Unused Serialized files (Serialized files now loaded: 0)
Loaded scene 'Temp/__Backupscenes/0.backup'
	Deserialize:            2.436 ms
	Integration:            41.649 ms
	Integration of assets:  0.177 ms
	Thread Wait Time:       -0.109 ms
	Total Operation Time:   44.153 ms
Unloading 3 unused Assets / (0.8 MB). Loaded Objects now: 9578.
Memory consumption went from 0.78 GB to 0.78 GB.
Total: 30.058500 ms (FindLiveObjects: 0.650800 ms CreateObjectMapping: 0.280800 ms MarkObjects: 28.785900 ms  DeleteObjects: 0.084000 ms)

GPU Resident Drawer created.
GPU Resident Drawer disposed.
GPU Resident Drawer created.
GPU Resident Drawer disposed.
Entering Playmode with Reload Domain disabled.
If you experience any issues, please disable "Enter Play Mode Options" in Editor Settings
Entering Playmode with Reload Scene disabled. If you experience any issues, please disable "Enter Play Mode Options" in Editor Settings
GPU Resident Drawer created.
GPU Resident Drawer disposed.
GPU Resident Drawer created.
Space pressed! isGrounded: False, Timer: 0
UnityEngine.Debug:ExtractStackTraceNoAlloc (byte*,int,string)
UnityEngine.StackTraceUtility:ExtractStackTrace ()
UnityEngine.DebugLogHandler:Internal_Log (UnityEngine.LogType,UnityEngine.LogOption,string,UnityEngine.Object)
UnityEngine.DebugLogHandler:LogFormat (UnityEngine.LogType,UnityEngine.Object,string,object[])
UnityEngine.Logger:Log (UnityEngine.LogType,object)
UnityEngine.Debug:Log (object)
Player:Update () (at Assets/Player.cs:66)

(Filename: Assets/Player.cs Line: 66)

Space pressed! isGrounded: False, Timer: 0
UnityEngine.Debug:ExtractStackTraceNoAlloc (byte*,int,string)
UnityEngine.StackTraceUtility:ExtractStackTrace ()
UnityEngine.DebugLogHandler:Internal_Log (UnityEngine.LogType,UnityEngine.LogOption,string,UnityEngine.Object)
UnityEngine.DebugLogHandler:LogFormat (UnityEngine.LogType,UnityEngine.Object,string,object[])
UnityEngine.Logger:Log (UnityEngine.LogType,object)
UnityEngine.Debug:Log (object)
Player:Update () (at Assets/Player.cs:66)

(Filename: Assets/Player.cs Line: 66)

GPU Resident Drawer disposed.
Unloading 3 Unused Serialized files (Serialized files now loaded: 0)
Loaded scene 'Temp/__Backupscenes/0.backup'
	Deserialize:            1.399 ms
	Integration:            26.781 ms
	Integration of assets:  0.057 ms
	Thread Wait Time:       -0.016 ms
	Total Operation Time:   28.221 ms
Unloading 3 unused Assets / (74.8 KB). Loaded Objects now: 9590.
Memory consumption went from 0.78 GB to 0.78 GB.
Total: 30.722200 ms (FindLiveObjects: 0.614300 ms CreateObjectMapping: 0.217900 ms MarkObjects: 29.536000 ms  DeleteObjects: 0.085100 ms)

GPU Resident Drawer created.
GPU Resident Drawer disposed.
GPU Resident Drawer created.
GPU Resident Drawer disposed.
Entering Playmode with Reload Domain disabled.
If you experience any issues, please disable "Enter Play Mode Options" in Editor Settings
Entering Playmode with Reload Scene disabled. If you experience any issues, please disable "Enter Play Mode Options" in Editor Settings
GPU Resident Drawer created.
GPU Resident Drawer disposed.
GPU Resident Drawer created.
Space pressed! isGrounded: False, Timer: 0
UnityEngine.Debug:ExtractStackTraceNoAlloc (byte*,int,string)
UnityEngine.StackTraceUtility:ExtractStackTrace ()
UnityEngine.DebugLogHandler:Internal_Log (UnityEngine.LogType,UnityEngine.LogOption,string,UnityEngine.Object)
UnityEngine.DebugLogHandler:LogFormat (UnityEngine.LogType,UnityEngine.Object,string,object[])
UnityEngine.Logger:Log (UnityEngine.LogType,object)
UnityEngine.Debug:Log (object)
Player:Update () (at Assets/Player.cs:66)

(Filename: Assets/Player.cs Line: 66)

Space pressed! isGrounded: True, Timer: 0
UnityEngine.Debug:ExtractStackTraceNoAlloc (byte*,int,string)
UnityEngine.StackTraceUtility:ExtractStackTrace ()
UnityEngine.DebugLogHandler:Internal_Log (UnityEngine.LogType,UnityEngine.LogOption,string,UnityEngine.Object)
UnityEngine.DebugLogHandler:LogFormat (UnityEngine.LogType,UnityEngine.Object,string,object[])
UnityEngine.Logger:Log (UnityEngine.LogType,object)
UnityEngine.Debug:Log (object)
Player:Update () (at Assets/Player.cs:66)

(Filename: Assets/Player.cs Line: 66)

Space pressed! isGrounded: False, Timer: 0
UnityEngine.Debug:ExtractStackTraceNoAlloc (byte*,int,string)
UnityEngine.StackTraceUtility:ExtractStackTrace ()
UnityEngine.DebugLogHandler:Internal_Log (UnityEngine.LogType,UnityEngine.LogOption,string,UnityEngine.Object)
UnityEngine.DebugLogHandler:LogFormat (UnityEngine.LogType,UnityEngine.Object,string,object[])
UnityEngine.Logger:Log (UnityEngine.LogType,object)
UnityEngine.Debug:Log (object)
Player:Update () (at Assets/Player.cs:66)

(Filename: Assets/Player.cs Line: 66)

Space pressed! isGrounded: False, Timer: -0.002167993
UnityEngine.Debug:ExtractStackTraceNoAlloc (byte*,int,string)
UnityEngine.StackTraceUtility:ExtractStackTrace ()
UnityEngine.DebugLogHandler:Internal_Log (UnityEngine.LogType,UnityEngine.LogOption,string,UnityEngine.Object)
UnityEngine.DebugLogHandler:LogFormat (UnityEngine.LogType,UnityEngine.Object,string,object[])
UnityEngine.Logger:Log (UnityEngine.LogType,object)
UnityEngine.Debug:Log (object)
Player:Update () (at Assets/Player.cs:66)

(Filename: Assets/Player.cs Line: 66)

GPU Resident Drawer disposed.
Unloading 3 Unused Serialized files (Serialized files now loaded: 0)
Loaded scene 'Temp/__Backupscenes/0.backup'
	Deserialize:            2.105 ms
	Integration:            30.475 ms
	Integration of assets:  0.137 ms
	Thread Wait Time:       -0.086 ms
	Total Operation Time:   32.632 ms
Unloading 3 unused Assets / (98.8 KB). Loaded Objects now: 9602.
Memory consumption went from 0.78 GB to 0.78 GB.
Total: 29.473100 ms (FindLiveObjects: 0.609300 ms CreateObjectMapping: 0.120700 ms MarkObjects: 28.306700 ms  DeleteObjects: 0.091700 ms)

GPU Resident Drawer created.
GPU Resident Drawer disposed.
GPU Resident Drawer created.
GPU Resident Drawer disposed.
Entering Playmode with Reload Domain disabled.
If you experience any issues, please disable "Enter Play Mode Options" in Editor Settings
Entering Playmode with Reload Scene disabled. If you experience any issues, please disable "Enter Play Mode Options" in Editor Settings
GPU Resident Drawer created.
GPU Resident Drawer disposed.
GPU Resident Drawer created.
Space pressed! isGrounded: True, Timer: 0
UnityEngine.Debug:ExtractStackTraceNoAlloc (byte*,int,string)
UnityEngine.StackTraceUtility:ExtractStackTrace ()
UnityEngine.DebugLogHandler:Internal_Log (UnityEngine.LogType,UnityEngine.LogOption,string,UnityEngine.Object)
UnityEngine.DebugLogHandler:LogFormat (UnityEngine.LogType,UnityEngine.Object,string,object[])
UnityEngine.Logger:Log (UnityEngine.LogType,object)
UnityEngine.Debug:Log (object)
Player:Update () (at Assets/Player.cs:66)

(Filename: Assets/Player.cs Line: 66)

Space pressed! isGrounded: False, Timer: 0
UnityEngine.Debug:ExtractStackTraceNoAlloc (byte*,int,string)
UnityEngine.StackTraceUtility:ExtractStackTrace ()
UnityEngine.DebugLogHandler:Internal_Log (UnityEngine.LogType,UnityEngine.LogOption,string,UnityEngine.Object)
UnityEngine.DebugLogHandler:LogFormat (UnityEngine.LogType,UnityEngine.Object,string,object[])
UnityEngine.Logger:Log (UnityEngine.LogType,object)
UnityEngine.Debug:Log (object)
Player:Update () (at Assets/Player.cs:66)

(Filename: Assets/Player.cs Line: 66)

Space pressed! isGrounded: True, Timer: -0.003786713
UnityEngine.Debug:ExtractStackTraceNoAlloc (byte*,int,string)
UnityEngine.StackTraceUtility:ExtractStackTrace ()
UnityEngine.DebugLogHandler:Internal_Log (UnityEngine.LogType,UnityEngine.LogOption,string,UnityEngine.Object)
UnityEngine.DebugLogHandler:LogFormat (UnityEngine.LogType,UnityEngine.Object,string,object[])
UnityEngine.Logger:Log (UnityEngine.LogType,object)
UnityEngine.Debug:Log (object)
Player:Update () (at Assets/Player.cs:66)

(Filename: Assets/Player.cs Line: 66)

Space pressed! isGrounded: False, Timer: 0
UnityEngine.Debug:ExtractStackTraceNoAlloc (byte*,int,string)
UnityEngine.StackTraceUtility:ExtractStackTrace ()
UnityEngine.DebugLogHandler:Internal_Log (UnityEngine.LogType,UnityEngine.LogOption,string,UnityEngine.Object)
UnityEngine.DebugLogHandler:LogFormat (UnityEngine.LogType,UnityEngine.Object,string,object[])
UnityEngine.Logger:Log (UnityEngine.LogType,object)
UnityEngine.Debug:Log (object)
Player:Update () (at Assets/Player.cs:66)

(Filename: Assets/Player.cs Line: 66)

Space pressed! isGrounded: False, Timer: -0.002224694
UnityEngine.Debug:ExtractStackTraceNoAlloc (byte*,int,string)
UnityEngine.StackTraceUtility:ExtractStackTrace ()
UnityEngine.DebugLogHandler:Internal_Log (UnityEngine.LogType,UnityEngine.LogOption,string,UnityEngine.Object)
UnityEngine.DebugLogHandler:LogFormat (UnityEngine.LogType,UnityEngine.Object,string,object[])
UnityEngine.Logger:Log (UnityEngine.LogType,object)
UnityEngine.Debug:Log (object)
Player:Update () (at Assets/Player.cs:66)

(Filename: Assets/Player.cs Line: 66)

Space pressed! isGrounded: False, Timer: 0
UnityEngine.Debug:ExtractStackTraceNoAlloc (byte*,int,string)
UnityEngine.StackTraceUtility:ExtractStackTrace ()
UnityEngine.DebugLogHandler:Internal_Log (UnityEngine.LogType,UnityEngine.LogOption,string,UnityEngine.Object)
UnityEngine.DebugLogHandler:LogFormat (UnityEngine.LogType,UnityEngine.Object,string,object[])
UnityEngine.Logger:Log (UnityEngine.LogType,object)
UnityEngine.Debug:Log (object)
Player:Update () (at Assets/Player.cs:66)

(Filename: Assets/Player.cs Line: 66)

GPU Resident Drawer disposed.
Unloading 3 Unused Serialized files (Serialized files now loaded: 0)
Loaded scene 'Temp/__Backupscenes/0.backup'
	Deserialize:            1.699 ms
	Integration:            30.731 ms
	Integration of assets:  0.114 ms
	Thread Wait Time:       -0.062 ms
	Total Operation Time:   32.483 ms
Unloading 3 unused Assets / (466.7 KB). Loaded Objects now: 9614.
Memory consumption went from 0.78 GB to 0.78 GB.
Total: 28.876500 ms (FindLiveObjects: 0.623600 ms CreateObjectMapping: 0.223900 ms MarkObjects: 27.639900 ms  DeleteObjects: 0.100500 ms)

GPU Resident Drawer created.
GPU Resident Drawer disposed.
GPU Resident Drawer created.
GPU Resident Drawer disposed.
Entering Playmode with Reload Domain disabled.
If you experience any issues, please disable "Enter Play Mode Options" in Editor Settings
Entering Playmode with Reload Scene disabled. If you experience any issues, please disable "Enter Play Mode Options" in Editor Settings
GPU Resident Drawer created.
GPU Resident Drawer disposed.
GPU Resident Drawer created.
Space pressed! isGrounded: False, Timer: 0
UnityEngine.Debug:ExtractStackTraceNoAlloc (byte*,int,string)
UnityEngine.StackTraceUtility:ExtractStackTrace ()
UnityEngine.DebugLogHandler:Internal_Log (UnityEngine.LogType,UnityEngine.LogOption,string,UnityEngine.Object)
UnityEngine.DebugLogHandler:LogFormat (UnityEngine.LogType,UnityEngine.Object,string,object[])
UnityEngine.Logger:Log (UnityEngine.LogType,object)
UnityEngine.Debug:Log (object)
Player:Update () (at Assets/Player.cs:66)

(Filename: Assets/Player.cs Line: 66)

Space pressed! isGrounded: True, Timer: 0
UnityEngine.Debug:ExtractStackTraceNoAlloc (byte*,int,string)
UnityEngine.StackTraceUtility:ExtractStackTrace ()
UnityEngine.DebugLogHandler:Internal_Log (UnityEngine.LogType,UnityEngine.LogOption,string,UnityEngine.Object)
UnityEngine.DebugLogHandler:LogFormat (UnityEngine.LogType,UnityEngine.Object,string,object[])
UnityEngine.Logger:Log (UnityEngine.LogType,object)
UnityEngine.Debug:Log (object)
Player:Update () (at Assets/Player.cs:66)

(Filename: Assets/Player.cs Line: 66)

Space pressed! isGrounded: False, Timer: 0
UnityEngine.Debug:ExtractStackTraceNoAlloc (byte*,int,string)
UnityEngine.StackTraceUtility:ExtractStackTrace ()
UnityEngine.DebugLogHandler:Internal_Log (UnityEngine.LogType,UnityEngine.LogOption,string,UnityEngine.Object)
UnityEngine.DebugLogHandler:LogFormat (UnityEngine.LogType,UnityEngine.Object,string,object[])
UnityEngine.Logger:Log (UnityEngine.LogType,object)
UnityEngine.Debug:Log (object)
Player:Update () (at Assets/Player.cs:66)

(Filename: Assets/Player.cs Line: 66)

Space pressed! isGrounded: True, Timer: -3.34112E-07
UnityEngine.Debug:ExtractStackTraceNoAlloc (byte*,int,string)
UnityEngine.StackTraceUtility:ExtractStackTrace ()
UnityEngine.DebugLogHandler:Internal_Log (UnityEngine.LogType,UnityEngine.LogOption,string,UnityEngine.Object)
UnityEngine.DebugLogHandler:LogFormat (UnityEngine.LogType,UnityEngine.Object,string,object[])
UnityEngine.Logger:Log (UnityEngine.LogType,object)
UnityEngine.Debug:Log (object)
Player:Update () (at Assets/Player.cs:66)

(Filename: Assets/Player.cs Line: 66)

Space pressed! isGrounded: False, Timer: 0
UnityEngine.Debug:ExtractStackTraceNoAlloc (byte*,int,string)
UnityEngine.StackTraceUtility:ExtractStackTrace ()
UnityEngine.DebugLogHandler:Internal_Log (UnityEngine.LogType,UnityEngine.LogOption,string,UnityEngine.Object)
UnityEngine.DebugLogHandler:LogFormat (UnityEngine.LogType,UnityEngine.Object,string,object[])
UnityEngine.Logger:Log (UnityEngine.LogType,object)
UnityEngine.Debug:Log (object)
Player:Update () (at Assets/Player.cs:66)

(Filename: Assets/Player.cs Line: 66)

Space pressed! isGrounded: False, Timer: -0.005321098
UnityEngine.Debug:ExtractStackTraceNoAlloc (byte*,int,string)
UnityEngine.StackTraceUtility:ExtractStackTrace ()
UnityEngine.DebugLogHandler:Internal_Log (UnityEngine.LogType,UnityEngine.LogOption,string,UnityEngine.Object)
UnityEngine.DebugLogHandler:LogFormat (UnityEngine.LogType,UnityEngine.Object,string,object[])
UnityEngine.Logger:Log (UnityEngine.LogType,object)
UnityEngine.Debug:Log (object)
Player:Update () (at Assets/Player.cs:66)

(Filename: Assets/Player.cs Line: 66)

Space pressed! isGrounded: False, Timer: 0
UnityEngine.Debug:ExtractStackTraceNoAlloc (byte*,int,string)
UnityEngine.StackTraceUtility:ExtractStackTrace ()
UnityEngine.DebugLogHandler:Internal_Log (UnityEngine.LogType,UnityEngine.LogOption,string,UnityEngine.Object)
UnityEngine.DebugLogHandler:LogFormat (UnityEngine.LogType,UnityEngine.Object,string,object[])
UnityEngine.Logger:Log (UnityEngine.LogType,object)
UnityEngine.Debug:Log (object)
Player:Update () (at Assets/Player.cs:66)

(Filename: Assets/Player.cs Line: 66)

Space pressed! isGrounded: True, Timer: -0.005321098
UnityEngine.Debug:ExtractStackTraceNoAlloc (byte*,int,string)
UnityEngine.StackTraceUtility:ExtractStackTrace ()
UnityEngine.DebugLogHandler:Internal_Log (UnityEngine.LogType,UnityEngine.LogOption,string,UnityEngine.Object)
UnityEngine.DebugLogHandler:LogFormat (UnityEngine.LogType,UnityEngine.Object,string,object[])
UnityEngine.Logger:Log (UnityEngine.LogType,object)
UnityEngine.Debug:Log (object)
Player:Update () (at Assets/Player.cs:66)

(Filename: Assets/Player.cs Line: 66)

Space pressed! isGrounded: False, Timer: 0
UnityEngine.Debug:ExtractStackTraceNoAlloc (byte*,int,string)
UnityEngine.StackTraceUtility:ExtractStackTrace ()
UnityEngine.DebugLogHandler:Internal_Log (UnityEngine.LogType,UnityEngine.LogOption,string,UnityEngine.Object)
UnityEngine.DebugLogHandler:LogFormat (UnityEngine.LogType,UnityEngine.Object,string,object[])
UnityEngine.Logger:Log (UnityEngine.LogType,object)
UnityEngine.Debug:Log (object)
Player:Update () (at Assets/Player.cs:66)

(Filename: Assets/Player.cs Line: 66)

Space pressed! isGrounded: True, Timer: -0.001639714
UnityEngine.Debug:ExtractStackTraceNoAlloc (byte*,int,string)
UnityEngine.StackTraceUtility:ExtractStackTrace ()
UnityEngine.DebugLogHandler:Internal_Log (UnityEngine.LogType,UnityEngine.LogOption,string,UnityEngine.Object)
UnityEngine.DebugLogHandler:LogFormat (UnityEngine.LogType,UnityEngine.Object,string,object[])
UnityEngine.Logger:Log (UnityEngine.LogType,object)
UnityEngine.Debug:Log (object)
Player:Update () (at Assets/Player.cs:66)

(Filename: Assets/Player.cs Line: 66)

Space pressed! isGrounded: False, Timer: 0
UnityEngine.Debug:ExtractStackTraceNoAlloc (byte*,int,string)
UnityEngine.StackTraceUtility:ExtractStackTrace ()
UnityEngine.DebugLogHandler:Internal_Log (UnityEngine.LogType,UnityEngine.LogOption,string,UnityEngine.Object)
UnityEngine.DebugLogHandler:LogFormat (UnityEngine.LogType,UnityEngine.Object,string,object[])
UnityEngine.Logger:Log (UnityEngine.LogType,object)
UnityEngine.Debug:Log (object)
Player:Update () (at Assets/Player.cs:66)

(Filename: Assets/Player.cs Line: 66)

Space pressed! isGrounded: False, Timer: -0.0005943584
UnityEngine.Debug:ExtractStackTraceNoAlloc (byte*,int,string)
UnityEngine.StackTraceUtility:ExtractStackTrace ()
UnityEngine.DebugLogHandler:Internal_Log (UnityEngine.LogType,UnityEngine.LogOption,string,UnityEngine.Object)
UnityEngine.DebugLogHandler:LogFormat (UnityEngine.LogType,UnityEngine.Object,string,object[])
UnityEngine.Logger:Log (UnityEngine.LogType,object)
UnityEngine.Debug:Log (object)
Player:Update () (at Assets/Player.cs:66)

(Filename: Assets/Player.cs Line: 66)

Space pressed! isGrounded: False, Timer: 0
UnityEngine.Debug:ExtractStackTraceNoAlloc (byte*,int,string)
UnityEngine.StackTraceUtility:ExtractStackTrace ()
UnityEngine.DebugLogHandler:Internal_Log (UnityEngine.LogType,UnityEngine.LogOption,string,UnityEngine.Object)
UnityEngine.DebugLogHandler:LogFormat (UnityEngine.LogType,UnityEngine.Object,string,object[])
UnityEngine.Logger:Log (UnityEngine.LogType,object)
UnityEngine.Debug:Log (object)
Player:Update () (at Assets/Player.cs:66)

(Filename: Assets/Player.cs Line: 66)

Space pressed! isGrounded: True, Timer: -0.0005943584
UnityEngine.Debug:ExtractStackTraceNoAlloc (byte*,int,string)
UnityEngine.StackTraceUtility:ExtractStackTrace ()
UnityEngine.DebugLogHandler:Internal_Log (UnityEngine.LogType,UnityEngine.LogOption,string,UnityEngine.Object)
UnityEngine.DebugLogHandler:LogFormat (UnityEngine.LogType,UnityEngine.Object,string,object[])
UnityEngine.Logger:Log (UnityEngine.LogType,object)
UnityEngine.Debug:Log (object)
Player:Update () (at Assets/Player.cs:66)

(Filename: Assets/Player.cs Line: 66)

Space pressed! isGrounded: False, Timer: 0
UnityEngine.Debug:ExtractStackTraceNoAlloc (byte*,int,string)
UnityEngine.StackTraceUtility:ExtractStackTrace ()
UnityEngine.DebugLogHandler:Internal_Log (UnityEngine.LogType,UnityEngine.LogOption,string,UnityEngine.Object)
UnityEngine.DebugLogHandler:LogFormat (UnityEngine.LogType,UnityEngine.Object,string,object[])
UnityEngine.Logger:Log (UnityEngine.LogType,object)
UnityEngine.Debug:Log (object)
Player:Update () (at Assets/Player.cs:66)

(Filename: Assets/Player.cs Line: 66)

Space pressed! isGrounded: True, Timer: -7.12499E-05
UnityEngine.Debug:ExtractStackTraceNoAlloc (byte*,int,string)
UnityEngine.StackTraceUtility:ExtractStackTrace ()
UnityEngine.DebugLogHandler:Internal_Log (UnityEngine.LogType,UnityEngine.LogOption,string,UnityEngine.Object)
UnityEngine.DebugLogHandler:LogFormat (UnityEngine.LogType,UnityEngine.Object,string,object[])
UnityEngine.Logger:Log (UnityEngine.LogType,object)
UnityEngine.Debug:Log (object)
Player:Update () (at Assets/Player.cs:66)

(Filename: Assets/Player.cs Line: 66)

Space pressed! isGrounded: False, Timer: 0
UnityEngine.Debug:ExtractStackTraceNoAlloc (byte*,int,string)
UnityEngine.StackTraceUtility:ExtractStackTrace ()
UnityEngine.DebugLogHandler:Internal_Log (UnityEngine.LogType,UnityEngine.LogOption,string,UnityEngine.Object)
UnityEngine.DebugLogHandler:LogFormat (UnityEngine.LogType,UnityEngine.Object,string,object[])
UnityEngine.Logger:Log (UnityEngine.LogType,object)
UnityEngine.Debug:Log (object)
Player:Update () (at Assets/Player.cs:66)

(Filename: Assets/Player.cs Line: 66)

Space pressed! isGrounded: False, Timer: -0.003557323
UnityEngine.Debug:ExtractStackTraceNoAlloc (byte*,int,string)
UnityEngine.StackTraceUtility:ExtractStackTrace ()
UnityEngine.DebugLogHandler:Internal_Log (UnityEngine.LogType,UnityEngine.LogOption,string,UnityEngine.Object)
UnityEngine.DebugLogHandler:LogFormat (UnityEngine.LogType,UnityEngine.Object,string,object[])
UnityEngine.Logger:Log (UnityEngine.LogType,object)
UnityEngine.Debug:Log (object)
Player:Update () (at Assets/Player.cs:66)

(Filename: Assets/Player.cs Line: 66)

Space pressed! isGrounded: False, Timer: 0
UnityEngine.Debug:ExtractStackTraceNoAlloc (byte*,int,string)
UnityEngine.StackTraceUtility:ExtractStackTrace ()
UnityEngine.DebugLogHandler:Internal_Log (UnityEngine.LogType,UnityEngine.LogOption,string,UnityEngine.Object)
UnityEngine.DebugLogHandler:LogFormat (UnityEngine.LogType,UnityEngine.Object,string,object[])
UnityEngine.Logger:Log (UnityEngine.LogType,object)
UnityEngine.Debug:Log (object)
Player:Update () (at Assets/Player.cs:66)

(Filename: Assets/Player.cs Line: 66)

Space pressed! isGrounded: False, Timer: -0.003557323
UnityEngine.Debug:ExtractStackTraceNoAlloc (byte*,int,string)
UnityEngine.StackTraceUtility:ExtractStackTrace ()
UnityEngine.DebugLogHandler:Internal_Log (UnityEngine.LogType,UnityEngine.LogOption,string,UnityEngine.Object)
UnityEngine.DebugLogHandler:LogFormat (UnityEngine.LogType,UnityEngine.Object,string,object[])
UnityEngine.Logger:Log (UnityEngine.LogType,object)
UnityEngine.Debug:Log (object)
Player:Update () (at Assets/Player.cs:66)

(Filename: Assets/Player.cs Line: 66)

Space pressed! isGrounded: False, Timer: 0
UnityEngine.Debug:ExtractStackTraceNoAlloc (byte*,int,string)
UnityEngine.StackTraceUtility:ExtractStackTrace ()
UnityEngine.DebugLogHandler:Internal_Log (UnityEngine.LogType,UnityEngine.LogOption,string,UnityEngine.Object)
UnityEngine.DebugLogHandler:LogFormat (UnityEngine.LogType,UnityEngine.Object,string,object[])
UnityEngine.Logger:Log (UnityEngine.LogType,object)
UnityEngine.Debug:Log (object)
Player:Update () (at Assets/Player.cs:66)

(Filename: Assets/Player.cs Line: 66)

Space pressed! isGrounded: False, Timer: -0.003557323
UnityEngine.Debug:ExtractStackTraceNoAlloc (byte*,int,string)
UnityEngine.StackTraceUtility:ExtractStackTrace ()
UnityEngine.DebugLogHandler:Internal_Log (UnityEngine.LogType,UnityEngine.LogOption,string,UnityEngine.Object)
UnityEngine.DebugLogHandler:LogFormat (UnityEngine.LogType,UnityEngine.Object,string,object[])
UnityEngine.Logger:Log (UnityEngine.LogType,object)
UnityEngine.Debug:Log (object)
Player:Update () (at Assets/Player.cs:66)

(Filename: Assets/Player.cs Line: 66)

Space pressed! isGrounded: False, Timer: 0
UnityEngine.Debug:ExtractStackTraceNoAlloc (byte*,int,string)
UnityEngine.StackTraceUtility:ExtractStackTrace ()
UnityEngine.DebugLogHandler:Internal_Log (UnityEngine.LogType,UnityEngine.LogOption,string,UnityEngine.Object)
UnityEngine.DebugLogHandler:LogFormat (UnityEngine.LogType,UnityEngine.Object,string,object[])
UnityEngine.Logger:Log (UnityEngine.LogType,object)
UnityEngine.Debug:Log (object)
Player:Update () (at Assets/Player.cs:66)

(Filename: Assets/Player.cs Line: 66)

Space pressed! isGrounded: True, Timer: -0.003557323
UnityEngine.Debug:ExtractStackTraceNoAlloc (byte*,int,string)
UnityEngine.StackTraceUtility:ExtractStackTrace ()
UnityEngine.DebugLogHandler:Internal_Log (UnityEngine.LogType,UnityEngine.LogOption,string,UnityEngine.Object)
UnityEngine.DebugLogHandler:LogFormat (UnityEngine.LogType,UnityEngine.Object,string,object[])
UnityEngine.Logger:Log (UnityEngine.LogType,object)
UnityEngine.Debug:Log (object)
Player:Update () (at Assets/Player.cs:66)

(Filename: Assets/Player.cs Line: 66)

Space pressed! isGrounded: False, Timer: 0
UnityEngine.Debug:ExtractStackTraceNoAlloc (byte*,int,string)
UnityEngine.StackTraceUtility:ExtractStackTrace ()
UnityEngine.DebugLogHandler:Internal_Log (UnityEngine.LogType,UnityEngine.LogOption,string,UnityEngine.Object)
UnityEngine.DebugLogHandler:LogFormat (UnityEngine.LogType,UnityEngine.Object,string,object[])
UnityEngine.Logger:Log (UnityEngine.LogType,object)
UnityEngine.Debug:Log (object)
Player:Update () (at Assets/Player.cs:66)

(Filename: Assets/Player.cs Line: 66)

Space pressed! isGrounded: False, Timer: -0.001215806
UnityEngine.Debug:ExtractStackTraceNoAlloc (byte*,int,string)
UnityEngine.StackTraceUtility:ExtractStackTrace ()
UnityEngine.DebugLogHandler:Internal_Log (UnityEngine.LogType,UnityEngine.LogOption,string,UnityEngine.Object)
UnityEngine.DebugLogHandler:LogFormat (UnityEngine.LogType,UnityEngine.Object,string,object[])
UnityEngine.Logger:Log (UnityEngine.LogType,object)
UnityEngine.Debug:Log (object)
Player:Update () (at Assets/Player.cs:66)

(Filename: Assets/Player.cs Line: 66)

GPU Resident Drawer disposed.
Unloading 3 Unused Serialized files (Serialized files now loaded: 0)
Loaded scene 'Temp/__Backupscenes/0.backup'
	Deserialize:            1.713 ms
	Integration:            24.496 ms
	Integration of assets:  0.161 ms
	Thread Wait Time:       -0.061 ms
	Total Operation Time:   26.308 ms
Unloading 3 unused Assets / (0.6 MB). Loaded Objects now: 9626.
Memory consumption went from 0.79 GB to 0.78 GB.
Total: 28.956300 ms (FindLiveObjects: 0.753100 ms CreateObjectMapping: 0.153800 ms MarkObjects: 27.686700 ms  DeleteObjects: 0.074600 ms)

GPU Resident Drawer created.
GPU Resident Drawer disposed.
GPU Resident Drawer created.
Asset Pipeline Refresh (id=ebe969f67fbb84a43886d4c151d5e9e9): Total: 0.023 seconds - Initiated by RefreshV2(AllowForceSynchronousImport)
GPU Resident Drawer disposed.
Entering Playmode with Reload Domain disabled.
If you experience any issues, please disable "Enter Play Mode Options" in Editor Settings
Entering Playmode with Reload Scene disabled. If you experience any issues, please disable "Enter Play Mode Options" in Editor Settings
GPU Resident Drawer created.
GPU Resident Drawer disposed.
Unloading 2 Unused Serialized files (Serialized files now loaded: 0)
Loaded scene 'Temp/__Backupscenes/0.backup'
	Deserialize:            1.663 ms
	Integration:            25.643 ms
	Integration of assets:  0.062 ms
	Thread Wait Time:       -0.027 ms
	Total Operation Time:   27.341 ms
Unloading 3 unused Assets / (0.6 MB). Loaded Objects now: 9633.
Memory consumption went from 0.79 GB to 0.79 GB.
Total: 28.409900 ms (FindLiveObjects: 0.629700 ms CreateObjectMapping: 0.199900 ms MarkObjects: 27.177100 ms  DeleteObjects: 0.083900 ms)

[Licensing::Client] Successfully resolved entitlement details
GPU Resident Drawer created.
GPU Resident Drawer disposed.
Entering Playmode with Reload Domain disabled.
If you experience any issues, please disable "Enter Play Mode Options" in Editor Settings
Entering Playmode with Reload Scene disabled. If you experience any issues, please disable "Enter Play Mode Options" in Editor Settings
GPU Resident Drawer created.
Space pressed! isGrounded: True, Timer: 0
UnityEngine.Debug:ExtractStackTraceNoAlloc (byte*,int,string)
UnityEngine.StackTraceUtility:ExtractStackTrace ()
UnityEngine.DebugLogHandler:Internal_Log (UnityEngine.LogType,UnityEngine.LogOption,string,UnityEngine.Object)
UnityEngine.DebugLogHandler:LogFormat (UnityEngine.LogType,UnityEngine.Object,string,object[])
UnityEngine.Logger:Log (UnityEngine.LogType,object)
UnityEngine.Debug:Log (object)
Player:Update () (at Assets/Player.cs:66)

(Filename: Assets/Player.cs Line: 66)

Space pressed! isGrounded: False, Timer: -0.0002510948
UnityEngine.Debug:ExtractStackTraceNoAlloc (byte*,int,string)
UnityEngine.StackTraceUtility:ExtractStackTrace ()
UnityEngine.DebugLogHandler:Internal_Log (UnityEngine.LogType,UnityEngine.LogOption,string,UnityEngine.Object)
UnityEngine.DebugLogHandler:LogFormat (UnityEngine.LogType,UnityEngine.Object,string,object[])
UnityEngine.Logger:Log (UnityEngine.LogType,object)
UnityEngine.Debug:Log (object)
Player:Update () (at Assets/Player.cs:66)

(Filename: Assets/Player.cs Line: 66)

Space pressed! isGrounded: True, Timer: -0.0002510948
UnityEngine.Debug:ExtractStackTraceNoAlloc (byte*,int,string)
UnityEngine.StackTraceUtility:ExtractStackTrace ()
UnityEngine.DebugLogHandler:Internal_Log (UnityEngine.LogType,UnityEngine.LogOption,string,UnityEngine.Object)
UnityEngine.DebugLogHandler:LogFormat (UnityEngine.LogType,UnityEngine.Object,string,object[])
UnityEngine.Logger:Log (UnityEngine.LogType,object)
UnityEngine.Debug:Log (object)
Player:Update () (at Assets/Player.cs:66)

(Filename: Assets/Player.cs Line: 66)

Space pressed! isGrounded: True, Timer: -0.002028523
UnityEngine.Debug:ExtractStackTraceNoAlloc (byte*,int,string)
UnityEngine.StackTraceUtility:ExtractStackTrace ()
UnityEngine.DebugLogHandler:Internal_Log (UnityEngine.LogType,UnityEngine.LogOption,string,UnityEngine.Object)
UnityEngine.DebugLogHandler:LogFormat (UnityEngine.LogType,UnityEngine.Object,string,object[])
UnityEngine.Logger:Log (UnityEngine.LogType,object)
UnityEngine.Debug:Log (object)
Player:Update () (at Assets/Player.cs:66)

(Filename: Assets/Player.cs Line: 66)

Space pressed! isGrounded: True, Timer: -0.001305413
UnityEngine.Debug:ExtractStackTraceNoAlloc (byte*,int,string)
UnityEngine.StackTraceUtility:ExtractStackTrace ()
UnityEngine.DebugLogHandler:Internal_Log (UnityEngine.LogType,UnityEngine.LogOption,string,UnityEngine.Object)
UnityEngine.DebugLogHandler:LogFormat (UnityEngine.LogType,UnityEngine.Object,string,object[])
UnityEngine.Logger:Log (UnityEngine.LogType,object)
UnityEngine.Debug:Log (object)
Player:Update () (at Assets/Player.cs:66)

(Filename: Assets/Player.cs Line: 66)

Space pressed! isGrounded: True, Timer: -0.002009078
UnityEngine.Debug:ExtractStackTraceNoAlloc (byte*,int,string)
UnityEngine.StackTraceUtility:ExtractStackTrace ()
UnityEngine.DebugLogHandler:Internal_Log (UnityEngine.LogType,UnityEngine.LogOption,string,UnityEngine.Object)
UnityEngine.DebugLogHandler:LogFormat (UnityEngine.LogType,UnityEngine.Object,string,object[])
UnityEngine.Logger:Log (UnityEngine.LogType,object)
UnityEngine.Debug:Log (object)
Player:Update () (at Assets/Player.cs:66)

(Filename: Assets/Player.cs Line: 66)

Space pressed! isGrounded: True, Timer: -0.0004358306
UnityEngine.Debug:ExtractStackTraceNoAlloc (byte*,int,string)
UnityEngine.StackTraceUtility:ExtractStackTrace ()
UnityEngine.DebugLogHandler:Internal_Log (UnityEngine.LogType,UnityEngine.LogOption,string,UnityEngine.Object)
UnityEngine.DebugLogHandler:LogFormat (UnityEngine.LogType,UnityEngine.Object,string,object[])
UnityEngine.Logger:Log (UnityEngine.LogType,object)
UnityEngine.Debug:Log (object)
Player:Update () (at Assets/Player.cs:66)

(Filename: Assets/Player.cs Line: 66)

Space pressed! isGrounded: True, Timer: -0.001076385
UnityEngine.Debug:ExtractStackTraceNoAlloc (byte*,int,string)
UnityEngine.StackTraceUtility:ExtractStackTrace ()
UnityEngine.DebugLogHandler:Internal_Log (UnityEngine.LogType,UnityEngine.LogOption,string,UnityEngine.Object)
UnityEngine.DebugLogHandler:LogFormat (UnityEngine.LogType,UnityEngine.Object,string,object[])
UnityEngine.Logger:Log (UnityEngine.LogType,object)
UnityEngine.Debug:Log (object)
Player:Update () (at Assets/Player.cs:66)

(Filename: Assets/Player.cs Line: 66)

Space pressed! isGrounded: True, Timer: -0.002653787
UnityEngine.Debug:ExtractStackTraceNoAlloc (byte*,int,string)
UnityEngine.StackTraceUtility:ExtractStackTrace ()
UnityEngine.DebugLogHandler:Internal_Log (UnityEngine.LogType,UnityEngine.LogOption,string,UnityEngine.Object)
UnityEngine.DebugLogHandler:LogFormat (UnityEngine.LogType,UnityEngine.Object,string,object[])
UnityEngine.Logger:Log (UnityEngine.LogType,object)
UnityEngine.Debug:Log (object)
Player:Update () (at Assets/Player.cs:66)

(Filename: Assets/Player.cs Line: 66)

Space pressed! isGrounded: True, Timer: -0.0005722898
UnityEngine.Debug:ExtractStackTraceNoAlloc (byte*,int,string)
UnityEngine.StackTraceUtility:ExtractStackTrace ()
UnityEngine.DebugLogHandler:Internal_Log (UnityEngine.LogType,UnityEngine.LogOption,string,UnityEngine.Object)
UnityEngine.DebugLogHandler:LogFormat (UnityEngine.LogType,UnityEngine.Object,string,object[])
UnityEngine.Logger:Log (UnityEngine.LogType,object)
UnityEngine.Debug:Log (object)
Player:Update () (at Assets/Player.cs:66)

(Filename: Assets/Player.cs Line: 66)

Space pressed! isGrounded: True, Timer: -0.006947439
UnityEngine.Debug:ExtractStackTraceNoAlloc (byte*,int,string)
UnityEngine.StackTraceUtility:ExtractStackTrace ()
UnityEngine.DebugLogHandler:Internal_Log (UnityEngine.LogType,UnityEngine.LogOption,string,UnityEngine.Object)
UnityEngine.DebugLogHandler:LogFormat (UnityEngine.LogType,UnityEngine.Object,string,object[])
UnityEngine.Logger:Log (UnityEngine.LogType,object)
UnityEngine.Debug:Log (object)
Player:Update () (at Assets/Player.cs:66)

(Filename: Assets/Player.cs Line: 66)

Space pressed! isGrounded: False, Timer: -0.003710845
UnityEngine.Debug:ExtractStackTraceNoAlloc (byte*,int,string)
UnityEngine.StackTraceUtility:ExtractStackTrace ()
UnityEngine.DebugLogHandler:Internal_Log (UnityEngine.LogType,UnityEngine.LogOption,string,UnityEngine.Object)
UnityEngine.DebugLogHandler:LogFormat (UnityEngine.LogType,UnityEngine.Object,string,object[])
UnityEngine.Logger:Log (UnityEngine.LogType,object)
UnityEngine.Debug:Log (object)
Player:Update () (at Assets/Player.cs:66)

(Filename: Assets/Player.cs Line: 66)

GPU Resident Drawer disposed.
Unloading 3 Unused Serialized files (Serialized files now loaded: 0)
Loaded scene 'Temp/__Backupscenes/0.backup'
	Deserialize:            1.563 ms
	Integration:            28.109 ms
	Integration of assets:  0.073 ms
	Thread Wait Time:       -0.030 ms
	Total Operation Time:   29.716 ms
Unloading 3 unused Assets / (0.6 MB). Loaded Objects now: 9639.
Memory consumption went from 0.79 GB to 0.79 GB.
Total: 32.541900 ms (FindLiveObjects: 0.664900 ms CreateObjectMapping: 0.134000 ms MarkObjects: 31.305500 ms  DeleteObjects: 0.103800 ms)

GPU Resident Drawer created.
Scanning for USB devices : 14.490ms
Asset Pipeline Refresh (id=2a4140c9d4d99c645ac6b5e2ea527a0f): Total: 0.034 seconds - Initiated by RefreshV2(AllowForceSynchronousImport)
[Worker0] Imported GUID: c8b6122c782f7b44e8bf8ccd20e736c4 - Path: Assets/Player.cs - Importer: ScriptedImporter/UnityEditor.QuickSearchModule:UnityEditor.Search:ASIAI0B -> (ImportResultId: '6e6fbe468140a03617394be7b4cbbcf5') in 1.0827924 seconds
Asset Pipeline Refresh (id=74060cbbfd3fc04469e658eba2ad079f): Total: 0.006 seconds - Initiated by RefreshV2(AllowForceSynchronousImport)
Asset Pipeline Refresh (id=d1d8a828b7eda724eba8f61334ed2ae1): Total: 0.005 seconds - Initiated by RefreshV2(AllowForceSynchronousImport)
Asset Pipeline Refresh (id=5adb440f9f40b164589ecdd79e4d9b43): Total: 0.005 seconds - Initiated by RefreshV2(AllowForceSynchronousImport)
Asset Pipeline Refresh (id=fa33771c6cf93c948b5e9a1e2f3fd8fb): Total: 0.011 seconds - Initiated by RefreshV2(AllowForceSynchronousImport)
GPU Resident Drawer disposed.
Entering Playmode with Reload Domain disabled.
If you experience any issues, please disable "Enter Play Mode Options" in Editor Settings
Entering Playmode with Reload Scene disabled. If you experience any issues, please disable "Enter Play Mode Options" in Editor Settings
GPU Resident Drawer created.
Space pressed! isGrounded: True, Timer: 0
UnityEngine.Debug:ExtractStackTraceNoAlloc (byte*,int,string)
UnityEngine.StackTraceUtility:ExtractStackTrace ()
UnityEngine.DebugLogHandler:Internal_Log (UnityEngine.LogType,UnityEngine.LogOption,string,UnityEngine.Object)
UnityEngine.DebugLogHandler:LogFormat (UnityEngine.LogType,UnityEngine.Object,string,object[])
UnityEngine.Logger:Log (UnityEngine.LogType,object)
UnityEngine.Debug:Log (object)
Player:Update () (at Assets/Player.cs:66)

(Filename: Assets/Player.cs Line: 66)

Space pressed! isGrounded: False, Timer: -0.005739987
UnityEngine.Debug:ExtractStackTraceNoAlloc (byte*,int,string)
UnityEngine.StackTraceUtility:ExtractStackTrace ()
UnityEngine.DebugLogHandler:Internal_Log (UnityEngine.LogType,UnityEngine.LogOption,string,UnityEngine.Object)
UnityEngine.DebugLogHandler:LogFormat (UnityEngine.LogType,UnityEngine.Object,string,object[])
UnityEngine.Logger:Log (UnityEngine.LogType,object)
UnityEngine.Debug:Log (object)
Player:Update () (at Assets/Player.cs:66)

(Filename: Assets/Player.cs Line: 66)

GPU Resident Drawer disposed.
Unloading 6 Unused Serialized files (Serialized files now loaded: 0)
Loaded scene 'Temp/__Backupscenes/0.backup'
	Deserialize:            4.610 ms
	Integration:            29.116 ms
	Integration of assets:  0.112 ms
	Thread Wait Time:       -0.055 ms
	Total Operation Time:   33.783 ms
Unloading 22 unused Assets / (378.4 KB). Loaded Objects now: 9623.
Memory consumption went from 0.79 GB to 0.79 GB.
Total: 58.744200 ms (FindLiveObjects: 0.775200 ms CreateObjectMapping: 0.124800 ms MarkObjects: 57.295700 ms  DeleteObjects: 0.286500 ms)

[Licensing::Client] Successfully resolved entitlement details
GPU Resident Drawer created.
Asset Pipeline Refresh (id=5111bd10278c42248ae9f8669e34791a): Total: 0.020 seconds - Initiated by RefreshV2(AllowForceSynchronousImport)
GPU Resident Drawer disposed.
Entering Playmode with Reload Domain disabled.
If you experience any issues, please disable "Enter Play Mode Options" in Editor Settings
Entering Playmode with Reload Scene disabled. If you experience any issues, please disable "Enter Play Mode Options" in Editor Settings
GPU Resident Drawer created.
GPU Resident Drawer disposed.
GPU Resident Drawer created.
Space pressed! isGrounded: True, Timer: 0
UnityEngine.Debug:ExtractStackTraceNoAlloc (byte*,int,string)
UnityEngine.StackTraceUtility:ExtractStackTrace ()
UnityEngine.DebugLogHandler:Internal_Log (UnityEngine.LogType,UnityEngine.LogOption,string,UnityEngine.Object)
UnityEngine.DebugLogHandler:LogFormat (UnityEngine.LogType,UnityEngine.Object,string,object[])
UnityEngine.Logger:Log (UnityEngine.LogType,object)
UnityEngine.Debug:Log (object)
Player:Update () (at Assets/Player.cs:66)

(Filename: Assets/Player.cs Line: 66)

Space pressed! isGrounded: False, Timer: -0.008670932
UnityEngine.Debug:ExtractStackTraceNoAlloc (byte*,int,string)
UnityEngine.StackTraceUtility:ExtractStackTrace ()
UnityEngine.DebugLogHandler:Internal_Log (UnityEngine.LogType,UnityEngine.LogOption,string,UnityEngine.Object)
UnityEngine.DebugLogHandler:LogFormat (UnityEngine.LogType,UnityEngine.Object,string,object[])
UnityEngine.Logger:Log (UnityEngine.LogType,object)
UnityEngine.Debug:Log (object)
Player:Update () (at Assets/Player.cs:66)

(Filename: Assets/Player.cs Line: 66)

Space pressed! isGrounded: False, Timer: -0.008670932
UnityEngine.Debug:ExtractStackTraceNoAlloc (byte*,int,string)
UnityEngine.StackTraceUtility:ExtractStackTrace ()
UnityEngine.DebugLogHandler:Internal_Log (UnityEngine.LogType,UnityEngine.LogOption,string,UnityEngine.Object)
UnityEngine.DebugLogHandler:LogFormat (UnityEngine.LogType,UnityEngine.Object,string,object[])
UnityEngine.Logger:Log (UnityEngine.LogType,object)
UnityEngine.Debug:Log (object)
Player:Update () (at Assets/Player.cs:66)

(Filename: Assets/Player.cs Line: 66)

GPU Resident Drawer disposed.
Unloading 6 Unused Serialized files (Serialized files now loaded: 0)
Loaded scene 'Temp/__Backupscenes/0.backup'
	Deserialize:            2.562 ms
	Integration:            28.888 ms
	Integration of assets:  0.068 ms
	Thread Wait Time:       -0.034 ms
	Total Operation Time:   31.485 ms
Unloading 23 unused Assets / (0.6 MB). Loaded Objects now: 9656.
Memory consumption went from 0.79 GB to 0.79 GB.
Total: 29.410300 ms (FindLiveObjects: 0.713700 ms CreateObjectMapping: 0.172800 ms MarkObjects: 28.085200 ms  DeleteObjects: 0.122900 ms)

GPU Resident Drawer created.
GPU Resident Drawer disposed.
GPU Resident Drawer created.
GPU Resident Drawer disposed.
Entering Playmode with Reload Domain disabled.
If you experience any issues, please disable "Enter Play Mode Options" in Editor Settings
Entering Playmode with Reload Scene disabled. If you experience any issues, please disable "Enter Play Mode Options" in Editor Settings
GPU Resident Drawer created.
GPU Resident Drawer disposed.
GPU Resident Drawer created.
Space pressed! isGrounded: True, Timer: 0
UnityEngine.Debug:ExtractStackTraceNoAlloc (byte*,int,string)
UnityEngine.StackTraceUtility:ExtractStackTrace ()
UnityEngine.DebugLogHandler:Internal_Log (UnityEngine.LogType,UnityEngine.LogOption,string,UnityEngine.Object)
UnityEngine.DebugLogHandler:LogFormat (UnityEngine.LogType,UnityEngine.Object,string,object[])
UnityEngine.Logger:Log (UnityEngine.LogType,object)
UnityEngine.Debug:Log (object)
Player:Update () (at Assets/Player.cs:66)

(Filename: Assets/Player.cs Line: 66)

Space pressed! isGrounded: True, Timer: -0.0008709063
UnityEngine.Debug:ExtractStackTraceNoAlloc (byte*,int,string)
UnityEngine.StackTraceUtility:ExtractStackTrace ()
UnityEngine.DebugLogHandler:Internal_Log (UnityEngine.LogType,UnityEngine.LogOption,string,UnityEngine.Object)
UnityEngine.DebugLogHandler:LogFormat (UnityEngine.LogType,UnityEngine.Object,string,object[])
UnityEngine.Logger:Log (UnityEngine.LogType,object)
UnityEngine.Debug:Log (object)
Player:Update () (at Assets/Player.cs:66)

(Filename: Assets/Player.cs Line: 66)

Space pressed! isGrounded: True, Timer: -0.001024765
UnityEngine.Debug:ExtractStackTraceNoAlloc (byte*,int,string)
UnityEngine.StackTraceUtility:ExtractStackTrace ()
UnityEngine.DebugLogHandler:Internal_Log (UnityEngine.LogType,UnityEngine.LogOption,string,UnityEngine.Object)
UnityEngine.DebugLogHandler:LogFormat (UnityEngine.LogType,UnityEngine.Object,string,object[])
UnityEngine.Logger:Log (UnityEngine.LogType,object)
UnityEngine.Debug:Log (object)
Player:Update () (at Assets/Player.cs:66)

(Filename: Assets/Player.cs Line: 66)

Space pressed! isGrounded: True, Timer: -0.0001049722
UnityEngine.Debug:ExtractStackTraceNoAlloc (byte*,int,string)
UnityEngine.StackTraceUtility:ExtractStackTrace ()
UnityEngine.DebugLogHandler:Internal_Log (UnityEngine.LogType,UnityEngine.LogOption,string,UnityEngine.Object)
UnityEngine.DebugLogHandler:LogFormat (UnityEngine.LogType,UnityEngine.Object,string,object[])
UnityEngine.Logger:Log (UnityEngine.LogType,object)
UnityEngine.Debug:Log (object)
Player:Update () (at Assets/Player.cs:66)

(Filename: Assets/Player.cs Line: 66)

Space pressed! isGrounded: False, Timer: -0.00346435
UnityEngine.Debug:ExtractStackTraceNoAlloc (byte*,int,string)
UnityEngine.StackTraceUtility:ExtractStackTrace ()
UnityEngine.DebugLogHandler:Internal_Log (UnityEngine.LogType,UnityEngine.LogOption,string,UnityEngine.Object)
UnityEngine.DebugLogHandler:LogFormat (UnityEngine.LogType,UnityEngine.Object,string,object[])
UnityEngine.Logger:Log (UnityEngine.LogType,object)
UnityEngine.Debug:Log (object)
Player:Update () (at Assets/Player.cs:66)

(Filename: Assets/Player.cs Line: 66)

Space pressed! isGrounded: False, Timer: -0.00346435
UnityEngine.Debug:ExtractStackTraceNoAlloc (byte*,int,string)
UnityEngine.StackTraceUtility:ExtractStackTrace ()
UnityEngine.DebugLogHandler:Internal_Log (UnityEngine.LogType,UnityEngine.LogOption,string,UnityEngine.Object)
UnityEngine.DebugLogHandler:LogFormat (UnityEngine.LogType,UnityEngine.Object,string,object[])
UnityEngine.Logger:Log (UnityEngine.LogType,object)
UnityEngine.Debug:Log (object)
Player:Update () (at Assets/Player.cs:66)

(Filename: Assets/Player.cs Line: 66)

Space pressed! isGrounded: False, Timer: -0.00346435
UnityEngine.Debug:ExtractStackTraceNoAlloc (byte*,int,string)
UnityEngine.StackTraceUtility:ExtractStackTrace ()
UnityEngine.DebugLogHandler:Internal_Log (UnityEngine.LogType,UnityEngine.LogOption,string,UnityEngine.Object)
UnityEngine.DebugLogHandler:LogFormat (UnityEngine.LogType,UnityEngine.Object,string,object[])
UnityEngine.Logger:Log (UnityEngine.LogType,object)
UnityEngine.Debug:Log (object)
Player:Update () (at Assets/Player.cs:66)

(Filename: Assets/Player.cs Line: 66)

GPU Resident Drawer disposed.
Unloading 8 Unused Serialized files (Serialized files now loaded: 0)
Loaded scene 'Temp/__Backupscenes/0.backup'
	Deserialize:            1.438 ms
	Integration:            27.151 ms
	Integration of assets:  0.057 ms
	Thread Wait Time:       0.018 ms
	Total Operation Time:   28.664 ms
Unloading 22 unused Assets / (468.7 KB). Loaded Objects now: 9668.
Memory consumption went from 0.80 GB to 0.80 GB.
Total: 31.601200 ms (FindLiveObjects: 0.644000 ms CreateObjectMapping: 0.236300 ms MarkObjects: 30.329200 ms  DeleteObjects: 0.100300 ms)

GPU Resident Drawer created.
GPU Resident Drawer disposed.
GPU Resident Drawer created.
GPU Resident Drawer disposed.
Entering Playmode with Reload Domain disabled.
If you experience any issues, please disable "Enter Play Mode Options" in Editor Settings
Entering Playmode with Reload Scene disabled. If you experience any issues, please disable "Enter Play Mode Options" in Editor Settings
GPU Resident Drawer created.
GPU Resident Drawer disposed.
GPU Resident Drawer created.
Space pressed! isGrounded: True, Timer: 0
UnityEngine.Debug:ExtractStackTraceNoAlloc (byte*,int,string)
UnityEngine.StackTraceUtility:ExtractStackTrace ()
UnityEngine.DebugLogHandler:Internal_Log (UnityEngine.LogType,UnityEngine.LogOption,string,UnityEngine.Object)
UnityEngine.DebugLogHandler:LogFormat (UnityEngine.LogType,UnityEngine.Object,string,object[])
UnityEngine.Logger:Log (UnityEngine.LogType,object)
UnityEngine.Debug:Log (object)
Player:Update () (at Assets/Player.cs:66)

(Filename: Assets/Player.cs Line: 66)

Space pressed! isGrounded: False, Timer: -0.00336071
UnityEngine.Debug:ExtractStackTraceNoAlloc (byte*,int,string)
UnityEngine.StackTraceUtility:ExtractStackTrace ()
UnityEngine.DebugLogHandler:Internal_Log (UnityEngine.LogType,UnityEngine.LogOption,string,UnityEngine.Object)
UnityEngine.DebugLogHandler:LogFormat (UnityEngine.LogType,UnityEngine.Object,string,object[])
UnityEngine.Logger:Log (UnityEngine.LogType,object)
UnityEngine.Debug:Log (object)
Player:Update () (at Assets/Player.cs:66)

(Filename: Assets/Player.cs Line: 66)

Space pressed! isGrounded: False, Timer: -0.00336071
UnityEngine.Debug:ExtractStackTraceNoAlloc (byte*,int,string)
UnityEngine.StackTraceUtility:ExtractStackTrace ()
UnityEngine.DebugLogHandler:Internal_Log (UnityEngine.LogType,UnityEngine.LogOption,string,UnityEngine.Object)
UnityEngine.DebugLogHandler:LogFormat (UnityEngine.LogType,UnityEngine.Object,string,object[])
UnityEngine.Logger:Log (UnityEngine.LogType,object)
UnityEngine.Debug:Log (object)
Player:Update () (at Assets/Player.cs:66)

(Filename: Assets/Player.cs Line: 66)

GPU Resident Drawer disposed.
Unloading 8 Unused Serialized files (Serialized files now loaded: 0)
Loaded scene 'Temp/__Backupscenes/0.backup'
	Deserialize:            1.699 ms
	Integration:            26.129 ms
	Integration of assets:  0.046 ms
	Thread Wait Time:       -0.007 ms
	Total Operation Time:   27.867 ms
Unloading 22 unused Assets / (0.6 MB). Loaded Objects now: 9680.
Memory consumption went from 0.80 GB to 0.80 GB.
Total: 29.912100 ms (FindLiveObjects: 0.675800 ms CreateObjectMapping: 0.121200 ms MarkObjects: 28.720200 ms  DeleteObjects: 0.105000 ms)

GPU Resident Drawer created.
GPU Resident Drawer disposed.
GPU Resident Drawer created.
Asset Pipeline Refresh (id=c8557633b86bc8642b33e8ca63c53d9a): Total: 0.018 seconds - Initiated by RefreshV2(AllowForceSynchronousImport)
GPU Resident Drawer disposed.
Entering Playmode with Reload Domain disabled.
If you experience any issues, please disable "Enter Play Mode Options" in Editor Settings
Entering Playmode with Reload Scene disabled. If you experience any issues, please disable "Enter Play Mode Options" in Editor Settings
GPU Resident Drawer created.
GPU Resident Drawer disposed.
GPU Resident Drawer created.
Space pressed! isGrounded: True, Timer: 0
UnityEngine.Debug:ExtractStackTraceNoAlloc (byte*,int,string)
UnityEngine.StackTraceUtility:ExtractStackTrace ()
UnityEngine.DebugLogHandler:Internal_Log (UnityEngine.LogType,UnityEngine.LogOption,string,UnityEngine.Object)
UnityEngine.DebugLogHandler:LogFormat (UnityEngine.LogType,UnityEngine.Object,string,object[])
UnityEngine.Logger:Log (UnityEngine.LogType,object)
UnityEngine.Debug:Log (object)
Player:Update () (at Assets/Player.cs:66)

(Filename: Assets/Player.cs Line: 66)

Space pressed! isGrounded: True, Timer: -0.002497073
UnityEngine.Debug:ExtractStackTraceNoAlloc (byte*,int,string)
UnityEngine.StackTraceUtility:ExtractStackTrace ()
UnityEngine.DebugLogHandler:Internal_Log (UnityEngine.LogType,UnityEngine.LogOption,string,UnityEngine.Object)
UnityEngine.DebugLogHandler:LogFormat (UnityEngine.LogType,UnityEngine.Object,string,object[])
UnityEngine.Logger:Log (UnityEngine.LogType,object)
UnityEngine.Debug:Log (object)
Player:Update () (at Assets/Player.cs:66)

(Filename: Assets/Player.cs Line: 66)

Space pressed! isGrounded: True, Timer: -0.002172797
UnityEngine.Debug:ExtractStackTraceNoAlloc (byte*,int,string)
UnityEngine.StackTraceUtility:ExtractStackTrace ()
UnityEngine.DebugLogHandler:Internal_Log (UnityEngine.LogType,UnityEngine.LogOption,string,UnityEngine.Object)
UnityEngine.DebugLogHandler:LogFormat (UnityEngine.LogType,UnityEngine.Object,string,object[])
UnityEngine.Logger:Log (UnityEngine.LogType,object)
UnityEngine.Debug:Log (object)
Player:Update () (at Assets/Player.cs:66)

(Filename: Assets/Player.cs Line: 66)

Space pressed! isGrounded: True, Timer: -0.0002886956
UnityEngine.Debug:ExtractStackTraceNoAlloc (byte*,int,string)
UnityEngine.StackTraceUtility:ExtractStackTrace ()
UnityEngine.DebugLogHandler:Internal_Log (UnityEngine.LogType,UnityEngine.LogOption,string,UnityEngine.Object)
UnityEngine.DebugLogHandler:LogFormat (UnityEngine.LogType,UnityEngine.Object,string,object[])
UnityEngine.Logger:Log (UnityEngine.LogType,object)
UnityEngine.Debug:Log (object)
Player:Update () (at Assets/Player.cs:66)

(Filename: Assets/Player.cs Line: 66)

Space pressed! isGrounded: False, Timer: -0.001553873
UnityEngine.Debug:ExtractStackTraceNoAlloc (byte*,int,string)
UnityEngine.StackTraceUtility:ExtractStackTrace ()
UnityEngine.DebugLogHandler:Internal_Log (UnityEngine.LogType,UnityEngine.LogOption,string,UnityEngine.Object)
UnityEngine.DebugLogHandler:LogFormat (UnityEngine.LogType,UnityEngine.Object,string,object[])
UnityEngine.Logger:Log (UnityEngine.LogType,object)
UnityEngine.Debug:Log (object)
Player:Update () (at Assets/Player.cs:66)

(Filename: Assets/Player.cs Line: 66)

Space pressed! isGrounded: False, Timer: -0.001553873
UnityEngine.Debug:ExtractStackTraceNoAlloc (byte*,int,string)
UnityEngine.StackTraceUtility:ExtractStackTrace ()
UnityEngine.DebugLogHandler:Internal_Log (UnityEngine.LogType,UnityEngine.LogOption,string,UnityEngine.Object)
UnityEngine.DebugLogHandler:LogFormat (UnityEngine.LogType,UnityEngine.Object,string,object[])
UnityEngine.Logger:Log (UnityEngine.LogType,object)
UnityEngine.Debug:Log (object)
Player:Update () (at Assets/Player.cs:66)

(Filename: Assets/Player.cs Line: 66)

GPU Resident Drawer disposed.
Unloading 6 Unused Serialized files (Serialized files now loaded: 0)
Loaded scene 'Temp/__Backupscenes/0.backup'
	Deserialize:            1.490 ms
	Integration:            23.500 ms
	Integration of assets:  0.073 ms
	Thread Wait Time:       -0.044 ms
	Total Operation Time:   25.019 ms
Unloading 22 unused Assets / (301.6 KB). Loaded Objects now: 9692.
Memory consumption went from 0.80 GB to 0.80 GB.
Total: 31.932500 ms (FindLiveObjects: 0.621200 ms CreateObjectMapping: 0.109100 ms MarkObjects: 30.835600 ms  DeleteObjects: 0.103600 ms)

GPU Resident Drawer created.
GPU Resident Drawer disposed.
GPU Resident Drawer created.
GPU Resident Drawer disposed.
Entering Playmode with Reload Domain disabled.
If you experience any issues, please disable "Enter Play Mode Options" in Editor Settings
Entering Playmode with Reload Scene disabled. If you experience any issues, please disable "Enter Play Mode Options" in Editor Settings
GPU Resident Drawer created.
GPU Resident Drawer disposed.
GPU Resident Drawer created.
Space pressed! isGrounded: True, Timer: 0
UnityEngine.Debug:ExtractStackTraceNoAlloc (byte*,int,string)
UnityEngine.StackTraceUtility:ExtractStackTrace ()
UnityEngine.DebugLogHandler:Internal_Log (UnityEngine.LogType,UnityEngine.LogOption,string,UnityEngine.Object)
UnityEngine.DebugLogHandler:LogFormat (UnityEngine.LogType,UnityEngine.Object,string,object[])
UnityEngine.Logger:Log (UnityEngine.LogType,object)
UnityEngine.Debug:Log (object)
Player:Update () (at Assets/Player.cs:66)

(Filename: Assets/Player.cs Line: 66)

Space pressed! isGrounded: True, Timer: -0.0001719473
UnityEngine.Debug:ExtractStackTraceNoAlloc (byte*,int,string)
UnityEngine.StackTraceUtility:ExtractStackTrace ()
UnityEngine.DebugLogHandler:Internal_Log (UnityEngine.LogType,UnityEngine.LogOption,string,UnityEngine.Object)
UnityEngine.DebugLogHandler:LogFormat (UnityEngine.LogType,UnityEngine.Object,string,object[])
UnityEngine.Logger:Log (UnityEngine.LogType,object)
UnityEngine.Debug:Log (object)
Player:Update () (at Assets/Player.cs:66)

(Filename: Assets/Player.cs Line: 66)

Space pressed! isGrounded: True, Timer: -0.001059948
UnityEngine.Debug:ExtractStackTraceNoAlloc (byte*,int,string)
UnityEngine.StackTraceUtility:ExtractStackTrace ()
UnityEngine.DebugLogHandler:Internal_Log (UnityEngine.LogType,UnityEngine.LogOption,string,UnityEngine.Object)
UnityEngine.DebugLogHandler:LogFormat (UnityEngine.LogType,UnityEngine.Object,string,object[])
UnityEngine.Logger:Log (UnityEngine.LogType,object)
UnityEngine.Debug:Log (object)
Player:Update () (at Assets/Player.cs:66)

(Filename: Assets/Player.cs Line: 66)

Space pressed! isGrounded: True, Timer: -0.002910467
UnityEngine.Debug:ExtractStackTraceNoAlloc (byte*,int,string)
UnityEngine.StackTraceUtility:ExtractStackTrace ()
UnityEngine.DebugLogHandler:Internal_Log (UnityEngine.LogType,UnityEngine.LogOption,string,UnityEngine.Object)
UnityEngine.DebugLogHandler:LogFormat (UnityEngine.LogType,UnityEngine.Object,string,object[])
UnityEngine.Logger:Log (UnityEngine.LogType,object)
UnityEngine.Debug:Log (object)
Player:Update () (at Assets/Player.cs:66)

(Filename: Assets/Player.cs Line: 66)

Space pressed! isGrounded: True, Timer: -0.003346757
UnityEngine.Debug:ExtractStackTraceNoAlloc (byte*,int,string)
UnityEngine.StackTraceUtility:ExtractStackTrace ()
UnityEngine.DebugLogHandler:Internal_Log (UnityEngine.LogType,UnityEngine.LogOption,string,UnityEngine.Object)
UnityEngine.DebugLogHandler:LogFormat (UnityEngine.LogType,UnityEngine.Object,string,object[])
UnityEngine.Logger:Log (UnityEngine.LogType,object)
UnityEngine.Debug:Log (object)
Player:Update () (at Assets/Player.cs:66)

(Filename: Assets/Player.cs Line: 66)

Space pressed! isGrounded: False, Timer: -0.001375263
UnityEngine.Debug:ExtractStackTraceNoAlloc (byte*,int,string)
UnityEngine.StackTraceUtility:ExtractStackTrace ()
UnityEngine.DebugLogHandler:Internal_Log (UnityEngine.LogType,UnityEngine.LogOption,string,UnityEngine.Object)
UnityEngine.DebugLogHandler:LogFormat (UnityEngine.LogType,UnityEngine.Object,string,object[])
UnityEngine.Logger:Log (UnityEngine.LogType,object)
UnityEngine.Debug:Log (object)
Player:Update () (at Assets/Player.cs:66)

(Filename: Assets/Player.cs Line: 66)

Space pressed! isGrounded: False, Timer: -0.001375263
UnityEngine.Debug:ExtractStackTraceNoAlloc (byte*,int,string)
UnityEngine.StackTraceUtility:ExtractStackTrace ()
UnityEngine.DebugLogHandler:Internal_Log (UnityEngine.LogType,UnityEngine.LogOption,string,UnityEngine.Object)
UnityEngine.DebugLogHandler:LogFormat (UnityEngine.LogType,UnityEngine.Object,string,object[])
UnityEngine.Logger:Log (UnityEngine.LogType,object)
UnityEngine.Debug:Log (object)
Player:Update () (at Assets/Player.cs:66)

(Filename: Assets/Player.cs Line: 66)

Space pressed! isGrounded: False, Timer: -0.001375263
UnityEngine.Debug:ExtractStackTraceNoAlloc (byte*,int,string)
UnityEngine.StackTraceUtility:ExtractStackTrace ()
UnityEngine.DebugLogHandler:Internal_Log (UnityEngine.LogType,UnityEngine.LogOption,string,UnityEngine.Object)
UnityEngine.DebugLogHandler:LogFormat (UnityEngine.LogType,UnityEngine.Object,string,object[])
UnityEngine.Logger:Log (UnityEngine.LogType,object)
UnityEngine.Debug:Log (object)
Player:Update () (at Assets/Player.cs:66)

(Filename: Assets/Player.cs Line: 66)

GPU Resident Drawer disposed.
Unloading 8 Unused Serialized files (Serialized files now loaded: 0)
Loaded scene 'Temp/__Backupscenes/0.backup'
	Deserialize:            1.374 ms
	Integration:            26.455 ms
	Integration of assets:  0.092 ms
	Thread Wait Time:       -0.060 ms
	Total Operation Time:   27.861 ms
Unloading 22 unused Assets / (0.7 MB). Loaded Objects now: 9704.
Memory consumption went from 0.80 GB to 0.80 GB.
Total: 27.772100 ms (FindLiveObjects: 0.795300 ms CreateObjectMapping: 0.394000 ms MarkObjects: 26.071100 ms  DeleteObjects: 0.136100 ms)

GPU Resident Drawer created.
GPU Resident Drawer disposed.
GPU Resident Drawer created.
GPU Resident Drawer disposed.
Entering Playmode with Reload Domain disabled.
If you experience any issues, please disable "Enter Play Mode Options" in Editor Settings
Entering Playmode with Reload Scene disabled. If you experience any issues, please disable "Enter Play Mode Options" in Editor Settings
GPU Resident Drawer created.
GPU Resident Drawer disposed.
GPU Resident Drawer created.
Space pressed! isGrounded: True, Timer: 0
UnityEngine.Debug:ExtractStackTraceNoAlloc (byte*,int,string)
UnityEngine.StackTraceUtility:ExtractStackTrace ()
UnityEngine.DebugLogHandler:Internal_Log (UnityEngine.LogType,UnityEngine.LogOption,string,UnityEngine.Object)
UnityEngine.DebugLogHandler:LogFormat (UnityEngine.LogType,UnityEngine.Object,string,object[])
UnityEngine.Logger:Log (UnityEngine.LogType,object)
UnityEngine.Debug:Log (object)
Player:Update () (at Assets/Player.cs:66)

(Filename: Assets/Player.cs Line: 66)

Space pressed! isGrounded: True, Timer: -8.173054E-05
UnityEngine.Debug:ExtractStackTraceNoAlloc (byte*,int,string)
UnityEngine.StackTraceUtility:ExtractStackTrace ()
UnityEngine.DebugLogHandler:Internal_Log (UnityEngine.LogType,UnityEngine.LogOption,string,UnityEngine.Object)
UnityEngine.DebugLogHandler:LogFormat (UnityEngine.LogType,UnityEngine.Object,string,object[])
UnityEngine.Logger:Log (UnityEngine.LogType,object)
UnityEngine.Debug:Log (object)
Player:Update () (at Assets/Player.cs:66)

(Filename: Assets/Player.cs Line: 66)

Space pressed! isGrounded: True, Timer: -0.0008308338
UnityEngine.Debug:ExtractStackTraceNoAlloc (byte*,int,string)
UnityEngine.StackTraceUtility:ExtractStackTrace ()
UnityEngine.DebugLogHandler:Internal_Log (UnityEngine.LogType,UnityEngine.LogOption,string,UnityEngine.Object)
UnityEngine.DebugLogHandler:LogFormat (UnityEngine.LogType,UnityEngine.Object,string,object[])
UnityEngine.Logger:Log (UnityEngine.LogType,object)
UnityEngine.Debug:Log (object)
Player:Update () (at Assets/Player.cs:66)

(Filename: Assets/Player.cs Line: 66)

Space pressed! isGrounded: False, Timer: -0.001918841
UnityEngine.Debug:ExtractStackTraceNoAlloc (byte*,int,string)
UnityEngine.StackTraceUtility:ExtractStackTrace ()
UnityEngine.DebugLogHandler:Internal_Log (UnityEngine.LogType,UnityEngine.LogOption,string,UnityEngine.Object)
UnityEngine.DebugLogHandler:LogFormat (UnityEngine.LogType,UnityEngine.Object,string,object[])
UnityEngine.Logger:Log (UnityEngine.LogType,object)
UnityEngine.Debug:Log (object)
Player:Update () (at Assets/Player.cs:66)

(Filename: Assets/Player.cs Line: 66)

Space pressed! isGrounded: True, Timer: -0.001918841
UnityEngine.Debug:ExtractStackTraceNoAlloc (byte*,int,string)
UnityEngine.StackTraceUtility:ExtractStackTrace ()
UnityEngine.DebugLogHandler:Internal_Log (UnityEngine.LogType,UnityEngine.LogOption,string,UnityEngine.Object)
UnityEngine.DebugLogHandler:LogFormat (UnityEngine.LogType,UnityEngine.Object,string,object[])
UnityEngine.Logger:Log (UnityEngine.LogType,object)
UnityEngine.Debug:Log (object)
Player:Update () (at Assets/Player.cs:66)

(Filename: Assets/Player.cs Line: 66)

Space pressed! isGrounded: True, Timer: -0.002263675
UnityEngine.Debug:ExtractStackTraceNoAlloc (byte*,int,string)
UnityEngine.StackTraceUtility:ExtractStackTrace ()
UnityEngine.DebugLogHandler:Internal_Log (UnityEngine.LogType,UnityEngine.LogOption,string,UnityEngine.Object)
UnityEngine.DebugLogHandler:LogFormat (UnityEngine.LogType,UnityEngine.Object,string,object[])
UnityEngine.Logger:Log (UnityEngine.LogType,object)
UnityEngine.Debug:Log (object)
Player:Update () (at Assets/Player.cs:66)

(Filename: Assets/Player.cs Line: 66)

Space pressed! isGrounded: True, Timer: -0.001765506
UnityEngine.Debug:ExtractStackTraceNoAlloc (byte*,int,string)
UnityEngine.StackTraceUtility:ExtractStackTrace ()
UnityEngine.DebugLogHandler:Internal_Log (UnityEngine.LogType,UnityEngine.LogOption,string,UnityEngine.Object)
UnityEngine.DebugLogHandler:LogFormat (UnityEngine.LogType,UnityEngine.Object,string,object[])
UnityEngine.Logger:Log (UnityEngine.LogType,object)
UnityEngine.Debug:Log (object)
Player:Update () (at Assets/Player.cs:66)

(Filename: Assets/Player.cs Line: 66)

Space pressed! isGrounded: False, Timer: -0.0003631299
UnityEngine.Debug:ExtractStackTraceNoAlloc (byte*,int,string)
UnityEngine.StackTraceUtility:ExtractStackTrace ()
UnityEngine.DebugLogHandler:Internal_Log (UnityEngine.LogType,UnityEngine.LogOption,string,UnityEngine.Object)
UnityEngine.DebugLogHandler:LogFormat (UnityEngine.LogType,UnityEngine.Object,string,object[])
UnityEngine.Logger:Log (UnityEngine.LogType,object)
UnityEngine.Debug:Log (object)
Player:Update () (at Assets/Player.cs:66)

(Filename: Assets/Player.cs Line: 66)

Space pressed! isGrounded: True, Timer: -0.0003631299
UnityEngine.Debug:ExtractStackTraceNoAlloc (byte*,int,string)
UnityEngine.StackTraceUtility:ExtractStackTrace ()
UnityEngine.DebugLogHandler:Internal_Log (UnityEngine.LogType,UnityEngine.LogOption,string,UnityEngine.Object)
UnityEngine.DebugLogHandler:LogFormat (UnityEngine.LogType,UnityEngine.Object,string,object[])
UnityEngine.Logger:Log (UnityEngine.LogType,object)
UnityEngine.Debug:Log (object)
Player:Update () (at Assets/Player.cs:66)

(Filename: Assets/Player.cs Line: 66)

Space pressed! isGrounded: True, Timer: -0.001184895
UnityEngine.Debug:ExtractStackTraceNoAlloc (byte*,int,string)
UnityEngine.StackTraceUtility:ExtractStackTrace ()
UnityEngine.DebugLogHandler:Internal_Log (UnityEngine.LogType,UnityEngine.LogOption,string,UnityEngine.Object)
UnityEngine.DebugLogHandler:LogFormat (UnityEngine.LogType,UnityEngine.Object,string,object[])
UnityEngine.Logger:Log (UnityEngine.LogType,object)
UnityEngine.Debug:Log (object)
Player:Update () (at Assets/Player.cs:66)

(Filename: Assets/Player.cs Line: 66)

GPU Resident Drawer disposed.
Unloading 8 Unused Serialized files (Serialized files now loaded: 0)
Loaded scene 'Temp/__Backupscenes/0.backup'
	Deserialize:            1.543 ms
	Integration:            30.183 ms
	Integration of assets:  0.058 ms
	Thread Wait Time:       0.023 ms
	Total Operation Time:   31.807 ms
Unloading 22 unused Assets / (0.7 MB). Loaded Objects now: 9716.
Memory consumption went from 0.81 GB to 0.81 GB.
Total: 32.343700 ms (FindLiveObjects: 0.724800 ms CreateObjectMapping: 0.259800 ms MarkObjects: 30.987600 ms  DeleteObjects: 0.099700 ms)

GPU Resident Drawer created.
[Licensing::Client] Successfully resolved entitlement details
GPU Resident Drawer disposed.
GPU Resident Drawer created.
GPU Resident Drawer disposed.
Entering Playmode with Reload Domain disabled.
If you experience any issues, please disable "Enter Play Mode Options" in Editor Settings
Entering Playmode with Reload Scene disabled. If you experience any issues, please disable "Enter Play Mode Options" in Editor Settings
GPU Resident Drawer created.
GPU Resident Drawer disposed.
GPU Resident Drawer created.
Space pressed! isGrounded: True, Timer: 0
UnityEngine.Debug:ExtractStackTraceNoAlloc (byte*,int,string)
UnityEngine.StackTraceUtility:ExtractStackTrace ()
UnityEngine.DebugLogHandler:Internal_Log (UnityEngine.LogType,UnityEngine.LogOption,string,UnityEngine.Object)
UnityEngine.DebugLogHandler:LogFormat (UnityEngine.LogType,UnityEngine.Object,string,object[])
UnityEngine.Logger:Log (UnityEngine.LogType,object)
UnityEngine.Debug:Log (object)
Player:Update () (at Assets/Player.cs:66)

(Filename: Assets/Player.cs Line: 66)

Space pressed! isGrounded: True, Timer: -0.002138773
UnityEngine.Debug:ExtractStackTraceNoAlloc (byte*,int,string)
UnityEngine.StackTraceUtility:ExtractStackTrace ()
UnityEngine.DebugLogHandler:Internal_Log (UnityEngine.LogType,UnityEngine.LogOption,string,UnityEngine.Object)
UnityEngine.DebugLogHandler:LogFormat (UnityEngine.LogType,UnityEngine.Object,string,object[])
UnityEngine.Logger:Log (UnityEngine.LogType,object)
UnityEngine.Debug:Log (object)
Player:Update () (at Assets/Player.cs:66)

(Filename: Assets/Player.cs Line: 66)

Space pressed! isGrounded: True, Timer: -0.001507445
UnityEngine.Debug:ExtractStackTraceNoAlloc (byte*,int,string)
UnityEngine.StackTraceUtility:ExtractStackTrace ()
UnityEngine.DebugLogHandler:Internal_Log (UnityEngine.LogType,UnityEngine.LogOption,string,UnityEngine.Object)
UnityEngine.DebugLogHandler:LogFormat (UnityEngine.LogType,UnityEngine.Object,string,object[])
UnityEngine.Logger:Log (UnityEngine.LogType,object)
UnityEngine.Debug:Log (object)
Player:Update () (at Assets/Player.cs:66)

(Filename: Assets/Player.cs Line: 66)

Space pressed! isGrounded: False, Timer: -5.521579E-05
UnityEngine.Debug:ExtractStackTraceNoAlloc (byte*,int,string)
UnityEngine.StackTraceUtility:ExtractStackTrace ()
UnityEngine.DebugLogHandler:Internal_Log (UnityEngine.LogType,UnityEngine.LogOption,string,UnityEngine.Object)
UnityEngine.DebugLogHandler:LogFormat (UnityEngine.LogType,UnityEngine.Object,string,object[])
UnityEngine.Logger:Log (UnityEngine.LogType,object)
UnityEngine.Debug:Log (object)
Player:Update () (at Assets/Player.cs:66)

(Filename: Assets/Player.cs Line: 66)

GPU Resident Drawer disposed.
Unloading 8 Unused Serialized files (Serialized files now loaded: 0)
Loaded scene 'Temp/__Backupscenes/0.backup'
	Deserialize:            1.813 ms
	Integration:            28.344 ms
	Integration of assets:  0.146 ms
	Thread Wait Time:       -0.074 ms
	Total Operation Time:   30.228 ms
Unloading 22 unused Assets / (0.6 MB). Loaded Objects now: 9728.
Memory consumption went from 0.81 GB to 0.81 GB.
Total: 35.109200 ms (FindLiveObjects: 0.668500 ms CreateObjectMapping: 0.225200 ms MarkObjects: 33.840200 ms  DeleteObjects: 0.098900 ms)

GPU Resident Drawer created.
GPU Resident Drawer disposed.
GPU Resident Drawer created.
Asset Pipeline Refresh (id=100aabd654565384da32338bd62cf319): Total: 0.025 seconds - Initiated by RefreshV2(AllowForceSynchronousImport)
Asset Pipeline Refresh (id=c4a9be69299a0e344b6c6a398775069e): Total: 0.006 seconds - Initiated by RefreshV2(AllowForceSynchronousImport)
Asset Pipeline Refresh (id=eb9f0d43351c2c343b36db61dca2ae1d): Total: 0.006 seconds - Initiated by RefreshV2(AllowForceSynchronousImport)
GPU Resident Drawer disposed.
Entering Playmode with Reload Domain disabled.
If you experience any issues, please disable "Enter Play Mode Options" in Editor Settings
Entering Playmode with Reload Scene disabled. If you experience any issues, please disable "Enter Play Mode Options" in Editor Settings
GPU Resident Drawer created.
Space pressed! isGrounded: True, Timer: 0
UnityEngine.Debug:ExtractStackTraceNoAlloc (byte*,int,string)
UnityEngine.StackTraceUtility:ExtractStackTrace ()
UnityEngine.DebugLogHandler:Internal_Log (UnityEngine.LogType,UnityEngine.LogOption,string,UnityEngine.Object)
UnityEngine.DebugLogHandler:LogFormat (UnityEngine.LogType,UnityEngine.Object,string,object[])
UnityEngine.Logger:Log (UnityEngine.LogType,object)
UnityEngine.Debug:Log (object)
Player:Update () (at Assets/Player.cs:66)

(Filename: Assets/Player.cs Line: 66)

Space pressed! isGrounded: False, Timer: -0.0006193088
UnityEngine.Debug:ExtractStackTraceNoAlloc (byte*,int,string)
UnityEngine.StackTraceUtility:ExtractStackTrace ()
UnityEngine.DebugLogHandler:Internal_Log (UnityEngine.LogType,UnityEngine.LogOption,string,UnityEngine.Object)
UnityEngine.DebugLogHandler:LogFormat (UnityEngine.LogType,UnityEngine.Object,string,object[])
UnityEngine.Logger:Log (UnityEngine.LogType,object)
UnityEngine.Debug:Log (object)
Player:Update () (at Assets/Player.cs:66)

(Filename: Assets/Player.cs Line: 66)

GPU Resident Drawer disposed.
Unloading 6 Unused Serialized files (Serialized files now loaded: 0)
Loaded scene 'Temp/__Backupscenes/0.backup'
	Deserialize:            1.828 ms
	Integration:            25.625 ms
	Integration of assets:  0.073 ms
	Thread Wait Time:       -0.044 ms
	Total Operation Time:   27.482 ms
Unloading 22 unused Assets / (17.4 KB). Loaded Objects now: 9736.
Memory consumption went from 0.81 GB to 0.81 GB.
Total: 28.641900 ms (FindLiveObjects: 0.642300 ms CreateObjectMapping: 0.188600 ms MarkObjects: 27.436900 ms  DeleteObjects: 0.101800 ms)

[Licensing::Client] Successfully resolved entitlement details
GPU Resident Drawer created.
GPU Resident Drawer disposed.
Entering Playmode with Reload Domain disabled.
If you experience any issues, please disable "Enter Play Mode Options" in Editor Settings
Entering Playmode with Reload Scene disabled. If you experience any issues, please disable "Enter Play Mode Options" in Editor Settings
GPU Resident Drawer created.
Space pressed! isGrounded: True, Timer: 0
UnityEngine.Debug:ExtractStackTraceNoAlloc (byte*,int,string)
UnityEngine.StackTraceUtility:ExtractStackTrace ()
UnityEngine.DebugLogHandler:Internal_Log (UnityEngine.LogType,UnityEngine.LogOption,string,UnityEngine.Object)
UnityEngine.DebugLogHandler:LogFormat (UnityEngine.LogType,UnityEngine.Object,string,object[])
UnityEngine.Logger:Log (UnityEngine.LogType,object)
UnityEngine.Debug:Log (object)
Player:Update () (at Assets/Player.cs:66)

(Filename: Assets/Player.cs Line: 66)

Space pressed! isGrounded: True, Timer: -0.002382004
UnityEngine.Debug:ExtractStackTraceNoAlloc (byte*,int,string)
UnityEngine.StackTraceUtility:ExtractStackTrace ()
UnityEngine.DebugLogHandler:Internal_Log (UnityEngine.LogType,UnityEngine.LogOption,string,UnityEngine.Object)
UnityEngine.DebugLogHandler:LogFormat (UnityEngine.LogType,UnityEngine.Object,string,object[])
UnityEngine.Logger:Log (UnityEngine.LogType,object)
UnityEngine.Debug:Log (object)
Player:Update () (at Assets/Player.cs:66)

(Filename: Assets/Player.cs Line: 66)

Space pressed! isGrounded: True, Timer: -0.001250636
UnityEngine.Debug:ExtractStackTraceNoAlloc (byte*,int,string)
UnityEngine.StackTraceUtility:ExtractStackTrace ()
UnityEngine.DebugLogHandler:Internal_Log (UnityEngine.LogType,UnityEngine.LogOption,string,UnityEngine.Object)
UnityEngine.DebugLogHandler:LogFormat (UnityEngine.LogType,UnityEngine.Object,string,object[])
UnityEngine.Logger:Log (UnityEngine.LogType,object)
UnityEngine.Debug:Log (object)
Player:Update () (at Assets/Player.cs:66)

(Filename: Assets/Player.cs Line: 66)

Space pressed! isGrounded: False, Timer: -0.001145533
UnityEngine.Debug:ExtractStackTraceNoAlloc (byte*,int,string)
UnityEngine.StackTraceUtility:ExtractStackTrace ()
UnityEngine.DebugLogHandler:Internal_Log (UnityEngine.LogType,UnityEngine.LogOption,string,UnityEngine.Object)
UnityEngine.DebugLogHandler:LogFormat (UnityEngine.LogType,UnityEngine.Object,string,object[])
UnityEngine.Logger:Log (UnityEngine.LogType,object)
UnityEngine.Debug:Log (object)
Player:Update () (at Assets/Player.cs:66)

(Filename: Assets/Player.cs Line: 66)

Space pressed! isGrounded: False, Timer: -0.001145533
UnityEngine.Debug:ExtractStackTraceNoAlloc (byte*,int,string)
UnityEngine.StackTraceUtility:ExtractStackTrace ()
UnityEngine.DebugLogHandler:Internal_Log (UnityEngine.LogType,UnityEngine.LogOption,string,UnityEngine.Object)
UnityEngine.DebugLogHandler:LogFormat (UnityEngine.LogType,UnityEngine.Object,string,object[])
UnityEngine.Logger:Log (UnityEngine.LogType,object)
UnityEngine.Debug:Log (object)
Player:Update () (at Assets/Player.cs:66)

(Filename: Assets/Player.cs Line: 66)

GPU Resident Drawer disposed.
Unloading 8 Unused Serialized files (Serialized files now loaded: 0)
Loaded scene 'Temp/__Backupscenes/0.backup'
	Deserialize:            1.617 ms
	Integration:            26.050 ms
	Integration of assets:  0.094 ms
	Thread Wait Time:       -0.059 ms
	Total Operation Time:   27.702 ms
Unloading 22 unused Assets / (282.9 KB). Loaded Objects now: 9740.
Memory consumption went from 0.81 GB to 0.81 GB.
Total: 28.811900 ms (FindLiveObjects: 0.639300 ms CreateObjectMapping: 0.220200 ms MarkObjects: 27.583400 ms  DeleteObjects: 0.098800 ms)

GPU Resident Drawer created.
GPU Resident Drawer disposed.
Entering Playmode with Reload Domain disabled.
If you experience any issues, please disable "Enter Play Mode Options" in Editor Settings
Entering Playmode with Reload Scene disabled. If you experience any issues, please disable "Enter Play Mode Options" in Editor Settings
GPU Resident Drawer created.
GPU Resident Drawer disposed.
Unloading 8 Unused Serialized files (Serialized files now loaded: 0)
Loaded scene 'Temp/__Backupscenes/0.backup'
	Deserialize:            1.487 ms
	Integration:            26.597 ms
	Integration of assets:  0.055 ms
	Thread Wait Time:       0.018 ms
	Total Operation Time:   28.157 ms
Unloading 22 unused Assets / (326.0 KB). Loaded Objects now: 9746.
Memory consumption went from 0.82 GB to 0.81 GB.
Total: 31.103200 ms (FindLiveObjects: 0.699800 ms CreateObjectMapping: 0.201400 ms MarkObjects: 29.715800 ms  DeleteObjects: 0.112400 ms)

GPU Resident Drawer created.
GPU Resident Drawer disposed.
Entering Playmode with Reload Domain disabled.
If you experience any issues, please disable "Enter Play Mode Options" in Editor Settings
Entering Playmode with Reload Scene disabled. If you experience any issues, please disable "Enter Play Mode Options" in Editor Settings
GPU Resident Drawer created.
Space pressed! isGrounded: True, Timer: 0
UnityEngine.Debug:ExtractStackTraceNoAlloc (byte*,int,string)
UnityEngine.StackTraceUtility:ExtractStackTrace ()
UnityEngine.DebugLogHandler:Internal_Log (UnityEngine.LogType,UnityEngine.LogOption,string,UnityEngine.Object)
UnityEngine.DebugLogHandler:LogFormat (UnityEngine.LogType,UnityEngine.Object,string,object[])
UnityEngine.Logger:Log (UnityEngine.LogType,object)
UnityEngine.Debug:Log (object)
Player:Update () (at Assets/Player.cs:66)

(Filename: Assets/Player.cs Line: 66)

Space pressed! isGrounded: True, Timer: -0.0001990409
UnityEngine.Debug:ExtractStackTraceNoAlloc (byte*,int,string)
UnityEngine.StackTraceUtility:ExtractStackTrace ()
UnityEngine.DebugLogHandler:Internal_Log (UnityEngine.LogType,UnityEngine.LogOption,string,UnityEngine.Object)
UnityEngine.DebugLogHandler:LogFormat (UnityEngine.LogType,UnityEngine.Object,string,object[])
UnityEngine.Logger:Log (UnityEngine.LogType,object)
UnityEngine.Debug:Log (object)
Player:Update () (at Assets/Player.cs:66)

(Filename: Assets/Player.cs Line: 66)

Space pressed! isGrounded: True, Timer: -0.0006081939
UnityEngine.Debug:ExtractStackTraceNoAlloc (byte*,int,string)
UnityEngine.StackTraceUtility:ExtractStackTrace ()
UnityEngine.DebugLogHandler:Internal_Log (UnityEngine.LogType,UnityEngine.LogOption,string,UnityEngine.Object)
UnityEngine.DebugLogHandler:LogFormat (UnityEngine.LogType,UnityEngine.Object,string,object[])
UnityEngine.Logger:Log (UnityEngine.LogType,object)
UnityEngine.Debug:Log (object)
Player:Update () (at Assets/Player.cs:66)

(Filename: Assets/Player.cs Line: 66)

Space pressed! isGrounded: True, Timer: -0.001630209
UnityEngine.Debug:ExtractStackTraceNoAlloc (byte*,int,string)
UnityEngine.StackTraceUtility:ExtractStackTrace ()
UnityEngine.DebugLogHandler:Internal_Log (UnityEngine.LogType,UnityEngine.LogOption,string,UnityEngine.Object)
UnityEngine.DebugLogHandler:LogFormat (UnityEngine.LogType,UnityEngine.Object,string,object[])
UnityEngine.Logger:Log (UnityEngine.LogType,object)
UnityEngine.Debug:Log (object)
Player:Update () (at Assets/Player.cs:66)

(Filename: Assets/Player.cs Line: 66)

Space pressed! isGrounded: True, Timer: -0.003419622
UnityEngine.Debug:ExtractStackTraceNoAlloc (byte*,int,string)
UnityEngine.StackTraceUtility:ExtractStackTrace ()
UnityEngine.DebugLogHandler:Internal_Log (UnityEngine.LogType,UnityEngine.LogOption,string,UnityEngine.Object)
UnityEngine.DebugLogHandler:LogFormat (UnityEngine.LogType,UnityEngine.Object,string,object[])
UnityEngine.Logger:Log (UnityEngine.LogType,object)
UnityEngine.Debug:Log (object)
Player:Update () (at Assets/Player.cs:66)

(Filename: Assets/Player.cs Line: 66)

Space pressed! isGrounded: False, Timer: -0.0005895346
UnityEngine.Debug:ExtractStackTraceNoAlloc (byte*,int,string)
UnityEngine.StackTraceUtility:ExtractStackTrace ()
UnityEngine.DebugLogHandler:Internal_Log (UnityEngine.LogType,UnityEngine.LogOption,string,UnityEngine.Object)
UnityEngine.DebugLogHandler:LogFormat (UnityEngine.LogType,UnityEngine.Object,string,object[])
UnityEngine.Logger:Log (UnityEngine.LogType,object)
UnityEngine.Debug:Log (object)
Player:Update () (at Assets/Player.cs:66)

(Filename: Assets/Player.cs Line: 66)

GPU Resident Drawer disposed.
Unloading 8 Unused Serialized files (Serialized files now loaded: 0)
Loaded scene 'Temp/__Backupscenes/0.backup'
	Deserialize:            3.035 ms
	Integration:            26.070 ms
	Integration of assets:  0.132 ms
	Thread Wait Time:       -0.088 ms
	Total Operation Time:   29.149 ms
Unloading 22 unused Assets / (66.8 KB). Loaded Objects now: 9752.
Memory consumption went from 0.82 GB to 0.82 GB.
Total: 28.920500 ms (FindLiveObjects: 0.789200 ms CreateObjectMapping: 0.349200 ms MarkObjects: 27.292100 ms  DeleteObjects: 0.110000 ms)

GPU Resident Drawer created.
GPU Resident Drawer disposed.
Entering Playmode with Reload Domain disabled.
If you experience any issues, please disable "Enter Play Mode Options" in Editor Settings
Entering Playmode with Reload Scene disabled. If you experience any issues, please disable "Enter Play Mode Options" in Editor Settings
GPU Resident Drawer created.
Space pressed! isGrounded: True, Timer: 0
UnityEngine.Debug:ExtractStackTraceNoAlloc (byte*,int,string)
UnityEngine.StackTraceUtility:ExtractStackTrace ()
UnityEngine.DebugLogHandler:Internal_Log (UnityEngine.LogType,UnityEngine.LogOption,string,UnityEngine.Object)
UnityEngine.DebugLogHandler:LogFormat (UnityEngine.LogType,UnityEngine.Object,string,object[])
UnityEngine.Logger:Log (UnityEngine.LogType,object)
UnityEngine.Debug:Log (object)
Player:Update () (at Assets/Player.cs:66)

(Filename: Assets/Player.cs Line: 66)

Space pressed! isGrounded: True, Timer: -0.002591272
UnityEngine.Debug:ExtractStackTraceNoAlloc (byte*,int,string)
UnityEngine.StackTraceUtility:ExtractStackTrace ()
UnityEngine.DebugLogHandler:Internal_Log (UnityEngine.LogType,UnityEngine.LogOption,string,UnityEngine.Object)
UnityEngine.DebugLogHandler:LogFormat (UnityEngine.LogType,UnityEngine.Object,string,object[])
UnityEngine.Logger:Log (UnityEngine.LogType,object)
UnityEngine.Debug:Log (object)
Player:Update () (at Assets/Player.cs:66)

(Filename: Assets/Player.cs Line: 66)

Space pressed! isGrounded: True, Timer: -0.001240065
UnityEngine.Debug:ExtractStackTraceNoAlloc (byte*,int,string)
UnityEngine.StackTraceUtility:ExtractStackTrace ()
UnityEngine.DebugLogHandler:Internal_Log (UnityEngine.LogType,UnityEngine.LogOption,string,UnityEngine.Object)
UnityEngine.DebugLogHandler:LogFormat (UnityEngine.LogType,UnityEngine.Object,string,object[])
UnityEngine.Logger:Log (UnityEngine.LogType,object)
UnityEngine.Debug:Log (object)
Player:Update () (at Assets/Player.cs:66)

(Filename: Assets/Player.cs Line: 66)

Space pressed! isGrounded: True, Timer: -0.003341412
UnityEngine.Debug:ExtractStackTraceNoAlloc (byte*,int,string)
UnityEngine.StackTraceUtility:ExtractStackTrace ()
UnityEngine.DebugLogHandler:Internal_Log (UnityEngine.LogType,UnityEngine.LogOption,string,UnityEngine.Object)
UnityEngine.DebugLogHandler:LogFormat (UnityEngine.LogType,UnityEngine.Object,string,object[])
UnityEngine.Logger:Log (UnityEngine.LogType,object)
UnityEngine.Debug:Log (object)
Player:Update () (at Assets/Player.cs:66)

(Filename: Assets/Player.cs Line: 66)

Space pressed! isGrounded: False, Timer: -0.001674487
UnityEngine.Debug:ExtractStackTraceNoAlloc (byte*,int,string)
UnityEngine.StackTraceUtility:ExtractStackTrace ()
UnityEngine.DebugLogHandler:Internal_Log (UnityEngine.LogType,UnityEngine.LogOption,string,UnityEngine.Object)
UnityEngine.DebugLogHandler:LogFormat (UnityEngine.LogType,UnityEngine.Object,string,object[])
UnityEngine.Logger:Log (UnityEngine.LogType,object)
UnityEngine.Debug:Log (object)
Player:Update () (at Assets/Player.cs:66)

(Filename: Assets/Player.cs Line: 66)

Space pressed! isGrounded: True, Timer: -0.001674487
UnityEngine.Debug:ExtractStackTraceNoAlloc (byte*,int,string)
UnityEngine.StackTraceUtility:ExtractStackTrace ()
UnityEngine.DebugLogHandler:Internal_Log (UnityEngine.LogType,UnityEngine.LogOption,string,UnityEngine.Object)
UnityEngine.DebugLogHandler:LogFormat (UnityEngine.LogType,UnityEngine.Object,string,object[])
UnityEngine.Logger:Log (UnityEngine.LogType,object)
UnityEngine.Debug:Log (object)
Player:Update () (at Assets/Player.cs:66)

(Filename: Assets/Player.cs Line: 66)

Space pressed! isGrounded: True, Timer: -0.00129111
UnityEngine.Debug:ExtractStackTraceNoAlloc (byte*,int,string)
UnityEngine.StackTraceUtility:ExtractStackTrace ()
UnityEngine.DebugLogHandler:Internal_Log (UnityEngine.LogType,UnityEngine.LogOption,string,UnityEngine.Object)
UnityEngine.DebugLogHandler:LogFormat (UnityEngine.LogType,UnityEngine.Object,string,object[])
UnityEngine.Logger:Log (UnityEngine.LogType,object)
UnityEngine.Debug:Log (object)
Player:Update () (at Assets/Player.cs:66)

(Filename: Assets/Player.cs Line: 66)

Space pressed! isGrounded: True, Timer: -0.000444402
UnityEngine.Debug:ExtractStackTraceNoAlloc (byte*,int,string)
UnityEngine.StackTraceUtility:ExtractStackTrace ()
UnityEngine.DebugLogHandler:Internal_Log (UnityEngine.LogType,UnityEngine.LogOption,string,UnityEngine.Object)
UnityEngine.DebugLogHandler:LogFormat (UnityEngine.LogType,UnityEngine.Object,string,object[])
UnityEngine.Logger:Log (UnityEngine.LogType,object)
UnityEngine.Debug:Log (object)
Player:Update () (at Assets/Player.cs:66)

(Filename: Assets/Player.cs Line: 66)

Space pressed! isGrounded: True, Timer: -0.002528771
UnityEngine.Debug:ExtractStackTraceNoAlloc (byte*,int,string)
UnityEngine.StackTraceUtility:ExtractStackTrace ()
UnityEngine.DebugLogHandler:Internal_Log (UnityEngine.LogType,UnityEngine.LogOption,string,UnityEngine.Object)
UnityEngine.DebugLogHandler:LogFormat (UnityEngine.LogType,UnityEngine.Object,string,object[])
UnityEngine.Logger:Log (UnityEngine.LogType,object)
UnityEngine.Debug:Log (object)
Player:Update () (at Assets/Player.cs:66)

(Filename: Assets/Player.cs Line: 66)

Space pressed! isGrounded: True, Timer: -0.002546787
UnityEngine.Debug:ExtractStackTraceNoAlloc (byte*,int,string)
UnityEngine.StackTraceUtility:ExtractStackTrace ()
UnityEngine.DebugLogHandler:Internal_Log (UnityEngine.LogType,UnityEngine.LogOption,string,UnityEngine.Object)
UnityEngine.DebugLogHandler:LogFormat (UnityEngine.LogType,UnityEngine.Object,string,object[])
UnityEngine.Logger:Log (UnityEngine.LogType,object)
UnityEngine.Debug:Log (object)
Player:Update () (at Assets/Player.cs:66)

(Filename: Assets/Player.cs Line: 66)

Asset Pipeline Refresh (id=328ac6c2a02b8c349bc320d756909f0a): Total: 0.018 seconds - Initiated by RefreshV2(NoUpdateAssetOptions)
GPU Resident Drawer disposed.
Unloading 4 Unused Serialized files (Serialized files now loaded: 0)
Loaded scene 'Temp/__Backupscenes/0.backup'
	Deserialize:            2.118 ms
	Integration:            27.212 ms
	Integration of assets:  0.094 ms
	Thread Wait Time:       0.004 ms
	Total Operation Time:   29.429 ms
Unloading 22 unused Assets / (297.4 KB). Loaded Objects now: 9758.
Memory consumption went from 0.82 GB to 0.82 GB.
Total: 33.311600 ms (FindLiveObjects: 0.834600 ms CreateObjectMapping: 0.446000 ms MarkObjects: 31.409000 ms  DeleteObjects: 0.114800 ms)

[Licensing::Client] Successfully resolved entitlement details
GPU Resident Drawer created.
Asset Pipeline Refresh (id=e52e1480df048254b845ce3694eedd2b): Total: 0.019 seconds - Initiated by RefreshV2(AllowForceSynchronousImport)
Asset Pipeline Refresh (id=4b9347dc48841164bb068bf9dcb42b6e): Total: 0.006 seconds - Initiated by RefreshV2(AllowForceSynchronousImport)
Asset Pipeline Refresh (id=eeba8706b43ceb844b5aa4b4f3ae3abd): Total: 0.004 seconds - Initiated by RefreshV2(AllowForceSynchronousImport)
Asset Pipeline Refresh (id=6a1241d00dd4eb24a9592b5cdc7e5a08): Total: 0.005 seconds - Initiated by RefreshV2(AllowForceSynchronousImport)
Asset Pipeline Refresh (id=b65740f5f25aef0459ece2a2f9e10add): Total: 0.009 seconds - Initiated by RefreshV2(AllowForceSynchronousImport)
Asset Pipeline Refresh (id=a6478ccbcc3c75f43b4e77e374d2e953): Total: 0.005 seconds - Initiated by RefreshV2(AllowForceSynchronousImport)
Asset Pipeline Refresh (id=6343723848ee048489bd80177c2915a0): Total: 0.005 seconds - Initiated by RefreshV2(AllowForceSynchronousImport)
Asset Pipeline Refresh (id=84e26aeae5258d947b719d91aae686a8): Total: 0.005 seconds - Initiated by RefreshV2(AllowForceSynchronousImport)
Asset Pipeline Refresh (id=bfccf29384267c44bb5a637eeff9477f): Total: 0.004 seconds - Initiated by RefreshV2(AllowForceSynchronousImport)
Asset Pipeline Refresh (id=fadca7417738a534abe86181be627cac): Total: 0.005 seconds - Initiated by RefreshV2(AllowForceSynchronousImport)
Asset Pipeline Refresh (id=5f88788e2a95adb4bac377088c399dcb): Total: 0.004 seconds - Initiated by RefreshV2(AllowForceSynchronousImport)
Asset Pipeline Refresh (id=02cebca104a37d341b66104d8b5ab5fd): Total: 0.014 seconds - Initiated by RefreshV2(AllowForceSynchronousImport)
Asset Pipeline Refresh (id=7c1353b43feb4024cb2d2ddfc1be145c): Total: 0.005 seconds - Initiated by RefreshV2(AllowForceSynchronousImport)
Asset Pipeline Refresh (id=85df4f716a409be4f92423001f44d35c): Total: 0.006 seconds - Initiated by RefreshV2(AllowForceSynchronousImport)
Asset Pipeline Refresh (id=9b7a693299278fe4cbca2cfb633ec891): Total: 0.004 seconds - Initiated by RefreshV2(AllowForceSynchronousImport)
Asset Pipeline Refresh (id=416eb129ef6f44144afcef99ef179903): Total: 0.005 seconds - Initiated by RefreshV2(AllowForceSynchronousImport)
Asset Pipeline Refresh (id=bffcf5f95ef8fb049b72c55e013dfd2d): Total: 0.016 seconds - Initiated by RefreshV2(AllowForceSynchronousImport)
[Worker0] Imported GUID: 6344bf96fbda94141a525046d088fb23 - Path: Packages/com.unity.probuilder/Content/Resources/Textures/GridBox_Default.png - Importer: PreviewImporter -> (ImportResultId: '134fb8a5521d2dc679f646176caa8c87') in 0.7906994 seconds
Asset Pipeline Refresh (id=8678a4fdeffa1aa4fbf6d81dcfae34ab): Total: 0.008 seconds - Initiated by RefreshV2(AllowForceSynchronousImport)
Asset Pipeline Refresh (id=b68e94ca955a3d24f9f3be15bef3ff10): Total: 0.011 seconds - Initiated by RefreshV2(AllowForceSynchronousImport)
Asset Pipeline Refresh (id=b8c6c5ef87faabd44a09de2bd64a922e): Total: 0.006 seconds - Initiated by RefreshV2(AllowForceSynchronousImport)
Asset Pipeline Refresh (id=6be51c6457a4cda439c4dcc1b9d05577): Total: 0.009 seconds - Initiated by RefreshV2(AllowForceSynchronousImport)
Asset Pipeline Refresh (id=1b5987e8241cd5d4f8b6f0162149211c): Total: 0.007 seconds - Initiated by RefreshV2(AllowForceSynchronousImport)
Asset Pipeline Refresh (id=c3225fd836a1cb042b943f53a5914fc1): Total: 0.009 seconds - Initiated by RefreshV2(AllowForceSynchronousImport)
Asset Pipeline Refresh (id=f753caa0133080046837cc6302dae7b6): Total: 0.005 seconds - Initiated by RefreshV2(AllowForceSynchronousImport)
Asset Pipeline Refresh (id=22eedc09509461545923433e9f930e0b): Total: 0.006 seconds - Initiated by RefreshV2(AllowForceSynchronousImport)
Asset Pipeline Refresh (id=b2b80f034b77ce34a963e08cb1092aff): Total: 0.005 seconds - Initiated by RefreshV2(AllowForceSynchronousImport)
Asset Pipeline Refresh (id=4c40171788e30fa4ea9b00ec79f56959): Total: 0.005 seconds - Initiated by RefreshV2(AllowForceSynchronousImport)
Asset Pipeline Refresh (id=a8f2f0719630ddc4e9a0941a3afd4b43): Total: 0.006 seconds - Initiated by RefreshV2(AllowForceSynchronousImport)
Asset Pipeline Refresh (id=62ddcd2a91af7c7499fdc38fa5c52677): Total: 0.005 seconds - Initiated by RefreshV2(AllowForceSynchronousImport)
Asset Pipeline Refresh (id=df904da11568ed447939cb0b0bcb6351): Total: 0.010 seconds - Initiated by RefreshV2(AllowForceSynchronousImport)
Asset Pipeline Refresh (id=820e1c7cd99df2847bd8666796b7d087): Total: 0.005 seconds - Initiated by RefreshV2(AllowForceSynchronousImport)
GPU Resident Drawer disposed.
Entering Playmode with Reload Domain disabled.
If you experience any issues, please disable "Enter Play Mode Options" in Editor Settings
Entering Playmode with Reload Scene disabled. If you experience any issues, please disable "Enter Play Mode Options" in Editor Settings
GPU Resident Drawer created.
GPU Resident Drawer disposed.
GPU Resident Drawer created.
GPU Resident Drawer disposed.
Unloading 7 Unused Serialized files (Serialized files now loaded: 0)
Loaded scene 'Temp/__Backupscenes/0.backup'
	Deserialize:            1.542 ms
	Integration:            27.920 ms
	Integration of assets:  0.093 ms
	Thread Wait Time:       -0.062 ms
	Total Operation Time:   29.493 ms
Unloading 28 unused Assets / (123.3 KB). Loaded Objects now: 10053.
Memory consumption went from 1.02 GB to 1.02 GB.
Total: 38.365100 ms (FindLiveObjects: 0.706400 ms CreateObjectMapping: 0.178300 ms MarkObjects: 37.039200 ms  DeleteObjects: 0.159300 ms)

GPU Resident Drawer created.
[Licensing::Client] Successfully resolved entitlement details
GPU Resident Drawer disposed.
GPU Resident Drawer created.
GPU Resident Drawer disposed.
Entering Playmode with Reload Domain disabled.
If you experience any issues, please disable "Enter Play Mode Options" in Editor Settings
Entering Playmode with Reload Scene disabled. If you experience any issues, please disable "Enter Play Mode Options" in Editor Settings
GPU Resident Drawer created.
GPU Resident Drawer disposed.
GPU Resident Drawer created.
GPU Resident Drawer disposed.
Unloading 9 Unused Serialized files (Serialized files now loaded: 0)
Loaded scene 'Temp/__Backupscenes/0.backup'
	Deserialize:            1.761 ms
	Integration:            28.887 ms
	Integration of assets:  0.059 ms
	Thread Wait Time:       0.018 ms
	Total Operation Time:   30.725 ms
Unloading 28 unused Assets / (371.1 KB). Loaded Objects now: 10065.
Memory consumption went from 1.02 GB to 1.02 GB.
Total: 35.369300 ms (FindLiveObjects: 0.760600 ms CreateObjectMapping: 0.287500 ms MarkObjects: 33.746200 ms  DeleteObjects: 0.174300 ms)

GPU Resident Drawer created.
GPU Resident Drawer disposed.
GPU Resident Drawer created.
Asset Pipeline Refresh (id=741dd53c00783974c8e779a0e13bbfe2): Total: 0.018 seconds - Initiated by RefreshV2(AllowForceSynchronousImport)
Asset Pipeline Refresh (id=eeab64ce7b3f418428e7ee8197e9eeda): Total: 0.004 seconds - Initiated by RefreshV2(AllowForceSynchronousImport)
[LAYOUT] About to load C:/Users/Duncan Joseph/AppData/Roaming/Unity/Editor-5.x/Preferences\Layouts\default\Default.wlt, keepMainWindow=True
[LAYOUT] About to save layout C:\Users\Duncan Joseph\Traversal Gameplay\UserSettings\Layouts\default-6000.dwlt
[LAYOUT] About to save layout C:/Users/Duncan Joseph/AppData/Roaming/Unity/Editor-5.x/Preferences\Layouts\current\default-6000.dwlt
[LAYOUT] About to load C:/Users/Duncan Joseph/AppData/Roaming/Unity/Editor-5.x/Preferences\Layouts\default\2 by 3.wlt, keepMainWindow=True
[LAYOUT] About to save layout C:\Users\Duncan Joseph\Traversal Gameplay\UserSettings\Layouts\default-6000.dwlt
[LAYOUT] About to save layout C:/Users/Duncan Joseph/AppData/Roaming/Unity/Editor-5.x/Preferences\Layouts\current\default-6000.dwlt
[LAYOUT] About to load C:/Users/Duncan Joseph/AppData/Roaming/Unity/Editor-5.x/Preferences\Layouts\default\4 Split.wlt, keepMainWindow=True
[LAYOUT] About to save layout C:\Users\Duncan Joseph\Traversal Gameplay\UserSettings\Layouts\default-6000.dwlt
[LAYOUT] About to save layout C:/Users/Duncan Joseph/AppData/Roaming/Unity/Editor-5.x/Preferences\Layouts\current\default-6000.dwlt
[LAYOUT] About to load C:/Users/Duncan Joseph/AppData/Roaming/Unity/Editor-5.x/Preferences\Layouts\default\Tall.wlt, keepMainWindow=True
[LAYOUT] About to save layout C:\Users\Duncan Joseph\Traversal Gameplay\UserSettings\Layouts\default-6000.dwlt
[LAYOUT] About to save layout C:/Users/Duncan Joseph/AppData/Roaming/Unity/Editor-5.x/Preferences\Layouts\current\default-6000.dwlt
[LAYOUT] About to load C:/Users/Duncan Joseph/AppData/Roaming/Unity/Editor-5.x/Preferences\Layouts\default\Default.wlt, keepMainWindow=True
[LAYOUT] About to save layout C:\Users\Duncan Joseph\Traversal Gameplay\UserSettings\Layouts\default-6000.dwlt
[LAYOUT] About to save layout C:/Users/Duncan Joseph/AppData/Roaming/Unity/Editor-5.x/Preferences\Layouts\current\default-6000.dwlt
Asset Pipeline Refresh (id=75ca6c9a216413e4ba13342c910e789a): Total: 0.008 seconds - Initiated by RefreshV2(AllowForceSynchronousImport)
Asset Pipeline Refresh (id=53cd4eef33596cd4d804f8ac74aac457): Total: 0.013 seconds - Initiated by RefreshV2(AllowForceSynchronousImport)
Asset Pipeline Refresh (id=49946f19a8f6bb44a8cb13e5a75d1afd): Total: 0.007 seconds - Initiated by RefreshV2(AllowForceSynchronousImport)
Asset Pipeline Refresh (id=dadfd0113e22f0b4a986cf7a10b09ca6): Total: 0.010 seconds - Initiated by RefreshV2(AllowForceSynchronousImport)
Asset Pipeline Refresh (id=7509e08ad8667084fa0841c0d696b555): Total: 0.007 seconds - Initiated by RefreshV2(AllowForceSynchronousImport)
Asset Pipeline Refresh (id=716d7debfa10b4f46a527f3bffcddc3f): Total: 0.006 seconds - Initiated by RefreshV2(AllowForceSynchronousImport)
Asset Pipeline Refresh (id=3c09442b362cdde45959510f35e99b2e): Total: 0.016 seconds - Initiated by RefreshV2(AllowForceSynchronousImport)
Asset Pipeline Refresh (id=d4dc01367629da244a5ba99f53e3e776): Total: 0.006 seconds - Initiated by RefreshV2(AllowForceSynchronousImport)
Asset Pipeline Refresh (id=c45ec95ed84c5e1429122322db1a17d8): Total: 0.006 seconds - Initiated by RefreshV2(AllowForceSynchronousImport)
Asset Pipeline Refresh (id=46306d3e600884f4d8b0c158fe88efd7): Total: 0.005 seconds - Initiated by RefreshV2(AllowForceSynchronousImport)
Importing 'GUID: d04dbd8976bd96346bc03bf4b40412ad - Path: Assets/Animation' with importer (DefaultImporter)
Imported 'GUID: d04dbd8976bd96346bc03bf4b40412ad' -> (Import Result ID: '699f1ecd2a3363702cc9ff4cc44a0984') in 0.037 seconds [static dependencies only]. Details - ImportResultOutputID=2bd168d0f0f71aca9fa531354657201a DependenciesID=69622c954aea6a2d57b4cc2c34e16d07 StaticDependenciesID=f25980ec16df59e9ee37f4544b6d2aaf 
Refreshing native plugins compatible for Editor in 4.19 ms, found 4 plugins.

Asset Pipeline Refresh (id=2852ea0a47542874e9d8f9c02cdcd1a6): Total: 0.455 seconds - Initiated by StopAssetImportingV2(NoUpdateAssetOptions)
	(Values over 0.05ms)
	Summary:
		Imports: total=1 (actual=1, local cache=0, cache server=0)
		Asset DB Process Time: managed=9 ms, native=338 ms
		Asset DB Callback time: managed=62 ms, native=44 ms
		Scripting: domain reloads=0, domain reload time=0 ms, compile time=0 ms, other=0 ms
		Project Asset Count: scripts=1444, non-scripts=2806
		Asset File Changes: new=1, changed=1, moved=0, deleted=0
		Scan Filter Count: 2
	ApplyChangesToAssetFolders: 0.100ms
	Scan: 72.002ms
	Collect global state as custom dependencies: 0.406ms
	OnSourceAssetsModified: 8.813ms
	CategorizeScriptCompilationAssets: 0.754ms
	ProcessAssetsWithTransientArtifactChanges: 2.087ms
	CategorizeAssets: 135.825ms
	ImportOutOfDateAssets: 55.223ms (1.251ms without children)
		ImportManagerImport: 46.483ms (4.873ms without children)
		ReloadNativeAssets: 0.578ms
		UnloadImportedAssets: 0.355ms
		EnsureUptoDateAssetsAreRegisteredWithGuidPM: 0.838ms
		InitializingProgressBar: 0.198ms
		ImportSchedulerStart: 5.519ms
	PostProcessAllAssets: 50.143ms
		XRBuildSystem.XRAssetImported 26.065ms
		VCAutoAddAssetPostprocess 0.249ms
		AssemblyValidation.PostprocessAllAssets 0.227ms
		PostProcessCallbackCreateDeferredMaterials 0.216ms
		VersionControlSettings.HiddenFilePostprocess 0.105ms
		ObjectImages.AssetImported 0.057ms
		MonoPostProcessAllAssets: 19.815ms
			SyncVS.PostprocessSyncProject 6.144ms
			ShaderGraphAssetPostProcessor.OnPostprocessAllAssets 1.991ms
			ConfigAssetsTracker.OnPostprocessAllAssets 1.485ms
			AssetPostprocessor.OnPostprocessAllAssets 1.274ms
			RenderPipelineGlobalSettingsPostprocessor.OnPostprocessAllAssets 1.221ms
			MaterialPostprocessor.OnPostprocessAllAssets 0.745ms
			AssetChangedListener.OnPostprocessAllAssets 0.712ms
			RetainedModeAssetPostprocessor.OnPostprocessAllAssets 0.708ms
			TerrainToolbarOverlayPostProcessor.OnPostprocessAllAssets 0.441ms
			UniversalRenderPipelineGlobalSettingsPostprocessor.OnPostprocessAllAssets 0.414ms
			WindowAssetPostprocessingWatcher.OnPostprocessAllAssets 0.379ms
			TextAssetPostProcessor.OnPostprocessAllAssets 0.313ms
			TMPro_TexturePostProcessor.OnPostprocessAllAssets 0.291ms
			ScenarioDriftAssetsTracker.OnPostprocessAllAssets 0.255ms
	PostAssetChangesProfiler: 48.989ms
	GatherAllCurrentPrimaryImportResultRevisions: 0.156ms
	UnloadStreamsBegin: 1.947ms
	PersistCurrentRevisions: 0.240ms
	Untracked: 78.396ms

[Worker1] Imported GUID: d04dbd8976bd96346bc03bf4b40412ad - Path: Assets/Animation - Importer: ScriptedImporter/UnityEditor.QuickSearchModule:UnityEditor.Search:ASIAI0B -> (ImportResultId: 'f4d3b7c6c2c691a3e3865061d64b08dd') in 0.8137472 seconds
Asset Pipeline Refresh (id=9ffa9a70edbead747a11e5c9c56da2ca): Total: 0.019 seconds - Initiated by RefreshV2(AllowForceSynchronousImport)
[Worker0] Imported GUID: d04dbd8976bd96346bc03bf4b40412ad - Path: Assets/Animation - Importer: PreviewImporter -> (ImportResultId: '8d5fdfd29864d84678ff049d795febd5') in 0.0324347 seconds
Asset Pipeline Refresh (id=c69542176932f3c4ea073b59c5db79ff): Total: 0.006 seconds - Initiated by RefreshV2(AllowForceSynchronousImport)
Asset Pipeline Refresh (id=4cea513e1c1a1484b99d75b41090487d): Total: 0.006 seconds - Initiated by RefreshV2(AllowForceSynchronousImport)
Asset Pipeline Refresh (id=9cdd5e6a38bbd0c48b50db7d00645014): Total: 0.007 seconds - Initiated by RefreshV2(AllowForceSynchronousImport)
Asset Pipeline Refresh (id=7152a063123bfb04782aa86736cceb08): Total: 0.006 seconds - Initiated by RefreshV2(AllowForceSynchronousImport)
Asset Pipeline Refresh (id=413ce4fc7ed51e3499146ac8c0492f94): Total: 0.008 seconds - Initiated by RefreshV2(AllowForceSynchronousImport)
Asset Pipeline Refresh (id=e126618d27d6405488aed869900ec578): Total: 0.007 seconds - Initiated by RefreshV2(AllowForceSynchronousImport)
Importing 'GUID: 2fbbbbb568b0ded48b4c2b3845d3f0ca - Path: Assets/Animation/Move_Platform.controller' with importer (NativeFormatImporter)
Imported 'GUID: 2fbbbbb568b0ded48b4c2b3845d3f0ca' -> (Import Result ID: 'feb321fce8218f9198974e26ff1dbd02') in 0.003 seconds [static dependencies only]. Details - ImportResultOutputID=491589c5d3034dfb5a2c91e2224c4a2a DependenciesID=5d2b08f02265e45c0a6461e65799a0f0 StaticDependenciesID=67b8c4b33b2c8a19991699b0c8b21bfb 
Refreshing native plugins compatible for Editor in 6.59 ms, found 4 plugins.
Asset Pipeline Refresh (id=8b6909069777e3c4187e9b38fbbe4b9c): Total: 0.087 seconds - Initiated by StopAssetImportingV2(NoUpdateAssetOptions)
[Worker0] Imported GUID: 2fbbbbb568b0ded48b4c2b3845d3f0ca - Path: Assets/Animation/Move_Platform.controller - Importer: PreviewImporter -> (ImportResultId: '5d5f699540e93699de4ea954eb44e980') in 0.0665426 seconds
[Worker0] Imported GUID: 2fbbbbb568b0ded48b4c2b3845d3f0ca - Path: Assets/Animation/Move_Platform.controller - Importer: ScriptedImporter/UnityEditor.QuickSearchModule:UnityEditor.Search:ASIAI0B -> (ImportResultId: 'c9948ef5968add5b5e5ff50744bb976f') in 0.091962 seconds
Refreshing native plugins compatible for Editor in 2.20 ms, found 4 plugins.
Asset Pipeline Refresh (id=1d20df56c5da8bd43b071a07eba65e2b): Total: 0.065 seconds - Initiated by StopAssetImportingV2(NoUpdateAssetOptions)
Asset Pipeline Refresh (id=4f6d4c712eb9ec14fb5b243f22c67f79): Total: 0.022 seconds - Initiated by RefreshV2(ForceSynchronousImport)
Importing 'GUID: f4c299ee05b2808478111a1e4306587a - Path: Assets/Animation/MovePlatform.anim' with importer (NativeFormatImporter)
Imported 'GUID: f4c299ee05b2808478111a1e4306587a' -> (Import Result ID: '98b43c597b5f9fb73c19936d8ec12921') in 0.001 seconds [static dependencies only]. Details - ImportResultOutputID=78aabc956f685237818722d42852e01b DependenciesID=9073a48ae33c2fd885b4d404d55b9431 StaticDependenciesID=5f4e6cc9fcba228feb728a71a9fdf8b0 
Refreshing native plugins compatible for Editor in 2.80 ms, found 4 plugins.
Asset Pipeline Refresh (id=5433c636ec5f4f54cbdb12d4d2c0842c): Total: 0.071 seconds - Initiated by StopAssetImportingV2(NoUpdateAssetOptions)
[Worker0] Imported GUID: f4c299ee05b2808478111a1e4306587a - Path: Assets/Animation/MovePlatform.anim - Importer: PreviewImporter -> (ImportResultId: 'babb4eafe083c346f12041c47421ce41') in 0.0210929 seconds
[Worker0] Imported GUID: f4c299ee05b2808478111a1e4306587a - Path: Assets/Animation/MovePlatform.anim - Importer: ScriptedImporter/UnityEditor.QuickSearchModule:UnityEditor.Search:ASIAI0B -> (ImportResultId: '22665ab606ce2aeb949882bc2fe67b66') in 0.1627699 seconds
Asset Pipeline Refresh (id=c8998324a08b7f04a8024735f7ac2a16): Total: 0.020 seconds - Initiated by RefreshV2(AllowForceSynchronousImport)
Asset Pipeline Refresh (id=fc0330dd6d94c3a4eb7cd444ebb73e8a): Total: 0.008 seconds - Initiated by RefreshV2(AllowForceSynchronousImport)
Asset Pipeline Refresh (id=d955fba8e477d0744a7f14a24c9750b3): Total: 0.005 seconds - Initiated by RefreshV2(AllowForceSynchronousImport)
Asset Pipeline Refresh (id=62ece7fea9df7624b8ce6ff91ccf64e0): Total: 0.005 seconds - Initiated by RefreshV2(AllowForceSynchronousImport)
Asset Pipeline Refresh (id=92aab1ead09d93a4c9d43b809f2fb642): Total: 0.005 seconds - Initiated by RefreshV2(AllowForceSynchronousImport)
Importing 'GUID: 00000000000000009000000000000000 - Path: ProjectSettings/QualitySettings.asset' with importer (LibraryAssetImporter)
Imported 'GUID: 00000000000000009000000000000000' -> (Import Result ID: '8151b601d05d3e12de314c2aa1f82962') in 0.002 seconds [static dependencies only]. Details - ImportResultOutputID=2a108b3da874f726c62fbe5f12be4a8a DependenciesID=6180c49ef29638684367d2893c04e070 StaticDependenciesID=5b19720d9149525484b40148944c8e26 
Importing 'GUID: c22777d6e868e4f2fb421913386b154e - Path: Packages/com.unity.probuilder/Content/Resources/Materials/ProBuilderDefault.mat' with importer (NativeFormatImporter)
Imported 'GUID: c22777d6e868e4f2fb421913386b154e' -> (Import Result ID: '81feccf3c9b6ddb552253be7fd0a8f04') in 0.002 seconds [static dependencies only]. Details - ImportResultOutputID=ac1e421262df60e4e0b869edb87ff084 DependenciesID=d0598d5f295f8d794f93899e223608b8 StaticDependenciesID=9ff0cacd4d653408c3da5ad738434f98 
Importing 'GUID: f4c299ee05b2808478111a1e4306587a - Path: Assets/Animation/MovePlatform.anim' with importer (NativeFormatImporter)
Imported 'GUID: f4c299ee05b2808478111a1e4306587a' -> (Import Result ID: '804241601efd731207f9ec9d31b7ea1f') in 0.001 seconds [static dependencies only]. Details - ImportResultOutputID=78aabc956f685237818722d42852e01b DependenciesID=325a0166ae38ac6b084c4bf2389c86ca StaticDependenciesID=55954722d93080af3cdd2eb1c082d924 
Importing 'GUID: 86e78c18e72ec1d4e9ac883cb8db5dce - Path: Assets/New Material.mat' with importer (NativeFormatImporter)
Imported 'GUID: 86e78c18e72ec1d4e9ac883cb8db5dce' -> (Import Result ID: '322e15aa8cda822ddee34b67bf89fc85') in 0.002 seconds [static dependencies only]. Details - ImportResultOutputID=df0a44c87511f4d361e4a8a833d32d85 DependenciesID=7e323ebc2ecdffb84d06c7e180a3d4c4 StaticDependenciesID=9fb93cc6eee1bfdcc133951bebf8c914 
Refreshing native plugins compatible for Editor in 2.29 ms, found 4 plugins.
Asset Pipeline Refresh (id=07a0dde3e16b1b441b367bc37069d4a0): Total: 0.077 seconds - Initiated by StopAssetImportingV2(NoUpdateAssetOptions)
Importing 'GUID: 6b6b53d4c2b2ad04daa15ba42a8e8495 - Path: Assets/Animation/Cube (5).controller' with importer (NativeFormatImporter)
Imported 'GUID: 6b6b53d4c2b2ad04daa15ba42a8e8495' -> (Import Result ID: 'dbceb26c0a46ec36cffb1f4995e89f14') in 0.002 seconds [static dependencies only]. Details - ImportResultOutputID=aded740c5e191f59bdc518d4bc339149 DependenciesID=de9c611ddbac234d776a1fe717cb7716 StaticDependenciesID=5a323a4c4709866ca335c8f4bfaeda47 
Refreshing native plugins compatible for Editor in 2.18 ms, found 4 plugins.
Asset Pipeline Refresh (id=0c97136335689724ebd09a589abbfd70): Total: 0.087 seconds - Initiated by StopAssetImportingV2(NoUpdateAssetOptions)
[Worker0] Imported GUID: 86e78c18e72ec1d4e9ac883cb8db5dce - Path: Assets/New Material.mat - Importer: ScriptedImporter/UnityEditor.QuickSearchModule:UnityEditor.Search:ASIAI0B -> (ImportResultId: 'fb2e207accf54257cbf2cae4257133bb') in 0.1702398 seconds
[Worker0] Imported GUID: 6b6b53d4c2b2ad04daa15ba42a8e8495 - Path: Assets/Animation/Cube (5).controller - Importer: ScriptedImporter/UnityEditor.QuickSearchModule:UnityEditor.Search:ASIAI0B -> (ImportResultId: '4689988b1b053ea17da59227ee91a9cf') in 0.0275889 seconds
[Worker1] Imported GUID: f4c299ee05b2808478111a1e4306587a - Path: Assets/Animation/MovePlatform.anim - Importer: ScriptedImporter/UnityEditor.QuickSearchModule:UnityEditor.Search:ASIAI0B -> (ImportResultId: 'f6a82a8cf7eca9635871b46e82192053') in 0.557246 seconds
Asset Pipeline Refresh (id=ca2f625ed032ce04ab1f2d79d0ad0f12): Total: 0.019 seconds - Initiated by RefreshV2(AllowForceSynchronousImport)
Asset Pipeline Refresh (id=1ee5df0d1c2bfa14487488872c92f07f): Total: 0.005 seconds - Initiated by RefreshV2(AllowForceSynchronousImport)
Asset Pipeline Refresh (id=b1684c29d9a25474c8733f284d3b1d0d): Total: 0.008 seconds - Initiated by RefreshV2(AllowForceSynchronousImport)
Asset Pipeline Refresh (id=7283d2f30de26b44eb026b6cc3f0cd06): Total: 0.005 seconds - Initiated by RefreshV2(AllowForceSynchronousImport)
Asset Pipeline Refresh (id=89911ca0fd920e645b7e85945d04c7ae): Total: 0.005 seconds - Initiated by RefreshV2(AllowForceSynchronousImport)
Asset Pipeline Refresh (id=c115a1af6f7786d428981e03716aac2c): Total: 0.009 seconds - Initiated by RefreshV2(AllowForceSynchronousImport)
Asset Pipeline Refresh (id=bbc08d9dd1081a9489e801bdb6506975): Total: 0.006 seconds - Initiated by RefreshV2(AllowForceSynchronousImport)
Asset Pipeline Refresh (id=882ecc2bb1ece0046a4d4eb98f1fe1ec): Total: 0.006 seconds - Initiated by RefreshV2(AllowForceSynchronousImport)
Asset Pipeline Refresh (id=0644a0bc2594a9448be4cbc553a0a1e2): Total: 0.005 seconds - Initiated by RefreshV2(AllowForceSynchronousImport)
Asset Pipeline Refresh (id=8f7685f23d07cb6439c20ff5490306d9): Total: 0.006 seconds - Initiated by RefreshV2(AllowForceSynchronousImport)
Asset Pipeline Refresh (id=458dd53c27dceb346af2b5082b9568e3): Total: 0.005 seconds - Initiated by RefreshV2(AllowForceSynchronousImport)
Asset Pipeline Refresh (id=fc2f43b829f24c947a07a47c87621c1e): Total: 0.005 seconds - Initiated by RefreshV2(AllowForceSynchronousImport)
GPU Resident Drawer disposed.
Entering Playmode with Reload Domain disabled.
If you experience any issues, please disable "Enter Play Mode Options" in Editor Settings
Entering Playmode with Reload Scene disabled. If you experience any issues, please disable "Enter Play Mode Options" in Editor Settings
GPU Resident Drawer created.
Space pressed! isGrounded: True, Timer: 0
UnityEngine.Debug:ExtractStackTraceNoAlloc (byte*,int,string)
UnityEngine.StackTraceUtility:ExtractStackTrace ()
UnityEngine.DebugLogHandler:Internal_Log (UnityEngine.LogType,UnityEngine.LogOption,string,UnityEngine.Object)
UnityEngine.DebugLogHandler:LogFormat (UnityEngine.LogType,UnityEngine.Object,string,object[])
UnityEngine.Logger:Log (UnityEngine.LogType,object)
UnityEngine.Debug:Log (object)
Player:Update () (at Assets/Player.cs:66)

(Filename: Assets/Player.cs Line: 66)

Space pressed! isGrounded: True, Timer: -0.002549354
UnityEngine.Debug:ExtractStackTraceNoAlloc (byte*,int,string)
UnityEngine.StackTraceUtility:ExtractStackTrace ()
UnityEngine.DebugLogHandler:Internal_Log (UnityEngine.LogType,UnityEngine.LogOption,string,UnityEngine.Object)
UnityEngine.DebugLogHandler:LogFormat (UnityEngine.LogType,UnityEngine.Object,string,object[])
UnityEngine.Logger:Log (UnityEngine.LogType,object)
UnityEngine.Debug:Log (object)
Player:Update () (at Assets/Player.cs:66)

(Filename: Assets/Player.cs Line: 66)

Space pressed! isGrounded: False, Timer: -0.0007867329
UnityEngine.Debug:ExtractStackTraceNoAlloc (byte*,int,string)
UnityEngine.StackTraceUtility:ExtractStackTrace ()
UnityEngine.DebugLogHandler:Internal_Log (UnityEngine.LogType,UnityEngine.LogOption,string,UnityEngine.Object)
UnityEngine.DebugLogHandler:LogFormat (UnityEngine.LogType,UnityEngine.Object,string,object[])
UnityEngine.Logger:Log (UnityEngine.LogType,object)
UnityEngine.Debug:Log (object)
Player:Update () (at Assets/Player.cs:66)

(Filename: Assets/Player.cs Line: 66)

GPU Resident Drawer disposed.
Unloading 3 Unused Serialized files (Serialized files now loaded: 0)
Loaded scene 'Temp/__Backupscenes/0.backup'
	Deserialize:            1.716 ms
	Integration:            92.684 ms
	Integration of assets:  0.082 ms
	Thread Wait Time:       0.018 ms
	Total Operation Time:   94.499 ms
Unloading 69 unused Assets / (2.2 MB). Loaded Objects now: 10360.
Memory consumption went from 1.05 GB to 1.05 GB.
Total: 74.416900 ms (FindLiveObjects: 0.877700 ms CreateObjectMapping: 0.535100 ms MarkObjects: 72.416300 ms  DeleteObjects: 0.274400 ms)

[Licensing::Client] Successfully resolved entitlement details
GPU Resident Drawer created.
GPU Resident Drawer disposed.
Entering Playmode with Reload Domain disabled.
If you experience any issues, please disable "Enter Play Mode Options" in Editor Settings
Entering Playmode with Reload Scene disabled. If you experience any issues, please disable "Enter Play Mode Options" in Editor Settings
GPU Resident Drawer created.
GPU Resident Drawer disposed.
Unloading 4 Unused Serialized files (Serialized files now loaded: 0)
Loaded scene 'Temp/__Backupscenes/0.backup'
	Deserialize:            2.490 ms
	Integration:            68.517 ms
	Integration of assets:  0.140 ms
	Thread Wait Time:       -0.081 ms
	Total Operation Time:   71.066 ms
Unloading 9 unused Assets / (1.0 MB). Loaded Objects now: 10366.
Memory consumption went from 1.05 GB to 1.05 GB.
Total: 82.289300 ms (FindLiveObjects: 1.060500 ms CreateObjectMapping: 0.534700 ms MarkObjects: 80.146600 ms  DeleteObjects: 0.138800 ms)

GPU Resident Drawer created.
[Licensing::Client] Successfully resolved entitlement details
GPU Resident Drawer disposed.
Entering Playmode with Reload Domain disabled.
If you experience any issues, please disable "Enter Play Mode Options" in Editor Settings
Entering Playmode with Reload Scene disabled. If you experience any issues, please disable "Enter Play Mode Options" in Editor Settings
GPU Resident Drawer created.
Space pressed! isGrounded: True, Timer: 0
UnityEngine.Debug:ExtractStackTraceNoAlloc (byte*,int,string)
UnityEngine.StackTraceUtility:ExtractStackTrace ()
UnityEngine.DebugLogHandler:Internal_Log (UnityEngine.LogType,UnityEngine.LogOption,string,UnityEngine.Object)
UnityEngine.DebugLogHandler:LogFormat (UnityEngine.LogType,UnityEngine.Object,string,object[])
UnityEngine.Logger:Log (UnityEngine.LogType,object)
UnityEngine.Debug:Log (object)
Player:Update () (at Assets/Player.cs:66)

(Filename: Assets/Player.cs Line: 66)

Space pressed! isGrounded: True, Timer: -0.004020967
UnityEngine.Debug:ExtractStackTraceNoAlloc (byte*,int,string)
UnityEngine.StackTraceUtility:ExtractStackTrace ()
UnityEngine.DebugLogHandler:Internal_Log (UnityEngine.LogType,UnityEngine.LogOption,string,UnityEngine.Object)
UnityEngine.DebugLogHandler:LogFormat (UnityEngine.LogType,UnityEngine.Object,string,object[])
UnityEngine.Logger:Log (UnityEngine.LogType,object)
UnityEngine.Debug:Log (object)
Player:Update () (at Assets/Player.cs:66)

(Filename: Assets/Player.cs Line: 66)

Space pressed! isGrounded: True, Timer: -9.313878E-05
UnityEngine.Debug:ExtractStackTraceNoAlloc (byte*,int,string)
UnityEngine.StackTraceUtility:ExtractStackTrace ()
UnityEngine.DebugLogHandler:Internal_Log (UnityEngine.LogType,UnityEngine.LogOption,string,UnityEngine.Object)
UnityEngine.DebugLogHandler:LogFormat (UnityEngine.LogType,UnityEngine.Object,string,object[])
UnityEngine.Logger:Log (UnityEngine.LogType,object)
UnityEngine.Debug:Log (object)
Player:Update () (at Assets/Player.cs:66)

(Filename: Assets/Player.cs Line: 66)

Space pressed! isGrounded: False, Timer: -0.0001407005
UnityEngine.Debug:ExtractStackTraceNoAlloc (byte*,int,string)
UnityEngine.StackTraceUtility:ExtractStackTrace ()
UnityEngine.DebugLogHandler:Internal_Log (UnityEngine.LogType,UnityEngine.LogOption,string,UnityEngine.Object)
UnityEngine.DebugLogHandler:LogFormat (UnityEngine.LogType,UnityEngine.Object,string,object[])
UnityEngine.Logger:Log (UnityEngine.LogType,object)
UnityEngine.Debug:Log (object)
Player:Update () (at Assets/Player.cs:66)

(Filename: Assets/Player.cs Line: 66)

Space pressed! isGrounded: False, Timer: -0.0001407005
UnityEngine.Debug:ExtractStackTraceNoAlloc (byte*,int,string)
UnityEngine.StackTraceUtility:ExtractStackTrace ()
UnityEngine.DebugLogHandler:Internal_Log (UnityEngine.LogType,UnityEngine.LogOption,string,UnityEngine.Object)
UnityEngine.DebugLogHandler:LogFormat (UnityEngine.LogType,UnityEngine.Object,string,object[])
UnityEngine.Logger:Log (UnityEngine.LogType,object)
UnityEngine.Debug:Log (object)
Player:Update () (at Assets/Player.cs:66)

(Filename: Assets/Player.cs Line: 66)

GPU Resident Drawer disposed.
Unloading 5 Unused Serialized files (Serialized files now loaded: 0)
Loaded scene 'Temp/__Backupscenes/0.backup'
	Deserialize:            1.745 ms
	Integration:            52.466 ms
	Integration of assets:  0.058 ms
	Thread Wait Time:       0.018 ms
	Total Operation Time:   54.288 ms
Unloading 9 unused Assets / (0.7 MB). Loaded Objects now: 10378.
Memory consumption went from 1.05 GB to 1.05 GB.
Total: 62.303300 ms (FindLiveObjects: 0.880800 ms CreateObjectMapping: 0.147700 ms MarkObjects: 60.857600 ms  DeleteObjects: 0.095400 ms)

GPU Resident Drawer created.
Asset Pipeline Refresh (id=25b1cf016402e264aa04a63561f4c513): Total: 0.018 seconds - Initiated by RefreshV2(AllowForceSynchronousImport)
[Worker0] Imported GUID: 6b6b53d4c2b2ad04daa15ba42a8e8495 - Path: Assets/Animation/Cube (5).controller - Importer: PreviewImporter -> (ImportResultId: '2214db2a31ca87a61e8bd7c8368dc4b5') in 0.0172203 seconds
Asset Pipeline Refresh (id=ff8b752015b49e34fbc8fdaea9cf08d3): Total: 0.006 seconds - Initiated by RefreshV2(AllowForceSynchronousImport)
[Worker0] Imported GUID: 86e78c18e72ec1d4e9ac883cb8db5dce - Path: Assets/New Material.mat - Importer: PreviewImporter -> (ImportResultId: '16f0d8118b3eba8a3b8f9116e2a63941') in 5.9212511 seconds
[ScriptCompilation] Requested script compilation because: AssetDatabase observed changes in script compilation related files
Refreshing native plugins compatible for Editor in 2.81 ms, found 4 plugins.

Asset Pipeline Refresh (id=f5a452e7673d9444da9ea7a62c31cf3f): Total: 0.738 seconds - Initiated by StopAssetImportingV2(NoUpdateAssetOptions)
	(Values over 0.05ms)
	Summary:
		Imports: total=0 (actual=0, local cache=0, cache server=0)
		Asset DB Process Time: managed=0 ms, native=232 ms
		Asset DB Callback time: managed=493 ms, native=11 ms
		Scripting: domain reloads=0, domain reload time=0 ms, compile time=2 ms, other=0 ms
		Project Asset Count: scripts=1444, non-scripts=2808
		Asset File Changes: new=1, changed=1, moved=0, deleted=0
		Scan Filter Count: 2
	ApplyChangesToAssetFolders: 0.109ms
	Scan: 20.500ms
	Collect global state as custom dependencies: 0.388ms
	OnSourceAssetsModified: 0.052ms
	CategorizeScriptCompilationAssets: 0.460ms
	ProcessAssetsWithTransientArtifactChanges: 1.282ms
	CategorizeAssets: 20.792ms
	CompileScripts: 1.751ms
	ImportOutOfDateAssets: 1.764ms (0.266ms without children)
		UnloadImportedAssets: 0.202ms
		EnsureUptoDateAssetsAreRegisteredWithGuidPM: 0.705ms
		ImportSchedulerStart: 0.542ms
	PostProcessAllAssets: 494.553ms
		XRBuildSystem.XRAssetImported 6.654ms
		PostProcessCallbackCreateDeferredMaterials 0.482ms
		ShaderAssetModifiedCallback 0.200ms
		MonoPostProcessAllAssets: 486.930ms
			SyncVS.PostprocessSyncProject 485.693ms
			ConfigAssetsTracker.OnPostprocessAllAssets 0.597ms
			RenderPipelineGlobalSettingsPostprocessor.OnPostprocessAllAssets 0.100ms
			ShaderGraphAssetPostProcessor.OnPostprocessAllAssets 0.092ms
			AssetPostprocessor.OnPostprocessAllAssets 0.063ms
			AssetChangedListener.OnPostprocessAllAssets 0.058ms
	PostAssetChangesProfiler: 9.941ms
	GatherAllCurrentPrimaryImportResultRevisions: 0.194ms
	PersistCurrentRevisions: 0.109ms
	Untracked: 186.460ms

Starting: C:\Program Files\Unity\Hub\Editor\6000.6.0f1\Editor\Data\Tools\BuildPipeline\bee_backend.exe --ipc --defer-dag-verification --dagfile="Library/Bee/1900b0aE.dag" --continue-on-failure --profile="Library/Bee/backend1.traceevents" ScriptAssemblies
WorkingDir: C:/Users/Duncan Joseph/Traversal Gameplay
Starting: C:\Program Files\Unity\Hub\Editor\6000.6.0f1\Editor\Data\DotNetSdk\dotnet.exe "C:\Program Files\Unity\Hub\Editor\6000.6.0f1\Editor\Data\Tools\BuildPipeline\ScriptCompilationBuildProgram.exe" "Library/Bee/1900b0aE.dag.json" "Library/Bee/1900b0aE-inputdata.json" "Library\Bee\buildprogram0.traceevents"
WorkingDir: C:/Users/Duncan Joseph/Traversal Gameplay
ExitCode: 4 Duration: 0s754ms
Rebuilding DAG because FileSignature timestamp changed: Library/Bee/1900b0aE-inputdata.json
[ 816/1069  0s] ILPP-Configuration Library/ilpp-configuration.nevergeneratedoutput
*** Tundra requires additional run (0.54 seconds), 1 items updated, 814 evaluated
[Worker0] Imported GUID: a8eed8dd4cc0a324cafc26bc64d58e69 - Path: Assets/AttachPlayer.cs - Importer: ScriptedImporter/UnityEditor.QuickSearchModule:UnityEditor.Search:ASIAI0B -> (ImportResultId: '2f4f8b8980ce8ebc7999b08cb42e7bbe') in 0.0584104 seconds
[Worker0] Imported GUID: a8eed8dd4cc0a324cafc26bc64d58e69 - Path: Assets/AttachPlayer.cs - Importer: PreviewImporter -> (ImportResultId: '0f117bdaa40f4f7ade00ba88394ca3ea') in 0.0212683 seconds
ExitCode: 0 Duration: 4s273ms
Starting: C:\Program Files\Unity\Hub\Editor\6000.6.0f1\Editor\Data\Tools\BuildPipeline\bee_backend.exe --ipc --defer-dag-verification --dagfile="Library/Bee/1900b0aE.dag" --continue-on-failure --dagfilejson="Library\Bee\1900b0aE.dag.json" --profile="Library/Bee/backend2.traceevents" ScriptAssemblies
WorkingDir: C:/Users/Duncan Joseph/Traversal Gameplay
ExitCode: 0 Duration: 6s421ms
Finished compiling graph: 1072 nodes, 21226 flattened edges (18018 ToBuild, 166 ToUse), maximum node priority 1142
[ 563/1069  0s] WriteText Library/Bee/artifacts/1900b0aE.dag/Assembly-CSharp.rsp
[ 826/1069  0s] ILPP-Configuration Library/ilpp-configuration.nevergeneratedoutput
[1061/1069  2s] Csc Library/Bee/artifacts/1900b0aE.dag/Assembly-CSharp.dll (+2 others)
[1062/1069  0s] ILPostProcess Library/Bee/artifacts/1900b0aE.dag/post-processed/Assembly-CSharp.dll (+pdb)
Processing assembly Library/Bee/artifacts/1900b0aE.dag/Assembly-CSharp.dll, with 150 defines and 356 references

processors: Unity.Jobs.CodeGen.JobsILPostProcessor, zzzUnity.Burst.CodeGen.BurstILPostProcessor

1 processor(s) skipped this assembly

running Unity.Jobs.CodeGen.JobsILPostProcessor
[1063/1069  0s] CopyFiles Library/ScriptAssemblies/Assembly-CSharp.pdb
[1064/1069  0s] CopyFiles Library/ScriptAssemblies/Assembly-CSharp.dll
[1065/1069  2s] Csc Library/Bee/artifacts/1900b0aE.dag/Assembly-CSharp-Editor.dll (+2 others)
[1066/1069  0s] ILPostProcess Library/Bee/artifacts/1900b0aE.dag/post-processed/Assembly-CSharp-Editor.dll (+pdb)
Processing assembly Library/Bee/artifacts/1900b0aE.dag/Assembly-CSharp-Editor.dll, with 148 defines and 379 references

processors: Unity.Jobs.CodeGen.JobsILPostProcessor, zzzUnity.Burst.CodeGen.BurstILPostProcessor

1 processor(s) skipped this assembly

running Unity.Jobs.CodeGen.JobsILPostProcessor
[1067/1069  0s] CopyFiles Library/ScriptAssemblies/Assembly-CSharp-Editor.pdb
[1068/1069  0s] CopyFiles Library/ScriptAssemblies/Assembly-CSharp-Editor.dll
*** Tundra build success (6.38 seconds), 10 items updated, 1069 evaluated
Reloading assemblies after forced synchronous recompile.
[Licensing::Client] Successfully resolved entitlement details
Begin MonoManager ReloadAssembly
GPU Resident Drawer disposed.
Refreshing native plugins compatible for Editor in 2.99 ms, found 4 plugins.
Native extension for WindowsStandalone target not found
Native extension for WebGL target not found
[MODES] ModeService[none].Initialize
[MODES] ModeService[none].LoadModes
ScheduleIndexationOnStartup MainProcess:True IndexOnStartup:True
Scripting: successfully reloaded assembly
- Finished resetting the current domain, in  4.041 seconds
Domain Reload Profiling: 7450ms
	BeginReloadAssembly (2410ms)
		DisableScriptedObjects (225ms)
		CreateAndSetChildDomain (1654ms)
	RebuildCommonClasses (22ms)
	RebuildNativeTypeToScriptingClass (25ms)
	initialDomainReloadingComplete (125ms)
	LoadAllAssembliesAndSetupDomain (826ms)
		LoadAssemblies (368ms)
		TypeCache.Refresh (34ms)
		AnalyzeDomain (376ms)
			BuildScriptInfoCaches (322ms)
			ResolveRequiredComponents (45ms)
	FinalizeReload (4043ms)
		SetupLoadedEditorAssemblies (0ms)
			LogAssemblyErrors (3ms)
			InitializePlatformSupportModulesInManaged (3ms)
			BeforeProcessingInitializeOnLoad (613ms)
			ProcessInitializeOnLoadAttributes (534ms)
			ProcessInitializeOnLoadMethodAttributes (188ms)
			AfterProcessingInitializeOnLoad (12ms)
			EditorAssembliesLoaded (3ms)
		AwakeInstancesAfterBackupRestoration (1933ms)
Refreshing native plugins compatible for Editor in 2.54 ms, found 4 plugins.

Asset Pipeline Refresh (id=ace4e77345e16be41b1f2d4c6ad00204): Total: 13.913 seconds - Initiated by RefreshV2(AllowForceSynchronousImport)
	(Values over 0.05ms)
	Summary:
		Imports: total=0 (actual=0, local cache=0, cache server=0)
		Asset DB Process Time: managed=0 ms, native=4273 ms
		Asset DB Callback time: managed=96 ms, native=67 ms
		Scripting: domain reloads=1, domain reload time=3556 ms, compile time=5920 ms, other=0 ms
		Project Asset Count: scripts=1444, non-scripts=2808
		Asset File Changes: new=0, changed=0, moved=0, deleted=0
		Scan Filter Count: 0
	InvokePackagesCallback: 3.017ms
	ApplyChangesToAssetFolders: 0.388ms
	Scan: 15.796ms
	Collect global state as custom dependencies: 5.326ms
	ProcessAssetsWithTransientArtifactChanges: 6.232ms
	CategorizeAssets: 85.524ms
	CompileScripts: 5919.686ms
	ImportOutOfDateAssets: 4053.980ms (4051.275ms without children)
		CollectScriptTypesHashes: 5.712ms
		ReloadNativeAssets: 1.104ms
		UnloadImportedAssets: 0.106ms
		EnsureUptoDateAssetsAreRegisteredWithGuidPM: 0.893ms
		ImportSchedulerStart: 0.571ms
	PostProcessAllAssets: 99.930ms
		XRBuildSystem.XRAssetImported 0.885ms
		Canvas.OnAllAssetImport 0.292ms
		PostProcessCallbackCreateDeferredMaterials 0.243ms
		MonoPostProcessAllAssets: 96.489ms
			UniversalRenderPipelineGlobalSettingsPostprocessor.OnPostprocessAllAssets 26.802ms
			BuilderAssetPostprocessor.OnPostprocessAllAssets 12.170ms
			AssetChangedListener.OnPostprocessAllAssets 7.872ms
			SyncVS.PostprocessSyncProject 6.155ms
			AssetPostprocessor.OnPostprocessAllAssets 4.788ms
			WindowAssetPostprocessingWatcher.OnPostprocessAllAssets 3.042ms
			SpeedTree9Postprocessor.OnPostprocessAllAssets 3.035ms
			ShaderGraphAssetPostProcessor.OnPostprocessAllAssets 2.520ms
			RetainedModeAssetPostprocessor.OnPostprocessAllAssets 1.574ms
			EditModeScopePostprocessor.OnPostprocessAllAssets 1.322ms
			ProjectSettingsPostprocessor.OnPostprocessAllAssets 1.247ms
			RenderPipelineGlobalSettingsPostprocessor.OnPostprocessAllAssets 1.141ms
			UVCSAssetPostprocessor.OnPostprocessAllAssets 1.102ms
			MaterialPostprocessor.OnPostprocessAllAssets 1.088ms
			TMPro_TexturePostProcessor.OnPostprocessAllAssets 0.776ms
			TerrainToolbarOverlayPostProcessor.OnPostprocessAllAssets 0.755ms
			ShaderReflectionAssetPostProcessor.OnPostprocessAllAssets 0.709ms
			InputActionAssetPostprocessor.OnPostprocessAllAssets 0.699ms
			InputActionJsonNameModifierAssetProcessor.OnPostprocessAllAssets 0.571ms
			TextAssetPostProcessor.OnPostprocessAllAssets 0.538ms
			StyleCatalogPostProcessor.OnPostprocessAllAssets 0.537ms
			ReferencedClipsPostProcessor.OnPostprocessAllAssets 0.480ms
			ArtifactBrowserPostProcessor.OnPostprocessAllAssets 0.454ms
			AudioMixerPostprocessor.OnPostprocessAllAssets 0.448ms
			AssetEvents.OnPostprocessAllAssets 0.447ms
			PostProcessor.OnPostprocessAllAssets 0.393ms
			SamplePostprocessor.OnPostprocessAllAssets 0.240ms
			SpeedTreePostProcessor.OnPostprocessAllAssets 0.233ms
			AssetDatabaseCallbacks.OnPostprocessAllAssets 0.227ms
			ThemePostprocessor.OnPostprocessAllAssets 0.209ms
			ConfigAssetsTracker.OnPostprocessAllAssets 0.206ms
			AssetReloadNotifier.OnPostprocessAllAssets 0.194ms
			ScenarioDriftAssetsTracker.OnPostprocessAllAssets 0.162ms
			AudioContainerPostProcessor.OnPostprocessAllAssets 0.113ms
	PostAssetChangesProfiler: 63.216ms
	GatherAllCurrentPrimaryImportResultRevisions: 0.231ms
	PersistCurrentRevisions: 0.113ms
	GenerateScriptTypeHashes: 2.490ms
	GenerateScriptTypeSerializationHashes: 4.417ms
	Untracked: 3636.357ms

Asset Pipeline Refresh (id=3f50b81af689193409ce011300b44707): Total: 0.005 seconds - Initiated by RefreshV2(AllowForceSynchronousImport)
[Licensing::Client] Successfully resolved entitlement details
[Licensing::Client] Successfully resolved entitlement details
GPU Resident Drawer created.
Asset Pipeline Refresh (id=c8fd664048056964bb30229011d28d70): Total: 0.007 seconds - Initiated by RefreshV2(AllowForceSynchronousImport)
Asset Pipeline Refresh (id=6dc89134c177f884a96f657fbbe39ada): Total: 0.007 seconds - Initiated by RefreshV2(AllowForceSynchronousImport)
Asset Pipeline Refresh (id=a657989d8f921a4489dfaf4ee80e1fcb): Total: 0.005 seconds - Initiated by RefreshV2(AllowForceSynchronousImport)
Asset Pipeline Refresh (id=695709becb54e4f4c986ff7d3b95deb4): Total: 0.005 seconds - Initiated by RefreshV2(AllowForceSynchronousImport)
[ScriptCompilation] Requested script compilation because: AssetDatabase observed changes in script compilation related files
[Licensing::Client] Successfully resolved entitlement details
Starting: C:\Program Files\Unity\Hub\Editor\6000.6.0f1\Editor\Data\Tools\BuildPipeline\bee_backend.exe --ipc --defer-dag-verification --dagfile="Library/Bee/1900b0aE.dag" --continue-on-failure --profile="Library/Bee/backend1.traceevents" ScriptAssemblies
WorkingDir: C:/Users/Duncan Joseph/Traversal Gameplay
ExitCode: 0 Duration: 1s234ms
[ 826/1069  0s] ILPP-Configuration Library/ilpp-configuration.nevergeneratedoutput
[1061/1069  0s] Csc Library/Bee/artifacts/1900b0aE.dag/Assembly-CSharp.dll (+2 others)
[1062/1069  0s] ILPostProcess Library/Bee/artifacts/1900b0aE.dag/post-processed/Assembly-CSharp.dll (+pdb)
Processing assembly Library/Bee/artifacts/1900b0aE.dag/Assembly-CSharp.dll, with 150 defines and 356 references

processors: Unity.Jobs.CodeGen.JobsILPostProcessor, zzzUnity.Burst.CodeGen.BurstILPostProcessor

1 processor(s) skipped this assembly

running Unity.Jobs.CodeGen.JobsILPostProcessor
[1063/1069  0s] CopyFiles Library/ScriptAssemblies/Assembly-CSharp.dll
[1064/1069  0s] CopyFiles Library/ScriptAssemblies/Assembly-CSharp.pdb
[1065/1069  0s] Csc Library/Bee/artifacts/1900b0aE.dag/Assembly-CSharp-Editor.dll (+2 others)
[1066/1069  0s] ILPostProcess Library/Bee/artifacts/1900b0aE.dag/post-processed/Assembly-CSharp-Editor.dll (+pdb)
Processing assembly Library/Bee/artifacts/1900b0aE.dag/Assembly-CSharp-Editor.dll, with 148 defines and 379 references

processors: Unity.Jobs.CodeGen.JobsILPostProcessor, zzzUnity.Burst.CodeGen.BurstILPostProcessor

1 processor(s) skipped this assembly

running Unity.Jobs.CodeGen.JobsILPostProcessor
[1067/1069  0s] CopyFiles Library/ScriptAssemblies/Assembly-CSharp-Editor.pdb
[1068/1069  0s] CopyFiles Library/ScriptAssemblies/Assembly-CSharp-Editor.dll
*** Tundra build success (1.10 seconds), 9 items updated, 1069 evaluated
Reloading assemblies after forced synchronous recompile.
Begin MonoManager ReloadAssembly
GPU Resident Drawer disposed.
Refreshing native plugins compatible for Editor in 5.69 ms, found 4 plugins.
Native extension for WindowsStandalone target not found
Native extension for WebGL target not found
[MODES] ModeService[none].Initialize
[MODES] ModeService[none].LoadModes
ScheduleIndexationOnStartup MainProcess:True IndexOnStartup:True
Scripting: successfully reloaded assembly
- Finished resetting the current domain, in  3.764 seconds
Domain Reload Profiling: 5795ms
	BeginReloadAssembly (1304ms)
		DisableScriptedObjects (381ms)
		CreateAndSetChildDomain (504ms)
	RebuildCommonClasses (16ms)
	RebuildNativeTypeToScriptingClass (20ms)
	initialDomainReloadingComplete (96ms)
	LoadAllAssembliesAndSetupDomain (593ms)
		LoadAssemblies (289ms)
		TypeCache.Refresh (12ms)
		AnalyzeDomain (265ms)
			BuildScriptInfoCaches (231ms)
			ResolveRequiredComponents (31ms)
	FinalizeReload (3766ms)
		SetupLoadedEditorAssemblies (0ms)
			InitializePlatformSupportModulesInManaged (4ms)
			BeforeProcessingInitializeOnLoad (265ms)
			ProcessInitializeOnLoadAttributes (453ms)
			ProcessInitializeOnLoadMethodAttributes (179ms)
			AfterProcessingInitializeOnLoad (12ms)
		AwakeInstancesAfterBackupRestoration (2191ms)
Refreshing native plugins compatible for Editor in 4.48 ms, found 4 plugins.

Asset Pipeline Refresh (id=a33f170faaa174c4680054d999e46e77): Total: 8.378 seconds - Initiated by RefreshV2(AllowForceSynchronousImport)
	(Values over 0.05ms)
	Summary:
		Imports: total=0 (actual=0, local cache=0, cache server=0)
		Asset DB Process Time: managed=0 ms, native=4025 ms
		Asset DB Callback time: managed=127 ms, native=10 ms
		Scripting: domain reloads=1, domain reload time=2311 ms, compile time=1902 ms, other=0 ms
		Project Asset Count: scripts=1444, non-scripts=2808
		Asset File Changes: new=0, changed=1, moved=0, deleted=0
		Scan Filter Count: 0
	InvokePackagesCallback: 5.048ms
	ApplyChangesToAssetFolders: 0.455ms
	Scan: 48.538ms
	Collect global state as custom dependencies: 5.099ms
	OnSourceAssetsModified: 1.921ms
	ProcessAssetsWithTransientArtifactChanges: 6.779ms
	CategorizeAssets: 114.518ms
	CompileScripts: 1902.469ms
	ImportOutOfDateAssets: 3781.216ms (3776.652ms without children)
		CollectScriptTypesHashes: 3.302ms
		ReloadNativeAssets: 2.206ms
		UnloadImportedAssets: 0.098ms
		EnsureUptoDateAssetsAreRegisteredWithGuidPM: 1.091ms
		ImportSchedulerStart: 1.136ms
	PostProcessAllAssets: 128.424ms
		XRBuildSystem.XRAssetImported 1.114ms
		PostProcessCallbackCreateDeferredMaterials 0.329ms
		MonoPostProcessAllAssets: 126.163ms
			UniversalRenderPipelineGlobalSettingsPostprocessor.OnPostprocessAllAssets 36.588ms
			AssetChangedListener.OnPostprocessAllAssets 13.303ms
			BuilderAssetPostprocessor.OnPostprocessAllAssets 9.792ms
			AssetPostprocessor.OnPostprocessAllAssets 9.619ms
			SyncVS.PostprocessSyncProject 7.217ms
			SpeedTree9Postprocessor.OnPostprocessAllAssets 3.566ms
			RetainedModeAssetPostprocessor.OnPostprocessAllAssets 3.017ms
			ShaderGraphAssetPostProcessor.OnPostprocessAllAssets 2.949ms
			WindowAssetPostprocessingWatcher.OnPostprocessAllAssets 2.781ms
			EditModeScopePostprocessor.OnPostprocessAllAssets 1.859ms
			RenderPipelineGlobalSettingsPostprocessor.OnPostprocessAllAssets 1.696ms
			ProjectSettingsPostprocessor.OnPostprocessAllAssets 1.479ms
			MaterialPostprocessor.OnPostprocessAllAssets 1.299ms
			ShaderReflectionAssetPostProcessor.OnPostprocessAllAssets 1.048ms
			TMPro_TexturePostProcessor.OnPostprocessAllAssets 1.029ms
			AudioMixerPostprocessor.OnPostprocessAllAssets 0.842ms
			InputActionAssetPostprocessor.OnPostprocessAllAssets 0.838ms
			ArtifactBrowserPostProcessor.OnPostprocessAllAssets 0.830ms
			TextAssetPostProcessor.OnPostprocessAllAssets 0.792ms
			StyleCatalogPostProcessor.OnPostprocessAllAssets 0.769ms
			AssetEvents.OnPostprocessAllAssets 0.685ms
			InputActionJsonNameModifierAssetProcessor.OnPostprocessAllAssets 0.676ms
			ReferencedClipsPostProcessor.OnPostprocessAllAssets 0.676ms
			PostProcessor.OnPostprocessAllAssets 0.551ms
			UVCSAssetPostprocessor.OnPostprocessAllAssets 0.453ms
			TerrainToolbarOverlayPostProcessor.OnPostprocessAllAssets 0.359ms
			SpeedTreePostProcessor.OnPostprocessAllAssets 0.352ms
			SamplePostprocessor.OnPostprocessAllAssets 0.314ms
			ThemePostprocessor.OnPostprocessAllAssets 0.230ms
			ConfigAssetsTracker.OnPostprocessAllAssets 0.224ms
			AssetDatabaseCallbacks.OnPostprocessAllAssets 0.193ms
			AudioContainerPostProcessor.OnPostprocessAllAssets 0.190ms
			AssetReloadNotifier.OnPostprocessAllAssets 0.169ms
			ScenarioDriftAssetsTracker.OnPostprocessAllAssets 0.144ms
	PostAssetChangesProfiler: 5.476ms
	GatherAllCurrentPrimaryImportResultRevisions: 2.502ms
	PersistCurrentRevisions: 0.170ms
	GenerateScriptTypeHashes: 4.310ms
	GenerateScriptTypeSerializationHashes: 8.071ms
	Untracked: 2351.145ms

[Licensing::Client] Successfully resolved entitlement details
[Licensing::Client] Successfully resolved entitlement details
GPU Resident Drawer created.
[ScriptCompilation] Requested script compilation because: AssetDatabase observed changes in script compilation related files
Starting: C:\Program Files\Unity\Hub\Editor\6000.6.0f1\Editor\Data\Tools\BuildPipeline\bee_backend.exe --ipc --defer-dag-verification --dagfile="Library/Bee/1900b0aE.dag" --continue-on-failure --profile="Library/Bee/backend1.traceevents" ScriptAssemblies
WorkingDir: C:/Users/Duncan Joseph/Traversal Gameplay
ExitCode: 0 Duration: 0s601ms
[ 826/1069  0s] ILPP-Configuration Library/ilpp-configuration.nevergeneratedoutput
[1061/1069  0s] Csc Library/Bee/artifacts/1900b0aE.dag/Assembly-CSharp.dll (+2 others)
[1063/1069  0s] ILPostProcess Library/Bee/artifacts/1900b0aE.dag/post-processed/Assembly-CSharp-Editor.dll (+pdb)
Processing assembly Library/Bee/artifacts/1900b0aE.dag/Assembly-CSharp-Editor.dll, with 148 defines and 379 references

processors: Unity.Jobs.CodeGen.JobsILPostProcessor, zzzUnity.Burst.CodeGen.BurstILPostProcessor

1 processor(s) skipped this assembly

running Unity.Jobs.CodeGen.JobsILPostProcessor
[1064/1069  0s] ILPostProcess Library/Bee/artifacts/1900b0aE.dag/post-processed/Assembly-CSharp.dll (+pdb)
Processing assembly Library/Bee/artifacts/1900b0aE.dag/Assembly-CSharp.dll, with 150 defines and 356 references

processors: Unity.Jobs.CodeGen.JobsILPostProcessor, zzzUnity.Burst.CodeGen.BurstILPostProcessor

1 processor(s) skipped this assembly

running Unity.Jobs.CodeGen.JobsILPostProcessor
[1067/1069  0s] CopyFiles Library/ScriptAssemblies/Assembly-CSharp.dll
[1068/1069  0s] CopyFiles Library/ScriptAssemblies/Assembly-CSharp.pdb
*** Tundra build success (0.56 seconds), 6 items updated, 1069 evaluated
Reloading assemblies after forced synchronous recompile.
Begin MonoManager ReloadAssembly
GPU Resident Drawer disposed.
Total cache size 264872472
Total cache size after purge 264872472, took 00:00:00.4872679
Refreshing native plugins compatible for Editor in 2.69 ms, found 4 plugins.
Native extension for WindowsStandalone target not found
Native extension for WebGL target not found
[MODES] ModeService[none].Initialize
[MODES] ModeService[none].LoadModes
ScheduleIndexationOnStartup MainProcess:True IndexOnStartup:True
Scripting: successfully reloaded assembly
- Finished resetting the current domain, in  2.970 seconds
Domain Reload Profiling: 4600ms
	BeginReloadAssembly (988ms)
		DisableScriptedObjects (286ms)
		CreateAndSetChildDomain (378ms)
	RebuildCommonClasses (18ms)
	RebuildNativeTypeToScriptingClass (23ms)
	initialDomainReloadingComplete (88ms)
	LoadAllAssembliesAndSetupDomain (511ms)
		LoadAssemblies (236ms)
		TypeCache.Refresh (11ms)
		AnalyzeDomain (241ms)
			BuildScriptInfoCaches (208ms)
			ResolveRequiredComponents (31ms)
	FinalizeReload (2971ms)
		SetupLoadedEditorAssemblies (0ms)
			LogAssemblyErrors (3ms)
			InitializePlatformSupportModulesInManaged (3ms)
			BeforeProcessingInitializeOnLoad (305ms)
			ProcessInitializeOnLoadAttributes (438ms)
			ProcessInitializeOnLoadMethodAttributes (154ms)
			AfterProcessingInitializeOnLoad (10ms)
		AwakeInstancesAfterBackupRestoration (1433ms)
Refreshing native plugins compatible for Editor in 2.61 ms, found 4 plugins.

Asset Pipeline Refresh (id=1eac85dc74811644c81554bc68c49bc7): Total: 5.923 seconds - Initiated by RefreshV2(AllowForceSynchronousImport)
	(Values over 0.05ms)
	Summary:
		Imports: total=0 (actual=0, local cache=0, cache server=0)
		Asset DB Process Time: managed=0 ms, native=3126 ms
		Asset DB Callback time: managed=70 ms, native=5 ms
		Scripting: domain reloads=1, domain reload time=1741 ms, compile time=979 ms, other=0 ms
		Project Asset Count: scripts=1444, non-scripts=2808
		Asset File Changes: new=0, changed=1, moved=0, deleted=0
		Scan Filter Count: 0
	InvokePackagesCallback: 3.231ms
	ApplyChangesToAssetFolders: 0.438ms
	Scan: 17.042ms
	Collect global state as custom dependencies: 4.897ms
	OnSourceAssetsModified: 0.639ms
	ProcessAssetsWithTransientArtifactChanges: 5.946ms
	CategorizeAssets: 60.948ms
	CompileScripts: 978.720ms
	ImportOutOfDateAssets: 2979.549ms (2976.994ms without children)
		CollectScriptTypesHashes: 0.880ms
		ReloadNativeAssets: 1.051ms
		UnloadImportedAssets: 0.099ms
		EnsureUptoDateAssetsAreRegisteredWithGuidPM: 0.651ms
		ImportSchedulerStart: 0.737ms
	PostProcessAllAssets: 71.001ms
		XRBuildSystem.XRAssetImported 0.563ms
		PostProcessCallbackCreateDeferredMaterials 0.073ms
		MonoPostProcessAllAssets: 69.876ms
			UniversalRenderPipelineGlobalSettingsPostprocessor.OnPostprocessAllAssets 18.877ms
			AssetChangedListener.OnPostprocessAllAssets 7.278ms
			BuilderAssetPostprocessor.OnPostprocessAllAssets 6.083ms
			AssetPostprocessor.OnPostprocessAllAssets 4.703ms
			SyncVS.PostprocessSyncProject 3.545ms
			SpeedTree9Postprocessor.OnPostprocessAllAssets 2.479ms
			WindowAssetPostprocessingWatcher.OnPostprocessAllAssets 2.058ms
			ShaderGraphAssetPostProcessor.OnPostprocessAllAssets 1.674ms
			RetainedModeAssetPostprocessor.OnPostprocessAllAssets 1.471ms
			ProjectSettingsPostprocessor.OnPostprocessAllAssets 1.182ms
			EditModeScopePostprocessor.OnPostprocessAllAssets 1.008ms
			MaterialPostprocessor.OnPostprocessAllAssets 0.981ms
			RenderPipelineGlobalSettingsPostprocessor.OnPostprocessAllAssets 0.891ms
			InputActionAssetPostprocessor.OnPostprocessAllAssets 0.691ms
			ShaderReflectionAssetPostProcessor.OnPostprocessAllAssets 0.627ms
			TMPro_TexturePostProcessor.OnPostprocessAllAssets 0.609ms
			TextAssetPostProcessor.OnPostprocessAllAssets 0.585ms
			InputActionJsonNameModifierAssetProcessor.OnPostprocessAllAssets 0.427ms
			ArtifactBrowserPostProcessor.OnPostprocessAllAssets 0.389ms
			AudioMixerPostprocessor.OnPostprocessAllAssets 0.356ms
			UVCSAssetPostprocessor.OnPostprocessAllAssets 0.344ms
			PostProcessor.OnPostprocessAllAssets 0.299ms
			ReferencedClipsPostProcessor.OnPostprocessAllAssets 0.284ms
			AssetEvents.OnPostprocessAllAssets 0.279ms
			TerrainToolbarOverlayPostProcessor.OnPostprocessAllAssets 0.270ms
			SpeedTreePostProcessor.OnPostprocessAllAssets 0.269ms
			StyleCatalogPostProcessor.OnPostprocessAllAssets 0.267ms
			SamplePostprocessor.OnPostprocessAllAssets 0.247ms
			ThemePostprocessor.OnPostprocessAllAssets 0.177ms
			AssetDatabaseCallbacks.OnPostprocessAllAssets 0.166ms
			ConfigAssetsTracker.OnPostprocessAllAssets 0.141ms
			ScenarioDriftAssetsTracker.OnPostprocessAllAssets 0.136ms
			AssetReloadNotifier.OnPostprocessAllAssets 0.116ms
			AudioContainerPostProcessor.OnPostprocessAllAssets 0.093ms
	PostAssetChangesProfiler: 3.170ms
	GatherAllCurrentPrimaryImportResultRevisions: 0.278ms
	PersistCurrentRevisions: 0.128ms
	GenerateScriptTypeHashes: 2.141ms
	GenerateScriptTypeSerializationHashes: 3.890ms
	Untracked: 1778.970ms

[Licensing::Client] Successfully resolved entitlement details
GPU Resident Drawer created.
[Licensing::Client] Successfully resolved entitlement details
Importing 'GUID: 00000000000000009000000000000000 - Path: ProjectSettings/QualitySettings.asset' with importer (LibraryAssetImporter)
Imported 'GUID: 00000000000000009000000000000000' -> (Import Result ID: '8151b601d05d3e12de314c2aa1f82962') in 0.011 seconds [static dependencies only]. Details - ImportResultOutputID=2a108b3da874f726c62fbe5f12be4a8a DependenciesID=6180c49ef29638684367d2893c04e070 StaticDependenciesID=5b19720d9149525484b40148944c8e26 
Importing 'GUID: c22777d6e868e4f2fb421913386b154e - Path: Packages/com.unity.probuilder/Content/Resources/Materials/ProBuilderDefault.mat' with importer (NativeFormatImporter)
Imported 'GUID: c22777d6e868e4f2fb421913386b154e' -> (Import Result ID: '81feccf3c9b6ddb552253be7fd0a8f04') in 0.002 seconds [static dependencies only]. Details - ImportResultOutputID=ac1e421262df60e4e0b869edb87ff084 DependenciesID=d0598d5f295f8d794f93899e223608b8 StaticDependenciesID=9ff0cacd4d653408c3da5ad738434f98 
Importing 'GUID: f4c299ee05b2808478111a1e4306587a - Path: Assets/Animation/MovePlatform.anim' with importer (NativeFormatImporter)
Imported 'GUID: f4c299ee05b2808478111a1e4306587a' -> (Import Result ID: 'c71bd6224d221f4ae584cd47b768fe0d') in 0.001 seconds [static dependencies only]. Details - ImportResultOutputID=78aabc956f685237818722d42852e01b DependenciesID=e1a9f03bce92377a596dfe799eb76913 StaticDependenciesID=1ecb3efce7ed7bcbc43a600e8274211a 
Importing 'GUID: 6b6b53d4c2b2ad04daa15ba42a8e8495 - Path: Assets/Animation/Cube (5).controller' with importer (NativeFormatImporter)
Imported 'GUID: 6b6b53d4c2b2ad04daa15ba42a8e8495' -> (Import Result ID: '01d21dfae496211d3e19cd0e8d50b244') in 0.002 seconds [static dependencies only]. Details - ImportResultOutputID=aded740c5e191f59bdc518d4bc339149 DependenciesID=ac1ba92d313e15bd7d31c164f329fae6 StaticDependenciesID=b84871d0cb4f7b1a4c31135204a1ea1d 
Refreshing native plugins compatible for Editor in 2.07 ms, found 4 plugins.
Asset Pipeline Refresh (id=44734d6d41ac7f140b8109b29d87082f): Total: 0.092 seconds - Initiated by StopAssetImportingV2(NoUpdateAssetOptions)
Importing 'GUID: 99c9720ab356a0642a771bea13969a05 - Path: Assets/Scenes/SampleScene.unity' with importer (DefaultImporter)
Imported 'GUID: 99c9720ab356a0642a771bea13969a05' -> (Import Result ID: '79ea30d2e180c932255db6cf935921d6') in 0.003 seconds [static dependencies only]. Details - ImportResultOutputID=b4491ddbae88a879b6308480a6079ca7 DependenciesID=23da2f5bbe279af2e57870d6074b407c StaticDependenciesID=720be7ad0bc55bf3bf8f9619055f77fd 
Asset Pipeline Refresh (id=09f8662bbe5391045858bea02f813509): Total: 0.052 seconds - Initiated by StopAssetImportingV2(NoUpdateAssetOptions)
Asset Pipeline Refresh (id=75122eb2eb1230743848e8f4ee30394f): Total: 0.015 seconds - Initiated by RefreshV2(AllowForceSynchronousImport)
GPU Resident Drawer disposed.
Entering Playmode with Reload Domain disabled.
If you experience any issues, please disable "Enter Play Mode Options" in Editor Settings
Entering Playmode with Reload Scene disabled. If you experience any issues, please disable "Enter Play Mode Options" in Editor Settings
GPU Resident Drawer created.
GPU Resident Drawer disposed.
Unloading 6 Unused Serialized files (Serialized files now loaded: 0)
Loaded scene 'Temp/__Backupscenes/0.backup'
	Deserialize:            46.776 ms
	Integration:            41.606 ms
	Integration of assets:  0.166 ms
	Thread Wait Time:       0.210 ms
	Total Operation Time:   88.758 ms
Unloading 446 unused Assets / (149.7 MB). Loaded Objects now: 10133.
Memory consumption went from 1.06 GB to 0.92 GB.
Total: 218.216100 ms (FindLiveObjects: 0.900900 ms CreateObjectMapping: 0.352200 ms MarkObjects: 40.684000 ms  DeleteObjects: 175.923900 ms)

[Licensing::Client] Successfully resolved entitlement details
GPU Resident Drawer created.
Asset Pipeline Refresh (id=f88261fefaef520439034c83000b8ea8): Total: 0.023 seconds - Initiated by RefreshV2(AllowForceSynchronousImport)
Asset Pipeline Refresh (id=751fb22b0ad80fb419a185ccf58e5481): Total: 0.004 seconds - Initiated by RefreshV2(AllowForceSynchronousImport)
Asset Pipeline Refresh (id=d79d2c0aa852cf045b2f38d20a379a7a): Total: 0.005 seconds - Initiated by RefreshV2(AllowForceSynchronousImport)
Asset Pipeline Refresh (id=a13d93d17e30ece47b0ff3f000bac892): Total: 0.004 seconds - Initiated by RefreshV2(AllowForceSynchronousImport)
GPU Resident Drawer disposed.
Entering Playmode with Reload Domain disabled.
If you experience any issues, please disable "Enter Play Mode Options" in Editor Settings
Entering Playmode with Reload Scene disabled. If you experience any issues, please disable "Enter Play Mode Options" in Editor Settings
GPU Resident Drawer created.
GPU Resident Drawer disposed.
GPU Resident Drawer created.
Space pressed! isGrounded: True, Timer: 0
UnityEngine.Debug:ExtractStackTraceNoAlloc (byte*,int,string)
UnityEngine.StackTraceUtility:ExtractStackTrace ()
UnityEngine.DebugLogHandler:Internal_Log (UnityEngine.LogType,UnityEngine.LogOption,string,UnityEngine.Object)
UnityEngine.DebugLogHandler:LogFormat (UnityEngine.LogType,UnityEngine.Object,string,object[])
UnityEngine.Logger:Log (UnityEngine.LogType,object)
UnityEngine.Debug:Log (object)
Player:Update () (at Assets/Player.cs:66)

(Filename: Assets/Player.cs Line: 66)

Space pressed! isGrounded: True, Timer: -0.0029661
UnityEngine.Debug:ExtractStackTraceNoAlloc (byte*,int,string)
UnityEngine.StackTraceUtility:ExtractStackTrace ()
UnityEngine.DebugLogHandler:Internal_Log (UnityEngine.LogType,UnityEngine.LogOption,string,UnityEngine.Object)
UnityEngine.DebugLogHandler:LogFormat (UnityEngine.LogType,UnityEngine.Object,string,object[])
UnityEngine.Logger:Log (UnityEngine.LogType,object)
UnityEngine.Debug:Log (object)
Player:Update () (at Assets/Player.cs:66)

(Filename: Assets/Player.cs Line: 66)

Space pressed! isGrounded: True, Timer: -0.001634512
UnityEngine.Debug:ExtractStackTraceNoAlloc (byte*,int,string)
UnityEngine.StackTraceUtility:ExtractStackTrace ()
UnityEngine.DebugLogHandler:Internal_Log (UnityEngine.LogType,UnityEngine.LogOption,string,UnityEngine.Object)
UnityEngine.DebugLogHandler:LogFormat (UnityEngine.LogType,UnityEngine.Object,string,object[])
UnityEngine.Logger:Log (UnityEngine.LogType,object)
UnityEngine.Debug:Log (object)
Player:Update () (at Assets/Player.cs:66)

(Filename: Assets/Player.cs Line: 66)

Space pressed! isGrounded: False, Timer: -0.003803834
UnityEngine.Debug:ExtractStackTraceNoAlloc (byte*,int,string)
UnityEngine.StackTraceUtility:ExtractStackTrace ()
UnityEngine.DebugLogHandler:Internal_Log (UnityEngine.LogType,UnityEngine.LogOption,string,UnityEngine.Object)
UnityEngine.DebugLogHandler:LogFormat (UnityEngine.LogType,UnityEngine.Object,string,object[])
UnityEngine.Logger:Log (UnityEngine.LogType,object)
UnityEngine.Debug:Log (object)
Player:Update () (at Assets/Player.cs:66)

(Filename: Assets/Player.cs Line: 66)

GPU Resident Drawer disposed.
Unloading 8 Unused Serialized files (Serialized files now loaded: 0)
Loaded scene 'Temp/__Backupscenes/0.backup'
	Deserialize:            2.291 ms
	Integration:            30.479 ms
	Integration of assets:  0.094 ms
	Thread Wait Time:       -0.056 ms
	Total Operation Time:   32.809 ms
Unloading 29 unused Assets / (324.1 KB). Loaded Objects now: 10193.
Memory consumption went from 0.90 GB to 0.90 GB.
Total: 30.453400 ms (FindLiveObjects: 0.861200 ms CreateObjectMapping: 0.122100 ms MarkObjects: 29.028100 ms  DeleteObjects: 0.122400 ms)

GPU Resident Drawer created.
GPU Resident Drawer disposed.
GPU Resident Drawer created.
GPU Resident Drawer disposed.
Entering Playmode with Reload Domain disabled.
If you experience any issues, please disable "Enter Play Mode Options" in Editor Settings
Entering Playmode with Reload Scene disabled. If you experience any issues, please disable "Enter Play Mode Options" in Editor Settings
GPU Resident Drawer created.
GPU Resident Drawer disposed.
GPU Resident Drawer created.
Space pressed! isGrounded: True, Timer: 0
UnityEngine.Debug:ExtractStackTraceNoAlloc (byte*,int,string)
UnityEngine.StackTraceUtility:ExtractStackTrace ()
UnityEngine.DebugLogHandler:Internal_Log (UnityEngine.LogType,UnityEngine.LogOption,string,UnityEngine.Object)
UnityEngine.DebugLogHandler:LogFormat (UnityEngine.LogType,UnityEngine.Object,string,object[])
UnityEngine.Logger:Log (UnityEngine.LogType,object)
UnityEngine.Debug:Log (object)
Player:Update () (at Assets/Player.cs:66)

(Filename: Assets/Player.cs Line: 66)

Space pressed! isGrounded: True, Timer: -0.002642072
UnityEngine.Debug:ExtractStackTraceNoAlloc (byte*,int,string)
UnityEngine.StackTraceUtility:ExtractStackTrace ()
UnityEngine.DebugLogHandler:Internal_Log (UnityEngine.LogType,UnityEngine.LogOption,string,UnityEngine.Object)
UnityEngine.DebugLogHandler:LogFormat (UnityEngine.LogType,UnityEngine.Object,string,object[])
UnityEngine.Logger:Log (UnityEngine.LogType,object)
UnityEngine.Debug:Log (object)
Player:Update () (at Assets/Player.cs:66)

(Filename: Assets/Player.cs Line: 66)

Space pressed! isGrounded: False, Timer: -0.004185812
UnityEngine.Debug:ExtractStackTraceNoAlloc (byte*,int,string)
UnityEngine.StackTraceUtility:ExtractStackTrace ()
UnityEngine.DebugLogHandler:Internal_Log (UnityEngine.LogType,UnityEngine.LogOption,string,UnityEngine.Object)
UnityEngine.DebugLogHandler:LogFormat (UnityEngine.LogType,UnityEngine.Object,string,object[])
UnityEngine.Logger:Log (UnityEngine.LogType,object)
UnityEngine.Debug:Log (object)
Player:Update () (at Assets/Player.cs:66)

(Filename: Assets/Player.cs Line: 66)

Space pressed! isGrounded: False, Timer: -0.004185812
UnityEngine.Debug:ExtractStackTraceNoAlloc (byte*,int,string)
UnityEngine.StackTraceUtility:ExtractStackTrace ()
UnityEngine.DebugLogHandler:Internal_Log (UnityEngine.LogType,UnityEngine.LogOption,string,UnityEngine.Object)
UnityEngine.DebugLogHandler:LogFormat (UnityEngine.LogType,UnityEngine.Object,string,object[])
UnityEngine.Logger:Log (UnityEngine.LogType,object)
UnityEngine.Debug:Log (object)
Player:Update () (at Assets/Player.cs:66)

(Filename: Assets/Player.cs Line: 66)

GPU Resident Drawer disposed.
Unloading 10 Unused Serialized files (Serialized files now loaded: 0)
Loaded scene 'Temp/__Backupscenes/0.backup'
	Deserialize:            2.076 ms
	Integration:            30.591 ms
	Integration of assets:  0.067 ms
	Thread Wait Time:       -0.004 ms
	Total Operation Time:   32.729 ms
Unloading 28 unused Assets / (0.7 MB). Loaded Objects now: 10205.
Memory consumption went from 0.90 GB to 0.90 GB.
Total: 29.677900 ms (FindLiveObjects: 0.708600 ms CreateObjectMapping: 0.233900 ms MarkObjects: 28.332100 ms  DeleteObjects: 0.111000 ms)

GPU Resident Drawer created.
GPU Resident Drawer disposed.
GPU Resident Drawer created.
GPU Resident Drawer disposed.
Entering Playmode with Reload Domain disabled.
If you experience any issues, please disable "Enter Play Mode Options" in Editor Settings
Entering Playmode with Reload Scene disabled. If you experience any issues, please disable "Enter Play Mode Options" in Editor Settings
GPU Resident Drawer created.
GPU Resident Drawer disposed.
GPU Resident Drawer created.
Space pressed! isGrounded: True, Timer: 0
UnityEngine.Debug:ExtractStackTraceNoAlloc (byte*,int,string)
UnityEngine.StackTraceUtility:ExtractStackTrace ()
UnityEngine.DebugLogHandler:Internal_Log (UnityEngine.LogType,UnityEngine.LogOption,string,UnityEngine.Object)
UnityEngine.DebugLogHandler:LogFormat (UnityEngine.LogType,UnityEngine.Object,string,object[])
UnityEngine.Logger:Log (UnityEngine.LogType,object)
UnityEngine.Debug:Log (object)
Player:Update () (at Assets/Player.cs:66)

(Filename: Assets/Player.cs Line: 66)

Space pressed! isGrounded: True, Timer: -0.002947971
UnityEngine.Debug:ExtractStackTraceNoAlloc (byte*,int,string)
UnityEngine.StackTraceUtility:ExtractStackTrace ()
UnityEngine.DebugLogHandler:Internal_Log (UnityEngine.LogType,UnityEngine.LogOption,string,UnityEngine.Object)
UnityEngine.DebugLogHandler:LogFormat (UnityEngine.LogType,UnityEngine.Object,string,object[])
UnityEngine.Logger:Log (UnityEngine.LogType,object)
UnityEngine.Debug:Log (object)
Player:Update () (at Assets/Player.cs:66)

(Filename: Assets/Player.cs Line: 66)

Space pressed! isGrounded: True, Timer: -1.480291E-05
UnityEngine.Debug:ExtractStackTraceNoAlloc (byte*,int,string)
UnityEngine.StackTraceUtility:ExtractStackTrace ()
UnityEngine.DebugLogHandler:Internal_Log (UnityEngine.LogType,UnityEngine.LogOption,string,UnityEngine.Object)
UnityEngine.DebugLogHandler:LogFormat (UnityEngine.LogType,UnityEngine.Object,string,object[])
UnityEngine.Logger:Log (UnityEngine.LogType,object)
UnityEngine.Debug:Log (object)
Player:Update () (at Assets/Player.cs:66)

(Filename: Assets/Player.cs Line: 66)

Space pressed! isGrounded: True, Timer: -0.003414443
UnityEngine.Debug:ExtractStackTraceNoAlloc (byte*,int,string)
UnityEngine.StackTraceUtility:ExtractStackTrace ()
UnityEngine.DebugLogHandler:Internal_Log (UnityEngine.LogType,UnityEngine.LogOption,string,UnityEngine.Object)
UnityEngine.DebugLogHandler:LogFormat (UnityEngine.LogType,UnityEngine.Object,string,object[])
UnityEngine.Logger:Log (UnityEngine.LogType,object)
UnityEngine.Debug:Log (object)
Player:Update () (at Assets/Player.cs:66)

(Filename: Assets/Player.cs Line: 66)

GPU Resident Drawer disposed.
Unloading 10 Unused Serialized files (Serialized files now loaded: 0)
Loaded scene 'Temp/__Backupscenes/0.backup'
	Deserialize:            2.221 ms
	Integration:            30.583 ms
	Integration of assets:  0.057 ms
	Thread Wait Time:       -0.006 ms
	Total Operation Time:   32.856 ms
Unloading 28 unused Assets / (1.0 MB). Loaded Objects now: 10217.
Memory consumption went from 0.90 GB to 0.90 GB.
Total: 29.541500 ms (FindLiveObjects: 0.733800 ms CreateObjectMapping: 0.219500 ms MarkObjects: 28.138300 ms  DeleteObjects: 0.110900 ms)

GPU Resident Drawer created.
[Licensing::Client] Successfully resolved entitlement details
GPU Resident Drawer disposed.
GPU Resident Drawer created.
GPU Resident Drawer disposed.
Entering Playmode with Reload Domain disabled.
If you experience any issues, please disable "Enter Play Mode Options" in Editor Settings
Entering Playmode with Reload Scene disabled. If you experience any issues, please disable "Enter Play Mode Options" in Editor Settings
GPU Resident Drawer created.
GPU Resident Drawer disposed.
GPU Resident Drawer created.
Space pressed! isGrounded: True, Timer: 0
UnityEngine.Debug:ExtractStackTraceNoAlloc (byte*,int,string)
UnityEngine.StackTraceUtility:ExtractStackTrace ()
UnityEngine.DebugLogHandler:Internal_Log (UnityEngine.LogType,UnityEngine.LogOption,string,UnityEngine.Object)
UnityEngine.DebugLogHandler:LogFormat (UnityEngine.LogType,UnityEngine.Object,string,object[])
UnityEngine.Logger:Log (UnityEngine.LogType,object)
UnityEngine.Debug:Log (object)
Player:Update () (at Assets/Player.cs:66)

(Filename: Assets/Player.cs Line: 66)

Space pressed! isGrounded: True, Timer: -0.0004578319
UnityEngine.Debug:ExtractStackTraceNoAlloc (byte*,int,string)
UnityEngine.StackTraceUtility:ExtractStackTrace ()
UnityEngine.DebugLogHandler:Internal_Log (UnityEngine.LogType,UnityEngine.LogOption,string,UnityEngine.Object)
UnityEngine.DebugLogHandler:LogFormat (UnityEngine.LogType,UnityEngine.Object,string,object[])
UnityEngine.Logger:Log (UnityEngine.LogType,object)
UnityEngine.Debug:Log (object)
Player:Update () (at Assets/Player.cs:66)

(Filename: Assets/Player.cs Line: 66)

Space pressed! isGrounded: True, Timer: -0.000605894
UnityEngine.Debug:ExtractStackTraceNoAlloc (byte*,int,string)
UnityEngine.StackTraceUtility:ExtractStackTrace ()
UnityEngine.DebugLogHandler:Internal_Log (UnityEngine.LogType,UnityEngine.LogOption,string,UnityEngine.Object)
UnityEngine.DebugLogHandler:LogFormat (UnityEngine.LogType,UnityEngine.Object,string,object[])
UnityEngine.Logger:Log (UnityEngine.LogType,object)
UnityEngine.Debug:Log (object)
Player:Update () (at Assets/Player.cs:66)

(Filename: Assets/Player.cs Line: 66)

Space pressed! isGrounded: True, Timer: -0.001046247
UnityEngine.Debug:ExtractStackTraceNoAlloc (byte*,int,string)
UnityEngine.StackTraceUtility:ExtractStackTrace ()
UnityEngine.DebugLogHandler:Internal_Log (UnityEngine.LogType,UnityEngine.LogOption,string,UnityEngine.Object)
UnityEngine.DebugLogHandler:LogFormat (UnityEngine.LogType,UnityEngine.Object,string,object[])
UnityEngine.Logger:Log (UnityEngine.LogType,object)
UnityEngine.Debug:Log (object)
Player:Update () (at Assets/Player.cs:66)

(Filename: Assets/Player.cs Line: 66)

GPU Resident Drawer disposed.
Unloading 10 Unused Serialized files (Serialized files now loaded: 0)
Loaded scene 'Temp/__Backupscenes/0.backup'
	Deserialize:            1.561 ms
	Integration:            31.328 ms
	Integration of assets:  0.049 ms
	Thread Wait Time:       0.020 ms
	Total Operation Time:   32.958 ms
Unloading 28 unused Assets / (0.8 MB). Loaded Objects now: 10229.
Memory consumption went from 0.91 GB to 0.91 GB.
Total: 28.066000 ms (FindLiveObjects: 0.743400 ms CreateObjectMapping: 0.220300 ms MarkObjects: 26.663200 ms  DeleteObjects: 0.119400 ms)

GPU Resident Drawer created.
GPU Resident Drawer disposed.
GPU Resident Drawer created.
Asset Pipeline Refresh (id=2ec83daf927155941a2fba5c2f2cee8c): Total: 0.027 seconds - Initiated by RefreshV2(AllowForceSynchronousImport)
Project ID request failed, Reason: The requested URL returned error: 401 (401).
Unknown Unity Connect error (400). Please contact support at support@unity.com while processing request "https://services.unity.com/api/unity/legacy/v1/projects/e5d3e204-cd96-4438-a1a4-e05c63c78158", HTTP error code 401
.[Licensing::Client] Successfully updated the access token
[Licensing::Module] Successfully updated access token: "A22FVzbp"... (expires: 2026-09-28T19:20:18Z)
UPID Received 'e5d3e204-cd96-4438-a1a4-e05c63c78158'.
[Licensing::Client] Successfully resolved entitlement details
GPU Resident Drawer disposed.
Entering Playmode with Reload Domain disabled.
If you experience any issues, please disable "Enter Play Mode Options" in Editor Settings
Entering Playmode with Reload Scene disabled. If you experience any issues, please disable "Enter Play Mode Options" in Editor Settings
GPU Resident Drawer created.
Space pressed! isGrounded: True, Timer: 0
UnityEngine.Debug:ExtractStackTraceNoAlloc (byte*,int,string)
UnityEngine.StackTraceUtility:ExtractStackTrace ()
UnityEngine.DebugLogHandler:Internal_Log (UnityEngine.LogType,UnityEngine.LogOption,string,UnityEngine.Object)
UnityEngine.DebugLogHandler:LogFormat (UnityEngine.LogType,UnityEngine.Object,string,object[])
UnityEngine.Logger:Log (UnityEngine.LogType,object)
UnityEngine.Debug:Log (object)
Player:Update () (at Assets/Player.cs:66)

(Filename: Assets/Player.cs Line: 66)

Space pressed! isGrounded: True, Timer: -0.0006969625
UnityEngine.Debug:ExtractStackTraceNoAlloc (byte*,int,string)
UnityEngine.StackTraceUtility:ExtractStackTrace ()
UnityEngine.DebugLogHandler:Internal_Log (UnityEngine.LogType,UnityEngine.LogOption,string,UnityEngine.Object)
UnityEngine.DebugLogHandler:LogFormat (UnityEngine.LogType,UnityEngine.Object,string,object[])
UnityEngine.Logger:Log (UnityEngine.LogType,object)
UnityEngine.Debug:Log (object)
Player:Update () (at Assets/Player.cs:66)

(Filename: Assets/Player.cs Line: 66)

Space pressed! isGrounded: True, Timer: -0.004200426
UnityEngine.Debug:ExtractStackTraceNoAlloc (byte*,int,string)
UnityEngine.StackTraceUtility:ExtractStackTrace ()
UnityEngine.DebugLogHandler:Internal_Log (UnityEngine.LogType,UnityEngine.LogOption,string,UnityEngine.Object)
UnityEngine.DebugLogHandler:LogFormat (UnityEngine.LogType,UnityEngine.Object,string,object[])
UnityEngine.Logger:Log (UnityEngine.LogType,object)
UnityEngine.Debug:Log (object)
Player:Update () (at Assets/Player.cs:66)

(Filename: Assets/Player.cs Line: 66)

Space pressed! isGrounded: True, Timer: -0.004610983
UnityEngine.Debug:ExtractStackTraceNoAlloc (byte*,int,string)
UnityEngine.StackTraceUtility:ExtractStackTrace ()
UnityEngine.DebugLogHandler:Internal_Log (UnityEngine.LogType,UnityEngine.LogOption,string,UnityEngine.Object)
UnityEngine.DebugLogHandler:LogFormat (UnityEngine.LogType,UnityEngine.Object,string,object[])
UnityEngine.Logger:Log (UnityEngine.LogType,object)
UnityEngine.Debug:Log (object)
Player:Update () (at Assets/Player.cs:66)

(Filename: Assets/Player.cs Line: 66)

GPU Resident Drawer disposed.
Unloading 8 Unused Serialized files (Serialized files now loaded: 0)
Loaded scene 'Temp/__Backupscenes/0.backup'
	Deserialize:            1.448 ms
	Integration:            33.542 ms
	Integration of assets:  0.064 ms
	Thread Wait Time:       0.024 ms
	Total Operation Time:   35.078 ms
Unloading 28 unused Assets / (0.8 MB). Loaded Objects now: 10239.
Memory consumption went from 0.92 GB to 0.92 GB.
Total: 31.933800 ms (FindLiveObjects: 0.900200 ms CreateObjectMapping: 0.165100 ms MarkObjects: 30.394400 ms  DeleteObjects: 0.120100 ms)

[Licensing::Client] Successfully resolved entitlement details
GPU Resident Drawer created.
[ScriptCompilation] Requested script compilation because: AssetDatabase observed changes in script compilation related files
[Licensing::Client] Successfully resolved entitlement details
Starting: C:\Program Files\Unity\Hub\Editor\6000.6.0f1\Editor\Data\Tools\BuildPipeline\bee_backend.exe --ipc --defer-dag-verification --dagfile="Library/Bee/1900b0aE.dag" --continue-on-failure --profile="Library/Bee/backend1.traceevents" ScriptAssemblies
WorkingDir: C:/Users/Duncan Joseph/Traversal Gameplay
ExitCode: 0 Duration: 0s958ms
[ 826/1069  0s] ILPP-Configuration Library/ilpp-configuration.nevergeneratedoutput
[1061/1069  0s] Csc Library/Bee/artifacts/1900b0aE.dag/Assembly-CSharp.dll (+2 others)
[1062/1069  0s] ILPostProcess Library/Bee/artifacts/1900b0aE.dag/post-processed/Assembly-CSharp.dll (+pdb)
Processing assembly Library/Bee/artifacts/1900b0aE.dag/Assembly-CSharp.dll, with 150 defines and 356 references

processors: Unity.Jobs.CodeGen.JobsILPostProcessor, zzzUnity.Burst.CodeGen.BurstILPostProcessor

1 processor(s) skipped this assembly

running Unity.Jobs.CodeGen.JobsILPostProcessor
[1063/1069  0s] CopyFiles Library/ScriptAssemblies/Assembly-CSharp.pdb
[1064/1069  0s] CopyFiles Library/ScriptAssemblies/Assembly-CSharp.dll
[1065/1069  0s] Csc Library/Bee/artifacts/1900b0aE.dag/Assembly-CSharp-Editor.dll (+2 others)
[1066/1069  0s] ILPostProcess Library/Bee/artifacts/1900b0aE.dag/post-processed/Assembly-CSharp-Editor.dll (+pdb)
Processing assembly Library/Bee/artifacts/1900b0aE.dag/Assembly-CSharp-Editor.dll, with 148 defines and 379 references

processors: Unity.Jobs.CodeGen.JobsILPostProcessor, zzzUnity.Burst.CodeGen.BurstILPostProcessor

1 processor(s) skipped this assembly

running Unity.Jobs.CodeGen.JobsILPostProcessor
[1067/1069  0s] CopyFiles Library/ScriptAssemblies/Assembly-CSharp-Editor.dll
[1068/1069  0s] CopyFiles Library/ScriptAssemblies/Assembly-CSharp-Editor.pdb
*** Tundra build success (0.83 seconds), 9 items updated, 1069 evaluated
Reloading assemblies after forced synchronous recompile.
Begin MonoManager ReloadAssembly
GPU Resident Drawer disposed.
Total cache size 264872472
Total cache size after purge 264872472, took 00:00:00.7295185
Refreshing native plugins compatible for Editor in 6.12 ms, found 4 plugins.
Native extension for WindowsStandalone target not found
Native extension for WebGL target not found
[MODES] ModeService[none].Initialize
[MODES] ModeService[none].LoadModes
ScheduleIndexationOnStartup MainProcess:True IndexOnStartup:True
Scripting: successfully reloaded assembly
- Finished resetting the current domain, in  2.908 seconds
Domain Reload Profiling: 4424ms
	BeginReloadAssembly (858ms)
		DisableScriptedObjects (198ms)
		CreateAndSetChildDomain (368ms)
	RebuildCommonClasses (15ms)
	RebuildNativeTypeToScriptingClass (21ms)
	initialDomainReloadingComplete (86ms)
	LoadAllAssembliesAndSetupDomain (536ms)
		LoadAssemblies (227ms)
		TypeCache.Refresh (11ms)
		AnalyzeDomain (232ms)
			BuildScriptInfoCaches (200ms)
			ResolveRequiredComponents (30ms)
	FinalizeReload (2909ms)
		SetupLoadedEditorAssemblies (0ms)
			LogAssemblyErrors (3ms)
			InitializePlatformSupportModulesInManaged (3ms)
			BeforeProcessingInitializeOnLoad (271ms)
			ProcessInitializeOnLoadAttributes (434ms)
			ProcessInitializeOnLoadMethodAttributes (163ms)
			AfterProcessingInitializeOnLoad (10ms)
		AwakeInstancesAfterBackupRestoration (1445ms)
Refreshing native plugins compatible for Editor in 3.54 ms, found 4 plugins.

Asset Pipeline Refresh (id=036e80b479af56b4481b474fb3a9635a): Total: 6.471 seconds - Initiated by RefreshV2(AllowForceSynchronousImport)
	(Values over 0.05ms)
	Summary:
		Imports: total=0 (actual=0, local cache=0, cache server=0)
		Asset DB Process Time: managed=0 ms, native=3127 ms
		Asset DB Callback time: managed=60 ms, native=7 ms
		Scripting: domain reloads=1, domain reload time=1768 ms, compile time=1508 ms, other=0 ms
		Project Asset Count: scripts=1444, non-scripts=2808
		Asset File Changes: new=0, changed=1, moved=0, deleted=0
		Scan Filter Count: 0
	InvokePackagesCallback: 5.446ms
	ApplyChangesToAssetFolders: 0.937ms
	Scan: 22.899ms
	Collect global state as custom dependencies: 7.091ms
	OnSourceAssetsModified: 0.087ms
	ProcessAssetsWithTransientArtifactChanges: 5.157ms
	CategorizeAssets: 58.916ms
	CompileScripts: 1507.720ms
	ImportOutOfDateAssets: 2924.618ms (2921.853ms without children)
		CollectScriptTypesHashes: 0.978ms
		ReloadNativeAssets: 1.046ms
		UnloadImportedAssets: 0.168ms
		EnsureUptoDateAssetsAreRegisteredWithGuidPM: 0.529ms
		ImportSchedulerStart: 1.002ms
	PostProcessAllAssets: 62.036ms
		XRBuildSystem.XRAssetImported 0.556ms
		PostProcessCallbackCreateDeferredMaterials 0.306ms
		MonoPostProcessAllAssets: 60.651ms
			UniversalRenderPipelineGlobalSettingsPostprocessor.OnPostprocessAllAssets 12.664ms
			BuilderAssetPostprocessor.OnPostprocessAllAssets 6.461ms
			AssetChangedListener.OnPostprocessAllAssets 6.126ms
			AssetPostprocessor.OnPostprocessAllAssets 4.559ms
			SyncVS.PostprocessSyncProject 3.453ms
			SpeedTree9Postprocessor.OnPostprocessAllAssets 2.320ms
			WindowAssetPostprocessingWatcher.OnPostprocessAllAssets 2.060ms
			ShaderGraphAssetPostProcessor.OnPostprocessAllAssets 1.621ms
			RetainedModeAssetPostprocessor.OnPostprocessAllAssets 1.423ms
			EditModeScopePostprocessor.OnPostprocessAllAssets 0.977ms
			ProjectSettingsPostprocessor.OnPostprocessAllAssets 0.823ms
			RenderPipelineGlobalSettingsPostprocessor.OnPostprocessAllAssets 0.821ms
			MaterialPostprocessor.OnPostprocessAllAssets 0.729ms
			ShaderReflectionAssetPostProcessor.OnPostprocessAllAssets 0.592ms
			TMPro_TexturePostProcessor.OnPostprocessAllAssets 0.567ms
			AudioMixerPostprocessor.OnPostprocessAllAssets 0.544ms
			ArtifactBrowserPostProcessor.OnPostprocessAllAssets 0.413ms
			InputActionAssetPostprocessor.OnPostprocessAllAssets 0.398ms
			UVCSAssetPostprocessor.OnPostprocessAllAssets 0.374ms
			TextAssetPostProcessor.OnPostprocessAllAssets 0.366ms
			AssetEvents.OnPostprocessAllAssets 0.350ms
			InputActionJsonNameModifierAssetProcessor.OnPostprocessAllAssets 0.315ms
			StyleCatalogPostProcessor.OnPostprocessAllAssets 0.307ms
			ReferencedClipsPostProcessor.OnPostprocessAllAssets 0.306ms
			PostProcessor.OnPostprocessAllAssets 0.290ms
			AssetDatabaseCallbacks.OnPostprocessAllAssets 0.186ms
			SpeedTreePostProcessor.OnPostprocessAllAssets 0.179ms
			TerrainToolbarOverlayPostProcessor.OnPostprocessAllAssets 0.170ms
			SamplePostprocessor.OnPostprocessAllAssets 0.159ms
			ScenarioDriftAssetsTracker.OnPostprocessAllAssets 0.149ms
			ConfigAssetsTracker.OnPostprocessAllAssets 0.147ms
			AssetReloadNotifier.OnPostprocessAllAssets 0.136ms
			ThemePostprocessor.OnPostprocessAllAssets 0.108ms
			AudioContainerPostProcessor.OnPostprocessAllAssets 0.093ms
	PostAssetChangesProfiler: 4.357ms
	GatherAllCurrentPrimaryImportResultRevisions: 0.274ms
	UnloadStreamsBegin: 0.271ms
	PersistCurrentRevisions: 0.106ms
	GenerateScriptTypeHashes: 2.143ms
	GenerateScriptTypeSerializationHashes: 3.921ms
	Untracked: 1821.914ms

[Licensing::Client] Successfully resolved entitlement details
[Licensing::Client] Successfully resolved entitlement details
GPU Resident Drawer created.
GPU Resident Drawer disposed.
GPU Resident Drawer created.
GPU Resident Drawer disposed.
Entering Playmode with Reload Domain disabled.
If you experience any issues, please disable "Enter Play Mode Options" in Editor Settings
Entering Playmode with Reload Scene disabled. If you experience any issues, please disable "Enter Play Mode Options" in Editor Settings
GPU Resident Drawer created.
GPU Resident Drawer disposed.
GPU Resident Drawer created.
Space pressed! isGrounded: True, Timer: 0
UnityEngine.Debug:ExtractStackTraceNoAlloc (byte*,int,string)
UnityEngine.StackTraceUtility:ExtractStackTrace ()
UnityEngine.DebugLogHandler:Internal_Log (UnityEngine.LogType,UnityEngine.LogOption,string,UnityEngine.Object)
UnityEngine.DebugLogHandler:LogFormat (UnityEngine.LogType,UnityEngine.Object,string,object[])
UnityEngine.Logger:Log (UnityEngine.LogType,object)
UnityEngine.Debug:Log (object)
Player:Update () (at Assets/Player.cs:66)

(Filename: Assets/Player.cs Line: 66)

Space pressed! isGrounded: False, Timer: -0.0002028716
UnityEngine.Debug:ExtractStackTraceNoAlloc (byte*,int,string)
UnityEngine.StackTraceUtility:ExtractStackTrace ()
UnityEngine.DebugLogHandler:Internal_Log (UnityEngine.LogType,UnityEngine.LogOption,string,UnityEngine.Object)
UnityEngine.DebugLogHandler:LogFormat (UnityEngine.LogType,UnityEngine.Object,string,object[])
UnityEngine.Logger:Log (UnityEngine.LogType,object)
UnityEngine.Debug:Log (object)
Player:Update () (at Assets/Player.cs:66)

(Filename: Assets/Player.cs Line: 66)

Space pressed! isGrounded: False, Timer: -0.0002028716
UnityEngine.Debug:ExtractStackTraceNoAlloc (byte*,int,string)
UnityEngine.StackTraceUtility:ExtractStackTrace ()
UnityEngine.DebugLogHandler:Internal_Log (UnityEngine.LogType,UnityEngine.LogOption,string,UnityEngine.Object)
UnityEngine.DebugLogHandler:LogFormat (UnityEngine.LogType,UnityEngine.Object,string,object[])
UnityEngine.Logger:Log (UnityEngine.LogType,object)
UnityEngine.Debug:Log (object)
Player:Update () (at Assets/Player.cs:66)

(Filename: Assets/Player.cs Line: 66)

GPU Resident Drawer disposed.
Unloading 35 Unused Serialized files (Serialized files now loaded: 0)
Loaded scene 'Temp/__Backupscenes/0.backup'
	Deserialize:            8.548 ms
	Integration:            36.892 ms
	Integration of assets:  0.199 ms
	Thread Wait Time:       -0.162 ms
	Total Operation Time:   45.477 ms
Unloading 69 unused Assets / (2.7 MB). Loaded Objects now: 10250.
Memory consumption went from 0.92 GB to 0.92 GB.
Total: 29.482900 ms (FindLiveObjects: 0.939300 ms CreateObjectMapping: 0.171300 ms MarkObjects: 27.848000 ms  DeleteObjects: 0.197600 ms)

GPU Resident Drawer created.
[Licensing::Client] Successfully resolved entitlement details
GPU Resident Drawer disposed.
GPU Resident Drawer created.
GPU Resident Drawer disposed.
Entering Playmode with Reload Domain disabled.
If you experience any issues, please disable "Enter Play Mode Options" in Editor Settings
Entering Playmode with Reload Scene disabled. If you experience any issues, please disable "Enter Play Mode Options" in Editor Settings
GPU Resident Drawer created.
GPU Resident Drawer disposed.
GPU Resident Drawer created.
Space pressed! isGrounded: True, Timer: 0
UnityEngine.Debug:ExtractStackTraceNoAlloc (byte*,int,string)
UnityEngine.StackTraceUtility:ExtractStackTrace ()
UnityEngine.DebugLogHandler:Internal_Log (UnityEngine.LogType,UnityEngine.LogOption,string,UnityEngine.Object)
UnityEngine.DebugLogHandler:LogFormat (UnityEngine.LogType,UnityEngine.Object,string,object[])
UnityEngine.Logger:Log (UnityEngine.LogType,object)
UnityEngine.Debug:Log (object)
Player:Update () (at Assets/Player.cs:66)

(Filename: Assets/Player.cs Line: 66)

Space pressed! isGrounded: True, Timer: -0.001134584
UnityEngine.Debug:ExtractStackTraceNoAlloc (byte*,int,string)
UnityEngine.StackTraceUtility:ExtractStackTrace ()
UnityEngine.DebugLogHandler:Internal_Log (UnityEngine.LogType,UnityEngine.LogOption,string,UnityEngine.Object)
UnityEngine.DebugLogHandler:LogFormat (UnityEngine.LogType,UnityEngine.Object,string,object[])
UnityEngine.Logger:Log (UnityEngine.LogType,object)
UnityEngine.Debug:Log (object)
Player:Update () (at Assets/Player.cs:66)

(Filename: Assets/Player.cs Line: 66)

Space pressed! isGrounded: True, Timer: -0.001792568
UnityEngine.Debug:ExtractStackTraceNoAlloc (byte*,int,string)
UnityEngine.StackTraceUtility:ExtractStackTrace ()
UnityEngine.DebugLogHandler:Internal_Log (UnityEngine.LogType,UnityEngine.LogOption,string,UnityEngine.Object)
UnityEngine.DebugLogHandler:LogFormat (UnityEngine.LogType,UnityEngine.Object,string,object[])
UnityEngine.Logger:Log (UnityEngine.LogType,object)
UnityEngine.Debug:Log (object)
Player:Update () (at Assets/Player.cs:66)

(Filename: Assets/Player.cs Line: 66)

GPU Resident Drawer disposed.
Unloading 10 Unused Serialized files (Serialized files now loaded: 0)
Loaded scene 'Temp/__Backupscenes/0.backup'
	Deserialize:            1.474 ms
	Integration:            33.269 ms
	Integration of assets:  0.055 ms
	Thread Wait Time:       -0.004 ms
	Total Operation Time:   34.793 ms
Unloading 28 unused Assets / (89.7 KB). Loaded Objects now: 10262.
Memory consumption went from 0.92 GB to 0.92 GB.
Total: 30.879900 ms (FindLiveObjects: 0.887700 ms CreateObjectMapping: 0.208900 ms MarkObjects: 29.018400 ms  DeleteObjects: 0.434600 ms)

GPU Resident Drawer created.
GPU Resident Drawer disposed.
GPU Resident Drawer created.
Asset Pipeline Refresh (id=3ccaa23ff209cea49acf45d87e78743b): Total: 0.019 seconds - Initiated by RefreshV2(AllowForceSynchronousImport)
Asset Pipeline Refresh (id=f8a754f9b4e1ffc418bdf9d47593776a): Total: 0.004 seconds - Initiated by RefreshV2(AllowForceSynchronousImport)
Asset Pipeline Refresh (id=710957a36bb598946acae546914f3661): Total: 0.004 seconds - Initiated by RefreshV2(AllowForceSynchronousImport)
[ScriptCompilation] Requested script compilation because: AssetDatabase observed changes in script compilation related files
[Licensing::Client] Successfully resolved entitlement details
Starting: C:\Program Files\Unity\Hub\Editor\6000.6.0f1\Editor\Data\Tools\BuildPipeline\bee_backend.exe --ipc --defer-dag-verification --dagfile="Library/Bee/1900b0aE.dag" --continue-on-failure --profile="Library/Bee/backend1.traceevents" ScriptAssemblies
WorkingDir: C:/Users/Duncan Joseph/Traversal Gameplay
ExitCode: 3 Duration: 0s550ms
[ 826/1069  0s] ILPP-Configuration Library/ilpp-configuration.nevergeneratedoutput
[1061/1069  0s] Csc Library/Bee/artifacts/1900b0aE.dag/Assembly-CSharp.dll (+2 others)
##### CommandLine
"C:\Program Files\Unity\Hub\Editor\6000.6.0f1\Editor\Data\DotNetSdk\dotnet.exe" exec "C:/Program Files/Unity/Hub/Editor/6000.6.0f1/Editor/Data/DotNetSdk/sdk/8.0.318/Roslyn/bincore/csc.dll" /nostdlib /noconfig /shared "@Library/Bee/artifacts/1900b0aE.dag/Assembly-CSharp.rsp" "@Library/Bee/artifacts/1900b0aE.dag/Assembly-CSharp.rsp2"
##### Contents of Library\Bee\artifacts\1900b0aE.dag\Assembly-CSharp.rsp
-target:library
-out:"Library/Bee/artifacts/1900b0aE.dag/Assembly-CSharp.dll"
-refout:"Library/Bee/artifacts/1900b0aE.dag/Assembly-CSharp.ref.dll"
-define:UNITY_6000_6_0
-define:UNITY_6000_6
-define:UNITY_6000
-define:UNITY_5_3_OR_NEWER
-define:UNITY_5_4_OR_NEWER
-define:UNITY_5_5_OR_NEWER
-define:UNITY_5_6_OR_NEWER
-define:UNITY_2017_1_OR_NEWER
-define:UNITY_2017_2_OR_NEWER
-define:UNITY_2017_3_OR_NEWER
-define:UNITY_2017_4_OR_NEWER
-define:UNITY_2018_1_OR_NEWER
-define:UNITY_2018_2_OR_NEWER
-define:UNITY_2018_3_OR_NEWER
-define:UNITY_2018_4_OR_NEWER
-define:UNITY_2019_1_OR_NEWER
-define:UNITY_2019_2_OR_NEWER
-define:UNITY_2019_3_OR_NEWER
-define:UNITY_2019_4_OR_NEWER
-define:UNITY_2020_1_OR_NEWER
-define:UNITY_2020_2_OR_NEWER
-define:UNITY_2020_3_OR_NEWER
-define:UNITY_2021_1_OR_NEWER
-define:UNITY_2021_2_OR_NEWER
-define:UNITY_2021_3_OR_NEWER
-define:UNITY_2022_1_OR_NEWER
-define:UNITY_2022_2_OR_NEWER
-define:UNITY_2022_3_OR_NEWER
-define:UNITY_2023_1_OR_NEWER
-define:UNITY_2023_2_OR_NEWER
-define:UNITY_2023_3_OR_NEWER
-define:UNITY_6000_0_OR_NEWER
-define:UNITY_6000_1_OR_NEWER
-define:UNITY_6000_2_OR_NEWER
-define:UNITY_6000_3_OR_NEWER
-define:UNITY_6000_4_OR_NEWER
-define:UNITY_6000_5_OR_NEWER
-define:UNITY_6000_6_OR_NEWER
-define:PLATFORM_ARCH_64
-define:UNITY_64
-define:UNITY_INCLUDE_TESTS
-define:UNITY_ENABLE_CLOUD_SERVICES_ENGINE_DIAGNOSTICS_MANAGED
-define:ENABLE_AR
-define:ENABLE_AUDIO
-define:ENABLE_AUDIO_SCRIPTABLE_PIPELINE
-define:ENABLE_BURST
-define:ENABLE_CACHING
-define:ENABLE_CLOTH
-define:ENABLE_EVENT_QUEUE
-define:ENABLE_MICROPHONE
-define:ENABLE_MULTIPLE_DISPLAYS
-define:ENABLE_PHYSICS
-define:ENABLE_TEXTURE_STREAMING
-define:ENABLE_VIRTUALTEXTURING
-define:ENABLE_LZMA
-define:ENABLE_UNITYEVENTS
-define:ENABLE_VR
-define:ENABLE_WEBCAM
-define:ENABLE_UNITYWEBREQUEST
-define:ENABLE_WWW
-define:ENABLE_CLOUD_SERVICES
-define:ENABLE_CLOUD_SERVICES_ADS
-define:ENABLE_CLOUD_SERVICES_USE_WEBREQUEST
-define:ENABLE_UNITY_CONSENT
-define:ENABLE_UNITY_CLOUD_IDENTIFIERS
-define:ENABLE_CLOUD_SERVICES_CRASH_REPORTING
-define:ENABLE_CLOUD_SERVICES_NATIVE_CRASH_REPORTING
-define:ENABLE_CLOUD_SERVICES_PURCHASING
-define:ENABLE_CLOUD_SERVICES_ANALYTICS
-define:ENABLE_CLOUD_SERVICES_BUILD
-define:ENABLE_EDITOR_GAME_SERVICES
-define:ENABLE_UNITY_GAME_SERVICES_ANALYTICS_SUPPORT
-define:ENABLE_CLOUD_LICENSE
-define:ENABLE_EDITOR_HUB_LICENSE
-define:ENABLE_WEBSOCKET_CLIENT
-define:ENABLE_GENERATE_NATIVE_PLUGINS_FOR_ASSEMBLIES_API
-define:ENABLE_DIRECTOR_AUDIO
-define:ENABLE_DIRECTOR_TEXTURE
-define:ENABLE_MANAGED_JOBS
-define:ENABLE_MANAGED_TRANSFORM_JOBS
-define:ENABLE_MANAGED_ANIMATION_JOBS
-define:ENABLE_MANAGED_AUDIO_JOBS
-define:ENABLE_MANAGED_UNITYTLS
-define:INCLUDE_DYNAMIC_GI
-define:ENABLE_SCRIPTING_GC_WBARRIERS
-define:PLATFORM_SUPPORTS_MONO
-define:RENDER_SOFTWARE_CURSOR
-define:ENABLE_MARSHALLING_TESTS
-define:ENABLE_VIDEO
-define:ENABLE_NAVIGATION_OFFMESHLINK_TO_NAVMESHLINK
-define:ENABLE_ACCELERATOR_CLIENT_DEBUGGING
-define:ENABLE_ACCESSIBILITY_SCREEN_READER
-define:TEXTCORE_1_0_OR_NEWER
-define:EDITOR_ONLY_NAVMESH_BUILDER_DEPRECATED
-define:INCLUDE_UNIFIED_RAYTRACING_COMPUTE_BACKEND
-define:INCLUDE_UNIFIED_RAYTRACING_HARDWARE_BACKEND
-define:PLATFORM_STANDALONE_WIN
-define:PLATFORM_STANDALONE
-define:UNITY_STANDALONE_WIN
-define:UNITY_STANDALONE
-define:ENABLE_RUNTIME_GI
-define:ENABLE_MOVIES
-define:ENABLE_NETWORK
-define:ENABLE_NVIDIA
-define:ENABLE_AMD
-define:ENABLE_CRUNCH_TEXTURE_COMPRESSION
-define:ENABLE_CLOUD_SERVICES_ENGINE_DIAGNOSTICS
-define:ENABLE_OUT_OF_PROCESS_CRASH_HANDLER
-define:ENABLE_CLUSTER_SYNC
-define:ENABLE_CLUSTERINPUT
-define:PLATFORM_UPDATES_TIME_OUTSIDE_OF_PLAYER_LOOP
-define:GFXDEVICE_WAITFOREVENT_MESSAGEPUMP
-define:PLATFORM_USES_EXPLICIT_MEMORY_MANAGER_INITIALIZER
-define:PLATFORM_SUPPORTS_WAIT_FOR_PRESENTATION
-define:PLATFORM_SUPPORTS_SPLIT_GRAPHICS_JOBS
-define:UNITY_SUPPORTS_GRAPHICS_API_VALIDATION
-define:PLATFORM_USES_VULKAN_OLD_SWAPCHAIN
-define:USE_READ_ASYNC_MANAGED_API
-define:ENABLE_MONO
-define:NET_STANDARD_2_0
-define:NET_STANDARD
-define:NET_STANDARD_2_1
-define:NETSTANDARD
-define:NETSTANDARD2_1
-define:ENABLE_PROFILER
-define:UNITY_INCLUDE_INSTRUMENTATION
-define:DEBUG
-define:TRACE
-define:UNITY_ASSERTIONS
-define:UNITY_ENABLE_CHECKS
-define:UNITY_EDITOR
-define:UNITY_EDITOR_64
-define:UNITY_EDITOR_WIN
-define:ENABLE_UNITY_COLLECTIONS_CHECKS
-define:ENABLE_BURST_AOT
-define:UNITY_TEAM_LICENSE
-define:ENABLE_CUSTOM_RENDER_TEXTURE
-define:ENABLE_DIRECTOR
-define:ENABLE_LOCALIZATION
-define:ENABLE_SPRITES
-define:ENABLE_TERRAIN
-define:ENABLE_TILEMAP
-define:ENABLE_TIMELINE
-define:ENABLE_INPUT_SYSTEM
-define:ENABLE_LEGACY_INPUT_MANAGER
-define:TEXTCORE_FONT_ENGINE_1_5_OR_NEWER
-define:TEXTCORE_TEXT_ENGINE_1_5_OR_NEWER
-define:TEXTCORE_FONT_ENGINE_1_6_OR_NEWER
-define:CSHARP_7_OR_LATER
-define:CSHARP_7_3_OR_NEWER
-r:"C:/Program Files/Unity/Hub/Editor/6000.6.0f1/Editor/Data/BCLExtensions/TargetingPacks/netstandard2.1/ref/Microsoft.Bcl.AsyncInterfaces.dll"
-r:"C:/Program Files/Unity/Hub/Editor/6000.6.0f1/Editor/Data/BCLExtensions/TargetingPacks/netstandard2.1/ref/Microsoft.Extensions.DependencyInjection.Abstractions.dll"
-r:"C:/Program Files/Unity/Hub/Editor/6000.6.0f1/Editor/Data/BCLExtensions/TargetingPacks/netstandard2.1/ref/Microsoft.Extensions.Logging.Abstractions.dll"
-r:"C:/Program Files/Unity/Hub/Editor/6000.6.0f1/Editor/Data/BCLExtensions/TargetingPacks/netstandard2.1/ref/System.Collections.Immutable.dll"
-r:"C:/Program Files/Unity/Hub/Editor/6000.6.0f1/Editor/Data/BCLExtensions/TargetingPacks/netstandard2.1/ref/System.Diagnostics.DiagnosticSource.dll"
-r:"C:/Program Files/Unity/Hub/Editor/6000.6.0f1/Editor/Data/BCLExtensions/TargetingPacks/netstandard2.1/ref/System.IO.Hashing.dll"
-r:"C:/Program Files/Unity/Hub/Editor/6000.6.0f1/Editor/Data/BCLExtensions/TargetingPacks/netstandard2.1/ref/System.Reflection.Metadata.dll"
-r:"C:/Program Files/Unity/Hub/Editor/6000.6.0f1/Editor/Data/BCLExtensions/TargetingPacks/netstandard2.1/ref/System.Runtime.CompilerServices.Unsafe.dll"
-r:"C:/Program Files/Unity/Hub/Editor/6000.6.0f1/Editor/Data/BCLExtensions/TargetingPacks/netstandard2.1/ref/System.Text.Encodings.Web.dll"
-r:"C:/Program Files/Unity/Hub/Editor/6000.6.0f1/Editor/Data/BCLExtensions/TargetingPacks/netstandard2.1/ref/System.Text.Json.dll"
-r:"C:/Program Files/Unity/Hub/Editor/6000.6.0f1/Editor/Data/Managed/UnityEngine/Unity.Scripting.dll"
-r:"C:/Program Files/Unity/Hub/Editor/6000.6.0f1/Editor/Data/Managed/UnityEngine/UnityEditor.AIModule.dll"
-r:"C:/Program Files/Unity/Hub/Editor/6000.6.0f1/Editor/Data/Managed/UnityEngine/UnityEditor.AccessibilityModule.dll"
-r:"C:/Program Files/Unity/Hub/Editor/6000.6.0f1/Editor/Data/Managed/UnityEngine/UnityEditor.AdaptivePerformanceModule.dll"
-r:"C:/Program Files/Unity/Hub/Editor/6000.6.0f1/Editor/Data/Managed/UnityEngine/UnityEditor.AnimationWindowModule.dll"
-r:"C:/Program Files/Unity/Hub/Editor/6000.6.0f1/Editor/Data/Managed/UnityEngine/UnityEditor.AssetComplianceModule.dll"
-r:"C:/Program Files/Unity/Hub/Editor/6000.6.0f1/Editor/Data/Managed/UnityEngine/UnityEditor.BuildAnalysisModule.dll"
-r:"C:/Program Files/Unity/Hub/Editor/6000.6.0f1/Editor/Data/Managed/UnityEngine/UnityEditor.BuildProfileModule.dll"
-r:"C:/Program Files/Unity/Hub/Editor/6000.6.0f1/Editor/Data/Managed/UnityEngine/UnityEditor.BurstModule.dll"
-r:"C:/Program Files/Unity/Hub/Editor/6000.6.0f1/Editor/Data/Managed/UnityEngine/UnityEditor.ClothModule.dll"
-r:"C:/Program Files/Unity/Hub/Editor/6000.6.0f1/Editor/Data/Managed/UnityEngine/UnityEditor.ContentLoadModule.dll"
-r:"C:/Program Files/Unity/Hub/Editor/6000.6.0f1/Editor/Data/Managed/UnityEngine/UnityEditor.CoreBusinessMetricsModule.dll"
-r:"C:/Program Files/Unity/Hub/Editor/6000.6.0f1/Editor/Data/Managed/UnityEngine/UnityEditor.CoreModule.dll"
-r:"C:/Program Files/Unity/Hub/Editor/6000.6.0f1/Editor/Data/Managed/UnityEngine/UnityEditor.DeviceSimulatorModule.dll"
-r:"C:/Program Files/Unity/Hub/Editor/6000.6.0f1/Editor/Data/Managed/UnityEngine/UnityEditor.DiagnosticsModule.dll"
-r:"C:/Program Files/Unity/Hub/Editor/6000.6.0f1/Editor/Data/Managed/UnityEngine/UnityEditor.EditorToolbarModule.dll"
-r:"C:/Program Files/Unity/Hub/Editor/6000.6.0f1/Editor/Data/Managed/UnityEngine/UnityEditor.EmbreeModule.dll"
-r:"C:/Program Files/Unity/Hub/Editor/6000.6.0f1/Editor/Data/Managed/UnityEngine/UnityEditor.GIModule.dll"
-r:"C:/Program Files/Unity/Hub/Editor/6000.6.0f1/Editor/Data/Managed/UnityEngine/UnityEditor.GenericRemoteModule.dll"
-r:"C:/Program Files/Unity/Hub/Editor/6000.6.0f1/Editor/Data/Managed/UnityEngine/UnityEditor.GraphToolkitModule.dll"
-r:"C:/Program Files/Unity/Hub/Editor/6000.6.0f1/Editor/Data/Managed/UnityEngine/UnityEditor.GraphViewModule.dll"
-r:"C:/Program Files/Unity/Hub/Editor/6000.6.0f1/Editor/Data/Managed/UnityEngine/UnityEditor.GraphicsStateCollectionSerializerModule.dll"
-r:"C:/Program Files/Unity/Hub/Editor/6000.6.0f1/Editor/Data/Managed/UnityEngine/UnityEditor.GridAndSnapModule.dll"
-r:"C:/Program Files/Unity/Hub/Editor/6000.6.0f1/Editor/Data/Managed/UnityEngine/UnityEditor.GridModule.dll"
-r:"C:/Program Files/Unity/Hub/Editor/6000.6.0f1/Editor/Data/Managed/UnityEngine/UnityEditor.HierarchyModule.dll"
-r:"C:/Program Files/Unity/Hub/Editor/6000.6.0f1/Editor/Data/Managed/UnityEngine/UnityEditor.LightingModule.dll"
-r:"C:/Program Files/Unity/Hub/Editor/6000.6.0f1/Editor/Data/Managed/UnityEngine/UnityEditor.MathematicsModule.dll"
-r:"C:/Program Files/Unity/Hub/Editor/6000.6.0f1/Editor/Data/Managed/UnityEngine/UnityEditor.MediaModule.dll"
-r:"C:/Program Files/Unity/Hub/Editor/6000.6.0f1/Editor/Data/Managed/UnityEngine/UnityEditor.MultiplayerModule.dll"
-r:"C:/Program Files/Unity/Hub/Editor/6000.6.0f1/Editor/Data/Managed/UnityEngine/UnityEditor.Physics2DModule.dll"
-r:"C:/Program Files/Unity/Hub/Editor/6000.6.0f1/Editor/Data/Managed/UnityEngine/UnityEditor.PhysicsCore2DModule.dll"
-r:"C:/Program Files/Unity/Hub/Editor/6000.6.0f1/Editor/Data/Managed/UnityEngine/UnityEditor.PhysicsModule.dll"
-r:"C:/Program Files/Unity/Hub/Editor/6000.6.0f1/Editor/Data/Managed/UnityEngine/UnityEditor.PlayModeModule.dll"
-r:"C:/Program Files/Unity/Hub/Editor/6000.6.0f1/Editor/Data/Managed/UnityEngine/UnityEditor.PresetsUIModule.dll"
-r:"C:/Program Files/Unity/Hub/Editor/6000.6.0f1/Editor/Data/Managed/UnityEngine/UnityEditor.ProjectAuditorModule.dll"
-r:"C:/Program Files/Unity/Hub/Editor/6000.6.0f1/Editor/Data/Managed/UnityEngine/UnityEditor.PropertiesModule.dll"
-r:"C:/Program Files/Unity/Hub/Editor/6000.6.0f1/Editor/Data/Managed/UnityEngine/UnityEditor.QuickInstallModule.dll"
-r:"C:/Program Files/Unity/Hub/Editor/6000.6.0f1/Editor/Data/Managed/UnityEngine/UnityEditor.QuickSearchModule.dll"
-r:"C:/Program Files/Unity/Hub/Editor/6000.6.0f1/Editor/Data/Managed/UnityEngine/UnityEditor.SafeModeModule.dll"
-r:"C:/Program Files/Unity/Hub/Editor/6000.6.0f1/Editor/Data/Managed/UnityEngine/UnityEditor.SceneTemplateModule.dll"
-r:"C:/Program Files/Unity/Hub/Editor/6000.6.0f1/Editor/Data/Managed/UnityEngine/UnityEditor.SceneViewModule.dll"
-r:"C:/Program Files/Unity/Hub/Editor/6000.6.0f1/Editor/Data/Managed/UnityEngine/UnityEditor.ShaderBuildSettingsModule.dll"
-r:"C:/Program Files/Unity/Hub/Editor/6000.6.0f1/Editor/Data/Managed/UnityEngine/UnityEditor.ShaderCompilationModule.dll"
-r:"C:/Program Files/Unity/Hub/Editor/6000.6.0f1/Editor/Data/Managed/UnityEngine/UnityEditor.ShaderFoundryModule.dll"
-r:"C:/Program Files/Unity/Hub/Editor/6000.6.0f1/Editor/Data/Managed/UnityEngine/UnityEditor.ShaderPreprocessorModule.dll"
-r:"C:/Program Files/Unity/Hub/Editor/6000.6.0f1/Editor/Data/Managed/UnityEngine/UnityEditor.SketchUpModule.dll"
-r:"C:/Program Files/Unity/Hub/Editor/6000.6.0f1/Editor/Data/Managed/UnityEngine/UnityEditor.SpriteMaskModule.dll"
-r:"C:/Program Files/Unity/Hub/Editor/6000.6.0f1/Editor/Data/Managed/UnityEngine/UnityEditor.SpriteShapeModule.dll"
-r:"C:/Program Files/Unity/Hub/Editor/6000.6.0f1/Editor/Data/Managed/UnityEngine/UnityEditor.SubstanceModule.dll"
-r:"C:/Program Files/Unity/Hub/Editor/6000.6.0f1/Editor/Data/Managed/UnityEngine/UnityEditor.SyntaxTreeModule.dll"
-r:"C:/Program Files/Unity/Hub/Editor/6000.6.0f1/Editor/Data/Managed/UnityEngine/UnityEditor.TerrainModule.dll"
-r:"C:/Program Files/Unity/Hub/Editor/6000.6.0f1/Editor/Data/Managed/UnityEngine/UnityEditor.TextCoreFontEngineModule.dll"
-r:"C:/Program Files/Unity/Hub/Editor/6000.6.0f1/Editor/Data/Managed/UnityEngine/UnityEditor.TextCoreTextEngineModule.dll"
-r:"C:/Program Files/Unity/Hub/Editor/6000.6.0f1/Editor/Data/Managed/UnityEngine/UnityEditor.TextRenderingModule.dll"
-r:"C:/Program Files/Unity/Hub/Editor/6000.6.0f1/Editor/Data/Managed/UnityEngine/UnityEditor.TilemapModule.dll"
-r:"C:/Program Files/Unity/Hub/Editor/6000.6.0f1/Editor/Data/Managed/UnityEngine/UnityEditor.TimelineFoundationModule.dll"
-r:"C:/Program Files/Unity/Hub/Editor/6000.6.0f1/Editor/Data/Managed/UnityEngine/UnityEditor.TreeModule.dll"
-r:"C:/Program Files/Unity/Hub/Editor/6000.6.0f1/Editor/Data/Managed/UnityEngine/UnityEditor.U2DModule.dll"
-r:"C:/Program Files/Unity/Hub/Editor/6000.6.0f1/Editor/Data/Managed/UnityEngine/UnityEditor.UIAutomationModule.dll"
-r:"C:/Program Files/Unity/Hub/Editor/6000.6.0f1/Editor/Data/Managed/UnityEngine/UnityEditor.UIBuilderModule.dll"
-r:"C:/Program Files/Unity/Hub/Editor/6000.6.0f1/Editor/Data/Managed/UnityEngine/UnityEditor.UIElementsModule.dll"
-r:"C:/Program Files/Unity/Hub/Editor/6000.6.0f1/Editor/Data/Managed/UnityEngine/UnityEditor.UIElementsSamplesModule.dll"
-r:"C:/Program Files/Unity/Hub/Editor/6000.6.0f1/Editor/Data/Managed/UnityEngine/UnityEditor.UIToolkitAuthoringModule.dll"
-r:"C:/Program Files/Unity/Hub/Editor/6000.6.0f1/Editor/Data/Managed/UnityEngine/UnityEditor.UmbraModule.dll"
-r:"C:/Program Files/Unity/Hub/Editor/6000.6.0f1/Editor/Data/Managed/UnityEngine/UnityEditor.UnityConnectModule.dll"
-r:"C:/Program Files/Unity/Hub/Editor/6000.6.0f1/Editor/Data/Managed/UnityEngine/UnityEditor.VFXModule.dll"
-r:"C:/Program Files/Unity/Hub/Editor/6000.6.0f1/Editor/Data/Managed/UnityEngine/UnityEditor.VectorGraphicsModule.dll"
-r:"C:/Program Files/Unity/Hub/Editor/6000.6.0f1/Editor/Data/Managed/UnityEngine/UnityEditor.VideoModule.dll"
-r:"C:/Program Files/Unity/Hub/Editor/6000.6.0f1/Editor/Data/Managed/UnityEngine/UnityEditor.XRModule.dll"
-r:"C:/Program Files/Unity/Hub/Editor/6000.6.0f1/Editor/Data/Managed/UnityEngine/UnityEditor.dll"
-r:"C:/Program Files/Unity/Hub/Editor/6000.6.0f1/Editor/Data/Managed/UnityEngine/UnityEngine.AIModule.dll"
-r:"C:/Program Files/Unity/Hub/Editor/6000.6.0f1/Editor/Data/Managed/UnityEngine/UnityEngine.ARModule.dll"
-r:"C:/Program Files/Unity/Hub/Editor/6000.6.0f1/Editor/Data/Managed/UnityEngine/UnityEngine.AccessibilityModule.dll"
-r:"C:/Program Files/Unity/Hub/Editor/6000.6.0f1/Editor/Data/Managed/UnityEngine/UnityEngine.AdaptivePerformanceModule.dll"
-r:"C:/Program Files/Unity/Hub/Editor/6000.6.0f1/Editor/Data/Managed/UnityEngine/UnityEngine.AndroidJNIModule.dll"
-r:"C:/Program Files/Unity/Hub/Editor/6000.6.0f1/Editor/Data/Managed/UnityEngine/UnityEngine.AnimationModule.dll"
-r:"C:/Program Files/Unity/Hub/Editor/6000.6.0f1/Editor/Data/Managed/UnityEngine/UnityEngine.AssetBundleModule.dll"
-r:"C:/Program Files/Unity/Hub/Editor/6000.6.0f1/Editor/Data/Managed/UnityEngine/UnityEngine.AudioModule.dll"
-r:"C:/Program Files/Unity/Hub/Editor/6000.6.0f1/Editor/Data/Managed/UnityEngine/UnityEngine.BurstModule.dll"
-r:"C:/Program Files/Unity/Hub/Editor/6000.6.0f1/Editor/Data/Managed/UnityEngine/UnityEngine.ClothModule.dll"
-r:"C:/Program Files/Unity/Hub/Editor/6000.6.0f1/Editor/Data/Managed/UnityEngine/UnityEngine.ClusterInputModule.dll"
-r:"C:/Program Files/Unity/Hub/Editor/6000.6.0f1/Editor/Data/Managed/UnityEngine/UnityEngine.ClusterRendererModule.dll"
-r:"C:/Program Files/Unity/Hub/Editor/6000.6.0f1/Editor/Data/Managed/UnityEngine/UnityEngine.ContentLoadModule.dll"
-r:"C:/Program Files/Unity/Hub/Editor/6000.6.0f1/Editor/Data/Managed/UnityEngine/UnityEngine.CoreModule.dll"
-r:"C:/Program Files/Unity/Hub/Editor/6000.6.0f1/Editor/Data/Managed/UnityEngine/UnityEngine.CrashReportingModule.dll"
-r:"C:/Program Files/Unity/Hub/Editor/6000.6.0f1/Editor/Data/Managed/UnityEngine/UnityEngine.DSPGraphModule.dll"
-r:"C:/Program Files/Unity/Hub/Editor/6000.6.0f1/Editor/Data/Managed/UnityEngine/UnityEngine.DirectorModule.dll"
-r:"C:/Program Files/Unity/Hub/Editor/6000.6.0f1/Editor/Data/Managed/UnityEngine/UnityEngine.GIModule.dll"
-r:"C:/Program Files/Unity/Hub/Editor/6000.6.0f1/Editor/Data/Managed/UnityEngine/UnityEngine.GameCenterModule.dll"
-r:"C:/Program Files/Unity/Hub/Editor/6000.6.0f1/Editor/Data/Managed/UnityEngine/UnityEngine.GraphicsStateCollectionSerializerModule.dll"
-r:"C:/Program Files/Unity/Hub/Editor/6000.6.0f1/Editor/Data/Managed/UnityEngine/UnityEngine.GridModule.dll"
-r:"C:/Program Files/Unity/Hub/Editor/6000.6.0f1/Editor/Data/Managed/UnityEngine/UnityEngine.HierarchyCoreModule.dll"
-r:"C:/Program Files/Unity/Hub/Editor/6000.6.0f1/Editor/Data/Managed/UnityEngine/UnityEngine.HotReloadModule.dll"
-r:"C:/Program Files/Unity/Hub/Editor/6000.6.0f1/Editor/Data/Managed/UnityEngine/UnityEngine.IMGUIModule.dll"
-r:"C:/Program Files/Unity/Hub/Editor/6000.6.0f1/Editor/Data/Managed/UnityEngine/UnityEngine.IdentifiersModule.dll"
-r:"C:/Program Files/Unity/Hub/Editor/6000.6.0f1/Editor/Data/Managed/UnityEngine/UnityEngine.ImageConversionModule.dll"
-r:"C:/Program Files/Unity/Hub/Editor/6000.6.0f1/Editor/Data/Managed/UnityEngine/UnityEngine.InputForUIModule.dll"
-r:"C:/Program Files/Unity/Hub/Editor/6000.6.0f1/Editor/Data/Managed/UnityEngine/UnityEngine.InputLegacyModule.dll"
-r:"C:/Program Files/Unity/Hub/Editor/6000.6.0f1/Editor/Data/Managed/UnityEngine/UnityEngine.InputModule.dll"
-r:"C:/Program Files/Unity/Hub/Editor/6000.6.0f1/Editor/Data/Managed/UnityEngine/UnityEngine.InsightsModule.dll"
-r:"C:/Program Files/Unity/Hub/Editor/6000.6.0f1/Editor/Data/Managed/UnityEngine/UnityEngine.JSONSerializeModule.dll"
-r:"C:/Program Files/Unity/Hub/Editor/6000.6.0f1/Editor/Data/Managed/UnityEngine/UnityEngine.LocalizationModule.dll"
-r:"C:/Program Files/Unity/Hub/Editor/6000.6.0f1/Editor/Data/Managed/UnityEngine/UnityEngine.ManagedKernelModule.dll"
-r:"C:/Program Files/Unity/Hub/Editor/6000.6.0f1/Editor/Data/Managed/UnityEngine/UnityEngine.MarshallingModule.dll"
-r:"C:/Program Files/Unity/Hub/Editor/6000.6.0f1/Editor/Data/Managed/UnityEngine/UnityEngine.MathematicsModule.dll"
-r:"C:/Program Files/Unity/Hub/Editor/6000.6.0f1/Editor/Data/Managed/UnityEngine/UnityEngine.MultiplayerModule.dll"
-r:"C:/Program Files/Unity/Hub/Editor/6000.6.0f1/Editor/Data/Managed/UnityEngine/UnityEngine.ParticleSystemModule.dll"
-r:"C:/Program Files/Unity/Hub/Editor/6000.6.0f1/Editor/Data/Managed/UnityEngine/UnityEngine.PerformanceReportingModule.dll"
-r:"C:/Program Files/Unity/Hub/Editor/6000.6.0f1/Editor/Data/Managed/UnityEngine/UnityEngine.Physics2DModule.dll"
-r:"C:/Program Files/Unity/Hub/Editor/6000.6.0f1/Editor/Data/Managed/UnityEngine/UnityEngine.PhysicsBackendPhysXModule.dll"
-r:"C:/Program Files/Unity/Hub/Editor/6000.6.0f1/Editor/Data/Managed/UnityEngine/UnityEngine.PhysicsCore2DModule.dll"
-r:"C:/Program Files/Unity/Hub/Editor/6000.6.0f1/Editor/Data/Managed/UnityEngine/UnityEngine.PhysicsModule.dll"
-r:"C:/Program Files/Unity/Hub/Editor/6000.6.0f1/Editor/Data/Managed/UnityEngine/UnityEngine.PropertiesModule.dll"
-r:"C:/Program Files/Unity/Hub/Editor/6000.6.0f1/Editor/Data/Managed/UnityEngine/UnityEngine.RenderAs2DModule.dll"
-r:"C:/Program Files/Unity/Hub/Editor/6000.6.0f1/Editor/Data/Managed/UnityEngine/UnityEngine.RuntimeInitializeOnLoadManagerInitializerModule.dll"
-r:"C:/Program Files/Unity/Hub/Editor/6000.6.0f1/Editor/Data/Managed/UnityEngine/UnityEngine.ScreenCaptureModule.dll"
-r:"C:/Program Files/Unity/Hub/Editor/6000.6.0f1/Editor/Data/Managed/UnityEngine/UnityEngine.ScriptingModule.dll"
-r:"C:/Program Files/Unity/Hub/Editor/6000.6.0f1/Editor/Data/Managed/UnityEngine/UnityEngine.ShaderVariantAnalyticsModule.dll"
-r:"C:/Program Files/Unity/Hub/Editor/6000.6.0f1/Editor/Data/Managed/UnityEngine/UnityEngine.SpriteMaskModule.dll"
-r:"C:/Program Files/Unity/Hub/Editor/6000.6.0f1/Editor/Data/Managed/UnityEngine/UnityEngine.SpriteShapeModule.dll"
-r:"C:/Program Files/Unity/Hub/Editor/6000.6.0f1/Editor/Data/Managed/UnityEngine/UnityEngine.StreamingModule.dll"
-r:"C:/Program Files/Unity/Hub/Editor/6000.6.0f1/Editor/Data/Managed/UnityEngine/UnityEngine.SubstanceModule.dll"
-r:"C:/Program Files/Unity/Hub/Editor/6000.6.0f1/Editor/Data/Managed/UnityEngine/UnityEngine.SubsystemsModule.dll"
-r:"C:/Program Files/Unity/Hub/Editor/6000.6.0f1/Editor/Data/Managed/UnityEngine/UnityEngine.TLSModule.dll"
-r:"C:/Program Files/Unity/Hub/Editor/6000.6.0f1/Editor/Data/Managed/UnityEngine/UnityEngine.TerrainModule.dll"
-r:"C:/Program Files/Unity/Hub/Editor/6000.6.0f1/Editor/Data/Managed/UnityEngine/UnityEngine.TerrainPhysicsModule.dll"
-r:"C:/Program Files/Unity/Hub/Editor/6000.6.0f1/Editor/Data/Managed/UnityEngine/UnityEngine.TetgenModule.dll"
-r:"C:/Program Files/Unity/Hub/Editor/6000.6.0f1/Editor/Data/Managed/UnityEngine/UnityEngine.TextCoreFontEngineModule.dll"
-r:"C:/Program Files/Unity/Hub/Editor/6000.6.0f1/Editor/Data/Managed/UnityEngine/UnityEngine.TextCoreTextEngineModule.dll"
-r:"C:/Program Files/Unity/Hub/Editor/6000.6.0f1/Editor/Data/Managed/UnityEngine/UnityEngine.TextRenderingModule.dll"
-r:"C:/Program Files/Unity/Hub/Editor/6000.6.0f1/Editor/Data/Managed/UnityEngine/UnityEngine.TilemapModule.dll"
-r:"C:/Program Files/Unity/Hub/Editor/6000.6.0f1/Editor/Data/Managed/UnityEngine/UnityEngine.TimelineFoundationModule.dll"
-r:"C:/Program Files/Unity/Hub/Editor/6000.6.0f1/Editor/Data/Managed/UnityEngine/UnityEngine.U2DRuntimeModule.dll"
-r:"C:/Program Files/Unity/Hub/Editor/6000.6.0f1/Editor/Data/Managed/UnityEngine/UnityEngine.UIElementsModule.dll"
-r:"C:/Program Files/Unity/Hub/Editor/6000.6.0f1/Editor/Data/Managed/UnityEngine/UnityEngine.UIModule.dll"
-r:"C:/Program Files/Unity/Hub/Editor/6000.6.0f1/Editor/Data/Managed/UnityEngine/UnityEngine.UmbraModule.dll"
-r:"C:/Program Files/Unity/Hub/Editor/6000.6.0f1/Editor/Data/Managed/UnityEngine/UnityEngine.UnityAnalyticsCommonModule.dll"
-r:"C:/Program Files/Unity/Hub/Editor/6000.6.0f1/Editor/Data/Managed/UnityEngine/UnityEngine.UnityAnalyticsModule.dll"
-r:"C:/Program Files/Unity/Hub/Editor/6000.6.0f1/Editor/Data/Managed/UnityEngine/UnityEngine.UnityConnectModule.dll"
-r:"C:/Program Files/Unity/Hub/Editor/6000.6.0f1/Editor/Data/Managed/UnityEngine/UnityEngine.UnityConsentModule.dll"
-r:"C:/Program Files/Unity/Hub/Editor/6000.6.0f1/Editor/Data/Managed/UnityEngine/UnityEngine.UnityCurlModule.dll"
-r:"C:/Program Files/Unity/Hub/Editor/6000.6.0f1/Editor/Data/Managed/UnityEngine/UnityEngine.UnityWebRequestAssetBundleModule.dll"
-r:"C:/Program Files/Unity/Hub/Editor/6000.6.0f1/Editor/Data/Managed/UnityEngine/UnityEngine.UnityWebRequestAudioModule.dll"
-r:"C:/Program Files/Unity/Hub/Editor/6000.6.0f1/Editor/Data/Managed/UnityEngine/UnityEngine.UnityWebRequestModule.dll"
-r:"C:/Program Files/Unity/Hub/Editor/6000.6.0f1/Editor/Data/Managed/UnityEngine/UnityEngine.UnityWebRequestTextureModule.dll"
-r:"C:/Program Files/Unity/Hub/Editor/6000.6.0f1/Editor/Data/Managed/UnityEngine/UnityEngine.UnityWebRequestWWWModule.dll"
-r:"C:/Program Files/Unity/Hub/Editor/6000.6.0f1/Editor/Data/Managed/UnityEngine/UnityEngine.VFXModule.dll"
-r:"C:/Program Files/Unity/Hub/Editor/6000.6.0f1/Editor/Data/Managed/UnityEngine/UnityEngine.VectorGraphicsModule.dll"
-r:"C:/Program Files/Unity/Hub/Editor/6000.6.0f1/Editor/Data/Managed/UnityEngine/UnityEngine.VehiclesModule.dll"
-r:"C:/Program Files/Unity/Hub/Editor/6000.6.0f1/Editor/Data/Managed/UnityEngine/UnityEngine.VideoModule.dll"
-r:"C:/Program Files/Unity/Hub/Editor/6000.6.0f1/Editor/Data/Managed/UnityEngine/UnityEngine.VirtualTexturingModule.dll"
-r:"C:/Program Files/Unity/Hub/Editor/6000.6.0f1/Editor/Data/Managed/UnityEngine/UnityEngine.WindModule.dll"
-r:"C:/Program Files/Unity/Hub/Editor/6000.6.0f1/Editor/Data/Managed/UnityEngine/UnityEngine.XRModule.dll"
-r:"C:/Program Files/Unity/Hub/Editor/6000.6.0f1/Editor/Data/Managed/UnityEngine/UnityEngine.dll"
-r:"C:/Program Files/Unity/Hub/Editor/6000.6.0f1/Editor/Data/NetStandard/Extensions/2.0.0/System.Runtime.InteropServices.WindowsRuntime.dll"
-r:"C:/Program Files/Unity/Hub/Editor/6000.6.0f1/Editor/Data/NetStandard/compat/2.1.0/shims/netfx/System.ComponentModel.Composition.dll"
-r:"C:/Program Files/Unity/Hub/Editor/6000.6.0f1/Editor/Data/NetStandard/compat/2.1.0/shims/netfx/System.Core.dll"
-r:"C:/Program Files/Unity/Hub/Editor/6000.6.0f1/Editor/Data/NetStandard/compat/2.1.0/shims/netfx/System.Data.dll"
-r:"C:/Program Files/Unity/Hub/Editor/6000.6.0f1/Editor/Data/NetStandard/compat/2.1.0/shims/netfx/System.Drawing.dll"
-r:"C:/Program Files/Unity/Hub/Editor/6000.6.0f1/Editor/Data/NetStandard/compat/2.1.0/shims/netfx/System.IO.Compression.FileSystem.dll"
-r:"C:/Program Files/Unity/Hub/Editor/6000.6.0f1/Editor/Data/NetStandard/compat/2.1.0/shims/netfx/System.Net.dll"
-r:"C:/Program Files/Unity/Hub/Editor/6000.6.0f1/Editor/Data/NetStandard/compat/2.1.0/shims/netfx/System.Numerics.dll"
-r:"C:/Program Files/Unity/Hub/Editor/6000.6.0f1/Editor/Data/NetStandard/compat/2.1.0/shims/netfx/System.Runtime.Serialization.dll"
-r:"C:/Program Files/Unity/Hub/Editor/6000.6.0f1/Editor/Data/NetStandard/compat/2.1.0/shims/netfx/System.ServiceModel.Web.dll"
-r:"C:/Program Files/Unity/Hub/Editor/6000.6.0f1/Editor/Data/NetStandard/compat/2.1.0/shims/netfx/System.Transactions.dll"
-r:"C:/Program Files/Unity/Hub/Editor/6000.6.0f1/Editor/Data/NetStandard/compat/2.1.0/shims/netfx/System.Web.dll"
-r:"C:/Program Files/Unity/Hub/Editor/6000.6.0f1/Editor/Data/NetStandard/compat/2.1.0/shims/netfx/System.Windows.dll"
-r:"C:/Program Files/Unity/Hub/Editor/6000.6.0f1/Editor/Data/NetStandard/compat/2.1.0/shims/netfx/System.Xml.Linq.dll"
-r:"C:/Program Files/Unity/Hub/Editor/6000.6.0f1/Editor/Data/NetStandard/compat/2.1.0/shims/netfx/System.Xml.Serialization.dll"
-r:"C:/Program Files/Unity/Hub/Editor/6000.6.0f1/Editor/Data/NetStandard/compat/2.1.0/shims/netfx/System.Xml.dll"
-r:"C:/Program Files/Unity/Hub/Editor/6000.6.0f1/Editor/Data/NetStandard/compat/2.1.0/shims/netfx/System.dll"
-r:"C:/Program Files/Unity/Hub/Editor/6000.6.0f1/Editor/Data/NetStandard/compat/2.1.0/shims/netfx/mscorlib.dll"
-r:"C:/Program Files/Unity/Hub/Editor/6000.6.0f1/Editor/Data/NetStandard/compat/2.1.0/shims/netstandard/Microsoft.Win32.Primitives.dll"
-r:"C:/Program Files/Unity/Hub/Editor/6000.6.0f1/Editor/Data/NetStandard/compat/2.1.0/shims/netstandard/System.AppContext.dll"
-r:"C:/Program Files/Unity/Hub/Editor/6000.6.0f1/Editor/Data/NetStandard/compat/2.1.0/shims/netstandard/System.Buffers.dll"
-r:"C:/Program Files/Unity/Hub/Editor/6000.6.0f1/Editor/Data/NetStandard/compat/2.1.0/shims/netstandard/System.Collections.Concurrent.dll"
-r:"C:/Program Files/Unity/Hub/Editor/6000.6.0f1/Editor/Data/NetStandard/compat/2.1.0/shims/netstandard/System.Collections.NonGeneric.dll"
-r:"C:/Program Files/Unity/Hub/Editor/6000.6.0f1/Editor/Data/NetStandard/compat/2.1.0/shims/netstandard/System.Collections.Specialized.dll"
-r:"C:/Program Files/Unity/Hub/Editor/6000.6.0f1/Editor/Data/NetStandard/compat/2.1.0/shims/netstandard/System.Collections.dll"
-r:"C:/Program Files/Unity/Hub/Editor/6000.6.0f1/Editor/Data/NetStandard/compat/2.1.0/shims/netstandard/System.ComponentModel.EventBasedAsync.dll"
-r:"C:/Program Files/Unity/Hub/Editor/6000.6.0f1/Editor/Data/NetStandard/compat/2.1.0/shims/netstandard/System.ComponentModel.Primitives.dll"
-r:"C:/Program Files/Unity/Hub/Editor/6000.6.0f1/Editor/Data/NetStandard/compat/2.1.0/shims/netstandard/System.ComponentModel.TypeConverter.dll"
-r:"C:/Program Files/Unity/Hub/Editor/6000.6.0f1/Editor/Data/NetStandard/compat/2.1.0/shims/netstandard/System.ComponentModel.dll"
-r:"C:/Program Files/Unity/Hub/Editor/6000.6.0f1/Editor/Data/NetStandard/compat/2.1.0/shims/netstandard/System.Console.dll"
-r:"C:/Program Files/Unity/Hub/Editor/6000.6.0f1/Editor/Data/NetStandard/compat/2.1.0/shims/netstandard/System.Data.Common.dll"
-r:"C:/Program Files/Unity/Hub/Editor/6000.6.0f1/Editor/Data/NetStandard/compat/2.1.0/shims/netstandard/System.Diagnostics.Contracts.dll"
-r:"C:/Program Files/Unity/Hub/Editor/6000.6.0f1/Editor/Data/NetStandard/compat/2.1.0/shims/netstandard/System.Diagnostics.Debug.dll"
-r:"C:/Program Files/Unity/Hub/Editor/6000.6.0f1/Editor/Data/NetStandard/compat/2.1.0/shims/netstandard/System.Diagnostics.FileVersionInfo.dll"
-r:"C:/Program Files/Unity/Hub/Editor/6000.6.0f1/Editor/Data/NetStandard/compat/2.1.0/shims/netstandard/System.Diagnostics.Process.dll"
-r:"C:/Program Files/Unity/Hub/Editor/6000.6.0f1/Editor/Data/NetStandard/compat/2.1.0/shims/netstandard/System.Diagnostics.StackTrace.dll"
-r:"C:/Program Files/Unity/Hub/Editor/6000.6.0f1/Editor/Data/NetStandard/compat/2.1.0/shims/netstandard/System.Diagnostics.TextWriterTraceListener.dll"
-r:"C:/Program Files/Unity/Hub/Editor/6000.6.0f1/Editor/Data/NetStandard/compat/2.1.0/shims/netstandard/System.Diagnostics.Tools.dll"
-r:"C:/Program Files/Unity/Hub/Editor/6000.6.0f1/Editor/Data/NetStandard/compat/2.1.0/shims/netstandard/System.Diagnostics.TraceSource.dll"
-r:"C:/Program Files/Unity/Hub/Editor/6000.6.0f1/Editor/Data/NetStandard/compat/2.1.0/shims/netstandard/System.Diagnostics.Tracing.dll"
-r:"C:/Program Files/Unity/Hub/Editor/6000.6.0f1/Editor/Data/NetStandard/compat/2.1.0/shims/netstandard/System.Drawing.Primitives.dll"
-r:"C:/Program Files/Unity/Hub/Editor/6000.6.0f1/Editor/Data/NetStandard/compat/2.1.0/shims/netstandard/System.Dynamic.Runtime.dll"
-r:"C:/Program Files/Unity/Hub/Editor/6000.6.0f1/Editor/Data/NetStandard/compat/2.1.0/shims/netstandard/System.Globalization.Calendars.dll"
-r:"C:/Program Files/Unity/Hub/Editor/6000.6.0f1/Editor/Data/NetStandard/compat/2.1.0/shims/netstandard/System.Globalization.Extensions.dll"
-r:"C:/Program Files/Unity/Hub/Editor/6000.6.0f1/Editor/Data/NetStandard/compat/2.1.0/shims/netstandard/System.Globalization.dll"
-r:"C:/Program Files/Unity/Hub/Editor/6000.6.0f1/Editor/Data/NetStandard/compat/2.1.0/shims/netstandard/System.IO.Compression.ZipFile.dll"
-r:"C:/Program Files/Unity/Hub/Editor/6000.6.0f1/Editor/Data/NetStandard/compat/2.1.0/shims/netstandard/System.IO.Compression.dll"
-r:"C:/Program Files/Unity/Hub/Editor/6000.6.0f1/Editor/Data/NetStandard/compat/2.1.0/shims/netstandard/System.IO.FileSystem.DriveInfo.dll"
-r:"C:/Program Files/Unity/Hub/Editor/6000.6.0f1/Editor/Data/NetStandard/compat/2.1.0/shims/netstandard/System.IO.FileSystem.Primitives.dll"
-r:"C:/Program Files/Unity/Hub/Editor/6000.6.0f1/Editor/Data/NetStandard/compat/2.1.0/shims/netstandard/System.IO.FileSystem.Watcher.dll"
-r:"C:/Program Files/Unity/Hub/Editor/6000.6.0f1/Editor/Data/NetStandard/compat/2.1.0/shims/netstandard/System.IO.FileSystem.dll"
-r:"C:/Program Files/Unity/Hub/Editor/6000.6.0f1/Editor/Data/NetStandard/compat/2.1.0/shims/netstandard/System.IO.IsolatedStorage.dll"
-r:"C:/Program Files/Unity/Hub/Editor/6000.6.0f1/Editor/Data/NetStandard/compat/2.1.0/shims/netstandard/System.IO.MemoryMappedFiles.dll"
-r:"C:/Program Files/Unity/Hub/Editor/6000.6.0f1/Editor/Data/NetStandard/compat/2.1.0/shims/netstandard/System.IO.Pipes.dll"
-r:"C:/Program Files/Unity/Hub/Editor/6000.6.0f1/Editor/Data/NetStandard/compat/2.1.0/shims/netstandard/System.IO.UnmanagedMemoryStream.dll"
-r:"C:/Program Files/Unity/Hub/Editor/6000.6.0f1/Editor/Data/NetStandard/compat/2.1.0/shims/netstandard/System.IO.dll"
-r:"C:/Program Files/Unity/Hub/Editor/6000.6.0f1/Editor/Data/NetStandard/compat/2.1.0/shims/netstandard/System.Linq.Expressions.dll"
-r:"C:/Program Files/Unity/Hub/Editor/6000.6.0f1/Editor/Data/NetStandard/compat/2.1.0/shims/netstandard/System.Linq.Parallel.dll"
-r:"C:/Program Files/Unity/Hub/Editor/6000.6.0f1/Editor/Data/NetStandard/compat/2.1.0/shims/netstandard/System.Linq.Queryable.dll"
-r:"C:/Program Files/Unity/Hub/Editor/6000.6.0f1/Editor/Data/NetStandard/compat/2.1.0/shims/netstandard/System.Linq.dll"
-r:"C:/Program Files/Unity/Hub/Editor/6000.6.0f1/Editor/Data/NetStandard/compat/2.1.0/shims/netstandard/System.Memory.dll"
-r:"C:/Program Files/Unity/Hub/Editor/6000.6.0f1/Editor/Data/NetStandard/compat/2.1.0/shims/netstandard/System.Net.Http.dll"
-r:"C:/Program Files/Unity/Hub/Editor/6000.6.0f1/Editor/Data/NetStandard/compat/2.1.0/shims/netstandard/System.Net.NameResolution.dll"
-r:"C:/Program Files/Unity/Hub/Editor/6000.6.0f1/Editor/Data/NetStandard/compat/2.1.0/shims/netstandard/System.Net.NetworkInformation.dll"
-r:"C:/Program Files/Unity/Hub/Editor/6000.6.0f1/Editor/Data/NetStandard/compat/2.1.0/shims/netstandard/System.Net.Ping.dll"
-r:"C:/Program Files/Unity/Hub/Editor/6000.6.0f1/Editor/Data/NetStandard/compat/2.1.0/shims/netstandard/System.Net.Primitives.dll"
-r:"C:/Program Files/Unity/Hub/Editor/6000.6.0f1/Editor/Data/NetStandard/compat/2.1.0/shims/netstandard/System.Net.Requests.dll"
-r:"C:/Program Files/Unity/Hub/Editor/6000.6.0f1/Editor/Data/NetStandard/compat/2.1.0/shims/netstandard/System.Net.Security.dll"
-r:"C:/Program Files/Unity/Hub/Editor/6000.6.0f1/Editor/Data/NetStandard/compat/2.1.0/shims/netstandard/System.Net.Sockets.dll"
-r:"C:/Program Files/Unity/Hub/Editor/6000.6.0f1/Editor/Data/NetStandard/compat/2.1.0/shims/netstandard/System.Net.WebHeaderCollection.dll"
-r:"C:/Program Files/Unity/Hub/Editor/6000.6.0f1/Editor/Data/NetStandard/compat/2.1.0/shims/netstandard/System.Net.WebSockets.Client.dll"
-r:"C:/Program Files/Unity/Hub/Editor/6000.6.0f1/Editor/Data/NetStandard/compat/2.1.0/shims/netstandard/System.Net.WebSockets.dll"
-r:"C:/Program Files/Unity/Hub/Editor/6000.6.0f1/Editor/Data/NetStandard/compat/2.1.0/shims/netstandard/System.Numerics.Vectors.dll"
-r:"C:/Program Files/Unity/Hub/Editor/6000.6.0f1/Editor/Data/NetStandard/compat/2.1.0/shims/netstandard/System.ObjectModel.dll"
-r:"C:/Program Files/Unity/Hub/Editor/6000.6.0f1/Editor/Data/NetStandard/compat/2.1.0/shims/netstandard/System.Reflection.DispatchProxy.dll"
-r:"C:/Program Files/Unity/Hub/Editor/6000.6.0f1/Editor/Data/NetStandard/compat/2.1.0/shims/netstandard/System.Reflection.Emit.ILGeneration.dll"
-r:"C:/Program Files/Unity/Hub/Editor/6000.6.0f1/Editor/Data/NetStandard/compat/2.1.0/shims/netstandard/System.Reflection.Emit.Lightweight.dll"
-r:"C:/Program Files/Unity/Hub/Editor/6000.6.0f1/Editor/Data/NetStandard/compat/2.1.0/shims/netstandard/System.Reflection.Emit.dll"
-r:"C:/Program Files/Unity/Hub/Editor/6000.6.0f1/Editor/Data/NetStandard/compat/2.1.0/shims/netstandard/System.Reflection.Extensions.dll"
-r:"C:/Program Files/Unity/Hub/Editor/6000.6.0f1/Editor/Data/NetStandard/compat/2.1.0/shims/netstandard/System.Reflection.Primitives.dll"
-r:"C:/Program Files/Unity/Hub/Editor/6000.6.0f1/Editor/Data/NetStandard/compat/2.1.0/shims/netstandard/System.Reflection.dll"
-r:"C:/Program Files/Unity/Hub/Editor/6000.6.0f1/Editor/Data/NetStandard/compat/2.1.0/shims/netstandard/System.Resources.Reader.dll"
-r:"C:/Program Files/Unity/Hub/Editor/6000.6.0f1/Editor/Data/NetStandard/compat/2.1.0/shims/netstandard/System.Resources.ResourceManager.dll"
-r:"C:/Program Files/Unity/Hub/Editor/6000.6.0f1/Editor/Data/NetStandard/compat/2.1.0/shims/netstandard/System.Resources.Writer.dll"
-r:"C:/Program Files/Unity/Hub/Editor/6000.6.0f1/Editor/Data/NetStandard/compat/2.1.0/shims/netstandard/System.Runtime.CompilerServices.VisualC.dll"
-r:"C:/Program Files/Unity/Hub/Editor/6000.6.0f1/Editor/Data/NetStandard/compat/2.1.0/shims/netstandard/System.Runtime.Extensions.dll"
-r:"C:/Program Files/Unity/Hub/Editor/6000.6.0f1/Editor/Data/NetStandard/compat/2.1.0/shims/netstandard/System.Runtime.Handles.dll"
-r:"C:/Program Files/Unity/Hub/Editor/6000.6.0f1/Editor/Data/NetStandard/compat/2.1.0/shims/netstandard/System.Runtime.InteropServices.RuntimeInformation.dll"
-r:"C:/Program Files/Unity/Hub/Editor/6000.6.0f1/Editor/Data/NetStandard/compat/2.1.0/shims/netstandard/System.Runtime.InteropServices.dll"
-r:"C:/Program Files/Unity/Hub/Editor/6000.6.0f1/Editor/Data/NetStandard/compat/2.1.0/shims/netstandard/System.Runtime.Numerics.dll"
-r:"C:/Program Files/Unity/Hub/Editor/6000.6.0f1/Editor/Data/NetStandard/compat/2.1.0/shims/netstandard/System.Runtime.Serialization.Formatters.dll"
-r:"C:/Program Files/Unity/Hub/Editor/6000.6.0f1/Editor/Data/NetStandard/compat/2.1.0/shims/netstandard/System.Runtime.Serialization.Json.dll"
-r:"C:/Program Files/Unity/Hub/Editor/6000.6.0f1/Editor/Data/NetStandard/compat/2.1.0/shims/netstandard/System.Runtime.Serialization.Primitives.dll"
-r:"C:/Program Files/Unity/Hub/Editor/6000.6.0f1/Editor/Data/NetStandard/compat/2.1.0/shims/netstandard/System.Runtime.Serialization.Xml.dll"
-r:"C:/Program Files/Unity/Hub/Editor/6000.6.0f1/Editor/Data/NetStandard/compat/2.1.0/shims/netstandard/System.Runtime.dll"
-r:"C:/Program Files/Unity/Hub/Editor/6000.6.0f1/Editor/Data/NetStandard/compat/2.1.0/shims/netstandard/System.Security.Claims.dll"
-r:"C:/Program Files/Unity/Hub/Editor/6000.6.0f1/Editor/Data/NetStandard/compat/2.1.0/shims/netstandard/System.Security.Cryptography.Algorithms.dll"
-r:"C:/Program Files/Unity/Hub/Editor/6000.6.0f1/Editor/Data/NetStandard/compat/2.1.0/shims/netstandard/System.Security.Cryptography.Csp.dll"
-r:"C:/Program Files/Unity/Hub/Editor/6000.6.0f1/Editor/Data/NetStandard/compat/2.1.0/shims/netstandard/System.Security.Cryptography.Encoding.dll"
-r:"C:/Program Files/Unity/Hub/Editor/6000.6.0f1/Editor/Data/NetStandard/compat/2.1.0/shims/netstandard/System.Security.Cryptography.Primitives.dll"
-r:"C:/Program Files/Unity/Hub/Editor/6000.6.0f1/Editor/Data/NetStandard/compat/2.1.0/shims/netstandard/System.Security.Cryptography.X509Certificates.dll"
-r:"C:/Program Files/Unity/Hub/Editor/6000.6.0f1/Editor/Data/NetStandard/compat/2.1.0/shims/netstandard/System.Security.Principal.dll"
-r:"C:/Program Files/Unity/Hub/Editor/6000.6.0f1/Editor/Data/NetStandard/compat/2.1.0/shims/netstandard/System.Security.SecureString.dll"
-r:"C:/Program Files/Unity/Hub/Editor/6000.6.0f1/Editor/Data/NetStandard/compat/2.1.0/shims/netstandard/System.Text.Encoding.Extensions.dll"
-r:"C:/Program Files/Unity/Hub/Editor/6000.6.0f1/Editor/Data/NetStandard/compat/2.1.0/shims/netstandard/System.Text.Encoding.dll"
-r:"C:/Program Files/Unity/Hub/Editor/6000.6.0f1/Editor/Data/NetStandard/compat/2.1.0/shims/netstandard/System.Text.RegularExpressions.dll"
-r:"C:/Program Files/Unity/Hub/Editor/6000.6.0f1/Editor/Data/NetStandard/compat/2.1.0/shims/netstandard/System.Threading.Overlapped.dll"
-r:"C:/Program Files/Unity/Hub/Editor/6000.6.0f1/Editor/Data/NetStandard/compat/2.1.0/shims/netstandard/System.Threading.Tasks.Extensions.dll"
-r:"C:/Program Files/Unity/Hub/Editor/6000.6.0f1/Editor/Data/NetStandard/compat/2.1.0/shims/netstandard/System.Threading.Tasks.Parallel.dll"
-r:"C:/Program Files/Unity/Hub/Editor/6000.6.0f1/Editor/Data/NetStandard/compat/2.1.0/shims/netstandard/System.Threading.Tasks.dll"
-r:"C:/Program Files/Unity/Hub/Editor/6000.6.0f1/Editor/Data/NetStandard/compat/2.1.0/shims/netstandard/System.Threading.Thread.dll"
-r:"C:/Program Files/Unity/Hub/Editor/6000.6.0f1/Editor/Data/NetStandard/compat/2.1.0/shims/netstandard/System.Threading.ThreadPool.dll"
-r:"C:/Program Files/Unity/Hub/Editor/6000.6.0f1/Editor/Data/NetStandard/compat/2.1.0/shims/netstandard/System.Threading.Timer.dll"
-r:"C:/Program Files/Unity/Hub/Editor/6000.6.0f1/Editor/Data/NetStandard/compat/2.1.0/shims/netstandard/System.Threading.dll"
-r:"C:/Program Files/Unity/Hub/Editor/6000.6.0f1/Editor/Data/NetStandard/compat/2.1.0/shims/netstandard/System.ValueTuple.dll"
-r:"C:/Program Files/Unity/Hub/Editor/6000.6.0f1/Editor/Data/NetStandard/compat/2.1.0/shims/netstandard/System.Xml.ReaderWriter.dll"
-r:"C:/Program Files/Unity/Hub/Editor/6000.6.0f1/Editor/Data/NetStandard/compat/2.1.0/shims/netstandard/System.Xml.XDocument.dll"
-r:"C:/Program Files/Unity/Hub/Editor/6000.6.0f1/Editor/Data/NetStandard/compat/2.1.0/shims/netstandard/System.Xml.XPath.XDocument.dll"
-r:"C:/Program Files/Unity/Hub/Editor/6000.6.0f1/Editor/Data/NetStandard/compat/2.1.0/shims/netstandard/System.Xml.XPath.dll"
-r:"C:/Program Files/Unity/Hub/Editor/6000.6.0f1/Editor/Data/NetStandard/compat/2.1.0/shims/netstandard/System.Xml.XmlDocument.dll"
-r:"C:/Program Files/Unity/Hub/Editor/6000.6.0f1/Editor/Data/NetStandard/compat/2.1.0/shims/netstandard/System.Xml.XmlSerializer.dll"
-r:"C:/Program Files/Unity/Hub/Editor/6000.6.0f1/Editor/Data/NetStandard/ref/2.1.0/netstandard.dll"
-r:"Library/PackageCache/com.unity.collections@10fff0607388/Unity.Collections.LowLevel.ILSupport/Unity.Collections.LowLevel.ILSupport.dll"
-r:"Library/PackageCache/com.unity.ext.nunit@0198eae3b53e/net472/unity-custom/nunit.framework.dll"
-r:"Library/PackageCache/com.unity.nuget.mono-cecil@ecb9724e46ff/Mono.Cecil.dll"
-r:"Library/PackageCache/com.unity.visualscripting@4edfcc09512f/Runtime/VisualScripting.Flow/Dependencies/NCalc/Unity.VisualScripting.Antlr3.Runtime.dll"
-r:"Library/Bee/artifacts/1900b0aE.dag/Unity.AI.Navigation.Editor.ConversionSystem.ref.dll"
-r:"Library/Bee/artifacts/1900b0aE.dag/Unity.AI.Navigation.Editor.ref.dll"
-r:"Library/Bee/artifacts/1900b0aE.dag/Unity.AI.Navigation.ref.dll"
-r:"Library/Bee/artifacts/1900b0aE.dag/Unity.AI.Navigation.Updater.ref.dll"
-r:"Library/Bee/artifacts/1900b0aE.dag/Unity.Burst.ref.dll"
-r:"Library/Bee/artifacts/1900b0aE.dag/Unity.Collections.Editor.ref.dll"
-r:"Library/Bee/artifacts/1900b0aE.dag/Unity.Collections.ref.dll"
-r:"Library/Bee/artifacts/1900b0aE.dag/Unity.Collections.Tests.CoreCLR.InternalJobNestedPrivate.ref.dll"
-r:"Library/Bee/artifacts/1900b0aE.dag/Unity.Collections.Tests.CoreCLR.PrivateJobNested.ref.dll"
-r:"Library/Bee/artifacts/1900b0aE.dag/Unity.Collections.Tests.CoreCLR.ProtectedJobNested.ref.dll"
-r:"Library/Bee/artifacts/1900b0aE.dag/Unity.Collections.Tests.CoreCLR.PublicJobPrivateGeneric.ref.dll"
-r:"Library/Bee/artifacts/1900b0aE.dag/Unity.GraphAuthoring.Editor.ref.dll"
-r:"Library/Bee/artifacts/1900b0aE.dag/Unity.InputSystem.ForUI.Editor.ref.dll"
-r:"Library/Bee/artifacts/1900b0aE.dag/Unity.InputSystem.ForUI.ref.dll"
-r:"Library/Bee/artifacts/1900b0aE.dag/Unity.InputSystem.ref.dll"
-r:"Library/Bee/artifacts/1900b0aE.dag/Unity.InternalAPIEditorBridge.ShaderGraph.Editor.ref.dll"
-r:"Library/Bee/artifacts/1900b0aE.dag/Unity.InternalAPIEngineBridge.004.ref.dll"
-r:"Library/Bee/artifacts/1900b0aE.dag/Unity.InternalAPIEngineBridge.ObjectDispatcher.Runtime.ref.dll"
-r:"Library/Bee/artifacts/1900b0aE.dag/Unity.InternalAPIEngineBridge.RenderPipelines.Core.Editor.ref.dll"
-r:"Library/Bee/artifacts/1900b0aE.dag/Unity.InternalAPIEngineBridge.RenderPipelines.Core.Runtime.Shared.ref.dll"
-r:"Library/Bee/artifacts/1900b0aE.dag/Unity.PathTracing.Editor.ref.dll"
-r:"Library/Bee/artifacts/1900b0aE.dag/Unity.PathTracing.Runtime.ref.dll"
-r:"Library/Bee/artifacts/1900b0aE.dag/Unity.PlasticSCM.Editor.Assistant.ref.dll"
-r:"Library/Bee/artifacts/1900b0aE.dag/Unity.PlasticSCM.Editor.ref.dll"
-r:"Library/Bee/artifacts/1900b0aE.dag/Unity.ProBuilder.AddOns.Editor.ref.dll"
-r:"Library/Bee/artifacts/1900b0aE.dag/Unity.ProBuilder.AssetIdRemapUtility.ref.dll"
-r:"Library/Bee/artifacts/1900b0aE.dag/Unity.ProBuilder.Editor.ref.dll"
-r:"Library/Bee/artifacts/1900b0aE.dag/Unity.ProBuilder.ref.dll"
-r:"Library/Bee/artifacts/1900b0aE.dag/Unity.Profiling.Core.ref.dll"
-r:"Library/Bee/artifacts/1900b0aE.dag/Unity.Rendering.LightTransport.Editor.ref.dll"
-r:"Library/Bee/artifacts/1900b0aE.dag/Unity.RenderPipeline.Universal.ShaderLibrary.ref.dll"
-r:"Library/Bee/artifacts/1900b0aE.dag/Unity.RenderPipelines.Core.Editor.ref.dll"
-r:"Library/Bee/artifacts/1900b0aE.dag/Unity.RenderPipelines.Core.Editor.Shared.ref.dll"
-r:"Library/Bee/artifacts/1900b0aE.dag/Unity.RenderPipelines.Core.Runtime.ref.dll"
-r:"Library/Bee/artifacts/1900b0aE.dag/Unity.RenderPipelines.Core.Runtime.Shared.ref.dll"
-r:"Library/Bee/artifacts/1900b0aE.dag/Unity.RenderPipelines.Core.ShaderLibrary.ref.dll"
-r:"Library/Bee/artifacts/1900b0aE.dag/Unity.RenderPipelines.GPUDriven.Runtime.ref.dll"
-r:"Library/Bee/artifacts/1900b0aE.dag/Unity.RenderPipelines.ShaderGraph.ShaderGraphLibrary.ref.dll"
-r:"Library/Bee/artifacts/1900b0aE.dag/Unity.RenderPipelines.Universal.2D.Editor.Overrides.ref.dll"
-r:"Library/Bee/artifacts/1900b0aE.dag/Unity.RenderPipelines.Universal.2D.Runtime.ref.dll"
-r:"Library/Bee/artifacts/1900b0aE.dag/Unity.RenderPipelines.Universal.Config.Runtime.ref.dll"
-r:"Library/Bee/artifacts/1900b0aE.dag/Unity.RenderPipelines.Universal.Editor.ref.dll"
-r:"Library/Bee/artifacts/1900b0aE.dag/Unity.RenderPipelines.Universal.Runtime.ref.dll"
-r:"Library/Bee/artifacts/1900b0aE.dag/Unity.RenderPipelines.Universal.Shaders.ref.dll"
-r:"Library/Bee/artifacts/1900b0aE.dag/Unity.Rider.Editor.ref.dll"
-r:"Library/Bee/artifacts/1900b0aE.dag/Unity.Searcher.Editor.ref.dll"
-r:"Library/Bee/artifacts/1900b0aE.dag/Unity.Settings.Editor.ref.dll"
-r:"Library/Bee/artifacts/1900b0aE.dag/Unity.ShaderGraph.Editor.ref.dll"
-r:"Library/Bee/artifacts/1900b0aE.dag/Unity.SurfaceCache.Runtime.ref.dll"
-r:"Library/Bee/artifacts/1900b0aE.dag/Unity.TextMeshPro.Editor.ref.dll"
-r:"Library/Bee/artifacts/1900b0aE.dag/Unity.TextMeshPro.ref.dll"
-r:"Library/Bee/artifacts/1900b0aE.dag/Unity.Timeline.Editor.ref.dll"
-r:"Library/Bee/artifacts/1900b0aE.dag/Unity.Timeline.ref.dll"
-r:"Library/Bee/artifacts/1900b0aE.dag/Unity.UnifiedRayTracing.Runtime.ref.dll"
-r:"Library/Bee/artifacts/1900b0aE.dag/Unity.VisualScripting.Core.Editor.ref.dll"
-r:"Library/Bee/artifacts/1900b0aE.dag/Unity.VisualScripting.Core.ref.dll"
-r:"Library/Bee/artifacts/1900b0aE.dag/Unity.VisualScripting.Flow.Editor.ref.dll"
-r:"Library/Bee/artifacts/1900b0aE.dag/Unity.VisualScripting.Flow.ref.dll"
-r:"Library/Bee/artifacts/1900b0aE.dag/Unity.VisualScripting.SettingsProvider.Editor.ref.dll"
-r:"Library/Bee/artifacts/1900b0aE.dag/Unity.VisualScripting.Shared.Editor.ref.dll"
-r:"Library/Bee/artifacts/1900b0aE.dag/Unity.VisualScripting.State.Editor.ref.dll"
-r:"Library/Bee/artifacts/1900b0aE.dag/Unity.VisualScripting.State.ref.dll"
-r:"Library/Bee/artifacts/1900b0aE.dag/Unity.VisualStudio.Editor.ref.dll"
-r:"Library/Bee/artifacts/1900b0aE.dag/UnityEditor.UI.Analytics.ref.dll"
-r:"Library/Bee/artifacts/1900b0aE.dag/UnityEditor.UI.ref.dll"
-r:"Library/Bee/artifacts/1900b0aE.dag/UnityEngine.UI.ref.dll"
-analyzer:"C:/Program Files/Unity/Hub/Editor/6000.6.0f1/Editor/Data/BCLExtensions/TargetingPacks/netstandard2.1/analyzers/dotnet/roslyn4.0/cs/Microsoft.Extensions.Logging.Generators.dll"
-analyzer:"C:/Program Files/Unity/Hub/Editor/6000.6.0f1/Editor/Data/BCLExtensions/TargetingPacks/netstandard2.1/analyzers/dotnet/roslyn4.0/cs/System.Text.Json.SourceGeneration.dll"
-analyzer:"C:/Program Files/Unity/Hub/Editor/6000.6.0f1/Editor/Data/Tools/BuildPipeline/Unity.Analyzers.Common/Unity.Analyzers.Common.dll"
-analyzer:"C:/Program Files/Unity/Hub/Editor/6000.6.0f1/Editor/Data/Tools/BuildPipeline/Unity.Analyzers.LongLiving/Unity.Analyzers.LongLiving.dll"
-analyzer:"C:/Program Files/Unity/Hub/Editor/6000.6.0f1/Editor/Data/Tools/BuildPipeline/Unity.SourceGenerators/Unity.Properties.SourceGenerator.dll"
-analyzer:"C:/Program Files/Unity/Hub/Editor/6000.6.0f1/Editor/Data/Tools/BuildPipeline/Unity.SourceGenerators/Unity.SourceGenerators.dll"
-analyzer:"C:/Program Files/Unity/Hub/Editor/6000.6.0f1/Editor/Data/Tools/BuildPipeline/Unity.SourceGenerators/Unity.UIToolkit.SourceGenerator.dll"
"Assets/AttachPlayer.cs"
"Assets/Player.cs"
"Assets/TutorialInfo/Readme.cs"
-langversion:9.0
/deterministic
/optimize+
/debug:portable
/nologo
/RuntimeMetadataVersion:v4.0.30319
/nowarn:0169
/nowarn:0649
/nowarn:0282
/nowarn:1701
/nowarn:1702
/utf8output
/preferreduilang:en-US
/additionalfile:"Library/Bee/artifacts/1900b0aE.dag/Assembly-CSharp.UnityAdditionalFile.txt"
##### Custom Environment Variables
DOTNET_HOST_PATH=C:\Program Files\Unity\Hub\Editor\6000.6.0f1\Editor\Data\DotNetSdk\dotnet.exe
DOTNET_MULTILEVEL_LOOKUP=0
##### ExitCode
1
##### Output
Assets\AttachPlayer.cs(9,19): error CS1061: 'Collider' does not contain a definition for 'GameObject' and no accessible extension method 'GameObject' accepting a first argument of type 'Collider' could be found (are you missing a using directive or an assembly reference?)

Assets\AttachPlayer.cs(17,19): error CS1061: 'Collider' does not contain a definition for 'GameObject' and no accessible extension method 'GameObject' accepting a first argument of type 'Collider' could be found (are you missing a using directive or an assembly reference?)
*** Tundra build failed (0.47 seconds), 2 items updated, 1069 evaluated
## Script Compilation Error for: Csc Library/Bee/artifacts/1900b0aE.dag/Assembly-CSharp.dll (+2 others)
## CmdLine: "C:\Program Files\Unity\Hub\Editor\6000.6.0f1\Editor\Data\DotNetSdk\dotnet.exe" exec "C:/Program Files/Unity/Hub/Editor/6000.6.0f1/Editor/Data/DotNetSdk/sdk/8.0.318/Roslyn/bincore/csc.dll" /nostdlib /noconfig /shared "@Library/Bee/artifacts/1900b0aE.dag/Assembly-CSharp.rsp" "@Library/Bee/artifacts/1900b0aE.dag/Assembly-CSharp.rsp2"
## Output:
Assets\AttachPlayer.cs(9,19): error CS1061: 'Collider' does not contain a definition for 'GameObject' and no accessible extension method 'GameObject' accepting a first argument of type 'Collider' could be found (are you missing a using directive or an assembly reference?)
Assets\AttachPlayer.cs(17,19): error CS1061: 'Collider' does not contain a definition for 'GameObject' and no accessible extension method 'GameObject' accepting a first argument of type 'Collider' could be found (are you missing a using directive or an assembly reference?)

Assets\AttachPlayer.cs(9,19): error CS1061: 'Collider' does not contain a definition for 'GameObject' and no accessible extension method 'GameObject' accepting a first argument of type 'Collider' could be found (are you missing a using directive or an assembly reference?)
Assets\AttachPlayer.cs(17,19): error CS1061: 'Collider' does not contain a definition for 'GameObject' and no accessible extension method 'GameObject' accepting a first argument of type 'Collider' could be found (are you missing a using directive or an assembly reference?)
Refreshing native plugins compatible for Editor in 3.13 ms, found 4 plugins.

Asset Pipeline Refresh (id=d9632dcb5eafccf4f96b7e1f274aed85): Total: 1.053 seconds - Initiated by RefreshV2(AllowForceSynchronousImport)
	(Values over 0.05ms)
	Summary:
		Imports: total=0 (actual=0, local cache=0, cache server=0)
		Asset DB Process Time: managed=0 ms, native=68 ms
		Asset DB Callback time: managed=6 ms, native=13 ms
		Scripting: domain reloads=0, domain reload time=0 ms, compile time=964 ms, other=0 ms
		Project Asset Count: scripts=1444, non-scripts=2808
		Asset File Changes: new=0, changed=1, moved=0, deleted=0
		Scan Filter Count: 0
	InvokePackagesCallback: 1.575ms
	ApplyChangesToAssetFolders: 0.196ms
	Scan: 23.948ms
	Collect global state as custom dependencies: 1.026ms
	OnSourceAssetsModified: 0.701ms
	ProcessAssetsWithTransientArtifactChanges: 0.190ms
	CategorizeAssets: 30.669ms
	CompileScripts: 963.604ms
	ImportOutOfDateAssets: 2.427ms (0.252ms without children)
		ReloadNativeAssets: 0.070ms
		UnloadImportedAssets: 0.228ms
		EnsureUptoDateAssetsAreRegisteredWithGuidPM: 0.807ms
		ImportSchedulerStart: 1.069ms
	PostProcessAllAssets: 14.945ms
		XRBuildSystem.XRAssetImported 8.081ms
		PostProcessCallbackCreateDeferredMaterials 0.809ms
		MonoPostProcessAllAssets: 5.728ms
			SyncVS.PostprocessSyncProject 3.750ms
			ConfigAssetsTracker.OnPostprocessAllAssets 0.917ms
			AssetChangedListener.OnPostprocessAllAssets 0.302ms
			RenderPipelineGlobalSettingsPostprocessor.OnPostprocessAllAssets 0.118ms
			ShaderGraphAssetPostProcessor.OnPostprocessAllAssets 0.109ms
			AssetPostprocessor.OnPostprocessAllAssets 0.081ms
	PostAssetChangesProfiler: 4.093ms
	GatherAllCurrentPrimaryImportResultRevisions: 0.175ms
	PersistCurrentRevisions: 0.116ms
	Untracked: 8.924ms

Total cache size 264872472
Total cache size after purge 264872472, took 00:00:00.4373643
[ScriptCompilation] Requested script compilation because: AssetDatabase observed changes in script compilation related files
Starting: C:\Program Files\Unity\Hub\Editor\6000.6.0f1\Editor\Data\Tools\BuildPipeline\bee_backend.exe --ipc --defer-dag-verification --dagfile="Library/Bee/1900b0aE.dag" --continue-on-failure --profile="Library/Bee/backend1.traceevents" ScriptAssemblies
WorkingDir: C:/Users/Duncan Joseph/Traversal Gameplay
ExitCode: 0 Duration: 0s762ms
[ 826/1069  0s] ILPP-Configuration Library/ilpp-configuration.nevergeneratedoutput
[1061/1069  0s] Csc Library/Bee/artifacts/1900b0aE.dag/Assembly-CSharp.dll (+2 others)
[1062/1069  0s] ILPostProcess Library/Bee/artifacts/1900b0aE.dag/post-processed/Assembly-CSharp.dll (+pdb)
Processing assembly Library/Bee/artifacts/1900b0aE.dag/Assembly-CSharp.dll, with 150 defines and 356 references

processors: Unity.Jobs.CodeGen.JobsILPostProcessor, zzzUnity.Burst.CodeGen.BurstILPostProcessor

1 processor(s) skipped this assembly

running Unity.Jobs.CodeGen.JobsILPostProcessor
[1063/1069  0s] CopyFiles Library/ScriptAssemblies/Assembly-CSharp.pdb
[1064/1069  0s] CopyFiles Library/ScriptAssemblies/Assembly-CSharp.dll
[1065/1069  0s] Csc Library/Bee/artifacts/1900b0aE.dag/Assembly-CSharp-Editor.dll (+2 others)
[1066/1069  0s] ILPostProcess Library/Bee/artifacts/1900b0aE.dag/post-processed/Assembly-CSharp-Editor.dll (+pdb)
Processing assembly Library/Bee/artifacts/1900b0aE.dag/Assembly-CSharp-Editor.dll, with 148 defines and 379 references

processors: Unity.Jobs.CodeGen.JobsILPostProcessor, zzzUnity.Burst.CodeGen.BurstILPostProcessor

1 processor(s) skipped this assembly

running Unity.Jobs.CodeGen.JobsILPostProcessor
[1067/1069  0s] CopyFiles Library/ScriptAssemblies/Assembly-CSharp-Editor.pdb
[1068/1069  0s] CopyFiles Library/ScriptAssemblies/Assembly-CSharp-Editor.dll
*** Tundra build success (0.72 seconds), 9 items updated, 1069 evaluated
Reloading assemblies after forced synchronous recompile.
Begin MonoManager ReloadAssembly
Total cache size 264872472
Total cache size after purge 264872472, took 00:00:00.3733937
GPU Resident Drawer disposed.
Refreshing native plugins compatible for Editor in 2.09 ms, found 4 plugins.
Native extension for WindowsStandalone target not found
Native extension for WebGL target not found
[MODES] ModeService[none].Initialize
[MODES] ModeService[none].LoadModes
ScheduleIndexationOnStartup MainProcess:True IndexOnStartup:True
Scripting: successfully reloaded assembly
- Finished resetting the current domain, in  2.850 seconds
Domain Reload Profiling: 4199ms
	BeginReloadAssembly (723ms)
		DisableScriptedObjects (151ms)
		CreateAndSetChildDomain (331ms)
	RebuildCommonClasses (15ms)
	RebuildNativeTypeToScriptingClass (20ms)
	initialDomainReloadingComplete (81ms)
	LoadAllAssembliesAndSetupDomain (509ms)
		LoadAssemblies (204ms)
		TypeCache.Refresh (11ms)
		AnalyzeDomain (228ms)
			BuildScriptInfoCaches (197ms)
			ResolveRequiredComponents (29ms)
	FinalizeReload (2851ms)
		SetupLoadedEditorAssemblies (0ms)
			InitializePlatformSupportModulesInManaged (3ms)
			BeforeProcessingInitializeOnLoad (296ms)
			ProcessInitializeOnLoadAttributes (413ms)
			ProcessInitializeOnLoadMethodAttributes (153ms)
			AfterProcessingInitializeOnLoad (10ms)
			EditorAssembliesLoaded (3ms)
		AwakeInstancesAfterBackupRestoration (1396ms)
Refreshing native plugins compatible for Editor in 2.66 ms, found 4 plugins.

Asset Pipeline Refresh (id=8c2c70234043af04dbeab7c5177f3683): Total: 5.687 seconds - Initiated by RefreshV2(AllowForceSynchronousImport)
	(Values over 0.05ms)
	Summary:
		Imports: total=0 (actual=0, local cache=0, cache server=0)
		Asset DB Process Time: managed=0 ms, native=3000 ms
		Asset DB Callback time: managed=67 ms, native=5 ms
		Scripting: domain reloads=1, domain reload time=1568 ms, compile time=1045 ms, other=0 ms
		Project Asset Count: scripts=1444, non-scripts=2808
		Asset File Changes: new=0, changed=1, moved=0, deleted=0
		Scan Filter Count: 0
	InvokePackagesCallback: 3.475ms
	ApplyChangesToAssetFolders: 0.490ms
	Scan: 8.992ms
	Collect global state as custom dependencies: 7.171ms
	OnSourceAssetsModified: 0.064ms
	ProcessAssetsWithTransientArtifactChanges: 6.708ms
	CategorizeAssets: 60.114ms
	CompileScripts: 1044.579ms
	ImportOutOfDateAssets: 2860.059ms (2857.725ms without children)
		CollectScriptTypesHashes: 1.685ms
		ReloadNativeAssets: 1.035ms
		UnloadImportedAssets: 0.180ms
		EnsureUptoDateAssetsAreRegisteredWithGuidPM: 0.555ms
		ImportSchedulerStart: 0.539ms
	PostProcessAllAssets: 69.062ms
		XRBuildSystem.XRAssetImported 0.638ms
		PostProcessCallbackCreateDeferredMaterials 0.618ms
		MonoPostProcessAllAssets: 67.193ms
			UniversalRenderPipelineGlobalSettingsPostprocessor.OnPostprocessAllAssets 18.035ms
			AssetChangedListener.OnPostprocessAllAssets 7.270ms
			BuilderAssetPostprocessor.OnPostprocessAllAssets 5.885ms
			AssetPostprocessor.OnPostprocessAllAssets 4.354ms
			SyncVS.PostprocessSyncProject 3.419ms
			SpeedTree9Postprocessor.OnPostprocessAllAssets 2.061ms
			WindowAssetPostprocessingWatcher.OnPostprocessAllAssets 2.022ms
			ShaderGraphAssetPostProcessor.OnPostprocessAllAssets 1.642ms
			RetainedModeAssetPostprocessor.OnPostprocessAllAssets 1.397ms
			EditModeScopePostprocessor.OnPostprocessAllAssets 1.011ms
			RenderPipelineGlobalSettingsPostprocessor.OnPostprocessAllAssets 0.777ms
			ProjectSettingsPostprocessor.OnPostprocessAllAssets 0.766ms
			MaterialPostprocessor.OnPostprocessAllAssets 0.764ms
			ShaderReflectionAssetPostProcessor.OnPostprocessAllAssets 0.600ms
			TMPro_TexturePostProcessor.OnPostprocessAllAssets 0.595ms
			AudioMixerPostprocessor.OnPostprocessAllAssets 0.440ms
			InputActionAssetPostprocessor.OnPostprocessAllAssets 0.412ms
			ArtifactBrowserPostProcessor.OnPostprocessAllAssets 0.380ms
			UVCSAssetPostprocessor.OnPostprocessAllAssets 0.355ms
			TextAssetPostProcessor.OnPostprocessAllAssets 0.349ms
			StyleCatalogPostProcessor.OnPostprocessAllAssets 0.312ms
			PostProcessor.OnPostprocessAllAssets 0.309ms
			InputActionJsonNameModifierAssetProcessor.OnPostprocessAllAssets 0.304ms
			AudioContainerPostProcessor.OnPostprocessAllAssets 0.303ms
			ReferencedClipsPostProcessor.OnPostprocessAllAssets 0.302ms
			AssetEvents.OnPostprocessAllAssets 0.279ms
			SpeedTreePostProcessor.OnPostprocessAllAssets 0.170ms
			AssetDatabaseCallbacks.OnPostprocessAllAssets 0.169ms
			TerrainToolbarOverlayPostProcessor.OnPostprocessAllAssets 0.165ms
			SamplePostprocessor.OnPostprocessAllAssets 0.152ms
			ConfigAssetsTracker.OnPostprocessAllAssets 0.146ms
			ScenarioDriftAssetsTracker.OnPostprocessAllAssets 0.134ms
			AssetReloadNotifier.OnPostprocessAllAssets 0.117ms
			ThemePostprocessor.OnPostprocessAllAssets 0.107ms
	PostAssetChangesProfiler: 3.301ms
	GatherAllCurrentPrimaryImportResultRevisions: 0.185ms
	PersistCurrentRevisions: 0.129ms
	GenerateScriptTypeHashes: 2.207ms
	GenerateScriptTypeSerializationHashes: 4.007ms
	Untracked: 1603.446ms

[Licensing::Client] Successfully resolved entitlement details
[Licensing::Client] Successfully resolved entitlement details
GPU Resident Drawer created.
GPU Resident Drawer disposed.
Entering Playmode with Reload Domain disabled.
If you experience any issues, please disable "Enter Play Mode Options" in Editor Settings
Entering Playmode with Reload Scene disabled. If you experience any issues, please disable "Enter Play Mode Options" in Editor Settings
GPU Resident Drawer created.
Space pressed! isGrounded: False, Timer: 0
UnityEngine.Debug:ExtractStackTraceNoAlloc (byte*,int,string)
UnityEngine.StackTraceUtility:ExtractStackTrace ()
UnityEngine.DebugLogHandler:Internal_Log (UnityEngine.LogType,UnityEngine.LogOption,string,UnityEngine.Object)
UnityEngine.DebugLogHandler:LogFormat (UnityEngine.LogType,UnityEngine.Object,string,object[])
UnityEngine.Logger:Log (UnityEngine.LogType,object)
UnityEngine.Debug:Log (object)
Player:Update () (at Assets/Player.cs:66)

(Filename: Assets/Player.cs Line: 66)

Space pressed! isGrounded: False, Timer: 0
UnityEngine.Debug:ExtractStackTraceNoAlloc (byte*,int,string)
UnityEngine.StackTraceUtility:ExtractStackTrace ()
UnityEngine.DebugLogHandler:Internal_Log (UnityEngine.LogType,UnityEngine.LogOption,string,UnityEngine.Object)
UnityEngine.DebugLogHandler:LogFormat (UnityEngine.LogType,UnityEngine.Object,string,object[])
UnityEngine.Logger:Log (UnityEngine.LogType,object)
UnityEngine.Debug:Log (object)
Player:Update () (at Assets/Player.cs:66)

(Filename: Assets/Player.cs Line: 66)

GPU Resident Drawer disposed.
Unloading 34 Unused Serialized files (Serialized files now loaded: 0)
Loaded scene 'Temp/__Backupscenes/0.backup'
	Deserialize:            28.258 ms
	Integration:            43.294 ms
	Integration of assets:  0.108 ms
	Thread Wait Time:       0.006 ms
	Total Operation Time:   71.666 ms
Unloading 68 unused Assets / (2.2 MB). Loaded Objects now: 10227.
Memory consumption went from 0.93 GB to 0.92 GB.
Total: 26.410100 ms (FindLiveObjects: 0.746700 ms CreateObjectMapping: 0.250300 ms MarkObjects: 24.933500 ms  DeleteObjects: 0.186900 ms)

[Licensing::Client] Successfully resolved entitlement details
GPU Resident Drawer created.
GPU Resident Drawer disposed.
Entering Playmode with Reload Domain disabled.
If you experience any issues, please disable "Enter Play Mode Options" in Editor Settings
Entering Playmode with Reload Scene disabled. If you experience any issues, please disable "Enter Play Mode Options" in Editor Settings
GPU Resident Drawer created.
Space pressed! isGrounded: True, Timer: 0
UnityEngine.Debug:ExtractStackTraceNoAlloc (byte*,int,string)
UnityEngine.StackTraceUtility:ExtractStackTrace ()
UnityEngine.DebugLogHandler:Internal_Log (UnityEngine.LogType,UnityEngine.LogOption,string,UnityEngine.Object)
UnityEngine.DebugLogHandler:LogFormat (UnityEngine.LogType,UnityEngine.Object,string,object[])
UnityEngine.Logger:Log (UnityEngine.LogType,object)
UnityEngine.Debug:Log (object)
Player:Update () (at Assets/Player.cs:66)

(Filename: Assets/Player.cs Line: 66)

Space pressed! isGrounded: False, Timer: -0.0001843579
UnityEngine.Debug:ExtractStackTraceNoAlloc (byte*,int,string)
UnityEngine.StackTraceUtility:ExtractStackTrace ()
UnityEngine.DebugLogHandler:Internal_Log (UnityEngine.LogType,UnityEngine.LogOption,string,UnityEngine.Object)
UnityEngine.DebugLogHandler:LogFormat (UnityEngine.LogType,UnityEngine.Object,string,object[])
UnityEngine.Logger:Log (UnityEngine.LogType,object)
UnityEngine.Debug:Log (object)
Player:Update () (at Assets/Player.cs:66)

(Filename: Assets/Player.cs Line: 66)

GPU Resident Drawer disposed.
Unloading 9 Unused Serialized files (Serialized files now loaded: 0)
Loaded scene 'Temp/__Backupscenes/0.backup'
	Deserialize:            1.674 ms
	Integration:            34.489 ms
	Integration of assets:  0.066 ms
	Thread Wait Time:       0.019 ms
	Total Operation Time:   36.248 ms
Unloading 22 unused Assets / (411.8 KB). Loaded Objects now: 10233.
Memory consumption went from 0.92 GB to 0.92 GB.
Total: 28.400100 ms (FindLiveObjects: 0.778900 ms CreateObjectMapping: 0.184300 ms MarkObjects: 26.960400 ms  DeleteObjects: 0.119500 ms)

GPU Resident Drawer created.
GPU Resident Drawer disposed.
Entering Playmode with Reload Domain disabled.
If you experience any issues, please disable "Enter Play Mode Options" in Editor Settings
Entering Playmode with Reload Scene disabled. If you experience any issues, please disable "Enter Play Mode Options" in Editor Settings
GPU Resident Drawer created.
Space pressed! isGrounded: True, Timer: 0
UnityEngine.Debug:ExtractStackTraceNoAlloc (byte*,int,string)
UnityEngine.StackTraceUtility:ExtractStackTrace ()
UnityEngine.DebugLogHandler:Internal_Log (UnityEngine.LogType,UnityEngine.LogOption,string,UnityEngine.Object)
UnityEngine.DebugLogHandler:LogFormat (UnityEngine.LogType,UnityEngine.Object,string,object[])
UnityEngine.Logger:Log (UnityEngine.LogType,object)
UnityEngine.Debug:Log (object)
Player:Update () (at Assets/Player.cs:66)

(Filename: Assets/Player.cs Line: 66)

Space pressed! isGrounded: True, Timer: -0.001596258
UnityEngine.Debug:ExtractStackTraceNoAlloc (byte*,int,string)
UnityEngine.StackTraceUtility:ExtractStackTrace ()
UnityEngine.DebugLogHandler:Internal_Log (UnityEngine.LogType,UnityEngine.LogOption,string,UnityEngine.Object)
UnityEngine.DebugLogHandler:LogFormat (UnityEngine.LogType,UnityEngine.Object,string,object[])
UnityEngine.Logger:Log (UnityEngine.LogType,object)
UnityEngine.Debug:Log (object)
Player:Update () (at Assets/Player.cs:66)

(Filename: Assets/Player.cs Line: 66)

Space pressed! isGrounded: True, Timer: -0.003911668
UnityEngine.Debug:ExtractStackTraceNoAlloc (byte*,int,string)
UnityEngine.StackTraceUtility:ExtractStackTrace ()
UnityEngine.DebugLogHandler:Internal_Log (UnityEngine.LogType,UnityEngine.LogOption,string,UnityEngine.Object)
UnityEngine.DebugLogHandler:LogFormat (UnityEngine.LogType,UnityEngine.Object,string,object[])
UnityEngine.Logger:Log (UnityEngine.LogType,object)
UnityEngine.Debug:Log (object)
Player:Update () (at Assets/Player.cs:66)

(Filename: Assets/Player.cs Line: 66)

GPU Resident Drawer disposed.
Unloading 9 Unused Serialized files (Serialized files now loaded: 0)
Loaded scene 'Temp/__Backupscenes/0.backup'
	Deserialize:            1.634 ms
	Integration:            33.902 ms
	Integration of assets:  0.119 ms
	Thread Wait Time:       -0.068 ms
	Total Operation Time:   35.587 ms
Unloading 22 unused Assets / (101.7 KB). Loaded Objects now: 10239.
Memory consumption went from 0.93 GB to 0.93 GB.
Total: 29.041500 ms (FindLiveObjects: 0.780700 ms CreateObjectMapping: 0.161800 ms MarkObjects: 27.660800 ms  DeleteObjects: 0.106400 ms)

GPU Resident Drawer created.
Asset Pipeline Refresh (id=2d185dbe0d6c3f94c9208530c5f121f2): Total: 0.015 seconds - Initiated by RefreshV2(AllowForceSynchronousImport)
Asset Pipeline Refresh (id=27af62ffa01215740aafeed652a837ee): Total: 0.004 seconds - Initiated by RefreshV2(AllowForceSynchronousImport)
Asset Pipeline Refresh (id=6573e505734706c4182d27c043c64cc9): Total: 0.004 seconds - Initiated by RefreshV2(AllowForceSynchronousImport)
Importing 'GUID: 00000000000000009000000000000000 - Path: ProjectSettings/QualitySettings.asset' with importer (LibraryAssetImporter)
Imported 'GUID: 00000000000000009000000000000000' -> (Import Result ID: '8151b601d05d3e12de314c2aa1f82962') in 0.007 seconds [static dependencies only]. Details - ImportResultOutputID=2a108b3da874f726c62fbe5f12be4a8a DependenciesID=6180c49ef29638684367d2893c04e070 StaticDependenciesID=5b19720d9149525484b40148944c8e26 
Importing 'GUID: c22777d6e868e4f2fb421913386b154e - Path: Packages/com.unity.probuilder/Content/Resources/Materials/ProBuilderDefault.mat' with importer (NativeFormatImporter)
Imported 'GUID: c22777d6e868e4f2fb421913386b154e' -> (Import Result ID: '81feccf3c9b6ddb552253be7fd0a8f04') in 0.002 seconds [static dependencies only]. Details - ImportResultOutputID=ac1e421262df60e4e0b869edb87ff084 DependenciesID=d0598d5f295f8d794f93899e223608b8 StaticDependenciesID=9ff0cacd4d653408c3da5ad738434f98 
Importing 'GUID: f4c299ee05b2808478111a1e4306587a - Path: Assets/Animation/MovePlatform.anim' with importer (NativeFormatImporter)
Imported 'GUID: f4c299ee05b2808478111a1e4306587a' -> (Import Result ID: '8e4b751e1d367529b323bdc19e83feb3') in 0.001 seconds [static dependencies only]. Details - ImportResultOutputID=78aabc956f685237818722d42852e01b DependenciesID=50d92606d939d21c3de7c97674a4d199 StaticDependenciesID=adee27b992877a0d59636f2784e761e4 
Refreshing native plugins compatible for Editor in 2.02 ms, found 4 plugins.
Asset Pipeline Refresh (id=d57a04540c4bed847a36711c61b1bbd3): Total: 0.072 seconds - Initiated by StopAssetImportingV2(NoUpdateAssetOptions)
Importing 'GUID: 99c9720ab356a0642a771bea13969a05 - Path: Assets/Scenes/SampleScene.unity' with importer (DefaultImporter)
Imported 'GUID: 99c9720ab356a0642a771bea13969a05' -> (Import Result ID: 'f15283e650e5c18e0bb76f21e6e671df') in 0.001 seconds [static dependencies only]. Details - ImportResultOutputID=b4491ddbae88a879b6308480a6079ca7 DependenciesID=623ccbf8081786954b31251cc748c88b StaticDependenciesID=e74a266b24e296d7f062dd4ab349bc27 
Refreshing native plugins compatible for Editor in 2.67 ms, found 4 plugins.
Asset Pipeline Refresh (id=bb8b25026d4118b438b084ac77165709): Total: 0.045 seconds - Initiated by StopAssetImportingV2(NoUpdateAssetOptions)
GPU Resident Drawer disposed.
Entering Playmode with Reload Domain disabled.
If you experience any issues, please disable "Enter Play Mode Options" in Editor Settings
Entering Playmode with Reload Scene disabled. If you experience any issues, please disable "Enter Play Mode Options" in Editor Settings
GPU Resident Drawer created.
Space pressed! isGrounded: True, Timer: 0
UnityEngine.Debug:ExtractStackTraceNoAlloc (byte*,int,string)
UnityEngine.StackTraceUtility:ExtractStackTrace ()
UnityEngine.DebugLogHandler:Internal_Log (UnityEngine.LogType,UnityEngine.LogOption,string,UnityEngine.Object)
UnityEngine.DebugLogHandler:LogFormat (UnityEngine.LogType,UnityEngine.Object,string,object[])
UnityEngine.Logger:Log (UnityEngine.LogType,object)
UnityEngine.Debug:Log (object)
Player:Update () (at Assets/Player.cs:66)

(Filename: Assets/Player.cs Line: 66)

Space pressed! isGrounded: True, Timer: -0.0001047163
UnityEngine.Debug:ExtractStackTraceNoAlloc (byte*,int,string)
UnityEngine.StackTraceUtility:ExtractStackTrace ()
UnityEngine.DebugLogHandler:Internal_Log (UnityEngine.LogType,UnityEngine.LogOption,string,UnityEngine.Object)
UnityEngine.DebugLogHandler:LogFormat (UnityEngine.LogType,UnityEngine.Object,string,object[])
UnityEngine.Logger:Log (UnityEngine.LogType,object)
UnityEngine.Debug:Log (object)
Player:Update () (at Assets/Player.cs:66)

(Filename: Assets/Player.cs Line: 66)

Space pressed! isGrounded: False, Timer: -0.001908993
UnityEngine.Debug:ExtractStackTraceNoAlloc (byte*,int,string)
UnityEngine.StackTraceUtility:ExtractStackTrace ()
UnityEngine.DebugLogHandler:Internal_Log (UnityEngine.LogType,UnityEngine.LogOption,string,UnityEngine.Object)
UnityEngine.DebugLogHandler:LogFormat (UnityEngine.LogType,UnityEngine.Object,string,object[])
UnityEngine.Logger:Log (UnityEngine.LogType,object)
UnityEngine.Debug:Log (object)
Player:Update () (at Assets/Player.cs:66)

(Filename: Assets/Player.cs Line: 66)

Space pressed! isGrounded: False, Timer: -0.001908993
UnityEngine.Debug:ExtractStackTraceNoAlloc (byte*,int,string)
UnityEngine.StackTraceUtility:ExtractStackTrace ()
UnityEngine.DebugLogHandler:Internal_Log (UnityEngine.LogType,UnityEngine.LogOption,string,UnityEngine.Object)
UnityEngine.DebugLogHandler:LogFormat (UnityEngine.LogType,UnityEngine.Object,string,object[])
UnityEngine.Logger:Log (UnityEngine.LogType,object)
UnityEngine.Debug:Log (object)
Player:Update () (at Assets/Player.cs:66)

(Filename: Assets/Player.cs Line: 66)

GPU Resident Drawer disposed.
Unloading 32 Unused Serialized files (Serialized files now loaded: 0)
Loaded scene 'Temp/__Backupscenes/0.backup'
	Deserialize:            2.040 ms
	Integration:            35.411 ms
	Integration of assets:  0.070 ms
	Thread Wait Time:       -0.023 ms
	Total Operation Time:   37.498 ms
Unloading 198 unused Assets / (1.3 MB). Loaded Objects now: 10246.
Memory consumption went from 0.95 GB to 0.95 GB.
Total: 28.029900 ms (FindLiveObjects: 0.754100 ms CreateObjectMapping: 0.213800 ms MarkObjects: 25.559600 ms  DeleteObjects: 1.204500 ms)

GPU Resident Drawer created.
GPU Resident Drawer disposed.
Entering Playmode with Reload Domain disabled.
If you experience any issues, please disable "Enter Play Mode Options" in Editor Settings
Entering Playmode with Reload Scene disabled. If you experience any issues, please disable "Enter Play Mode Options" in Editor Settings
GPU Resident Drawer created.
Space pressed! isGrounded: True, Timer: 0
UnityEngine.Debug:ExtractStackTraceNoAlloc (byte*,int,string)
UnityEngine.StackTraceUtility:ExtractStackTrace ()
UnityEngine.DebugLogHandler:Internal_Log (UnityEngine.LogType,UnityEngine.LogOption,string,UnityEngine.Object)
UnityEngine.DebugLogHandler:LogFormat (UnityEngine.LogType,UnityEngine.Object,string,object[])
UnityEngine.Logger:Log (UnityEngine.LogType,object)
UnityEngine.Debug:Log (object)
Player:Update () (at Assets/Player.cs:66)

(Filename: Assets/Player.cs Line: 66)

Space pressed! isGrounded: False, Timer: -0.0001133129
UnityEngine.Debug:ExtractStackTraceNoAlloc (byte*,int,string)
UnityEngine.StackTraceUtility:ExtractStackTrace ()
UnityEngine.DebugLogHandler:Internal_Log (UnityEngine.LogType,UnityEngine.LogOption,string,UnityEngine.Object)
UnityEngine.DebugLogHandler:LogFormat (UnityEngine.LogType,UnityEngine.Object,string,object[])
UnityEngine.Logger:Log (UnityEngine.LogType,object)
UnityEngine.Debug:Log (object)
Player:Update () (at Assets/Player.cs:66)

(Filename: Assets/Player.cs Line: 66)

GPU Resident Drawer disposed.
Unloading 9 Unused Serialized files (Serialized files now loaded: 0)
Loaded scene 'Temp/__Backupscenes/0.backup'
	Deserialize:            1.634 ms
	Integration:            35.304 ms
	Integration of assets:  0.088 ms
	Thread Wait Time:       -0.053 ms
	Total Operation Time:   36.973 ms
Unloading 22 unused Assets / (413.3 KB). Loaded Objects now: 10252.
Memory consumption went from 0.95 GB to 0.95 GB.
Total: 30.266500 ms (FindLiveObjects: 1.003000 ms CreateObjectMapping: 0.274100 ms MarkObjects: 28.562400 ms  DeleteObjects: 0.093200 ms)

GPU Resident Drawer created.
GPU Resident Drawer disposed.
Entering Playmode with Reload Domain disabled.
If you experience any issues, please disable "Enter Play Mode Options" in Editor Settings
Entering Playmode with Reload Scene disabled. If you experience any issues, please disable "Enter Play Mode Options" in Editor Settings
GPU Resident Drawer created.
Space pressed! isGrounded: False, Timer: 0
UnityEngine.Debug:ExtractStackTraceNoAlloc (byte*,int,string)
UnityEngine.StackTraceUtility:ExtractStackTrace ()
UnityEngine.DebugLogHandler:Internal_Log (UnityEngine.LogType,UnityEngine.LogOption,string,UnityEngine.Object)
UnityEngine.DebugLogHandler:LogFormat (UnityEngine.LogType,UnityEngine.Object,string,object[])
UnityEngine.Logger:Log (UnityEngine.LogType,object)
UnityEngine.Debug:Log (object)
Player:Update () (at Assets/Player.cs:66)

(Filename: Assets/Player.cs Line: 66)

GPU Resident Drawer disposed.
Unloading 9 Unused Serialized files (Serialized files now loaded: 0)
Loaded scene 'Temp/__Backupscenes/0.backup'
	Deserialize:            1.584 ms
	Integration:            35.595 ms
	Integration of assets:  0.052 ms
	Thread Wait Time:       0.017 ms
	Total Operation Time:   37.248 ms
Unloading 22 unused Assets / (292.5 KB). Loaded Objects now: 10258.
Memory consumption went from 0.95 GB to 0.95 GB.
Total: 29.677400 ms (FindLiveObjects: 0.731300 ms CreateObjectMapping: 0.133300 ms MarkObjects: 28.409600 ms  DeleteObjects: 0.097800 ms)

GPU Resident Drawer created.
GPU Resident Drawer disposed.
Entering Playmode with Reload Domain disabled.
If you experience any issues, please disable "Enter Play Mode Options" in Editor Settings
Entering Playmode with Reload Scene disabled. If you experience any issues, please disable "Enter Play Mode Options" in Editor Settings
GPU Resident Drawer created.
Space pressed! isGrounded: True, Timer: 0
UnityEngine.Debug:ExtractStackTraceNoAlloc (byte*,int,string)
UnityEngine.StackTraceUtility:ExtractStackTrace ()
UnityEngine.DebugLogHandler:Internal_Log (UnityEngine.LogType,UnityEngine.LogOption,string,UnityEngine.Object)
UnityEngine.DebugLogHandler:LogFormat (UnityEngine.LogType,UnityEngine.Object,string,object[])
UnityEngine.Logger:Log (UnityEngine.LogType,object)
UnityEngine.Debug:Log (object)
Player:Update () (at Assets/Player.cs:66)

(Filename: Assets/Player.cs Line: 66)

Space pressed! isGrounded: True, Timer: -0.0003391898
UnityEngine.Debug:ExtractStackTraceNoAlloc (byte*,int,string)
UnityEngine.StackTraceUtility:ExtractStackTrace ()
UnityEngine.DebugLogHandler:Internal_Log (UnityEngine.LogType,UnityEngine.LogOption,string,UnityEngine.Object)
UnityEngine.DebugLogHandler:LogFormat (UnityEngine.LogType,UnityEngine.Object,string,object[])
UnityEngine.Logger:Log (UnityEngine.LogType,object)
UnityEngine.Debug:Log (object)
Player:Update () (at Assets/Player.cs:66)

(Filename: Assets/Player.cs Line: 66)

Space pressed! isGrounded: False, Timer: -0.004040875
UnityEngine.Debug:ExtractStackTraceNoAlloc (byte*,int,string)
UnityEngine.StackTraceUtility:ExtractStackTrace ()
UnityEngine.DebugLogHandler:Internal_Log (UnityEngine.LogType,UnityEngine.LogOption,string,UnityEngine.Object)
UnityEngine.DebugLogHandler:LogFormat (UnityEngine.LogType,UnityEngine.Object,string,object[])
UnityEngine.Logger:Log (UnityEngine.LogType,object)
UnityEngine.Debug:Log (object)
Player:Update () (at Assets/Player.cs:66)

(Filename: Assets/Player.cs Line: 66)

GPU Resident Drawer disposed.
Unloading 9 Unused Serialized files (Serialized files now loaded: 0)
Loaded scene 'Temp/__Backupscenes/0.backup'
	Deserialize:            4.683 ms
	Integration:            56.368 ms
	Integration of assets:  0.065 ms
	Thread Wait Time:       -0.010 ms
	Total Operation Time:   61.107 ms
Unloading 22 unused Assets / (334.9 KB). Loaded Objects now: 10264.
Memory consumption went from 0.95 GB to 0.95 GB.
Total: 30.843900 ms (FindLiveObjects: 0.789900 ms CreateObjectMapping: 0.189900 ms MarkObjects: 29.434200 ms  DeleteObjects: 0.094200 ms)

[Licensing::Client] Successfully resolved entitlement details
GPU Resident Drawer created.
GPU Resident Drawer disposed.
Entering Playmode with Reload Domain disabled.
If you experience any issues, please disable "Enter Play Mode Options" in Editor Settings
Entering Playmode with Reload Scene disabled. If you experience any issues, please disable "Enter Play Mode Options" in Editor Settings
GPU Resident Drawer created.
Space pressed! isGrounded: True, Timer: 0
UnityEngine.Debug:ExtractStackTraceNoAlloc (byte*,int,string)
UnityEngine.StackTraceUtility:ExtractStackTrace ()
UnityEngine.DebugLogHandler:Internal_Log (UnityEngine.LogType,UnityEngine.LogOption,string,UnityEngine.Object)
UnityEngine.DebugLogHandler:LogFormat (UnityEngine.LogType,UnityEngine.Object,string,object[])
UnityEngine.Logger:Log (UnityEngine.LogType,object)
UnityEngine.Debug:Log (object)
Player:Update () (at Assets/Player.cs:66)

(Filename: Assets/Player.cs Line: 66)

Space pressed! isGrounded: True, Timer: -0.002430664
UnityEngine.Debug:ExtractStackTraceNoAlloc (byte*,int,string)
UnityEngine.StackTraceUtility:ExtractStackTrace ()
UnityEngine.DebugLogHandler:Internal_Log (UnityEngine.LogType,UnityEngine.LogOption,string,UnityEngine.Object)
UnityEngine.DebugLogHandler:LogFormat (UnityEngine.LogType,UnityEngine.Object,string,object[])
UnityEngine.Logger:Log (UnityEngine.LogType,object)
UnityEngine.Debug:Log (object)
Player:Update () (at Assets/Player.cs:66)

(Filename: Assets/Player.cs Line: 66)

Space pressed! isGrounded: True, Timer: -0.001516072
UnityEngine.Debug:ExtractStackTraceNoAlloc (byte*,int,string)
UnityEngine.StackTraceUtility:ExtractStackTrace ()
UnityEngine.DebugLogHandler:Internal_Log (UnityEngine.LogType,UnityEngine.LogOption,string,UnityEngine.Object)
UnityEngine.DebugLogHandler:LogFormat (UnityEngine.LogType,UnityEngine.Object,string,object[])
UnityEngine.Logger:Log (UnityEngine.LogType,object)
UnityEngine.Debug:Log (object)
Player:Update () (at Assets/Player.cs:66)

(Filename: Assets/Player.cs Line: 66)

Space pressed! isGrounded: True, Timer: -0.002634231
UnityEngine.Debug:ExtractStackTraceNoAlloc (byte*,int,string)
UnityEngine.StackTraceUtility:ExtractStackTrace ()
UnityEngine.DebugLogHandler:Internal_Log (UnityEngine.LogType,UnityEngine.LogOption,string,UnityEngine.Object)
UnityEngine.DebugLogHandler:LogFormat (UnityEngine.LogType,UnityEngine.Object,string,object[])
UnityEngine.Logger:Log (UnityEngine.LogType,object)
UnityEngine.Debug:Log (object)
Player:Update () (at Assets/Player.cs:66)

(Filename: Assets/Player.cs Line: 66)

GPU Resident Drawer disposed.
Unloading 9 Unused Serialized files (Serialized files now loaded: 0)
Loaded scene 'Temp/__Backupscenes/0.backup'
	Deserialize:            1.760 ms
	Integration:            33.974 ms
	Integration of assets:  0.054 ms
	Thread Wait Time:       -0.014 ms
	Total Operation Time:   35.773 ms
Unloading 22 unused Assets / (321.4 KB). Loaded Objects now: 10270.
Memory consumption went from 0.95 GB to 0.95 GB.
Total: 28.751800 ms (FindLiveObjects: 0.916100 ms CreateObjectMapping: 0.243900 ms MarkObjects: 27.159400 ms  DeleteObjects: 0.093300 ms)

GPU Resident Drawer created.
Asset Pipeline Refresh (id=7b6d3b31512791446b0f7788253e0869): Total: 0.025 seconds - Initiated by RefreshV2(AllowForceSynchronousImport)
GPU Resident Drawer disposed.
Entering Playmode with Reload Domain disabled.
If you experience any issues, please disable "Enter Play Mode Options" in Editor Settings
Entering Playmode with Reload Scene disabled. If you experience any issues, please disable "Enter Play Mode Options" in Editor Settings
GPU Resident Drawer created.
Space pressed! isGrounded: True, Timer: 0
UnityEngine.Debug:ExtractStackTraceNoAlloc (byte*,int,string)
UnityEngine.StackTraceUtility:ExtractStackTrace ()
UnityEngine.DebugLogHandler:Internal_Log (UnityEngine.LogType,UnityEngine.LogOption,string,UnityEngine.Object)
UnityEngine.DebugLogHandler:LogFormat (UnityEngine.LogType,UnityEngine.Object,string,object[])
UnityEngine.Logger:Log (UnityEngine.LogType,object)
UnityEngine.Debug:Log (object)
Player:Update () (at Assets/Player.cs:66)

(Filename: Assets/Player.cs Line: 66)

Space pressed! isGrounded: False, Timer: -0.001726941
UnityEngine.Debug:ExtractStackTraceNoAlloc (byte*,int,string)
UnityEngine.StackTraceUtility:ExtractStackTrace ()
UnityEngine.DebugLogHandler:Internal_Log (UnityEngine.LogType,UnityEngine.LogOption,string,UnityEngine.Object)
UnityEngine.DebugLogHandler:LogFormat (UnityEngine.LogType,UnityEngine.Object,string,object[])
UnityEngine.Logger:Log (UnityEngine.LogType,object)
UnityEngine.Debug:Log (object)
Player:Update () (at Assets/Player.cs:66)

(Filename: Assets/Player.cs Line: 66)

GPU Resident Drawer disposed.
Unloading 8 Unused Serialized files (Serialized files now loaded: 0)
Loaded scene 'Temp/__Backupscenes/0.backup'
	Deserialize:            1.531 ms
	Integration:            35.635 ms
	Integration of assets:  0.070 ms
	Thread Wait Time:       -0.024 ms
	Total Operation Time:   37.212 ms
Unloading 28 unused Assets / (158.1 KB). Loaded Objects now: 10303.
Memory consumption went from 0.95 GB to 0.95 GB.
Total: 29.902600 ms (FindLiveObjects: 0.751400 ms CreateObjectMapping: 0.220300 ms MarkObjects: 28.498000 ms  DeleteObjects: 0.108700 ms)

GPU Resident Drawer created.
GPU Resident Drawer disposed.
Entering Playmode with Reload Domain disabled.
If you experience any issues, please disable "Enter Play Mode Options" in Editor Settings
Entering Playmode with Reload Scene disabled. If you experience any issues, please disable "Enter Play Mode Options" in Editor Settings
GPU Resident Drawer created.
Space pressed! isGrounded: True, Timer: 0
UnityEngine.Debug:ExtractStackTraceNoAlloc (byte*,int,string)
UnityEngine.StackTraceUtility:ExtractStackTrace ()
UnityEngine.DebugLogHandler:Internal_Log (UnityEngine.LogType,UnityEngine.LogOption,string,UnityEngine.Object)
UnityEngine.DebugLogHandler:LogFormat (UnityEngine.LogType,UnityEngine.Object,string,object[])
UnityEngine.Logger:Log (UnityEngine.LogType,object)
UnityEngine.Debug:Log (object)
Player:Update () (at Assets/Player.cs:66)

(Filename: Assets/Player.cs Line: 66)

Space pressed! isGrounded: True, Timer: -0.00106299
UnityEngine.Debug:ExtractStackTraceNoAlloc (byte*,int,string)
UnityEngine.StackTraceUtility:ExtractStackTrace ()
UnityEngine.DebugLogHandler:Internal_Log (UnityEngine.LogType,UnityEngine.LogOption,string,UnityEngine.Object)
UnityEngine.DebugLogHandler:LogFormat (UnityEngine.LogType,UnityEngine.Object,string,object[])
UnityEngine.Logger:Log (UnityEngine.LogType,object)
UnityEngine.Debug:Log (object)
Player:Update () (at Assets/Player.cs:66)

(Filename: Assets/Player.cs Line: 66)

Space pressed! isGrounded: True, Timer: -0.0008894312
UnityEngine.Debug:ExtractStackTraceNoAlloc (byte*,int,string)
UnityEngine.StackTraceUtility:ExtractStackTrace ()
UnityEngine.DebugLogHandler:Internal_Log (UnityEngine.LogType,UnityEngine.LogOption,string,UnityEngine.Object)
UnityEngine.DebugLogHandler:LogFormat (UnityEngine.LogType,UnityEngine.Object,string,object[])
UnityEngine.Logger:Log (UnityEngine.LogType,object)
UnityEngine.Debug:Log (object)
Player:Update () (at Assets/Player.cs:66)

(Filename: Assets/Player.cs Line: 66)

GPU Resident Drawer disposed.
Unloading 9 Unused Serialized files (Serialized files now loaded: 0)
Loaded scene 'Temp/__Backupscenes/0.backup'
	Deserialize:            1.491 ms
	Integration:            39.679 ms
	Integration of assets:  0.049 ms
	Thread Wait Time:       0.013 ms
	Total Operation Time:   41.231 ms
Unloading 22 unused Assets / (0.9 MB). Loaded Objects now: 10309.
Memory consumption went from 0.96 GB to 0.96 GB.
Total: 32.049300 ms (FindLiveObjects: 0.896200 ms CreateObjectMapping: 0.438700 ms MarkObjects: 30.249000 ms  DeleteObjects: 0.127600 ms)

GPU Resident Drawer created.
Asset Pipeline Refresh (id=8382687fa4e8c2d48a1643ff1506a7c1): Total: 0.016 seconds - Initiated by RefreshV2(AllowForceSynchronousImport)
GPU Resident Drawer disposed.
Entering Playmode with Reload Domain disabled.
If you experience any issues, please disable "Enter Play Mode Options" in Editor Settings
Entering Playmode with Reload Scene disabled. If you experience any issues, please disable "Enter Play Mode Options" in Editor Settings
GPU Resident Drawer created.
GPU Resident Drawer disposed.
GPU Resident Drawer created.
Space pressed! isGrounded: True, Timer: 0
UnityEngine.Debug:ExtractStackTraceNoAlloc (byte*,int,string)
UnityEngine.StackTraceUtility:ExtractStackTrace ()
UnityEngine.DebugLogHandler:Internal_Log (UnityEngine.LogType,UnityEngine.LogOption,string,UnityEngine.Object)
UnityEngine.DebugLogHandler:LogFormat (UnityEngine.LogType,UnityEngine.Object,string,object[])
UnityEngine.Logger:Log (UnityEngine.LogType,object)
UnityEngine.Debug:Log (object)
Player:Update () (at Assets/Player.cs:66)

(Filename: Assets/Player.cs Line: 66)

Space pressed! isGrounded: False, Timer: -0.001667525
UnityEngine.Debug:ExtractStackTraceNoAlloc (byte*,int,string)
UnityEngine.StackTraceUtility:ExtractStackTrace ()
UnityEngine.DebugLogHandler:Internal_Log (UnityEngine.LogType,UnityEngine.LogOption,string,UnityEngine.Object)
UnityEngine.DebugLogHandler:LogFormat (UnityEngine.LogType,UnityEngine.Object,string,object[])
UnityEngine.Logger:Log (UnityEngine.LogType,object)
UnityEngine.Debug:Log (object)
Player:Update () (at Assets/Player.cs:66)

(Filename: Assets/Player.cs Line: 66)

GPU Resident Drawer disposed.
Unloading 8 Unused Serialized files (Serialized files now loaded: 0)
Loaded scene 'Temp/__Backupscenes/0.backup'
	Deserialize:            1.459 ms
	Integration:            34.527 ms
	Integration of assets:  0.045 ms
	Thread Wait Time:       0.019 ms
	Total Operation Time:   36.050 ms
Unloading 28 unused Assets / (458.6 KB). Loaded Objects now: 10340.
Memory consumption went from 0.96 GB to 0.96 GB.
Total: 26.257500 ms (FindLiveObjects: 0.772500 ms CreateObjectMapping: 0.232100 ms MarkObjects: 24.824200 ms  DeleteObjects: 0.119800 ms)

GPU Resident Drawer created.
[Licensing::Client] Successfully resolved entitlement details
GPU Resident Drawer disposed.
GPU Resident Drawer created.
GPU Resident Drawer disposed.
Entering Playmode with Reload Domain disabled.
If you experience any issues, please disable "Enter Play Mode Options" in Editor Settings
Entering Playmode with Reload Scene disabled. If you experience any issues, please disable "Enter Play Mode Options" in Editor Settings
GPU Resident Drawer created.
GPU Resident Drawer disposed.
GPU Resident Drawer created.
Space pressed! isGrounded: True, Timer: 0
UnityEngine.Debug:ExtractStackTraceNoAlloc (byte*,int,string)
UnityEngine.StackTraceUtility:ExtractStackTrace ()
UnityEngine.DebugLogHandler:Internal_Log (UnityEngine.LogType,UnityEngine.LogOption,string,UnityEngine.Object)
UnityEngine.DebugLogHandler:LogFormat (UnityEngine.LogType,UnityEngine.Object,string,object[])
UnityEngine.Logger:Log (UnityEngine.LogType,object)
UnityEngine.Debug:Log (object)
Player:Update () (at Assets/Player.cs:66)

(Filename: Assets/Player.cs Line: 66)

Space pressed! isGrounded: True, Timer: -0.001796764
UnityEngine.Debug:ExtractStackTraceNoAlloc (byte*,int,string)
UnityEngine.StackTraceUtility:ExtractStackTrace ()
UnityEngine.DebugLogHandler:Internal_Log (UnityEngine.LogType,UnityEngine.LogOption,string,UnityEngine.Object)
UnityEngine.DebugLogHandler:LogFormat (UnityEngine.LogType,UnityEngine.Object,string,object[])
UnityEngine.Logger:Log (UnityEngine.LogType,object)
UnityEngine.Debug:Log (object)
Player:Update () (at Assets/Player.cs:66)

(Filename: Assets/Player.cs Line: 66)

Space pressed! isGrounded: True, Timer: -0.001250679
UnityEngine.Debug:ExtractStackTraceNoAlloc (byte*,int,string)
UnityEngine.StackTraceUtility:ExtractStackTrace ()
UnityEngine.DebugLogHandler:Internal_Log (UnityEngine.LogType,UnityEngine.LogOption,string,UnityEngine.Object)
UnityEngine.DebugLogHandler:LogFormat (UnityEngine.LogType,UnityEngine.Object,string,object[])
UnityEngine.Logger:Log (UnityEngine.LogType,object)
UnityEngine.Debug:Log (object)
Player:Update () (at Assets/Player.cs:66)

(Filename: Assets/Player.cs Line: 66)

GPU Resident Drawer disposed.
Unloading 10 Unused Serialized files (Serialized files now loaded: 0)
Loaded scene 'Temp/__Backupscenes/0.backup'
	Deserialize:            1.666 ms
	Integration:            36.076 ms
	Integration of assets:  0.058 ms
	Thread Wait Time:       0.021 ms
	Total Operation Time:   37.820 ms
Unloading 28 unused Assets / (0.8 MB). Loaded Objects now: 10352.
Memory consumption went from 0.96 GB to 0.96 GB.
Total: 29.080300 ms (FindLiveObjects: 0.776400 ms CreateObjectMapping: 0.222000 ms MarkObjects: 27.646300 ms  DeleteObjects: 0.126800 ms)

GPU Resident Drawer created.
GPU Resident Drawer disposed.
GPU Resident Drawer created.
[ScriptCompilation] Requested script compilation because: AssetDatabase observed changes in script compilation related files
Starting: C:\Program Files\Unity\Hub\Editor\6000.6.0f1\Editor\Data\Tools\BuildPipeline\bee_backend.exe --ipc --defer-dag-verification --dagfile="Library/Bee/1900b0aE.dag" --continue-on-failure --profile="Library/Bee/backend1.traceevents" ScriptAssemblies
WorkingDir: C:/Users/Duncan Joseph/Traversal Gameplay
ExitCode: 0 Duration: 0s621ms
[ 826/1069  0s] ILPP-Configuration Library/ilpp-configuration.nevergeneratedoutput
[1061/1069  0s] Csc Library/Bee/artifacts/1900b0aE.dag/Assembly-CSharp.dll (+2 others)
[1063/1069  0s] ILPostProcess Library/Bee/artifacts/1900b0aE.dag/post-processed/Assembly-CSharp.dll (+pdb)
Processing assembly Library/Bee/artifacts/1900b0aE.dag/Assembly-CSharp.dll, with 150 defines and 356 references

processors: Unity.Jobs.CodeGen.JobsILPostProcessor, zzzUnity.Burst.CodeGen.BurstILPostProcessor

1 processor(s) skipped this assembly

running Unity.Jobs.CodeGen.JobsILPostProcessor
[1064/1069  0s] ILPostProcess Library/Bee/artifacts/1900b0aE.dag/post-processed/Assembly-CSharp-Editor.dll (+pdb)
Processing assembly Library/Bee/artifacts/1900b0aE.dag/Assembly-CSharp-Editor.dll, with 148 defines and 379 references

processors: Unity.Jobs.CodeGen.JobsILPostProcessor, zzzUnity.Burst.CodeGen.BurstILPostProcessor

1 processor(s) skipped this assembly

running Unity.Jobs.CodeGen.JobsILPostProcessor
[1065/1069  0s] CopyFiles Library/ScriptAssemblies/Assembly-CSharp.dll
[1066/1069  0s] CopyFiles Library/ScriptAssemblies/Assembly-CSharp.pdb
*** Tundra build success (0.56 seconds), 6 items updated, 1069 evaluated
Reloading assemblies after forced synchronous recompile.
Begin MonoManager ReloadAssembly
GPU Resident Drawer disposed.
Total cache size 264872472
Total cache size after purge 264872472, took 00:00:00.4824700
Refreshing native plugins compatible for Editor in 2.70 ms, found 4 plugins.
Native extension for WindowsStandalone target not found
Native extension for WebGL target not found
[MODES] ModeService[none].Initialize
[MODES] ModeService[none].LoadModes
ScheduleIndexationOnStartup MainProcess:True IndexOnStartup:True
Scripting: successfully reloaded assembly
- Finished resetting the current domain, in  2.881 seconds
Domain Reload Profiling: 4238ms
	BeginReloadAssembly (760ms)
		DisableScriptedObjects (152ms)
		CreateAndSetChildDomain (354ms)
	RebuildCommonClasses (17ms)
	RebuildNativeTypeToScriptingClass (22ms)
	initialDomainReloadingComplete (82ms)
	LoadAllAssembliesAndSetupDomain (476ms)
		LoadAssemblies (184ms)
		TypeCache.Refresh (10ms)
		AnalyzeDomain (228ms)
			BuildScriptInfoCaches (198ms)
			ResolveRequiredComponents (29ms)
	FinalizeReload (2882ms)
		SetupLoadedEditorAssemblies (0ms)
			InitializePlatformSupportModulesInManaged (3ms)
			BeforeProcessingInitializeOnLoad (267ms)
			ProcessInitializeOnLoadAttributes (419ms)
			ProcessInitializeOnLoadMethodAttributes (153ms)
			AfterProcessingInitializeOnLoad (10ms)
		AwakeInstancesAfterBackupRestoration (1449ms)
Refreshing native plugins compatible for Editor in 2.20 ms, found 4 plugins.

Asset Pipeline Refresh (id=0b26fa6470c40414fb90fe0324190858): Total: 5.677 seconds - Initiated by RefreshV2(AllowForceSynchronousImport)
	(Values over 0.05ms)
	Summary:
		Imports: total=0 (actual=0, local cache=0, cache server=0)
		Asset DB Process Time: managed=0 ms, native=3049 ms
		Asset DB Callback time: managed=63 ms, native=5 ms
		Scripting: domain reloads=1, domain reload time=1523 ms, compile time=1036 ms, other=0 ms
		Project Asset Count: scripts=1444, non-scripts=2808
		Asset File Changes: new=0, changed=1, moved=0, deleted=0
		Scan Filter Count: 0
	InvokePackagesCallback: 3.134ms
	ApplyChangesToAssetFolders: 0.447ms
	Scan: 9.826ms
	Collect global state as custom dependencies: 7.282ms
	OnSourceAssetsModified: 0.075ms
	ProcessAssetsWithTransientArtifactChanges: 7.486ms
	CategorizeAssets: 63.730ms
	CompileScripts: 1035.737ms
	ImportOutOfDateAssets: 2893.574ms (2890.917ms without children)
		CollectScriptTypesHashes: 0.850ms
		ReloadNativeAssets: 1.310ms
		UnloadImportedAssets: 0.184ms
		EnsureUptoDateAssetsAreRegisteredWithGuidPM: 0.729ms
		ImportSchedulerStart: 0.415ms
	PostProcessAllAssets: 64.687ms
		XRBuildSystem.XRAssetImported 0.573ms
		PostProcessCallbackCreateDeferredMaterials 0.254ms
		MonoPostProcessAllAssets: 63.352ms
			UniversalRenderPipelineGlobalSettingsPostprocessor.OnPostprocessAllAssets 12.846ms
			AssetChangedListener.OnPostprocessAllAssets 6.556ms
			BuilderAssetPostprocessor.OnPostprocessAllAssets 6.083ms
			AssetPostprocessor.OnPostprocessAllAssets 5.415ms
			SyncVS.PostprocessSyncProject 3.738ms
			WindowAssetPostprocessingWatcher.OnPostprocessAllAssets 2.178ms
			SpeedTree9Postprocessor.OnPostprocessAllAssets 2.091ms
			ShaderGraphAssetPostProcessor.OnPostprocessAllAssets 1.673ms
			RetainedModeAssetPostprocessor.OnPostprocessAllAssets 1.491ms
			EditModeScopePostprocessor.OnPostprocessAllAssets 1.042ms
			ProjectSettingsPostprocessor.OnPostprocessAllAssets 0.887ms
			RenderPipelineGlobalSettingsPostprocessor.OnPostprocessAllAssets 0.834ms
			MaterialPostprocessor.OnPostprocessAllAssets 0.816ms
			TMPro_TexturePostProcessor.OnPostprocessAllAssets 0.694ms
			ShaderReflectionAssetPostProcessor.OnPostprocessAllAssets 0.648ms
			InputActionAssetPostprocessor.OnPostprocessAllAssets 0.470ms
			InputActionJsonNameModifierAssetProcessor.OnPostprocessAllAssets 0.405ms
			ArtifactBrowserPostProcessor.OnPostprocessAllAssets 0.392ms
			TextAssetPostProcessor.OnPostprocessAllAssets 0.373ms
			AudioMixerPostprocessor.OnPostprocessAllAssets 0.362ms
			UVCSAssetPostprocessor.OnPostprocessAllAssets 0.357ms
			PostProcessor.OnPostprocessAllAssets 0.325ms
			StyleCatalogPostProcessor.OnPostprocessAllAssets 0.293ms
			ReferencedClipsPostProcessor.OnPostprocessAllAssets 0.289ms
			AssetEvents.OnPostprocessAllAssets 0.288ms
			TerrainToolbarOverlayPostProcessor.OnPostprocessAllAssets 0.183ms
			AssetDatabaseCallbacks.OnPostprocessAllAssets 0.181ms
			SpeedTreePostProcessor.OnPostprocessAllAssets 0.165ms
			SamplePostprocessor.OnPostprocessAllAssets 0.159ms
			ConfigAssetsTracker.OnPostprocessAllAssets 0.146ms
			ScenarioDriftAssetsTracker.OnPostprocessAllAssets 0.140ms
			AssetReloadNotifier.OnPostprocessAllAssets 0.120ms
			ThemePostprocessor.OnPostprocessAllAssets 0.110ms
			AudioContainerPostProcessor.OnPostprocessAllAssets 0.100ms
	PostAssetChangesProfiler: 3.052ms
	GatherAllCurrentPrimaryImportResultRevisions: 0.214ms
	UnloadStreamsBegin: 0.079ms
	PersistCurrentRevisions: 0.146ms
	GenerateScriptTypeHashes: 2.719ms
	GenerateScriptTypeSerializationHashes: 4.945ms
	Untracked: 1560.121ms

[Licensing::Client] Successfully resolved entitlement details
[Licensing::Client] Successfully resolved entitlement details
GPU Resident Drawer created.
GPU Resident Drawer disposed.
Entering Playmode with Reload Domain disabled.
If you experience any issues, please disable "Enter Play Mode Options" in Editor Settings
Entering Playmode with Reload Scene disabled. If you experience any issues, please disable "Enter Play Mode Options" in Editor Settings
GPU Resident Drawer created.
GPU Resident Drawer disposed.
GPU Resident Drawer created.
GPU Resident Drawer disposed.
Unloading 35 Unused Serialized files (Serialized files now loaded: 0)
Loaded scene 'Temp/__Backupscenes/0.backup'
	Deserialize:            8.442 ms
	Integration:            39.122 ms
	Integration of assets:  0.103 ms
	Thread Wait Time:       -0.036 ms
	Total Operation Time:   47.632 ms
Unloading 68 unused Assets / (2.1 MB). Loaded Objects now: 10370.
Memory consumption went from 0.95 GB to 0.95 GB.
Total: 30.291000 ms (FindLiveObjects: 0.992300 ms CreateObjectMapping: 0.324700 ms MarkObjects: 28.404400 ms  DeleteObjects: 0.216800 ms)

GPU Resident Drawer created.
[Licensing::Client] Successfully resolved entitlement details
GPU Resident Drawer disposed.
GPU Resident Drawer created.
GPU Resident Drawer disposed.
Entering Playmode with Reload Domain disabled.
If you experience any issues, please disable "Enter Play Mode Options" in Editor Settings
Entering Playmode with Reload Scene disabled. If you experience any issues, please disable "Enter Play Mode Options" in Editor Settings
GPU Resident Drawer created.
GPU Resident Drawer disposed.
GPU Resident Drawer created.
Space pressed! isGrounded: True, Timer: 0
UnityEngine.Debug:ExtractStackTraceNoAlloc (byte*,int,string)
UnityEngine.StackTraceUtility:ExtractStackTrace ()
UnityEngine.DebugLogHandler:Internal_Log (UnityEngine.LogType,UnityEngine.LogOption,string,UnityEngine.Object)
UnityEngine.DebugLogHandler:LogFormat (UnityEngine.LogType,UnityEngine.Object,string,object[])
UnityEngine.Logger:Log (UnityEngine.LogType,object)
UnityEngine.Debug:Log (object)
Player:Update () (at Assets/Player.cs:66)

(Filename: Assets/Player.cs Line: 66)

Space pressed! isGrounded: True, Timer: -0.001679746
UnityEngine.Debug:ExtractStackTraceNoAlloc (byte*,int,string)
UnityEngine.StackTraceUtility:ExtractStackTrace ()
UnityEngine.DebugLogHandler:Internal_Log (UnityEngine.LogType,UnityEngine.LogOption,string,UnityEngine.Object)
UnityEngine.DebugLogHandler:LogFormat (UnityEngine.LogType,UnityEngine.Object,string,object[])
UnityEngine.Logger:Log (UnityEngine.LogType,object)
UnityEngine.Debug:Log (object)
Player:Update () (at Assets/Player.cs:66)

(Filename: Assets/Player.cs Line: 66)

Space pressed! isGrounded: True, Timer: -0.002030954
UnityEngine.Debug:ExtractStackTraceNoAlloc (byte*,int,string)
UnityEngine.StackTraceUtility:ExtractStackTrace ()
UnityEngine.DebugLogHandler:Internal_Log (UnityEngine.LogType,UnityEngine.LogOption,string,UnityEngine.Object)
UnityEngine.DebugLogHandler:LogFormat (UnityEngine.LogType,UnityEngine.Object,string,object[])
UnityEngine.Logger:Log (UnityEngine.LogType,object)
UnityEngine.Debug:Log (object)
Player:Update () (at Assets/Player.cs:66)

(Filename: Assets/Player.cs Line: 66)

GPU Resident Drawer disposed.
Unloading 10 Unused Serialized files (Serialized files now loaded: 0)
Loaded scene 'Temp/__Backupscenes/0.backup'
	Deserialize:            1.656 ms
	Integration:            34.235 ms
	Integration of assets:  0.062 ms
	Thread Wait Time:       0.016 ms
	Total Operation Time:   35.968 ms
Unloading 28 unused Assets / (362.6 KB). Loaded Objects now: 10382.
Memory consumption went from 0.96 GB to 0.95 GB.
Total: 30.286500 ms (FindLiveObjects: 1.019900 ms CreateObjectMapping: 0.177600 ms MarkObjects: 28.520700 ms  DeleteObjects: 0.123300 ms)

GPU Resident Drawer created.
GPU Resident Drawer disposed.
GPU Resident Drawer created.
Asset Pipeline Refresh (id=825e42690c5794449805540373dbc563): Total: 0.015 seconds - Initiated by RefreshV2(AllowForceSynchronousImport)
GPU Resident Drawer disposed.
Entering Playmode with Reload Domain disabled.
If you experience any issues, please disable "Enter Play Mode Options" in Editor Settings
Entering Playmode with Reload Scene disabled. If you experience any issues, please disable "Enter Play Mode Options" in Editor Settings
GPU Resident Drawer created.
GPU Resident Drawer disposed.
GPU Resident Drawer created.
Space pressed! isGrounded: True, Timer: 0
UnityEngine.Debug:ExtractStackTraceNoAlloc (byte*,int,string)
UnityEngine.StackTraceUtility:ExtractStackTrace ()
UnityEngine.DebugLogHandler:Internal_Log (UnityEngine.LogType,UnityEngine.LogOption,string,UnityEngine.Object)
UnityEngine.DebugLogHandler:LogFormat (UnityEngine.LogType,UnityEngine.Object,string,object[])
UnityEngine.Logger:Log (UnityEngine.LogType,object)
UnityEngine.Debug:Log (object)
Player:Update () (at Assets/Player.cs:66)

(Filename: Assets/Player.cs Line: 66)

Space pressed! isGrounded: True, Timer: -0.003323006
UnityEngine.Debug:ExtractStackTraceNoAlloc (byte*,int,string)
UnityEngine.StackTraceUtility:ExtractStackTrace ()
UnityEngine.DebugLogHandler:Internal_Log (UnityEngine.LogType,UnityEngine.LogOption,string,UnityEngine.Object)
UnityEngine.DebugLogHandler:LogFormat (UnityEngine.LogType,UnityEngine.Object,string,object[])
UnityEngine.Logger:Log (UnityEngine.LogType,object)
UnityEngine.Debug:Log (object)
Player:Update () (at Assets/Player.cs:66)

(Filename: Assets/Player.cs Line: 66)

Space pressed! isGrounded: False, Timer: -0.003199982
UnityEngine.Debug:ExtractStackTraceNoAlloc (byte*,int,string)
UnityEngine.StackTraceUtility:ExtractStackTrace ()
UnityEngine.DebugLogHandler:Internal_Log (UnityEngine.LogType,UnityEngine.LogOption,string,UnityEngine.Object)
UnityEngine.DebugLogHandler:LogFormat (UnityEngine.LogType,UnityEngine.Object,string,object[])
UnityEngine.Logger:Log (UnityEngine.LogType,object)
UnityEngine.Debug:Log (object)
Player:Update () (at Assets/Player.cs:66)

(Filename: Assets/Player.cs Line: 66)

GPU Resident Drawer disposed.
Unloading 3 Unused Serialized files (Serialized files now loaded: 0)
Loaded scene 'Temp/__Backupscenes/0.backup'
	Deserialize:            1.571 ms
	Integration:            32.858 ms
	Integration of assets:  0.049 ms
	Thread Wait Time:       0.012 ms
	Total Operation Time:   34.490 ms
Unloading 9 unused Assets / (0.8 MB). Loaded Objects now: 10394.
Memory consumption went from 0.96 GB to 0.96 GB.
Total: 30.875300 ms (FindLiveObjects: 0.749900 ms CreateObjectMapping: 0.257900 ms MarkObjects: 29.467800 ms  DeleteObjects: 0.092600 ms)

GPU Resident Drawer created.
[Licensing::Client] Successfully resolved entitlement details
GPU Resident Drawer disposed.
GPU Resident Drawer created.
GPU Resident Drawer disposed.
Entering Playmode with Reload Domain disabled.
If you experience any issues, please disable "Enter Play Mode Options" in Editor Settings
Entering Playmode with Reload Scene disabled. If you experience any issues, please disable "Enter Play Mode Options" in Editor Settings
GPU Resident Drawer created.
GPU Resident Drawer disposed.
GPU Resident Drawer created.
Space pressed! isGrounded: True, Timer: 0
UnityEngine.Debug:ExtractStackTraceNoAlloc (byte*,int,string)
UnityEngine.StackTraceUtility:ExtractStackTrace ()
UnityEngine.DebugLogHandler:Internal_Log (UnityEngine.LogType,UnityEngine.LogOption,string,UnityEngine.Object)
UnityEngine.DebugLogHandler:LogFormat (UnityEngine.LogType,UnityEngine.Object,string,object[])
UnityEngine.Logger:Log (UnityEngine.LogType,object)
UnityEngine.Debug:Log (object)
Player:Update () (at Assets/Player.cs:66)

(Filename: Assets/Player.cs Line: 66)

Space pressed! isGrounded: False, Timer: -0.0004625721
UnityEngine.Debug:ExtractStackTraceNoAlloc (byte*,int,string)
UnityEngine.StackTraceUtility:ExtractStackTrace ()
UnityEngine.DebugLogHandler:Internal_Log (UnityEngine.LogType,UnityEngine.LogOption,string,UnityEngine.Object)
UnityEngine.DebugLogHandler:LogFormat (UnityEngine.LogType,UnityEngine.Object,string,object[])
UnityEngine.Logger:Log (UnityEngine.LogType,object)
UnityEngine.Debug:Log (object)
Player:Update () (at Assets/Player.cs:66)

(Filename: Assets/Player.cs Line: 66)

Space pressed! isGrounded: False, Timer: -0.0004625721
UnityEngine.Debug:ExtractStackTraceNoAlloc (byte*,int,string)
UnityEngine.StackTraceUtility:ExtractStackTrace ()
UnityEngine.DebugLogHandler:Internal_Log (UnityEngine.LogType,UnityEngine.LogOption,string,UnityEngine.Object)
UnityEngine.DebugLogHandler:LogFormat (UnityEngine.LogType,UnityEngine.Object,string,object[])
UnityEngine.Logger:Log (UnityEngine.LogType,object)
UnityEngine.Debug:Log (object)
Player:Update () (at Assets/Player.cs:66)

(Filename: Assets/Player.cs Line: 66)

GPU Resident Drawer disposed.
Unloading 4 Unused Serialized files (Serialized files now loaded: 0)
Loaded scene 'Temp/__Backupscenes/0.backup'
	Deserialize:            1.561 ms
	Integration:            32.084 ms
	Integration of assets:  0.095 ms
	Thread Wait Time:       -0.046 ms
	Total Operation Time:   33.695 ms
Unloading 9 unused Assets / (189.3 KB). Loaded Objects now: 10406.
Memory consumption went from 0.96 GB to 0.96 GB.
Total: 30.852100 ms (FindLiveObjects: 0.800700 ms CreateObjectMapping: 0.200700 ms MarkObjects: 29.396100 ms  DeleteObjects: 0.104200 ms)

GPU Resident Drawer created.
GPU Resident Drawer disposed.
GPU Resident Drawer created.
GPU Resident Drawer disposed.
Entering Playmode with Reload Domain disabled.
If you experience any issues, please disable "Enter Play Mode Options" in Editor Settings
Entering Playmode with Reload Scene disabled. If you experience any issues, please disable "Enter Play Mode Options" in Editor Settings
GPU Resident Drawer created.
GPU Resident Drawer disposed.
GPU Resident Drawer created.
Space pressed! isGrounded: True, Timer: 0
UnityEngine.Debug:ExtractStackTraceNoAlloc (byte*,int,string)
UnityEngine.StackTraceUtility:ExtractStackTrace ()
UnityEngine.DebugLogHandler:Internal_Log (UnityEngine.LogType,UnityEngine.LogOption,string,UnityEngine.Object)
UnityEngine.DebugLogHandler:LogFormat (UnityEngine.LogType,UnityEngine.Object,string,object[])
UnityEngine.Logger:Log (UnityEngine.LogType,object)
UnityEngine.Debug:Log (object)
Player:Update () (at Assets/Player.cs:66)

(Filename: Assets/Player.cs Line: 66)

Space pressed! isGrounded: True, Timer: -0.004197265
UnityEngine.Debug:ExtractStackTraceNoAlloc (byte*,int,string)
UnityEngine.StackTraceUtility:ExtractStackTrace ()
UnityEngine.DebugLogHandler:Internal_Log (UnityEngine.LogType,UnityEngine.LogOption,string,UnityEngine.Object)
UnityEngine.DebugLogHandler:LogFormat (UnityEngine.LogType,UnityEngine.Object,string,object[])
UnityEngine.Logger:Log (UnityEngine.LogType,object)
UnityEngine.Debug:Log (object)
Player:Update () (at Assets/Player.cs:66)

(Filename: Assets/Player.cs Line: 66)

Space pressed! isGrounded: True, Timer: -0.001284989
UnityEngine.Debug:ExtractStackTraceNoAlloc (byte*,int,string)
UnityEngine.StackTraceUtility:ExtractStackTrace ()
UnityEngine.DebugLogHandler:Internal_Log (UnityEngine.LogType,UnityEngine.LogOption,string,UnityEngine.Object)
UnityEngine.DebugLogHandler:LogFormat (UnityEngine.LogType,UnityEngine.Object,string,object[])
UnityEngine.Logger:Log (UnityEngine.LogType,object)
UnityEngine.Debug:Log (object)
Player:Update () (at Assets/Player.cs:66)

(Filename: Assets/Player.cs Line: 66)

Trigger entered by: Player
UnityEngine.Debug:ExtractStackTraceNoAlloc (byte*,int,string)
UnityEngine.StackTraceUtility:ExtractStackTrace ()
UnityEngine.DebugLogHandler:Internal_Log (UnityEngine.LogType,UnityEngine.LogOption,string,UnityEngine.Object)
UnityEngine.DebugLogHandler:LogFormat (UnityEngine.LogType,UnityEngine.Object,string,object[])
UnityEngine.Logger:Log (UnityEngine.LogType,object)
UnityEngine.Debug:Log (object)
AttachPlayer:OnTriggerEnter (UnityEngine.Collider) (at Assets/AttachPlayer.cs:9)

(Filename: Assets/AttachPlayer.cs Line: 9)

Player matched!
UnityEngine.Debug:ExtractStackTraceNoAlloc (byte*,int,string)
UnityEngine.StackTraceUtility:ExtractStackTrace ()
UnityEngine.DebugLogHandler:Internal_Log (UnityEngine.LogType,UnityEngine.LogOption,string,UnityEngine.Object)
UnityEngine.DebugLogHandler:LogFormat (UnityEngine.LogType,UnityEngine.Object,string,object[])
UnityEngine.Logger:Log (UnityEngine.LogType,object)
UnityEngine.Debug:Log (object)
AttachPlayer:OnTriggerEnter (UnityEngine.Collider) (at Assets/AttachPlayer.cs:12)

(Filename: Assets/AttachPlayer.cs Line: 12)

GPU Resident Drawer disposed.
Unloading 4 Unused Serialized files (Serialized files now loaded: 0)
Loaded scene 'Temp/__Backupscenes/0.backup'
	Deserialize:            1.721 ms
	Integration:            34.491 ms
	Integration of assets:  0.097 ms
	Thread Wait Time:       -0.049 ms
	Total Operation Time:   36.259 ms
Unloading 9 unused Assets / (0.8 MB). Loaded Objects now: 10418.
Memory consumption went from 0.97 GB to 0.96 GB.
Total: 31.949600 ms (FindLiveObjects: 0.891700 ms CreateObjectMapping: 0.249500 ms MarkObjects: 30.365700 ms  DeleteObjects: 0.117800 ms)

GPU Resident Drawer created.
GPU Resident Drawer disposed.
GPU Resident Drawer created.
Importing 'GUID: 00000000000000009000000000000000 - Path: ProjectSettings/QualitySettings.asset' with importer (LibraryAssetImporter)
Imported 'GUID: 00000000000000009000000000000000' -> (Import Result ID: '8151b601d05d3e12de314c2aa1f82962') in 0.007 seconds [static dependencies only]. Details - ImportResultOutputID=2a108b3da874f726c62fbe5f12be4a8a DependenciesID=6180c49ef29638684367d2893c04e070 StaticDependenciesID=5b19720d9149525484b40148944c8e26 
Importing 'GUID: c22777d6e868e4f2fb421913386b154e - Path: Packages/com.unity.probuilder/Content/Resources/Materials/ProBuilderDefault.mat' with importer (NativeFormatImporter)
Imported 'GUID: c22777d6e868e4f2fb421913386b154e' -> (Import Result ID: '81feccf3c9b6ddb552253be7fd0a8f04') in 0.002 seconds [static dependencies only]. Details - ImportResultOutputID=ac1e421262df60e4e0b869edb87ff084 DependenciesID=d0598d5f295f8d794f93899e223608b8 StaticDependenciesID=9ff0cacd4d653408c3da5ad738434f98 
Refreshing native plugins compatible for Editor in 2.63 ms, found 4 plugins.
Asset Pipeline Refresh (id=8bd120e89817596489e00291c506e0e3): Total: 0.043 seconds - Initiated by StopAssetImportingV2(NoUpdateAssetOptions)
Importing 'GUID: 99c9720ab356a0642a771bea13969a05 - Path: Assets/Scenes/SampleScene.unity' with importer (DefaultImporter)
Imported 'GUID: 99c9720ab356a0642a771bea13969a05' -> (Import Result ID: 'faed85c7d9f9978cc48291a9d25e88b1') in 0.001 seconds [static dependencies only]. Details - ImportResultOutputID=b4491ddbae88a879b6308480a6079ca7 DependenciesID=e3d11060c5dbeee3649112feb81a8c1e StaticDependenciesID=e70ffa509117e9634ec92d3f803f8d49 
Asset Pipeline Refresh (id=7c6c18d7e52f5be43a689f596a68b5d6): Total: 0.045 seconds - Initiated by StopAssetImportingV2(NoUpdateAssetOptions)
MonoPathRemapper: Attempts to remap: 242035; Successful remaps: 60950
Serialized file version minimum: 22, current 23
[LAYOUT] About to save layout C:\Users\Duncan Joseph\Traversal Gameplay\UserSettings\Layouts\default-6000.dwlt
[LAYOUT] About to save layout C:/Users/Duncan Joseph/AppData/Roaming/Unity/Editor-5.x/Preferences\Layouts\current\default-6000.dwlt
GPU Resident Drawer disposed.
Input System module state changed to: ShutdownInProgress.
Input Polling Thread exited.
Input System module state changed to: Shutdown.
[Physics::Module] Cleanup current backend.
[Physics::Module] Id: 0xf2b8ea05
[Licensing::IpcConnector] LicenseClient-Duncan Joseph-notifications channel disconnected successfully.
[Licensing::IpcConnector] LicenseClient-Duncan Joseph channel disconnected successfully.
Lingering sessions upon destruction of worker manager
Unity Data Store service was successfully shut down
UDS shutting down local client system
AcceleratorClientConnectionCallback - disconnected - :0
Cleanup mono
CodeReloadManager destroyed
Checking for leaked weakptr:
  Found no leaked weakptrs.
[Package Manager] Server process was shutdown
##utp:{"type":"MemoryLeaks","version":2,"phase":"Immediate","time":1790616655643,"processId":32444,"allocatedMemory":97007594,"memoryLabels":[{"Default":344394},{"Permanent":15516},{"NewDelete":145585},{"Thread":4198024},{"Manager":2337573},{"VertexData":8},{"Geometry":816},{"Shader":854388},{"Material":2250},{"TextureCache":1824},{"GfxDevice":55968},{"Animation":16224},{"FreeType":8},{"FontEngine":736},{"Physics":1970},{"Physics2D":16},{"Input":45280},{"JobScheduler":256},{"TextLib":21739},{"Mono":48},{"MonoCode":68608},{"ScriptingNativeRuntime":1813832},{"BaseObject":51008},{"Resource":1208},{"Renderer":2384},{"Transform":4685},{"File":31149},{"WebCam":616},{"Culling":32},{"Terrain":11442},{"Wind":24},{"STL":40},{"String":4972712},{"StaticString":3808},{"Utility":2674533},{"Curl":48},{"PoolAlloc":69886984},{"AI":80},{"TypeTree":3350817},{"ScriptManager":94800},{"CodeReload":448},{"RuntimeInitializeOnLoadManager":64},{"Sprites":102},{"SpriteAtlas":120},{"GI":7816},{"CloudService":7296},{"WebRequest":13580},{"VR":49650},{"SceneManager":608},{"Video":208},{"LazyScriptCache":32},{"NativeArray":7560},{"Camera":729},{"Secure":265},{"SerializationCache":9256},{"APIUpdating":10320},{"Subsystems":336},{"VirtualTexturing":57888},{"StaticSafetyDebugInfo":278528},{"Analytics":592},{"Hierarchy":1188},{"UIElements":40},{"CoreStats":14456},{"Identifiers":7152},{"Gui":268519},{"EditorUtility":287162},{"VersionControl":8},{"Undo":931},{"AssetDatabase":4962282},{"AssetImporter":40},{"EditorGi":328},{"UnityConnect":36882},{"Upm":1988},{"UpmDiagnostics":8},{"AssetCompliance":96},{"DrivenProperties":72},{"LocalIPC":219},{"ProfilerEditor":9746},{"CoreBusinessMetrics":3606},{"Windowing":456},{"Licensing":696},{"AssetReference":32},{"IPCStream":32}]}
