VBCSCompilerPreWarmer: pre-warm launched (dotnet PID 48512)
VBCSCompiler prewarm took 23.99 ms
[Licensing::Module] Trying to connect to existing licensing client channel...
Built from '6000.6/respin/6000.6.0f1-fa21a270ab12' branch; Version is '6000.6.0f1 (f7f8ed4d1e24) revision 16251117'; Using compiler version '194234433'; Build Type 'Release'
[Licensing::IpcConnector] Successfully connected to: "LicenseClient-Duncan Joseph" at "2026-10-05T13:25:56.3567185Z"
OS: 'Windows 11  (10.0.26200) CoreSingleLanguage' Language: 'en' Physical Memory: 15688 MB
BatchMode: 0, IsHumanControllingUs: 1, StartBugReporterOnCrash: 1, Is64bit: 1
System  architecture: x64
Process architecture: x64
Date: 2026-10-05T13:25:56Z
[Licensing::Client] Code 10 while verifying Licensing Client signature (process Id: 2224, path: "C:/Program Files/Unity Hub/UnityLicensingClient_V1/Unity.Licensing.Client.exe")
[Licensing::Module] LicensingClient has failed validation; ignoring
[Licensing::Client] Handshaking with LicensingClient:
  Version:                 1.18.3+d7ffd15
  Session Id:              5faa1993381e46539b7473bdc1a4d0e2
  Correlation Id:          5b3f4fd5aa49e6f8ca6879151de4da87
  External correlation Id: 6492412754340433734
  Machine Id:              wHDpsUEVYpl4kxgehWEkM/qA1F0=
[Licensing::Module] Successfully connected to LicensingClient on channel: "LicenseClient-Duncan Joseph" (connect: 0.00s, validation: 0.01s, handshake: 0.10s)
[Licensing::IpcConnector] Successfully connected to: "LicenseClient-Duncan Joseph-notifications" at "2026-10-05T13:25:56.4625845Z"
[Licensing::Client] Successfully updated the access token
[Licensing::Module] Successfully updated the access token KhcW0SU6mw...
[Licensing::Client] Successfully resolved entitlement details
[Licensing::Module] License group:
  Id: 18968501699549-UnityPersXXXX
  Product: Unity Personal
  Type: Assigned
  Expiration: Unlimited
[Licensing::Client] Successfully updated license, isAsync: True, time: 0.01
[Licensing::Client] Successfully resolved entitlement details
[Licensing::Module] Licensing Background thread has ended after 0.13s

COMMAND LINE ARGUMENTS:
C:\Program Files\Unity\Hub\Editor\6000.6.0f1\Editor\Unity.exe
-projectpath
C:\Users\Duncan Joseph\Laser Room
-acceptSoftwareTermsForThisRunOnly
-useHub
-hubIPC
-cloudEnvironment
production
-licensingIpc
LicenseClient-Duncan Joseph
-hubSessionId
7ae9501b-c3a4-4381-9b4a-12f81312266b
-accessToken
KhcW0SU6mwitsQHpFe5Yv77hQsVa5phU6Mqc9EG3Wik011f
Successfully changed project path to: C:\Users\Duncan Joseph\Laser Room
C:/Users/Duncan Joseph/Laser Room
[UnityMemory] Configuration Parameters - Can be set up in boot.config
    "memorysetup-temp-allocator-size-gi-baking-worker=262144"
    "memorysetup-temp-allocator-size-gi-baking-worker=262144"
    "memorysetup-temp-allocator-size-gi-baking-worker=262144"
    "memorysetup-temp-allocator-size-gi-baking-worker=262144"
    "memorysetup-temp-allocator-size-gi-baking-worker=262144"
    "memorysetup-temp-allocator-size-nav-mesh-worker=65536"
    "memorysetup-temp-allocator-size-audio-worker=65536"
    "memorysetup-temp-allocator-size-cloud-worker=32768"
    "memorysetup-temp-allocator-size-gfx=262144"
    "memorysetup-remapper-allocator-initial-capacity=32768"
    "memorysetup-temp-allocator-size-preload-manager=33554432"
    "memorysetup-allocator-temp-initial-block-size-main=262144"
    "memorysetup-allocator-temp-initial-block-size-worker=262144"
    "memorysetup-temp-allocator-size-job-worker=262144"
    "memorysetup-temp-allocator-size-background-worker=32768"
    "memorysetup-bucket-allocator-granularity=16"
    "memorysetup-bucket-allocator-bucket-count=8"
    "memorysetup-bucket-allocator-block-size=33554432"
    "memorysetup-bucket-allocator-block-count=8"
    "memorysetup-main-allocator-block-size=16777216"
    "memorysetup-thread-allocator-block-size=16777216"
    "memorysetup-main-allocator-mimalloc-enabled=1"
    "memorysetup-gfx-main-allocator-block-size=16777216"
    "memorysetup-gfx-thread-allocator-block-size=16777216"
    "memorysetup-cache-allocator-block-size=4194304"
    "memorysetup-typetree-allocator-block-size=2097152"
    "memorysetup-profiler-bucket-allocator-granularity=16"
    "memorysetup-profiler-bucket-allocator-bucket-count=8"
    "memorysetup-profiler-bucket-allocator-block-size=33554432"
    "memorysetup-profiler-bucket-allocator-block-count=8"
    "memorysetup-profiler-allocator-block-size=16777216"
    "memorysetup-profiler-editor-allocator-block-size=1048576"
    "memorysetup-temp-allocator-size-main=16777216"
    "memorysetup-job-temp-allocator-block-size=2097152"
    "memorysetup-job-temp-allocator-block-size-background=1048576"
    "memorysetup-job-temp-allocator-reduction-small-platforms=262144"
Player connection [15672]  Target information:

Player connection [15672]  * "[IP] 192.168.68.106 [Port] 55504 [Flags] 2 [Guid] 1628951735 [EditorId] 1628951735 [Version] 1048832 [Id] WindowsEditor(7,LAPTOP-9MJL6R2V) [Debug] 1 [PackageName] WindowsEditor [ProjectName] Editor" 

Player connection [15672]  * "[IP] 192.168.68.101 [Port] 55504 [Flags] 2 [Guid] 1628951735 [EditorId] 1628951735 [Version] 1048832 [Id] WindowsEditor(7,LAPTOP-9MJL6R2V) [Debug] 1 [PackageName] WindowsEditor [ProjectName] Editor" 

Player connection [15672] Host joined multi-casting on [225.0.0.222:54997]...
Player connection [15672] Host joined alternative multi-casting on [225.0.0.222:34997]...
Input System module state changed to: Initialized.
[Physics::Module] Initialized fallback backend.
[Physics::Module] Id: 0xdecafbad
[Package Manager] Connected to IPC stream "Upm-4956" after 0.4 seconds.
[Licensing::Client] Successfully resolved entitlement details
Library Redirect Path: Library/
Initialising UDS system complete:
  - System type: Client
  - Resource namespace: 155005c7db7aaa9146ff746075cd37f7
  - Shared memory size: 1073741824
  - Command buffer id: 1052576
  - Command buffer size: 8192
  - Hashmap size: 4194304
  - Service connected: false
Launching Unity Data Store - C:/Program Files/Unity/Hub/Editor/6000.6.0f1/Editor/Data/Tools/Unity.DataStore.exe 
Unity Data Store artifact dir = Library/DataStore, working dir = C:/Users/Duncan Joseph/Laser Room[Physics::Module] Selected backend.
[Physics::Module] Name: PhysX
[Physics::Module] Id: 0xf2b8ea05
[Physics::Module] SDK Version: 4.1.2
[Physics::Module] Integration Version: 1.0.0
[Physics::Module] Threading Mode: Multi-Threaded
Unity Data Store running and initialised
Initialize engine version: 6000.6.0f1 (f7f8ed4d1e24)
[EntityIdStore] init: VM path (explicit commit), pageSize=4096, blockCount=1048576, entitiesPerBlock=256, slots reserved=4294967296 bytes
[Subsystems] Discovering subsystems at path C:/Program Files/Unity/Hub/Editor/6000.6.0f1/Editor/Data/Resources/UnitySubsystems
[Subsystems] Discovering subsystems at path C:/Users/Duncan Joseph/Laser Room/Assets
GfxDevice: creating device client; kGfxThreadingModeThreaded
Direct3D:
    Version:  Direct3D 11.0 [level 11.1]
    Renderer: NVIDIA GeForce RTX 3050 Laptop GPU (ID=0x25a2)
    Vendor:   NVIDIA
    VRAM:     3962 MB
    Driver:   32.0.16.1047
Initialize mono
Mono path[0] = 'C:/Program Files/Unity/Hub/Editor/6000.6.0f1/Editor/Data/Managed'
Mono path[1] = 'C:/Program Files/Unity/Hub/Editor/6000.6.0f1/Editor/Data/BCLExtensions/runtime/netstandard2.1'
Mono path[2] = 'C:/Program Files/Unity/Hub/Editor/6000.6.0f1/Editor/Data/MonoBleedingEdge/lib/mono/unityjit-win32'
Mono config path = 'C:/Program Files/Unity/Hub/Editor/6000.6.0f1/Editor/Data/MonoBleedingEdge/etc'
Using monoOptions --debugger-agent=transport=dt_socket,embedding=1,server=y,suspend=n,address=127.0.0.1:56956
CodeReloadManager initialized
ImportWorker Server TCP listen port: 0
AcceleratorClientConnectionCallback - disconnected - :0
Begin MonoManager ReloadAssembly
Registering precompiled unity dll's ...
Register platform support module: C:/Program Files/Unity/Hub/Editor/6000.6.0f1/Editor/Data/PlaybackEngines/WebGLSupport/UnityEditor.WebGL.Extensions.dll
Register platform support module: C:/Program Files/Unity/Hub/Editor/6000.6.0f1/Editor/Data/PlaybackEngines/WindowsStandaloneSupport/UnityEditor.WindowsStandalone.Extensions.dll
Registered in 0.006827 seconds.
Native extension for WindowsStandalone target not found
Native extension for WebGL target not found
Package Manager log level set to [2]
ScheduleIndexationOnStartup MainProcess:False IndexOnStartup:True
Scripting: successfully reloaded assembly
- Finished resetting the current domain, in  1.385 seconds
Domain Reload Profiling: 2221ms
	BeginReloadAssembly (231ms)
		CreateAndSetChildDomain (15ms)
	RebuildCommonClasses (10ms)
	RebuildNativeTypeToScriptingClass (25ms)
	initialDomainReloadingComplete (109ms)
	LoadAllAssembliesAndSetupDomain (459ms)
		LoadAssemblies (210ms)
		TypeCache.Refresh (324ms)
			TypeCache.ScanAssembly (296ms)
		AnalyzeDomain (1ms)
	FinalizeReload (1386ms)
		SetupLoadedEditorAssemblies (0ms)
			InitializePlatformSupportModulesInManaged (3ms)
			BeforeProcessingInitializeOnLoad (123ms)
			ProcessInitializeOnLoadAttributes (118ms)
			ProcessInitializeOnLoadMethodAttributes (872ms)
[Licensing::Client] Successfully resolved entitlement details
Application.AssetDatabase Initial Refresh Start
[Package Manager] Restoring resolved packages state from cache
[Licensing::Client] Successfully resolved entitlement details
[Package Manager] Registered 61 packages:
  Packages from [https://packages.unity.com]:
    com.unity.ai.navigation@2.0.14 (location: C:\Users\Duncan Joseph\Laser Room\Library\PackageCache\com.unity.ai.navigation@134dd6a3b97b)
    com.unity.collab-proxy@2.13.6 (location: C:\Users\Duncan Joseph\Laser Room\Library\PackageCache\com.unity.collab-proxy@4628d2ba6ea4)
    com.unity.ide.rider@3.0.38 (location: C:\Users\Duncan Joseph\Laser Room\Library\PackageCache\com.unity.ide.rider@1f60b3138684)
    com.unity.ide.visualstudio@2.0.26 (location: C:\Users\Duncan Joseph\Laser Room\Library\PackageCache\com.unity.ide.visualstudio@a99d56dec63f)
    com.unity.inputsystem@1.20.0 (location: C:\Users\Duncan Joseph\Laser Room\Library\PackageCache\com.unity.inputsystem@7a4e1a2a8194)
    com.unity.probuilder@6.1.2 (location: C:\Users\Duncan Joseph\Laser Room\Library\PackageCache\com.unity.probuilder@8be9724b2335)
    com.unity.visualscripting@1.9.12 (location: C:\Users\Duncan Joseph\Laser Room\Library\PackageCache\com.unity.visualscripting@4edfcc09512f)
    com.unity.settings-manager@2.1.1 (location: C:\Users\Duncan Joseph\Laser Room\Library\PackageCache\com.unity.settings-manager@0b8638c5ce86)
    com.unity.searcher@4.9.5 (location: C:\Users\Duncan Joseph\Laser Room\Library\PackageCache\com.unity.searcher@a463122f2c00)
    com.unity.profiling.core@1.0.3 (location: C:\Users\Duncan Joseph\Laser Room\Library\PackageCache\com.unity.profiling.core@8a49f7027d06)
    com.unity.nuget.mono-cecil@1.11.6 (location: C:\Users\Duncan Joseph\Laser Room\Library\PackageCache\com.unity.nuget.mono-cecil@ecb9724e46ff)
  Built-in packages:
    com.unity.render-pipelines.universal@17.6.0 (location: C:\Users\Duncan Joseph\Laser Room\Library\PackageCache\com.unity.render-pipelines.universal@8457e85b8184)
    com.unity.test-framework@1.8.0 (location: C:\Users\Duncan Joseph\Laser Room\Library\PackageCache\com.unity.test-framework@7a3849e09bd0)
    com.unity.timeline@6.6.0 (location: C:\Users\Duncan Joseph\Laser Room\Library\PackageCache\com.unity.timeline@281d5f7e7d7d)
    com.unity.ugui@2.6.0 (location: C:\Users\Duncan Joseph\Laser Room\Library\PackageCache\com.unity.ugui@23caec89ae27)
    com.unity.modules.accessibility@1.0.0 (location: C:\Users\Duncan Joseph\Laser Room\Library\PackageCache\com.unity.modules.accessibility)
    com.unity.modules.adaptiveperformance@1.0.0 (location: C:\Users\Duncan Joseph\Laser Room\Library\PackageCache\com.unity.modules.adaptiveperformance)
    com.unity.modules.ai@1.0.0 (location: C:\Users\Duncan Joseph\Laser Room\Library\PackageCache\com.unity.modules.ai)
    com.unity.modules.androidjni@1.0.0 (location: C:\Users\Duncan Joseph\Laser Room\Library\PackageCache\com.unity.modules.androidjni)
    com.unity.modules.animation@1.0.0 (location: C:\Users\Duncan Joseph\Laser Room\Library\PackageCache\com.unity.modules.animation)
    com.unity.modules.assetbundle@1.0.0 (location: C:\Users\Duncan Joseph\Laser Room\Library\PackageCache\com.unity.modules.assetbundle)
    com.unity.modules.audio@1.0.0 (location: C:\Users\Duncan Joseph\Laser Room\Library\PackageCache\com.unity.modules.audio)
    com.unity.modules.cloth@1.0.0 (location: C:\Users\Duncan Joseph\Laser Room\Library\PackageCache\com.unity.modules.cloth)
    com.unity.modules.director@1.0.0 (location: C:\Users\Duncan Joseph\Laser Room\Library\PackageCache\com.unity.modules.director)
    com.unity.modules.imageconversion@1.0.0 (location: C:\Users\Duncan Joseph\Laser Room\Library\PackageCache\com.unity.modules.imageconversion)
    com.unity.modules.imgui@1.0.0 (location: C:\Users\Duncan Joseph\Laser Room\Library\PackageCache\com.unity.modules.imgui)
    com.unity.modules.jsonserialize@1.0.0 (location: C:\Users\Duncan Joseph\Laser Room\Library\PackageCache\com.unity.modules.jsonserialize)
    com.unity.modules.particlesystem@1.0.0 (location: C:\Users\Duncan Joseph\Laser Room\Library\PackageCache\com.unity.modules.particlesystem)
    com.unity.modules.physics@1.0.0 (location: C:\Users\Duncan Joseph\Laser Room\Library\PackageCache\com.unity.modules.physics)
    com.unity.modules.physics2d@1.0.0 (location: C:\Users\Duncan Joseph\Laser Room\Library\PackageCache\com.unity.modules.physics2d)
    com.unity.modules.physicscore2d@1.0.0 (location: C:\Users\Duncan Joseph\Laser Room\Library\PackageCache\com.unity.modules.physicscore2d)
    com.unity.modules.screencapture@1.0.0 (location: C:\Users\Duncan Joseph\Laser Room\Library\PackageCache\com.unity.modules.screencapture)
    com.unity.modules.terrain@1.0.0 (location: C:\Users\Duncan Joseph\Laser Room\Library\PackageCache\com.unity.modules.terrain)
    com.unity.modules.terrainphysics@1.0.0 (location: C:\Users\Duncan Joseph\Laser Room\Library\PackageCache\com.unity.modules.terrainphysics)
    com.unity.modules.tetgen@1.0.0 (location: C:\Users\Duncan Joseph\Laser Room\Library\PackageCache\com.unity.modules.tetgen)
    com.unity.modules.tilemap@1.0.0 (location: C:\Users\Duncan Joseph\Laser Room\Library\PackageCache\com.unity.modules.tilemap)
    com.unity.modules.timelinefoundation@1.0.0 (location: C:\Users\Duncan Joseph\Laser Room\Library\PackageCache\com.unity.modules.timelinefoundation)
    com.unity.modules.ui@1.0.0 (location: C:\Users\Duncan Joseph\Laser Room\Library\PackageCache\com.unity.modules.ui)
    com.unity.modules.uielements@1.0.0 (location: C:\Users\Duncan Joseph\Laser Room\Library\PackageCache\com.unity.modules.uielements)
    com.unity.modules.umbra@1.0.0 (location: C:\Users\Duncan Joseph\Laser Room\Library\PackageCache\com.unity.modules.umbra)
    com.unity.modules.unityanalytics@1.0.0 (location: C:\Users\Duncan Joseph\Laser Room\Library\PackageCache\com.unity.modules.unityanalytics)
    com.unity.modules.unitywebrequest@1.0.0 (location: C:\Users\Duncan Joseph\Laser Room\Library\PackageCache\com.unity.modules.unitywebrequest)
    com.unity.modules.unitywebrequestassetbundle@1.0.0 (location: C:\Users\Duncan Joseph\Laser Room\Library\PackageCache\com.unity.modules.unitywebrequestassetbundle)
    com.unity.modules.unitywebrequestaudio@1.0.0 (location: C:\Users\Duncan Joseph\Laser Room\Library\PackageCache\com.unity.modules.unitywebrequestaudio)
    com.unity.modules.unitywebrequesttexture@1.0.0 (location: C:\Users\Duncan Joseph\Laser Room\Library\PackageCache\com.unity.modules.unitywebrequesttexture)
    com.unity.modules.unitywebrequestwww@1.0.0 (location: C:\Users\Duncan Joseph\Laser Room\Library\PackageCache\com.unity.modules.unitywebrequestwww)
    com.unity.modules.vectorgraphics@1.0.0 (location: C:\Users\Duncan Joseph\Laser Room\Library\PackageCache\com.unity.modules.vectorgraphics)
    com.unity.modules.vehicles@1.0.0 (location: C:\Users\Duncan Joseph\Laser Room\Library\PackageCache\com.unity.modules.vehicles)
    com.unity.modules.video@1.0.0 (location: C:\Users\Duncan Joseph\Laser Room\Library\PackageCache\com.unity.modules.video)
    com.unity.modules.wind@1.0.0 (location: C:\Users\Duncan Joseph\Laser Room\Library\PackageCache\com.unity.modules.wind)
    com.unity.modules.xr@1.0.0 (location: C:\Users\Duncan Joseph\Laser Room\Library\PackageCache\com.unity.modules.xr)
    com.unity.modules.subsystems@1.0.0 (location: C:\Users\Duncan Joseph\Laser Room\Library\PackageCache\com.unity.modules.subsystems)
    com.unity.modules.hierarchycore@1.0.0 (location: C:\Users\Duncan Joseph\Laser Room\Library\PackageCache\com.unity.modules.hierarchycore)
    com.unity.ext.nunit@2.1.0 (location: C:\Users\Duncan Joseph\Laser Room\Library\PackageCache\com.unity.ext.nunit@0198eae3b53e)
    com.unity.render-pipelines.core@17.6.0 (location: C:\Users\Duncan Joseph\Laser Room\Library\PackageCache\com.unity.render-pipelines.core@2d66c71e606e)
    com.unity.shadergraph@17.6.0 (location: C:\Users\Duncan Joseph\Laser Room\Library\PackageCache\com.unity.shadergraph@ef6135652377)
    com.unity.render-pipelines.universal-config@17.6.0 (location: C:\Users\Duncan Joseph\Laser Room\Library\PackageCache\com.unity.render-pipelines.universal-config@561422b74439)
    com.unity.graph-authoring@1.0.0 (location: C:\Users\Duncan Joseph\Laser Room\Library\PackageCache\com.unity.graph-authoring@cfd2588851ee)
    com.unity.burst@2.0.0 (location: C:\Users\Duncan Joseph\Laser Room\Library\PackageCache\com.unity.burst@626e66ab421b)
    com.unity.collections@6.6.0 (location: C:\Users\Duncan Joseph\Laser Room\Library\PackageCache\com.unity.collections@10fff0607388)
    com.unity.test-framework.performance@6.6.0 (location: C:\Users\Duncan Joseph\Laser Room\Library\PackageCache\com.unity.test-framework.performance@0a60b857a52e)
[Subsystems] No new subsystems found in resolved package list.
[Package Manager] Done registering packages in 0.03 seconds
Starting: C:\Program Files\Unity\Hub\Editor\6000.6.0f1\Editor\Data\Tools\BuildPipeline\bee_backend.exe --ipc --defer-dag-verification --dagfile="Library/Bee/1900b0aE.dag" --continue-on-failure --profile="Library/Bee/backend1.traceevents" ScriptAssemblies
WorkingDir: C:/Users/Duncan Joseph/Laser Room
warn: Unity.ILPP.Runner.PostProcessingAssemblyLoadContext[0]
      Assembly system.runtime.interopservices.windowsruntime has duplicate hint path. Ignoring "C:\Program Files\Unity\Hub\Editor\6000.6.0f1\Editor\Data\UnityReferenceAssemblies\unity-4.8-api\Facades\System.Runtime.InteropServices.WindowsRuntime.dll" in favor of "C:\Program Files\Unity\Hub\Editor\6000.6.0f1\Editor\Data\NetStandard\Extensions\2.0.0\System.Runtime.InteropServices.WindowsRuntime.dll"
warn: Unity.ILPP.Runner.PostProcessingAssemblyLoadContext[0]
      Assembly system.componentmodel.composition has duplicate hint path. Ignoring "C:\Program Files\Unity\Hub\Editor\6000.6.0f1\Editor\Data\UnityReferenceAssemblies\unity-4.8-api\System.ComponentModel.Composition.dll" in favor of "C:\Program Files\Unity\Hub\Editor\6000.6.0f1\Editor\Data\NetStandard\compat\2.1.0\shims\netfx\System.ComponentModel.Composition.dll"
ExitCode: 0 Duration: 1s59ms
[ 828/1069  0s] ILPP-Configuration Library/ilpp-configuration.nevergeneratedoutput
*** Tundra build success (0.86 seconds), 1 items updated, 1069 evaluated
AssetDatabase: script compilation time: 1.857036s
Begin MonoManager ReloadAssembly
'Packages/com.unity.render-pipelines.core/Editor/Deprecated.cs' contains partial class of Unity.Object, exactly 1 of the partial classes needs to be in a file with the same filename. This is to know the one that can be referenced from ie. GameObjects
'Packages/com.unity.render-pipelines.core/Editor/Deprecated.cs' contains partial class of Unity.Object, exactly 1 of the partial classes needs to be in a file with the same filename. This is to know the one that can be referenced from ie. GameObjects
Refreshing native plugins compatible for Editor in 5.02 ms, found 4 plugins.
Native extension for WindowsStandalone target not found
Native extension for WebGL target not found
[MODES] ModeService[none].Initialize
[MODES] ModeService[none].LoadModes
[MODES] Loading mode Default (0) for mode-current-id-Traversal Gameplay
ScheduleIndexationOnStartup MainProcess:True IndexOnStartup:True
Scripting: successfully reloaded assembly
- Finished resetting the current domain, in  1.781 seconds
Domain Reload Profiling: 3579ms
	BeginReloadAssembly (492ms)
		DisableScriptedObjects (42ms)
		CreateAndSetChildDomain (195ms)
	RebuildCommonClasses (15ms)
	RebuildNativeTypeToScriptingClass (25ms)
	initialDomainReloadingComplete (104ms)
	LoadAllAssembliesAndSetupDomain (1162ms)
		LoadAssemblies (710ms)
		TypeCache.Refresh (282ms)
			TypeCache.ScanAssembly (263ms)
		AnalyzeDomain (115ms)
			BuildScriptInfoCaches (102ms)
			ResolveRequiredComponents (10ms)
	FinalizeReload (1782ms)
		SetupLoadedEditorAssemblies (0ms)
			BeforeProcessingInitializeOnLoad (138ms)
			ProcessInitializeOnLoadAttributes (456ms)
			ProcessInitializeOnLoadMethodAttributes (482ms)
			AfterProcessingInitializeOnLoad (18ms)
			EditorAssembliesLoaded (3ms)
		AwakeInstancesAfterBackupRestoration (38ms)
Starting new worker id: 0 with log in C:/Users/Duncan Joseph/Laser Room/Logs/AssetImportWorkerHW0.log

Asset Pipeline Refresh (id=4bc77cbb9c2f0ee449e6762f7c145cd4): Total: 7.412 seconds - Initiated by InitialRefreshV2(ForceSynchronousImport)
	(Values over 0.05ms)
	Summary:
		Imports: total=0 (actual=0, local cache=0, cache server=0)
		Asset DB Process Time: managed=0 ms, native=3446 ms
		Asset DB Callback time: managed=64 ms, native=59 ms
		Scripting: domain reloads=1, domain reload time=1885 ms, compile time=1861 ms, other=94 ms
		Project Asset Count: scripts=1452, non-scripts=2855
		Asset File Changes: new=0, changed=0, moved=0, deleted=0
		Scan Filter Count: 0
	InvokePackagesCallback: 61.542ms
	ApplyChangesToAssetFolders: 1.070ms
	Scan: 480.291ms
	Collect global state as custom dependencies: 41.024ms
	CategorizeScriptCompilationAssets: 543.356ms
	ProcessAssetsWithTransientArtifactChanges: 108.424ms
	CategorizeAssets: 110.423ms
	CompileScripts: 1860.787ms
	ImportOutOfDateAssets: 1824.087ms (1798.731ms without children)
		ReloadNativeAssets: 0.394ms
		UnloadImportedAssets: 1.192ms
		EnsureUptoDateAssetsAreRegisteredWithGuidPM: 1.331ms
		ImportSchedulerStart: 22.433ms
	PostProcessAllAssets: 64.521ms
		MonoPostProcessAllAssets: 64.409ms
			UniversalRenderPipelineGlobalSettingsPostprocessor.OnPostprocessAllAssets 26.472ms
			SyncVS.PostprocessSyncProject 6.933ms
			WindowAssetPostprocessingWatcher.OnPostprocessAllAssets 3.411ms
			EditModeScopePostprocessor.OnPostprocessAllAssets 2.527ms
			SpeedTree9Postprocessor.OnPostprocessAllAssets 2.108ms
			RenderPipelineGlobalSettingsPostprocessor.OnPostprocessAllAssets 1.469ms
			ShaderReflectionAssetPostProcessor.OnPostprocessAllAssets 0.905ms
			ReferencedClipsPostProcessor.OnPostprocessAllAssets 0.490ms
			InputActionAssetPostprocessor.OnPostprocessAllAssets 0.436ms
			AssetDatabaseCallbacks.OnPostprocessAllAssets 0.270ms
			TerrainToolbarOverlayPostProcessor.OnPostprocessAllAssets 0.258ms
			ProjectSettingsPostprocessor.OnPostprocessAllAssets 0.246ms
	UnloadStreamsBegin: 2.279ms
	PersistCurrentRevisions: 0.167ms
	GenerateScriptTypeHashes: 2.103ms
	GenerateScriptTypeSerializationHashes: 3.503ms
	Untracked: 2280.606ms

Application.AssetDatabase Initial Refresh End
Launched and connected shader compiler UnityShaderCompiler.exe after 0.04 seconds
Scanning for USB devices : 10.698ms
Initializing Unity extensions:
Unloading 63 Unused Serialized files (Serialized files now loaded: 0)
Loaded scene 'Assets/Scenes/SampleScene.unity'
	Deserialize:            13.115 ms
	Integration:            56.632 ms
	Integration of assets:  0.025 ms
	Thread Wait Time:       0.020 ms
	Total Operation Time:   69.792 ms
Unloading 7008 unused Assets / (11.4 MB). Loaded Objects now: 7999.
Memory consumption went from 425.1 MB to 413.7 MB.
Total: 19.683600 ms (FindLiveObjects: 0.784900 ms CreateObjectMapping: 0.295700 ms MarkObjects: 11.883600 ms  DeleteObjects: 6.169600 ms)

[LAYOUT] About to load UserSettings\Layouts\default-6000.dwlt, keepMainWindow=False
[LAYOUT] About to save layout C:\Users\Duncan Joseph\Laser Room\UserSettings\Layouts\default-6000.dwlt
[LAYOUT] About to save layout C:/Users/Duncan Joseph/AppData/Roaming/Unity/Editor-5.x/Preferences\Layouts\current\default-6000.dwlt
[MODES] ModeService[default].InitializeCurrentMode
[MODES] ModeService[default].RaiseModeChanged(default, default)
This project uses Input Manager, which is marked for deprecation. To manage input in your project, use the <a href="https://docs.unity3d.com/Packages/com.unity.inputsystem@latest">Input System package</a> instead.
<RI> Initializing input.
Using Windows.Gaming.Input
<RI> Input initialized.
[Project] Loading completed in 15.919 seconds
	Project init time: 				12.708 seconds
		Template init time: 		0.000 seconds
		Package Manager init time: 		0.403 seconds
		Asset Database init time: 		0.602 seconds
		Global illumination init time: 	0.007 seconds
		Assemblies load time: 			2.407 seconds
		Unity extensions init time: 	0.031 seconds
		Asset Database refresh time: 	7.413 seconds
	Scene opening time: 			2.672 seconds
##utp:{"type":"ProjectInfo","version":2,"phase":"Immediate","time":1791206772241,"processId":4956,"projectLoad":15.919137300000001,"projectInit":12.7076735,"templateInit":0.0,"packageManagerInit":0.403473,"assetDatabaseInit":0.6016526,"globalIlluminationInit":0.0067396,"assembliesLoad":2.4066538,"unityExtensionsInit":0.0310774,"assetDatabaseRefresh":7.4126287,"sceneOpening":2.671814}
##utp:{"type":"EditorInfo","version":2,"phase":"Immediate","time":1791206772241,"processId":4956,"editorVersion":"6000.6.0f1 (f7f8ed4d1e24)","branch":"6000.6/respin/6000.6.0f1-fa21a270ab12","buildType":"Release","platform":"Windows"}
Worker ready: AssetImportWorkerHW0 0
GPU Resident Drawer created.
Created GICache directory at C:/Users/Duncan Joseph/AppData/LocalLow/Unity/Caches/GiCache. Took: 0.044s, timestamps: [17.622 - 17.666]
[Licensing::Client] Successfully resolved entitlement details
[Licensing::Client] Successfully resolved entitlement details
[Licensing::Client] Successfully updated the access token
[Licensing::Module] Successfully updated access token: "KhcW0SU6"... (expires: 2026-10-05T14:31:51Z)
[Licensing::Client] Successfully resolved entitlement details
UPID Received 'e5d3e204-cd96-4438-a1a4-e05c63c78158'.
[Licensing::Client] Successfully resolved entitlement details
Start Indexing on Editor startup
[Indexing] Starting Initial Indexing for Assets
Asset Pipeline Refresh (id=b253ee10d93c91348aed953a388bf9ca): Total: 0.110 seconds - Initiated by RefreshV2(AllowForceSynchronousImport)
Asset Pipeline Refresh (id=617d5f4f95ac96f4781caf8caaabbad8): Total: 0.006 seconds - Initiated by RefreshV2(AllowForceSynchronousImport)
Starting new worker id: 1 with log in C:/Users/Duncan Joseph/Laser Room/Logs/AssetImportWorkerHW1.log
[Worker0] Imported GUID: c6734c95dda3ce040a660e9ea63ce2a6 - Path: Assets/LaserCorridor/LaserBeam.cs - Importer: ScriptedImporter/UnityEditor.QuickSearchModule:UnityEditor.Search:ASIAI0B -> (ImportResultId: '34ef4a438b892c91dbaa513d19ee9aba') in 0.1627936 seconds
Starting new worker id: 2 with log in C:/Users/Duncan Joseph/Laser Room/Logs/AssetImportWorkerHW2.log
[Worker0] Imported GUID: 59793abad8cba334f8c529db336e0b04 - Path: Assets/LaserCorridor/CorridorGoal.cs - Importer: ScriptedImporter/UnityEditor.QuickSearchModule:UnityEditor.Search:ASIAI0B -> (ImportResultId: 'd7b9684ad063f32f3573d2077c655d8b') in 0.0334617 seconds
[Worker0] Imported GUID: 99c9720ab356a0642a771bea13969a05 - Path: Assets/Scenes/SampleScene.unity - Importer: ScriptedImporter/UnityEditor.QuickSearchModule:UnityEditor.Search:ASIAI0B -> (ImportResultId: 'efd8813fa1389c459b3ad2354e60be03') in 0.0311085 seconds
[Worker0] Imported GUID: 485f3263982e83c40af0b422b13a0074 - Path: Assets/LaserCorridor/PlayerHealth.cs - Importer: ScriptedImporter/UnityEditor.QuickSearchModule:UnityEditor.Search:ASIAI0B -> (ImportResultId: 'a4c57034091fddf12f3b376613cd62d9') in 0.0212725 seconds
[Worker0] Imported GUID: c8b6122c782f7b44e8bf8ccd20e736c4 - Path: Assets/Player.cs - Importer: ScriptedImporter/UnityEditor.QuickSearchModule:UnityEditor.Search:ASIAI0B -> (ImportResultId: 'eee700a428686ebc06c2a927d66a2dba') in 0.0188588 seconds
[Worker0] Imported GUID: d71cebc7aa072644ba6a0a268fc7050f - Path: Assets/LaserCorridor/CorridorHUD.cs - Importer: ScriptedImporter/UnityEditor.QuickSearchModule:UnityEditor.Search:ASIAI0B -> (ImportResultId: '7795d4be92d860b3a683099b075018cf') in 0.0248079 seconds
[Worker0] Imported GUID: 6d7c64fa2d47b284291e2f7579c2883b - Path: Assets/LaserCorridor - Importer: ScriptedImporter/UnityEditor.QuickSearchModule:UnityEditor.Search:ASIAI0B -> (ImportResultId: 'ec19cb7c81fcb67f78c6d7f19c226649') in 0.0189676 seconds
[Worker0] Imported GUID: 9d61db44d1ad1de4887de00fd5dd1612 - Path: Assets/LaserCorridor/Editor - Importer: ScriptedImporter/UnityEditor.QuickSearchModule:UnityEditor.Search:ASIAI0B -> (ImportResultId: 'b18eb8d2e12dd7f6286365bcaa6e3bb6') in 0.0216807 seconds
[Worker0] Imported GUID: 1fae4acb5442993448d49e88d29edf0c - Path: Assets/LaserCorridor/LaserSpawner.cs - Importer: ScriptedImporter/UnityEditor.QuickSearchModule:UnityEditor.Search:ASIAI0B -> (ImportResultId: '4cd8c3362a95ab8cd25aa2a20e74f0b3') in 0.0229297 seconds
[Worker0] Imported GUID: 198d6c17e077caa4084b46632af693d0 - Path: Assets/LaserCorridor/BonusFloorPanel.cs - Importer: ScriptedImporter/UnityEditor.QuickSearchModule:UnityEditor.Search:ASIAI0B -> (ImportResultId: '9ead3e365283a91860ade170f81aa79d') in 0.0221578 seconds
[Worker0] Imported GUID: b3901b077d3f2764f90b79133bc264ae - Path: Assets/LaserCorridor/Editor/ResidentEvilCorridorBuilder.cs - Importer: ScriptedImporter/UnityEditor.QuickSearchModule:UnityEditor.Search:ASIAI0B -> (ImportResultId: 'b382500abb0cddb62d7c4285a8db40f1') in 0.0210369 seconds
[Worker0] Imported GUID: d574bf07bc4d0fd4daa28f38874980ab - Path: Assets/LaserCorridor/LaserCorridorGameManager.cs - Importer: ScriptedImporter/UnityEditor.QuickSearchModule:UnityEditor.Search:ASIAI0B -> (ImportResultId: '6537bd0cbf7e79a57fea7a8e0d5398ae') in 0.0185187 seconds
Worker ready: AssetImportWorkerHW1 1
Worker ready: AssetImportWorkerHW2 2
Asset Pipeline Refresh (id=0d6ce9643eb7cd94081a2875f4717b13): Total: 0.011 seconds - Initiated by RefreshV2(AllowForceSynchronousImport)
<b>[Resident Evil Laser Corridor]</b> Successfully generated corridor and configured game systems! Press Play to test.
UnityEngine.Debug:ExtractStackTraceNoAlloc (byte*,int,string)
UnityEngine.StackTraceUtility:ExtractStackTrace ()
UnityEngine.DebugLogHandler:Internal_Log (UnityEngine.LogType,UnityEngine.LogOption,string,UnityEngine.Object)
UnityEngine.DebugLogHandler:LogFormat (UnityEngine.LogType,UnityEngine.Object,string,object[])
UnityEngine.Logger:Log (UnityEngine.LogType,object)
UnityEngine.Debug:Log (object)
ResidentEvilCorridorBuilder:BuildCorridor () (at Assets/LaserCorridor/Editor/ResidentEvilCorridorBuilder.cs:210)
ResidentEvilCorridorBuilder:GenerateCorridorQuick () (at Assets/LaserCorridor/Editor/ResidentEvilCorridorBuilder.cs:24)

(Filename: Assets/LaserCorridor/Editor/ResidentEvilCorridorBuilder.cs Line: 210)

TrimDiskCacheJob: Current cache size 0mb
GPU Resident Drawer disposed.
Entering Playmode with Reload Domain disabled.
If you experience any issues, please disable "Enter Play Mode Options" in Editor Settings
Entering Playmode with Reload Scene disabled. If you experience any issues, please disable "Enter Play Mode Options" in Editor Settings
GPU Resident Drawer created.
Launched and connected shader compiler UnityShaderCompiler.exe after 0.02 seconds
Launched and connected shader compiler UnityShaderCompiler.exe after 0.01 seconds
[PlayerHealth] Speed Boost activated! (1.6x for 5s)
UnityEngine.Debug:ExtractStackTraceNoAlloc (byte*,int,string)
UnityEngine.StackTraceUtility:ExtractStackTrace ()
UnityEngine.DebugLogHandler:Internal_Log (UnityEngine.LogType,UnityEngine.LogOption,string,UnityEngine.Object)
UnityEngine.DebugLogHandler:LogFormat (UnityEngine.LogType,UnityEngine.Object,string,object[])
UnityEngine.Logger:Log (UnityEngine.LogType,object)
UnityEngine.Debug:Log (object)
PlayerHealth:ApplySpeedBoost (single,single) (at Assets/LaserCorridor/PlayerHealth.cs:145)
BonusFloorPanel:GrantBonus (PlayerHealth) (at Assets/LaserCorridor/BonusFloorPanel.cs:106)
BonusFloorPanel:OnTriggerEnter (UnityEngine.Collider) (at Assets/LaserCorridor/BonusFloorPanel.cs:90)

(Filename: Assets/LaserCorridor/PlayerHealth.cs Line: 145)

Launched and connected shader compiler UnityShaderCompiler.exe after 0.03 seconds
[PlayerHealth] Restored 35 HP! Current HP: 100/100
UnityEngine.Debug:ExtractStackTraceNoAlloc (byte*,int,string)
UnityEngine.StackTraceUtility:ExtractStackTrace ()
UnityEngine.DebugLogHandler:Internal_Log (UnityEngine.LogType,UnityEngine.LogOption,string,UnityEngine.Object)
UnityEngine.DebugLogHandler:LogFormat (UnityEngine.LogType,UnityEngine.Object,string,object[])
UnityEngine.Logger:Log (UnityEngine.LogType,object)
UnityEngine.Debug:Log (object)
PlayerHealth:Heal (int) (at Assets/LaserCorridor/PlayerHealth.cs:125)
BonusFloorPanel:GrantBonus (PlayerHealth) (at Assets/LaserCorridor/BonusFloorPanel.cs:102)
BonusFloorPanel:OnTriggerEnter (UnityEngine.Collider) (at Assets/LaserCorridor/BonusFloorPanel.cs:90)

(Filename: Assets/LaserCorridor/PlayerHealth.cs Line: 125)

Launched and connected shader compiler UnityShaderCompiler.exe after 0.03 seconds
Launched and connected shader compiler UnityShaderCompiler.exe after 0.03 seconds
Launched and connected shader compiler UnityShaderCompiler.exe after 0.03 seconds
[PlayerHealth] Energy Shield activated for 5s!
UnityEngine.Debug:ExtractStackTraceNoAlloc (byte*,int,string)
UnityEngine.StackTraceUtility:ExtractStackTrace ()
UnityEngine.DebugLogHandler:Internal_Log (UnityEngine.LogType,UnityEngine.LogOption,string,UnityEngine.Object)
UnityEngine.DebugLogHandler:LogFormat (UnityEngine.LogType,UnityEngine.Object,string,object[])
UnityEngine.Logger:Log (UnityEngine.LogType,object)
UnityEngine.Debug:Log (object)
PlayerHealth:ApplyShield (single) (at Assets/LaserCorridor/PlayerHealth.cs:168)
BonusFloorPanel:GrantBonus (PlayerHealth) (at Assets/LaserCorridor/BonusFloorPanel.cs:110)
BonusFloorPanel:OnTriggerEnter (UnityEngine.Collider) (at Assets/LaserCorridor/BonusFloorPanel.cs:90)

(Filename: Assets/LaserCorridor/PlayerHealth.cs Line: 168)

Space pressed! isGrounded: False, Timer: 0
UnityEngine.Debug:ExtractStackTraceNoAlloc (byte*,int,string)
UnityEngine.StackTraceUtility:ExtractStackTrace ()
UnityEngine.DebugLogHandler:Internal_Log (UnityEngine.LogType,UnityEngine.LogOption,string,UnityEngine.Object)
UnityEngine.DebugLogHandler:LogFormat (UnityEngine.LogType,UnityEngine.Object,string,object[])
UnityEngine.Logger:Log (UnityEngine.LogType,object)
UnityEngine.Debug:Log (object)
Player:Update () (at Assets/Player.cs:96)

(Filename: Assets/Player.cs Line: 96)

[PlayerHealth] Shield absorbed laser damage!
UnityEngine.Debug:ExtractStackTraceNoAlloc (byte*,int,string)
UnityEngine.StackTraceUtility:ExtractStackTrace ()
UnityEngine.DebugLogHandler:Internal_Log (UnityEngine.LogType,UnityEngine.LogOption,string,UnityEngine.Object)
UnityEngine.DebugLogHandler:LogFormat (UnityEngine.LogType,UnityEngine.Object,string,object[])
UnityEngine.Logger:Log (UnityEngine.LogType,object)
UnityEngine.Debug:Log (object)
PlayerHealth:TakeDamage (int) (at Assets/LaserCorridor/PlayerHealth.cs:92)
LaserBeam:OnTriggerEnter (UnityEngine.Collider) (at Assets/LaserCorridor/LaserBeam.cs:107)

(Filename: Assets/LaserCorridor/PlayerHealth.cs Line: 92)

Space pressed! isGrounded: False, Timer: 0
UnityEngine.Debug:ExtractStackTraceNoAlloc (byte*,int,string)
UnityEngine.StackTraceUtility:ExtractStackTrace ()
UnityEngine.DebugLogHandler:Internal_Log (UnityEngine.LogType,UnityEngine.LogOption,string,UnityEngine.Object)
UnityEngine.DebugLogHandler:LogFormat (UnityEngine.LogType,UnityEngine.Object,string,object[])
UnityEngine.Logger:Log (UnityEngine.LogType,object)
UnityEngine.Debug:Log (object)
Player:Update () (at Assets/Player.cs:96)

(Filename: Assets/Player.cs Line: 96)

Space pressed! isGrounded: False, Timer: 0
UnityEngine.Debug:ExtractStackTraceNoAlloc (byte*,int,string)
UnityEngine.StackTraceUtility:ExtractStackTrace ()
UnityEngine.DebugLogHandler:Internal_Log (UnityEngine.LogType,UnityEngine.LogOption,string,UnityEngine.Object)
UnityEngine.DebugLogHandler:LogFormat (UnityEngine.LogType,UnityEngine.Object,string,object[])
UnityEngine.Logger:Log (UnityEngine.LogType,object)
UnityEngine.Debug:Log (object)
Player:Update () (at Assets/Player.cs:96)

(Filename: Assets/Player.cs Line: 96)

[PlayerHealth] Took 35 damage! Remaining HP: 65/100
UnityEngine.Debug:ExtractStackTraceNoAlloc (byte*,int,string)
UnityEngine.StackTraceUtility:ExtractStackTrace ()
UnityEngine.DebugLogHandler:Internal_Log (UnityEngine.LogType,UnityEngine.LogOption,string,UnityEngine.Object)
UnityEngine.DebugLogHandler:LogFormat (UnityEngine.LogType,UnityEngine.Object,string,object[])
UnityEngine.Logger:Log (UnityEngine.LogType,object)
UnityEngine.Debug:Log (object)
PlayerHealth:TakeDamage (int) (at Assets/LaserCorridor/PlayerHealth.cs:104)
LaserBeam:OnTriggerEnter (UnityEngine.Collider) (at Assets/LaserCorridor/LaserBeam.cs:107)

(Filename: Assets/LaserCorridor/PlayerHealth.cs Line: 104)

[PlayerHealth] Took 35 damage! Remaining HP: 30/100
UnityEngine.Debug:ExtractStackTraceNoAlloc (byte*,int,string)
UnityEngine.StackTraceUtility:ExtractStackTrace ()
UnityEngine.DebugLogHandler:Internal_Log (UnityEngine.LogType,UnityEngine.LogOption,string,UnityEngine.Object)
UnityEngine.DebugLogHandler:LogFormat (UnityEngine.LogType,UnityEngine.Object,string,object[])
UnityEngine.Logger:Log (UnityEngine.LogType,object)
UnityEngine.Debug:Log (object)
PlayerHealth:TakeDamage (int) (at Assets/LaserCorridor/PlayerHealth.cs:104)
LaserBeam:OnTriggerEnter (UnityEngine.Collider) (at Assets/LaserCorridor/LaserBeam.cs:107)

(Filename: Assets/LaserCorridor/PlayerHealth.cs Line: 104)

[PlayerHealth] Speed Boost ended.
UnityEngine.Debug:ExtractStackTraceNoAlloc (byte*,int,string)
UnityEngine.StackTraceUtility:ExtractStackTrace ()
UnityEngine.DebugLogHandler:Internal_Log (UnityEngine.LogType,UnityEngine.LogOption,string,UnityEngine.Object)
UnityEngine.DebugLogHandler:LogFormat (UnityEngine.LogType,UnityEngine.Object,string,object[])
UnityEngine.Logger:Log (UnityEngine.LogType,object)
UnityEngine.Debug:Log (object)
PlayerHealth:ResetSpeedBoost () (at Assets/LaserCorridor/PlayerHealth.cs:157)
PlayerHealth:Update () (at Assets/LaserCorridor/PlayerHealth.cs:77)

(Filename: Assets/LaserCorridor/PlayerHealth.cs Line: 157)

[PlayerHealth] Took 35 damage! Remaining HP: 0/100
UnityEngine.Debug:ExtractStackTraceNoAlloc (byte*,int,string)
UnityEngine.StackTraceUtility:ExtractStackTrace ()
UnityEngine.DebugLogHandler:Internal_Log (UnityEngine.LogType,UnityEngine.LogOption,string,UnityEngine.Object)
UnityEngine.DebugLogHandler:LogFormat (UnityEngine.LogType,UnityEngine.Object,string,object[])
UnityEngine.Logger:Log (UnityEngine.LogType,object)
UnityEngine.Debug:Log (object)
PlayerHealth:TakeDamage (int) (at Assets/LaserCorridor/PlayerHealth.cs:104)
LaserBeam:OnTriggerEnter (UnityEngine.Collider) (at Assets/LaserCorridor/LaserBeam.cs:107)

(Filename: Assets/LaserCorridor/PlayerHealth.cs Line: 104)

[PlayerHealth] Player eliminated by corridor laser!
UnityEngine.Debug:ExtractStackTraceNoAlloc (byte*,int,string)
UnityEngine.StackTraceUtility:ExtractStackTrace ()
UnityEngine.DebugLogHandler:Internal_Log (UnityEngine.LogType,UnityEngine.LogOption,string,UnityEngine.Object)
UnityEngine.DebugLogHandler:LogFormat (UnityEngine.LogType,UnityEngine.Object,string,object[])
UnityEngine.Logger:Log (UnityEngine.LogType,object)
UnityEngine.Debug:Log (object)
PlayerHealth:Die () (at Assets/LaserCorridor/PlayerHealth.cs:181)
PlayerHealth:TakeDamage (int) (at Assets/LaserCorridor/PlayerHealth.cs:110)
LaserBeam:OnTriggerEnter (UnityEngine.Collider) (at Assets/LaserCorridor/LaserBeam.cs:107)

(Filename: Assets/LaserCorridor/PlayerHealth.cs Line: 181)

[GameManager] GAME OVER! Player eliminated. Preparing reset...
UnityEngine.Debug:ExtractStackTraceNoAlloc (byte*,int,string)
UnityEngine.StackTraceUtility:ExtractStackTrace ()
UnityEngine.DebugLogHandler:Internal_Log (UnityEngine.LogType,UnityEngine.LogOption,string,UnityEngine.Object)
UnityEngine.DebugLogHandler:LogFormat (UnityEngine.LogType,UnityEngine.Object,string,object[])
UnityEngine.Logger:Log (UnityEngine.LogType,object)
UnityEngine.Debug:Log (object)
LaserCorridorGameManager:HandlePlayerDeath () (at Assets/LaserCorridor/LaserCorridorGameManager.cs:122)
PlayerHealth:Die () (at Assets/LaserCorridor/PlayerHealth.cs:182)
PlayerHealth:TakeDamage (int) (at Assets/LaserCorridor/PlayerHealth.cs:110)
LaserBeam:OnTriggerEnter (UnityEngine.Collider) (at Assets/LaserCorridor/LaserBeam.cs:107)

(Filename: Assets/LaserCorridor/LaserCorridorGameManager.cs Line: 122)

Setting linear velocity of a kinematic body is not supported.
UnityEngine.Debug:ExtractStackTraceNoAlloc (byte*,int,string)
UnityEngine.StackTraceUtility:ExtractStackTrace ()
UnityEngine.Rigidbody:set_linearVelocity (UnityEngine.Vector3)
LaserCorridorGameManager/<ResetPlayerRoutine>d__21:MoveNext () (at Assets/LaserCorridor/LaserCorridorGameManager.cs:160)
UnityEngine.SetupCoroutine:InvokeMoveNext (System.Collections.IEnumerator,intptr)

[Assets/LaserCorridor/LaserCorridorGameManager.cs line 160]

Setting angular velocity of a kinematic body is not supported.
UnityEngine.Debug:ExtractStackTraceNoAlloc (byte*,int,string)
UnityEngine.StackTraceUtility:ExtractStackTrace ()
UnityEngine.Rigidbody:set_angularVelocity (UnityEngine.Vector3)
LaserCorridorGameManager/<ResetPlayerRoutine>d__21:MoveNext () (at Assets/LaserCorridor/LaserCorridorGameManager.cs:161)
UnityEngine.SetupCoroutine:InvokeMoveNext (System.Collections.IEnumerator,intptr)

[Assets/LaserCorridor/LaserCorridorGameManager.cs line 161]

Setting linear velocity of a kinematic body is not supported.
UnityEngine.Debug:ExtractStackTraceNoAlloc (byte*,int,string)
UnityEngine.StackTraceUtility:ExtractStackTrace ()
UnityEngine.Rigidbody:set_linearVelocity (UnityEngine.Vector3)
Player:MovePlayer () (at Assets/Player.cs:153)
Player:FixedUpdate () (at Assets/Player.cs:139)

[Assets/Player.cs line 153]

Setting linear velocity of a kinematic body is not supported.
UnityEngine.Debug:ExtractStackTraceNoAlloc (byte*,int,string)
UnityEngine.StackTraceUtility:ExtractStackTrace ()
UnityEngine.Rigidbody:set_linearVelocity (UnityEngine.Vector3)
LaserCorridorGameManager/<ResetPlayerRoutine>d__21:MoveNext () (at Assets/LaserCorridor/LaserCorridorGameManager.cs:172)
UnityEngine.SetupCoroutine:InvokeMoveNext (System.Collections.IEnumerator,intptr)

[Assets/LaserCorridor/LaserCorridorGameManager.cs line 172]

Setting angular velocity of a kinematic body is not supported.
UnityEngine.Debug:ExtractStackTraceNoAlloc (byte*,int,string)
UnityEngine.StackTraceUtility:ExtractStackTrace ()
UnityEngine.Rigidbody:set_angularVelocity (UnityEngine.Vector3)
LaserCorridorGameManager/<ResetPlayerRoutine>d__21:MoveNext () (at Assets/LaserCorridor/LaserCorridorGameManager.cs:173)
UnityEngine.SetupCoroutine:InvokeMoveNext (System.Collections.IEnumerator,intptr)

[Assets/LaserCorridor/LaserCorridorGameManager.cs line 173]

[PlayerHealth] Speed Boost ended.
UnityEngine.Debug:ExtractStackTraceNoAlloc (byte*,int,string)
UnityEngine.StackTraceUtility:ExtractStackTrace ()
UnityEngine.DebugLogHandler:Internal_Log (UnityEngine.LogType,UnityEngine.LogOption,string,UnityEngine.Object)
UnityEngine.DebugLogHandler:LogFormat (UnityEngine.LogType,UnityEngine.Object,string,object[])
UnityEngine.Logger:Log (UnityEngine.LogType,object)
UnityEngine.Debug:Log (object)
PlayerHealth:ResetSpeedBoost () (at Assets/LaserCorridor/PlayerHealth.cs:157)
PlayerHealth:ResetState () (at Assets/LaserCorridor/PlayerHealth.cs:194)
LaserCorridorGameManager/<ResetPlayerRoutine>d__21:MoveNext () (at Assets/LaserCorridor/LaserCorridorGameManager.cs:183)
UnityEngine.SetupCoroutine:InvokeMoveNext (System.Collections.IEnumerator,intptr)

(Filename: Assets/LaserCorridor/PlayerHealth.cs Line: 157)

[PlayerHealth] Speed Boost activated! (1.6x for 5s)
UnityEngine.Debug:ExtractStackTraceNoAlloc (byte*,int,string)
UnityEngine.StackTraceUtility:ExtractStackTrace ()
UnityEngine.DebugLogHandler:Internal_Log (UnityEngine.LogType,UnityEngine.LogOption,string,UnityEngine.Object)
UnityEngine.DebugLogHandler:LogFormat (UnityEngine.LogType,UnityEngine.Object,string,object[])
UnityEngine.Logger:Log (UnityEngine.LogType,object)
UnityEngine.Debug:Log (object)
PlayerHealth:ApplySpeedBoost (single,single) (at Assets/LaserCorridor/PlayerHealth.cs:145)
BonusFloorPanel:GrantBonus (PlayerHealth) (at Assets/LaserCorridor/BonusFloorPanel.cs:106)
BonusFloorPanel:OnTriggerEnter (UnityEngine.Collider) (at Assets/LaserCorridor/BonusFloorPanel.cs:90)

(Filename: Assets/LaserCorridor/PlayerHealth.cs Line: 145)

[PlayerHealth] Restored 35 HP! Current HP: 100/100
UnityEngine.Debug:ExtractStackTraceNoAlloc (byte*,int,string)
UnityEngine.StackTraceUtility:ExtractStackTrace ()
UnityEngine.DebugLogHandler:Internal_Log (UnityEngine.LogType,UnityEngine.LogOption,string,UnityEngine.Object)
UnityEngine.DebugLogHandler:LogFormat (UnityEngine.LogType,UnityEngine.Object,string,object[])
UnityEngine.Logger:Log (UnityEngine.LogType,object)
UnityEngine.Debug:Log (object)
PlayerHealth:Heal (int) (at Assets/LaserCorridor/PlayerHealth.cs:125)
BonusFloorPanel:GrantBonus (PlayerHealth) (at Assets/LaserCorridor/BonusFloorPanel.cs:102)
BonusFloorPanel:OnTriggerEnter (UnityEngine.Collider) (at Assets/LaserCorridor/BonusFloorPanel.cs:90)

(Filename: Assets/LaserCorridor/PlayerHealth.cs Line: 125)

[PlayerHealth] Energy Shield activated for 5s!
UnityEngine.Debug:ExtractStackTraceNoAlloc (byte*,int,string)
UnityEngine.StackTraceUtility:ExtractStackTrace ()
UnityEngine.DebugLogHandler:Internal_Log (UnityEngine.LogType,UnityEngine.LogOption,string,UnityEngine.Object)
UnityEngine.DebugLogHandler:LogFormat (UnityEngine.LogType,UnityEngine.Object,string,object[])
UnityEngine.Logger:Log (UnityEngine.LogType,object)
UnityEngine.Debug:Log (object)
PlayerHealth:ApplyShield (single) (at Assets/LaserCorridor/PlayerHealth.cs:168)
BonusFloorPanel:GrantBonus (PlayerHealth) (at Assets/LaserCorridor/BonusFloorPanel.cs:110)
BonusFloorPanel:OnTriggerEnter (UnityEngine.Collider) (at Assets/LaserCorridor/BonusFloorPanel.cs:90)

(Filename: Assets/LaserCorridor/PlayerHealth.cs Line: 168)

Space pressed! isGrounded: False, Timer: 0
UnityEngine.Debug:ExtractStackTraceNoAlloc (byte*,int,string)
UnityEngine.StackTraceUtility:ExtractStackTrace ()
UnityEngine.DebugLogHandler:Internal_Log (UnityEngine.LogType,UnityEngine.LogOption,string,UnityEngine.Object)
UnityEngine.DebugLogHandler:LogFormat (UnityEngine.LogType,UnityEngine.Object,string,object[])
UnityEngine.Logger:Log (UnityEngine.LogType,object)
UnityEngine.Debug:Log (object)
Player:Update () (at Assets/Player.cs:96)

(Filename: Assets/Player.cs Line: 96)

Space pressed! isGrounded: False, Timer: 0
UnityEngine.Debug:ExtractStackTraceNoAlloc (byte*,int,string)
UnityEngine.StackTraceUtility:ExtractStackTrace ()
UnityEngine.DebugLogHandler:Internal_Log (UnityEngine.LogType,UnityEngine.LogOption,string,UnityEngine.Object)
UnityEngine.DebugLogHandler:LogFormat (UnityEngine.LogType,UnityEngine.Object,string,object[])
UnityEngine.Logger:Log (UnityEngine.LogType,object)
UnityEngine.Debug:Log (object)
Player:Update () (at Assets/Player.cs:96)

(Filename: Assets/Player.cs Line: 96)

[PlayerHealth] Shield absorbed laser damage!
UnityEngine.Debug:ExtractStackTraceNoAlloc (byte*,int,string)
UnityEngine.StackTraceUtility:ExtractStackTrace ()
UnityEngine.DebugLogHandler:Internal_Log (UnityEngine.LogType,UnityEngine.LogOption,string,UnityEngine.Object)
UnityEngine.DebugLogHandler:LogFormat (UnityEngine.LogType,UnityEngine.Object,string,object[])
UnityEngine.Logger:Log (UnityEngine.LogType,object)
UnityEngine.Debug:Log (object)
PlayerHealth:TakeDamage (int) (at Assets/LaserCorridor/PlayerHealth.cs:92)
LaserBeam:OnTriggerEnter (UnityEngine.Collider) (at Assets/LaserCorridor/LaserBeam.cs:107)

(Filename: Assets/LaserCorridor/PlayerHealth.cs Line: 92)

[PlayerHealth] Speed Boost ended.
UnityEngine.Debug:ExtractStackTraceNoAlloc (byte*,int,string)
UnityEngine.StackTraceUtility:ExtractStackTrace ()
UnityEngine.DebugLogHandler:Internal_Log (UnityEngine.LogType,UnityEngine.LogOption,string,UnityEngine.Object)
UnityEngine.DebugLogHandler:LogFormat (UnityEngine.LogType,UnityEngine.Object,string,object[])
UnityEngine.Logger:Log (UnityEngine.LogType,object)
UnityEngine.Debug:Log (object)
PlayerHealth:ResetSpeedBoost () (at Assets/LaserCorridor/PlayerHealth.cs:157)
PlayerHealth:Update () (at Assets/LaserCorridor/PlayerHealth.cs:77)

(Filename: Assets/LaserCorridor/PlayerHealth.cs Line: 157)

Space pressed! isGrounded: False, Timer: 0
UnityEngine.Debug:ExtractStackTraceNoAlloc (byte*,int,string)
UnityEngine.StackTraceUtility:ExtractStackTrace ()
UnityEngine.DebugLogHandler:Internal_Log (UnityEngine.LogType,UnityEngine.LogOption,string,UnityEngine.Object)
UnityEngine.DebugLogHandler:LogFormat (UnityEngine.LogType,UnityEngine.Object,string,object[])
UnityEngine.Logger:Log (UnityEngine.LogType,object)
UnityEngine.Debug:Log (object)
Player:Update () (at Assets/Player.cs:96)

(Filename: Assets/Player.cs Line: 96)

Space pressed! isGrounded: False, Timer: 0
UnityEngine.Debug:ExtractStackTraceNoAlloc (byte*,int,string)
UnityEngine.StackTraceUtility:ExtractStackTrace ()
UnityEngine.DebugLogHandler:Internal_Log (UnityEngine.LogType,UnityEngine.LogOption,string,UnityEngine.Object)
UnityEngine.DebugLogHandler:LogFormat (UnityEngine.LogType,UnityEngine.Object,string,object[])
UnityEngine.Logger:Log (UnityEngine.LogType,object)
UnityEngine.Debug:Log (object)
Player:Update () (at Assets/Player.cs:96)

(Filename: Assets/Player.cs Line: 96)

Space pressed! isGrounded: False, Timer: 0
UnityEngine.Debug:ExtractStackTraceNoAlloc (byte*,int,string)
UnityEngine.StackTraceUtility:ExtractStackTrace ()
UnityEngine.DebugLogHandler:Internal_Log (UnityEngine.LogType,UnityEngine.LogOption,string,UnityEngine.Object)
UnityEngine.DebugLogHandler:LogFormat (UnityEngine.LogType,UnityEngine.Object,string,object[])
UnityEngine.Logger:Log (UnityEngine.LogType,object)
UnityEngine.Debug:Log (object)
Player:Update () (at Assets/Player.cs:96)

(Filename: Assets/Player.cs Line: 96)

Space pressed! isGrounded: False, Timer: 0
UnityEngine.Debug:ExtractStackTraceNoAlloc (byte*,int,string)
UnityEngine.StackTraceUtility:ExtractStackTrace ()
UnityEngine.DebugLogHandler:Internal_Log (UnityEngine.LogType,UnityEngine.LogOption,string,UnityEngine.Object)
UnityEngine.DebugLogHandler:LogFormat (UnityEngine.LogType,UnityEngine.Object,string,object[])
UnityEngine.Logger:Log (UnityEngine.LogType,object)
UnityEngine.Debug:Log (object)
Player:Update () (at Assets/Player.cs:96)

(Filename: Assets/Player.cs Line: 96)

[PlayerHealth] Took 35 damage! Remaining HP: 65/100
UnityEngine.Debug:ExtractStackTraceNoAlloc (byte*,int,string)
UnityEngine.StackTraceUtility:ExtractStackTrace ()
UnityEngine.DebugLogHandler:Internal_Log (UnityEngine.LogType,UnityEngine.LogOption,string,UnityEngine.Object)
UnityEngine.DebugLogHandler:LogFormat (UnityEngine.LogType,UnityEngine.Object,string,object[])
UnityEngine.Logger:Log (UnityEngine.LogType,object)
UnityEngine.Debug:Log (object)
PlayerHealth:TakeDamage (int) (at Assets/LaserCorridor/PlayerHealth.cs:104)
LaserBeam:OnTriggerEnter (UnityEngine.Collider) (at Assets/LaserCorridor/LaserBeam.cs:107)

(Filename: Assets/LaserCorridor/PlayerHealth.cs Line: 104)

Space pressed! isGrounded: False, Timer: 0
UnityEngine.Debug:ExtractStackTraceNoAlloc (byte*,int,string)
UnityEngine.StackTraceUtility:ExtractStackTrace ()
UnityEngine.DebugLogHandler:Internal_Log (UnityEngine.LogType,UnityEngine.LogOption,string,UnityEngine.Object)
UnityEngine.DebugLogHandler:LogFormat (UnityEngine.LogType,UnityEngine.Object,string,object[])
UnityEngine.Logger:Log (UnityEngine.LogType,object)
UnityEngine.Debug:Log (object)
Player:Update () (at Assets/Player.cs:96)

(Filename: Assets/Player.cs Line: 96)

Space pressed! isGrounded: False, Timer: 0
UnityEngine.Debug:ExtractStackTraceNoAlloc (byte*,int,string)
UnityEngine.StackTraceUtility:ExtractStackTrace ()
UnityEngine.DebugLogHandler:Internal_Log (UnityEngine.LogType,UnityEngine.LogOption,string,UnityEngine.Object)
UnityEngine.DebugLogHandler:LogFormat (UnityEngine.LogType,UnityEngine.Object,string,object[])
UnityEngine.Logger:Log (UnityEngine.LogType,object)
UnityEngine.Debug:Log (object)
Player:Update () (at Assets/Player.cs:96)

(Filename: Assets/Player.cs Line: 96)

Space pressed! isGrounded: False, Timer: 0
UnityEngine.Debug:ExtractStackTraceNoAlloc (byte*,int,string)
UnityEngine.StackTraceUtility:ExtractStackTrace ()
UnityEngine.DebugLogHandler:Internal_Log (UnityEngine.LogType,UnityEngine.LogOption,string,UnityEngine.Object)
UnityEngine.DebugLogHandler:LogFormat (UnityEngine.LogType,UnityEngine.Object,string,object[])
UnityEngine.Logger:Log (UnityEngine.LogType,object)
UnityEngine.Debug:Log (object)
Player:Update () (at Assets/Player.cs:96)

(Filename: Assets/Player.cs Line: 96)

Space pressed! isGrounded: False, Timer: 0
UnityEngine.Debug:ExtractStackTraceNoAlloc (byte*,int,string)
UnityEngine.StackTraceUtility:ExtractStackTrace ()
UnityEngine.DebugLogHandler:Internal_Log (UnityEngine.LogType,UnityEngine.LogOption,string,UnityEngine.Object)
UnityEngine.DebugLogHandler:LogFormat (UnityEngine.LogType,UnityEngine.Object,string,object[])
UnityEngine.Logger:Log (UnityEngine.LogType,object)
UnityEngine.Debug:Log (object)
Player:Update () (at Assets/Player.cs:96)

(Filename: Assets/Player.cs Line: 96)

Space pressed! isGrounded: False, Timer: 0
UnityEngine.Debug:ExtractStackTraceNoAlloc (byte*,int,string)
UnityEngine.StackTraceUtility:ExtractStackTrace ()
UnityEngine.DebugLogHandler:Internal_Log (UnityEngine.LogType,UnityEngine.LogOption,string,UnityEngine.Object)
UnityEngine.DebugLogHandler:LogFormat (UnityEngine.LogType,UnityEngine.Object,string,object[])
UnityEngine.Logger:Log (UnityEngine.LogType,object)
UnityEngine.Debug:Log (object)
Player:Update () (at Assets/Player.cs:96)

(Filename: Assets/Player.cs Line: 96)

[PlayerHealth] Took 35 damage! Remaining HP: 30/100
UnityEngine.Debug:ExtractStackTraceNoAlloc (byte*,int,string)
UnityEngine.StackTraceUtility:ExtractStackTrace ()
UnityEngine.DebugLogHandler:Internal_Log (UnityEngine.LogType,UnityEngine.LogOption,string,UnityEngine.Object)
UnityEngine.DebugLogHandler:LogFormat (UnityEngine.LogType,UnityEngine.Object,string,object[])
UnityEngine.Logger:Log (UnityEngine.LogType,object)
UnityEngine.Debug:Log (object)
PlayerHealth:TakeDamage (int) (at Assets/LaserCorridor/PlayerHealth.cs:104)
LaserBeam:OnTriggerEnter (UnityEngine.Collider) (at Assets/LaserCorridor/LaserBeam.cs:107)

(Filename: Assets/LaserCorridor/PlayerHealth.cs Line: 104)

Space pressed! isGrounded: False, Timer: 0
UnityEngine.Debug:ExtractStackTraceNoAlloc (byte*,int,string)
UnityEngine.StackTraceUtility:ExtractStackTrace ()
UnityEngine.DebugLogHandler:Internal_Log (UnityEngine.LogType,UnityEngine.LogOption,string,UnityEngine.Object)
UnityEngine.DebugLogHandler:LogFormat (UnityEngine.LogType,UnityEngine.Object,string,object[])
UnityEngine.Logger:Log (UnityEngine.LogType,object)
UnityEngine.Debug:Log (object)
Player:Update () (at Assets/Player.cs:96)

(Filename: Assets/Player.cs Line: 96)

Space pressed! isGrounded: False, Timer: 0
UnityEngine.Debug:ExtractStackTraceNoAlloc (byte*,int,string)
UnityEngine.StackTraceUtility:ExtractStackTrace ()
UnityEngine.DebugLogHandler:Internal_Log (UnityEngine.LogType,UnityEngine.LogOption,string,UnityEngine.Object)
UnityEngine.DebugLogHandler:LogFormat (UnityEngine.LogType,UnityEngine.Object,string,object[])
UnityEngine.Logger:Log (UnityEngine.LogType,object)
UnityEngine.Debug:Log (object)
Player:Update () (at Assets/Player.cs:96)

(Filename: Assets/Player.cs Line: 96)

[PlayerHealth] Took 35 damage! Remaining HP: 0/100
UnityEngine.Debug:ExtractStackTraceNoAlloc (byte*,int,string)
UnityEngine.StackTraceUtility:ExtractStackTrace ()
UnityEngine.DebugLogHandler:Internal_Log (UnityEngine.LogType,UnityEngine.LogOption,string,UnityEngine.Object)
UnityEngine.DebugLogHandler:LogFormat (UnityEngine.LogType,UnityEngine.Object,string,object[])
UnityEngine.Logger:Log (UnityEngine.LogType,object)
UnityEngine.Debug:Log (object)
PlayerHealth:TakeDamage (int) (at Assets/LaserCorridor/PlayerHealth.cs:104)
LaserBeam:OnTriggerEnter (UnityEngine.Collider) (at Assets/LaserCorridor/LaserBeam.cs:107)

(Filename: Assets/LaserCorridor/PlayerHealth.cs Line: 104)

[PlayerHealth] Player eliminated by corridor laser!
UnityEngine.Debug:ExtractStackTraceNoAlloc (byte*,int,string)
UnityEngine.StackTraceUtility:ExtractStackTrace ()
UnityEngine.DebugLogHandler:Internal_Log (UnityEngine.LogType,UnityEngine.LogOption,string,UnityEngine.Object)
UnityEngine.DebugLogHandler:LogFormat (UnityEngine.LogType,UnityEngine.Object,string,object[])
UnityEngine.Logger:Log (UnityEngine.LogType,object)
UnityEngine.Debug:Log (object)
PlayerHealth:Die () (at Assets/LaserCorridor/PlayerHealth.cs:181)
PlayerHealth:TakeDamage (int) (at Assets/LaserCorridor/PlayerHealth.cs:110)
LaserBeam:OnTriggerEnter (UnityEngine.Collider) (at Assets/LaserCorridor/LaserBeam.cs:107)

(Filename: Assets/LaserCorridor/PlayerHealth.cs Line: 181)

[GameManager] GAME OVER! Player eliminated. Preparing reset...
UnityEngine.Debug:ExtractStackTraceNoAlloc (byte*,int,string)
UnityEngine.StackTraceUtility:ExtractStackTrace ()
UnityEngine.DebugLogHandler:Internal_Log (UnityEngine.LogType,UnityEngine.LogOption,string,UnityEngine.Object)
UnityEngine.DebugLogHandler:LogFormat (UnityEngine.LogType,UnityEngine.Object,string,object[])
UnityEngine.Logger:Log (UnityEngine.LogType,object)
UnityEngine.Debug:Log (object)
LaserCorridorGameManager:HandlePlayerDeath () (at Assets/LaserCorridor/LaserCorridorGameManager.cs:122)
PlayerHealth:Die () (at Assets/LaserCorridor/PlayerHealth.cs:182)
PlayerHealth:TakeDamage (int) (at Assets/LaserCorridor/PlayerHealth.cs:110)
LaserBeam:OnTriggerEnter (UnityEngine.Collider) (at Assets/LaserCorridor/LaserBeam.cs:107)

(Filename: Assets/LaserCorridor/LaserCorridorGameManager.cs Line: 122)

[ScriptCompilation] Requested script compilation because: AssetDatabase observed changes in script compilation related files
AssetDatabase: script compilation time: 0.013651s
Refreshing native plugins compatible for Editor in 3.23 ms, found 4 plugins.

Asset Pipeline Refresh (id=b2b2b164f33f38f4b91e1b5d4c90652c): Total: 0.808 seconds - Initiated by RefreshV2(NoUpdateAssetOptions)
	(Values over 0.05ms)
	Summary:
		Imports: total=0 (actual=0, local cache=0, cache server=0)
		Asset DB Process Time: managed=0 ms, native=165 ms
		Asset DB Callback time: managed=604 ms, native=24 ms
		Scripting: domain reloads=0, domain reload time=0 ms, compile time=14 ms, other=0 ms
		Project Asset Count: scripts=1452, non-scripts=2855
		Asset File Changes: new=0, changed=1, moved=0, deleted=0
		Scan Filter Count: 0
	ApplyChangesToAssetFolders: 1.258ms
	Scan: 38.720ms
	Collect global state as custom dependencies: 1.854ms
	OnSourceAssetsModified: 20.239ms
	CategorizeScriptCompilationAssets: 0.616ms
	ProcessAssetsWithTransientArtifactChanges: 5.574ms
	CategorizeAssets: 33.876ms
	CompileScripts: 13.722ms
	ImportOutOfDateAssets: 3.796ms (1.291ms without children)
		ReloadNativeAssets: 0.072ms
		UnloadImportedAssets: 0.097ms
		EnsureUptoDateAssetsAreRegisteredWithGuidPM: 0.653ms
		ImportSchedulerStart: 1.680ms
	PostProcessAllAssets: 603.065ms
		XRBuildSystem.XRAssetImported 9.958ms
		ShaderAssetModifiedCallback 0.666ms
		AssemblyValidation.PostprocessAllAssets 0.464ms
		PostProcessCallbackCreateDeferredMaterials 0.357ms
		VCAutoAddAssetPostprocess 0.232ms
		MonoPostProcessAllAssets: 585.196ms
			AssetPostprocessor.OnPostprocessAllAssets 402.143ms
			ShaderGraphAssetPostProcessor.OnPostprocessAllAssets 36.713ms
			BuilderAssetPostprocessor.OnPostprocessAllAssets 24.119ms
			RetainedModeAssetPostprocessor.OnPostprocessAllAssets 15.676ms
			AudioMixerPostprocessor.OnPostprocessAllAssets 10.312ms
			UVCSAssetPostprocessor.OnPostprocessAllAssets 9.057ms
			TMPro_TexturePostProcessor.OnPostprocessAllAssets 8.628ms
			SpeedTreePostProcessor.OnPostprocessAllAssets 8.387ms
			PostProcessor.OnPostprocessAllAssets 7.431ms
			TextAssetPostProcessor.OnPostprocessAllAssets 4.906ms
			ConfigAssetsTracker.OnPostprocessAllAssets 3.989ms
			AssetChangedListener.OnPostprocessAllAssets 3.774ms
			SyncVS.PostprocessSyncProject 3.361ms
			ScenarioDriftAssetsTracker.OnPostprocessAllAssets 3.293ms
			ArtifactBrowserPostProcessor.OnPostprocessAllAssets 3.125ms
			StyleCatalogPostProcessor.OnPostprocessAllAssets 2.437ms
			MaterialPostprocessor.OnPostprocessAllAssets 2.422ms
			InputActionJsonNameModifierAssetProcessor.OnPostprocessAllAssets 1.785ms
			ThemePostprocessor.OnPostprocessAllAssets 1.111ms
			AssetEvents.OnPostprocessAllAssets 0.992ms
			AudioContainerPostProcessor.OnPostprocessAllAssets 0.835ms
			AssetReloadNotifier.OnPostprocessAllAssets 0.718ms
			UniversalRenderPipelineGlobalSettingsPostprocessor.OnPostprocessAllAssets 0.649ms
			RenderPipelineGlobalSettingsPostprocessor.OnPostprocessAllAssets 0.468ms
			EditModeScopePostprocessor.OnPostprocessAllAssets 0.391ms
			InputActionAssetPostprocessor.OnPostprocessAllAssets 0.306ms
			SamplePostprocessor.OnPostprocessAllAssets 0.259ms
			AssetDatabaseCallbacks.OnPostprocessAllAssets 0.231ms
	PostAssetChangesProfiler: 5.499ms
	GatherAllCurrentPrimaryImportResultRevisions: 1.016ms
	UnloadStreamsBegin: 11.251ms
	PersistCurrentRevisions: 0.134ms
	Untracked: 57.695ms

[Licensing::Client] Successfully resolved entitlement details
Starting: C:\Program Files\Unity\Hub\Editor\6000.6.0f1\Editor\Data\Tools\BuildPipeline\bee_backend.exe --ipc --defer-dag-verification --dagfile="Library/Bee/1900b0aE.dag" --continue-on-failure --profile="Library/Bee/backend1.traceevents" ScriptAssemblies
WorkingDir: C:/Users/Duncan Joseph/Laser Room
Asset Pipeline Refresh (id=817af334028e4a44fb079fca6b14cf92): Total: 0.006 seconds - Initiated by RefreshV2(NoUpdateAssetOptions)
Setting linear velocity of a kinematic body is not supported.
UnityEngine.Debug:ExtractStackTraceNoAlloc (byte*,int,string)
UnityEngine.StackTraceUtility:ExtractStackTrace ()
UnityEngine.Rigidbody:set_linearVelocity (UnityEngine.Vector3)
LaserCorridorGameManager/<ResetPlayerRoutine>d__21:MoveNext () (at Assets/LaserCorridor/LaserCorridorGameManager.cs:160)
UnityEngine.SetupCoroutine:InvokeMoveNext (System.Collections.IEnumerator,intptr)

[Assets/LaserCorridor/LaserCorridorGameManager.cs line 160]

Setting angular velocity of a kinematic body is not supported.
UnityEngine.Debug:ExtractStackTraceNoAlloc (byte*,int,string)
UnityEngine.StackTraceUtility:ExtractStackTrace ()
UnityEngine.Rigidbody:set_angularVelocity (UnityEngine.Vector3)
LaserCorridorGameManager/<ResetPlayerRoutine>d__21:MoveNext () (at Assets/LaserCorridor/LaserCorridorGameManager.cs:161)
UnityEngine.SetupCoroutine:InvokeMoveNext (System.Collections.IEnumerator,intptr)

[Assets/LaserCorridor/LaserCorridorGameManager.cs line 161]

Setting linear velocity of a kinematic body is not supported.
UnityEngine.Debug:ExtractStackTraceNoAlloc (byte*,int,string)
UnityEngine.StackTraceUtility:ExtractStackTrace ()
UnityEngine.Rigidbody:set_linearVelocity (UnityEngine.Vector3)
Player:MovePlayer () (at Assets/Player.cs:153)
Player:FixedUpdate () (at Assets/Player.cs:139)

[Assets/Player.cs line 153]

Setting linear velocity of a kinematic body is not supported.
UnityEngine.Debug:ExtractStackTraceNoAlloc (byte*,int,string)
UnityEngine.StackTraceUtility:ExtractStackTrace ()
UnityEngine.Rigidbody:set_linearVelocity (UnityEngine.Vector3)
LaserCorridorGameManager/<ResetPlayerRoutine>d__21:MoveNext () (at Assets/LaserCorridor/LaserCorridorGameManager.cs:172)
UnityEngine.SetupCoroutine:InvokeMoveNext (System.Collections.IEnumerator,intptr)

[Assets/LaserCorridor/LaserCorridorGameManager.cs line 172]

Setting angular velocity of a kinematic body is not supported.
UnityEngine.Debug:ExtractStackTraceNoAlloc (byte*,int,string)
UnityEngine.StackTraceUtility:ExtractStackTrace ()
UnityEngine.Rigidbody:set_angularVelocity (UnityEngine.Vector3)
LaserCorridorGameManager/<ResetPlayerRoutine>d__21:MoveNext () (at Assets/LaserCorridor/LaserCorridorGameManager.cs:173)
UnityEngine.SetupCoroutine:InvokeMoveNext (System.Collections.IEnumerator,intptr)

[Assets/LaserCorridor/LaserCorridorGameManager.cs line 173]

[PlayerHealth] Speed Boost ended.
UnityEngine.Debug:ExtractStackTraceNoAlloc (byte*,int,string)
UnityEngine.StackTraceUtility:ExtractStackTrace ()
UnityEngine.DebugLogHandler:Internal_Log (UnityEngine.LogType,UnityEngine.LogOption,string,UnityEngine.Object)
UnityEngine.DebugLogHandler:LogFormat (UnityEngine.LogType,UnityEngine.Object,string,object[])
UnityEngine.Logger:Log (UnityEngine.LogType,object)
UnityEngine.Debug:Log (object)
PlayerHealth:ResetSpeedBoost () (at Assets/LaserCorridor/PlayerHealth.cs:157)
PlayerHealth:ResetState () (at Assets/LaserCorridor/PlayerHealth.cs:194)
LaserCorridorGameManager/<ResetPlayerRoutine>d__21:MoveNext () (at Assets/LaserCorridor/LaserCorridorGameManager.cs:183)
UnityEngine.SetupCoroutine:InvokeMoveNext (System.Collections.IEnumerator,intptr)

(Filename: Assets/LaserCorridor/PlayerHealth.cs Line: 157)

ExitCode: 0 Duration: 4s321ms
[ 826/1069  0s] ILPP-Configuration Library/ilpp-configuration.nevergeneratedoutput
[1061/1069  3s] Csc Library/Bee/artifacts/1900b0aE.dag/Assembly-CSharp.dll (+2 others)
Assets\LaserCorridor\CorridorHUD.cs(24,28): warning CS0618: 'Object.FindFirstObjectByType<T>()' is obsolete: 'FindFirstObjectByType has been deprecated because it relies on instance ID ordering. Use FindAnyObjectByType instead, which does not depend on ordering.'

Assets\LaserCorridor\CorridorHUD.cs(29,27): warning CS0618: 'Object.FindFirstObjectByType<T>()' is obsolete: 'FindFirstObjectByType has been deprecated because it relies on instance ID ordering. Use FindAnyObjectByType instead, which does not depend on ordering.'

Assets\LaserCorridor\LaserCorridorGameManager.cs(50,24): warning CS0618: 'Object.FindFirstObjectByType<T>()' is obsolete: 'FindFirstObjectByType has been deprecated because it relies on instance ID ordering. Use FindAnyObjectByType instead, which does not depend on ordering.'

Assets\LaserCorridor\LaserCorridorGameManager.cs(68,28): warning CS0618: 'Object.FindFirstObjectByType<T>()' is obsolete: 'FindFirstObjectByType has been deprecated because it relies on instance ID ordering. Use FindAnyObjectByType instead, which does not depend on ordering.'

Assets\LaserCorridor\LaserCorridorGameManager.cs(73,28): warning CS0618: 'Object.FindFirstObjectByType<T>()' is obsolete: 'FindFirstObjectByType has been deprecated because it relies on instance ID ordering. Use FindAnyObjectByType instead, which does not depend on ordering.'

Assets\LaserCorridor\LaserCorridorGameManager.cs(77,58): warning CS0618: 'FindObjectsSortMode' is obsolete: 'FindObjectsSortMode has been deprecated. Use the FindObjectsByType overloads that do not take a FindObjectsSortMode parameter.'

Assets\LaserCorridor\LaserCorridorGameManager.cs(77,23): warning CS0618: 'Object.FindObjectsByType<T>(FindObjectsSortMode)' is obsolete: 'FindObjectsByType with FindObjectsSortMode parameter has been deprecated. Use FindObjectsByType<T>() or FindObjectsByType<T>(FindObjectsInactive) instead. InstanceID will be replaced in the future with EntityId and previous sort order cannot be maintained.'

Assets\LaserCorridor\LaserCorridorGameManager.cs(194,62): warning CS0618: 'FindObjectsSortMode' is obsolete: 'FindObjectsSortMode has been deprecated. Use the FindObjectsByType overloads that do not take a FindObjectsSortMode parameter.'

Assets\LaserCorridor\LaserCorridorGameManager.cs(194,27): warning CS0618: 'Object.FindObjectsByType<T>(FindObjectsSortMode)' is obsolete: 'FindObjectsByType with FindObjectsSortMode parameter has been deprecated. Use FindObjectsByType<T>() or FindObjectsByType<T>(FindObjectsInactive) instead. InstanceID will be replaced in the future with EntityId and previous sort order cannot be maintained.'

Assets\LaserCorridor\BonusFloorPanel.cs(126,59): warning CS0618: 'FindObjectsSortMode' is obsolete: 'FindObjectsSortMode has been deprecated. Use the FindObjectsByType overloads that do not take a FindObjectsSortMode parameter.'

Assets\LaserCorridor\BonusFloorPanel.cs(126,30): warning CS0618: 'Object.FindObjectsByType<T>(FindObjectsSortMode)' is obsolete: 'FindObjectsByType with FindObjectsSortMode parameter has been deprecated. Use FindObjectsByType<T>() or FindObjectsByType<T>(FindObjectsInactive) instead. InstanceID will be replaced in the future with EntityId and previous sort order cannot be maintained.'
[1062/1069  0s] ILPostProcess Library/Bee/artifacts/1900b0aE.dag/post-processed/Assembly-CSharp.dll (+pdb)
Processing assembly Library/Bee/artifacts/1900b0aE.dag/Assembly-CSharp.dll, with 150 defines and 356 references

processors: Unity.Jobs.CodeGen.JobsILPostProcessor, zzzUnity.Burst.CodeGen.BurstILPostProcessor

1 processor(s) skipped this assembly

running Unity.Jobs.CodeGen.JobsILPostProcessor
[1063/1069  0s] CopyFiles Library/ScriptAssemblies/Assembly-CSharp.pdb
[1064/1069  0s] CopyFiles Library/ScriptAssemblies/Assembly-CSharp.dll
[1065/1069  0s] Csc Library/Bee/artifacts/1900b0aE.dag/Assembly-CSharp-Editor.dll (+2 others)
Assets\LaserCorridor\Editor\ResidentEvilCorridorBuilder.cs(141,33): warning CS0618: 'Object.FindFirstObjectByType<T>()' is obsolete: 'FindFirstObjectByType has been deprecated because it relies on instance ID ordering. Use FindAnyObjectByType instead, which does not depend on ordering.'
[             ] Modification date of `Assets\LaserCorridor\Editor\ResidentEvilCorridorBuilder.cs` changed while running `Csc Library/Bee/artifacts/1900b0aE.dag/Assembly-CSharp-Editor.dll (+2 others)`. Old timestamp: 134356795834605856, new timestamp: 134356808206490185
[1066/1069  0s] ILPostProcess Library/Bee/artifacts/1900b0aE.dag/post-processed/Assembly-CSharp-Editor.dll (+pdb)
Processing assembly Library/Bee/artifacts/1900b0aE.dag/Assembly-CSharp-Editor.dll, with 148 defines and 379 references

processors: Unity.Jobs.CodeGen.JobsILPostProcessor, zzzUnity.Burst.CodeGen.BurstILPostProcessor

1 processor(s) skipped this assembly

running Unity.Jobs.CodeGen.JobsILPostProcessor
[1067/1069  0s] CopyFiles Library/ScriptAssemblies/Assembly-CSharp-Editor.dll
[1068/1069  0s] CopyFiles Library/ScriptAssemblies/Assembly-CSharp-Editor.pdb
*** Tundra build success (4.23 seconds), 9 items updated, 1069 evaluated
GPU Resident Drawer disposed.
Unloading 1 Unused Serialized files (Serialized files now loaded: 0)
Loaded scene 'Temp/__Backupscenes/0.backup'
	Deserialize:            9.764 ms
	Integration:            58.092 ms
	Integration of assets:  0.054 ms
	Thread Wait Time:       0.012 ms
	Total Operation Time:   67.923 ms
Unloading 50 unused Assets / (346.7 KB). Loaded Objects now: 9338.
Memory consumption went from 0.65 GB to 0.65 GB.
Total: 180.404500 ms (FindLiveObjects: 0.964900 ms CreateObjectMapping: 0.585600 ms MarkObjects: 176.150000 ms  DeleteObjects: 2.397100 ms)

[Licensing::Client] Successfully resolved entitlement details
GPU Resident Drawer created.
Assets\LaserCorridor\CorridorHUD.cs(24,28): warning CS0618: 'Object.FindFirstObjectByType<T>()' is obsolete: 'FindFirstObjectByType has been deprecated because it relies on instance ID ordering. Use FindAnyObjectByType instead, which does not depend on ordering.'
Assets\LaserCorridor\CorridorHUD.cs(29,27): warning CS0618: 'Object.FindFirstObjectByType<T>()' is obsolete: 'FindFirstObjectByType has been deprecated because it relies on instance ID ordering. Use FindAnyObjectByType instead, which does not depend on ordering.'
Assets\LaserCorridor\LaserCorridorGameManager.cs(50,24): warning CS0618: 'Object.FindFirstObjectByType<T>()' is obsolete: 'FindFirstObjectByType has been deprecated because it relies on instance ID ordering. Use FindAnyObjectByType instead, which does not depend on ordering.'
Assets\LaserCorridor\LaserCorridorGameManager.cs(68,28): warning CS0618: 'Object.FindFirstObjectByType<T>()' is obsolete: 'FindFirstObjectByType has been deprecated because it relies on instance ID ordering. Use FindAnyObjectByType instead, which does not depend on ordering.'
Assets\LaserCorridor\LaserCorridorGameManager.cs(73,28): warning CS0618: 'Object.FindFirstObjectByType<T>()' is obsolete: 'FindFirstObjectByType has been deprecated because it relies on instance ID ordering. Use FindAnyObjectByType instead, which does not depend on ordering.'
Assets\LaserCorridor\LaserCorridorGameManager.cs(77,58): warning CS0618: 'FindObjectsSortMode' is obsolete: 'FindObjectsSortMode has been deprecated. Use the FindObjectsByType overloads that do not take a FindObjectsSortMode parameter.'
Assets\LaserCorridor\LaserCorridorGameManager.cs(77,23): warning CS0618: 'Object.FindObjectsByType<T>(FindObjectsSortMode)' is obsolete: 'FindObjectsByType with FindObjectsSortMode parameter has been deprecated. Use FindObjectsByType<T>() or FindObjectsByType<T>(FindObjectsInactive) instead. InstanceID will be replaced in the future with EntityId and previous sort order cannot be maintained.'
Assets\LaserCorridor\LaserCorridorGameManager.cs(194,62): warning CS0618: 'FindObjectsSortMode' is obsolete: 'FindObjectsSortMode has been deprecated. Use the FindObjectsByType overloads that do not take a FindObjectsSortMode parameter.'
Assets\LaserCorridor\LaserCorridorGameManager.cs(194,27): warning CS0618: 'Object.FindObjectsByType<T>(FindObjectsSortMode)' is obsolete: 'FindObjectsByType with FindObjectsSortMode parameter has been deprecated. Use FindObjectsByType<T>() or FindObjectsByType<T>(FindObjectsInactive) instead. InstanceID will be replaced in the future with EntityId and previous sort order cannot be maintained.'
Assets\LaserCorridor\BonusFloorPanel.cs(126,59): warning CS0618: 'FindObjectsSortMode' is obsolete: 'FindObjectsSortMode has been deprecated. Use the FindObjectsByType overloads that do not take a FindObjectsSortMode parameter.'
Assets\LaserCorridor\BonusFloorPanel.cs(126,30): warning CS0618: 'Object.FindObjectsByType<T>(FindObjectsSortMode)' is obsolete: 'FindObjectsByType with FindObjectsSortMode parameter has been deprecated. Use FindObjectsByType<T>() or FindObjectsByType<T>(FindObjectsInactive) instead. InstanceID will be replaced in the future with EntityId and previous sort order cannot be maintained.'
Assets\LaserCorridor\Editor\ResidentEvilCorridorBuilder.cs(141,33): warning CS0618: 'Object.FindFirstObjectByType<T>()' is obsolete: 'FindFirstObjectByType has been deprecated because it relies on instance ID ordering. Use FindAnyObjectByType instead, which does not depend on ordering.'
Reloading assemblies after finishing script compilation.
Reloading assemblies after forced synchronous recompile.
Begin MonoManager ReloadAssembly
GPU Resident Drawer disposed.
Refreshing native plugins compatible for Editor in 5.18 ms, found 4 plugins.
Native extension for WindowsStandalone target not found
Native extension for WebGL target not found
[MODES] ModeService[none].Initialize
[MODES] ModeService[none].LoadModes
ScheduleIndexationOnStartup MainProcess:True IndexOnStartup:True
Scripting: successfully reloaded assembly
- Finished resetting the current domain, in  3.147 seconds
Domain Reload Profiling: 5757ms
	BeginReloadAssembly (1641ms)
		ExecutionOrderSort (5ms)
		DisableScriptedObjects (354ms)
		CreateAndSetChildDomain (749ms)
	RebuildCommonClasses (28ms)
	RebuildNativeTypeToScriptingClass (29ms)
	initialDomainReloadingComplete (144ms)
	LoadAllAssembliesAndSetupDomain (765ms)
		LoadAssemblies (426ms)
		TypeCache.Refresh (27ms)
		AnalyzeDomain (322ms)
			BuildScriptInfoCaches (277ms)
			ResolveRequiredComponents (35ms)
	FinalizeReload (3149ms)
		SetupLoadedEditorAssemblies (0ms)
			LogAssemblyErrors (3ms)
			InitializePlatformSupportModulesInManaged (9ms)
			BeforeProcessingInitializeOnLoad (273ms)
			ProcessInitializeOnLoadAttributes (467ms)
			ProcessInitializeOnLoadMethodAttributes (182ms)
			AfterProcessingInitializeOnLoad (11ms)
			EditorAssembliesLoaded (3ms)
		AwakeInstancesAfterBackupRestoration (1569ms)

Asset Pipeline Refresh (id=ad0d5eb01f8c54043b9da8320159d9a1): Total: 6.194 seconds - Initiated by StopAssetImportingV2(ForceSynchronousImport | ForceDomainReload)
	(Values over 0.05ms)
	Summary:
		Imports: total=0 (actual=0, local cache=0, cache server=0)
		Asset DB Process Time: managed=0 ms, native=3365 ms
		Asset DB Callback time: managed=47 ms, native=1 ms
		Scripting: domain reloads=1, domain reload time=2777 ms, compile time=1 ms, other=0 ms
		Project Asset Count: scripts=1452, non-scripts=2855
		Asset File Changes: new=0, changed=0, moved=0, deleted=0
		Scan Filter Count: 0
	InvokePackagesCallback: 3.699ms
	ApplyChangesToAssetFolders: 0.770ms
	Collect global state as custom dependencies: 4.893ms
	ProcessAssetsWithTransientArtifactChanges: 5.306ms
	CategorizeAssets: 84.776ms
	CompileScripts: 1.298ms
	ImportOutOfDateAssets: 3166.035ms (3161.107ms without children)
		CollectScriptTypesHashes: 5.551ms
		ReloadNativeAssets: 1.390ms
		UnloadImportedAssets: 2.045ms
		EnsureUptoDateAssetsAreRegisteredWithGuidPM: 1.018ms
		ImportSchedulerStart: 0.453ms
	PostProcessAllAssets: 47.468ms
		MonoPostProcessAllAssets: 47.463ms
			AssetPostprocessor.OnPostprocessAllAssets 402.143ms
			ShaderGraphAssetPostProcessor.OnPostprocessAllAssets 36.713ms
			BuilderAssetPostprocessor.OnPostprocessAllAssets 24.119ms
			UniversalRenderPipelineGlobalSettingsPostprocessor.OnPostprocessAllAssets 20.821ms
			RetainedModeAssetPostprocessor.OnPostprocessAllAssets 15.676ms
			AudioMixerPostprocessor.OnPostprocessAllAssets 10.312ms
			UVCSAssetPostprocessor.OnPostprocessAllAssets 9.057ms
			TMPro_TexturePostProcessor.OnPostprocessAllAssets 8.628ms
			SpeedTreePostProcessor.OnPostprocessAllAssets 8.387ms
			PostProcessor.OnPostprocessAllAssets 7.431ms
			SyncVS.PostprocessSyncProject 5.240ms
			TextAssetPostProcessor.OnPostprocessAllAssets 4.906ms
			ConfigAssetsTracker.OnPostprocessAllAssets 3.989ms
			AssetChangedListener.OnPostprocessAllAssets 3.774ms
			WindowAssetPostprocessingWatcher.OnPostprocessAllAssets 3.714ms
			ScenarioDriftAssetsTracker.OnPostprocessAllAssets 3.293ms
			ArtifactBrowserPostProcessor.OnPostprocessAllAssets 3.125ms
			StyleCatalogPostProcessor.OnPostprocessAllAssets 2.437ms
			MaterialPostprocessor.OnPostprocessAllAssets 2.422ms
			SpeedTree9Postprocessor.OnPostprocessAllAssets 2.381ms
			InputActionJsonNameModifierAssetProcessor.OnPostprocessAllAssets 1.785ms
			EditModeScopePostprocessor.OnPostprocessAllAssets 1.413ms
			ThemePostprocessor.OnPostprocessAllAssets 1.111ms
			AssetEvents.OnPostprocessAllAssets 0.992ms
			RenderPipelineGlobalSettingsPostprocessor.OnPostprocessAllAssets 0.984ms
			ProjectSettingsPostprocessor.OnPostprocessAllAssets 0.980ms
			ShaderReflectionAssetPostProcessor.OnPostprocessAllAssets 0.880ms
			AudioContainerPostProcessor.OnPostprocessAllAssets 0.835ms
			AssetReloadNotifier.OnPostprocessAllAssets 0.718ms
			ReferencedClipsPostProcessor.OnPostprocessAllAssets 0.350ms
			InputActionAssetPostprocessor.OnPostprocessAllAssets 0.349ms
			SamplePostprocessor.OnPostprocessAllAssets 0.259ms
			AssetDatabaseCallbacks.OnPostprocessAllAssets 0.231ms
			TerrainToolbarOverlayPostProcessor.OnPostprocessAllAssets 0.181ms
	GatherAllCurrentPrimaryImportResultRevisions: 0.250ms
	PersistCurrentRevisions: 0.145ms
	GenerateScriptTypeHashes: 5.402ms
	GenerateScriptTypeSerializationHashes: 8.838ms
	Untracked: 2845.208ms

[Licensing::Client] Successfully resolved entitlement details
[Licensing::Client] Successfully resolved entitlement details
GPU Resident Drawer created.
[ScriptCompilation] Requested script compilation because: AssetDatabase observed changes in script compilation related files
[Licensing::Client] Successfully resolved entitlement details
Starting: C:\Program Files\Unity\Hub\Editor\6000.6.0f1\Editor\Data\Tools\BuildPipeline\bee_backend.exe --ipc --defer-dag-verification --dagfile="Library/Bee/1900b0aE.dag" --continue-on-failure --profile="Library/Bee/backend1.traceevents" ScriptAssemblies
WorkingDir: C:/Users/Duncan Joseph/Laser Room
ExitCode: 0 Duration: 0s973ms
[ 827/1069  0s] ILPP-Configuration Library/ilpp-configuration.nevergeneratedoutput
[1065/1069  0s] Csc Library/Bee/artifacts/1900b0aE.dag/Assembly-CSharp-Editor.dll (+2 others)
Assets\LaserCorridor\Editor\ResidentEvilCorridorBuilder.cs(143,33): warning CS0618: 'Object.FindFirstObjectByType<T>()' is obsolete: 'FindFirstObjectByType has been deprecated because it relies on instance ID ordering. Use FindAnyObjectByType instead, which does not depend on ordering.'
[1066/1069  0s] ILPostProcess Library/Bee/artifacts/1900b0aE.dag/post-processed/Assembly-CSharp-Editor.dll (+pdb)
Processing assembly Library/Bee/artifacts/1900b0aE.dag/Assembly-CSharp-Editor.dll, with 148 defines and 379 references

processors: Unity.Jobs.CodeGen.JobsILPostProcessor, zzzUnity.Burst.CodeGen.BurstILPostProcessor

1 processor(s) skipped this assembly

running Unity.Jobs.CodeGen.JobsILPostProcessor
[1067/1069  0s] CopyFiles Library/ScriptAssemblies/Assembly-CSharp-Editor.pdb
[1068/1069  0s] CopyFiles Library/ScriptAssemblies/Assembly-CSharp-Editor.dll
*** Tundra build success (0.91 seconds), 5 items updated, 1069 evaluated
Assets\LaserCorridor\Editor\ResidentEvilCorridorBuilder.cs(143,33): warning CS0618: 'Object.FindFirstObjectByType<T>()' is obsolete: 'FindFirstObjectByType has been deprecated because it relies on instance ID ordering. Use FindAnyObjectByType instead, which does not depend on ordering.'
Reloading assemblies after forced synchronous recompile.
Begin MonoManager ReloadAssembly
GPU Resident Drawer disposed.
Refreshing native plugins compatible for Editor in 5.51 ms, found 4 plugins.
Native extension for WindowsStandalone target not found
Native extension for WebGL target not found
[MODES] ModeService[none].Initialize
[MODES] ModeService[none].LoadModes
ScheduleIndexationOnStartup MainProcess:True IndexOnStartup:True
Scripting: successfully reloaded assembly
- Finished resetting the current domain, in  3.121 seconds
Domain Reload Profiling: 4842ms
	BeginReloadAssembly (957ms)
		DisableScriptedObjects (304ms)
		CreateAndSetChildDomain (324ms)
	RebuildCommonClasses (18ms)
	RebuildNativeTypeToScriptingClass (22ms)
	initialDomainReloadingComplete (99ms)
	LoadAllAssembliesAndSetupDomain (624ms)
		LoadAssemblies (279ms)
		TypeCache.Refresh (12ms)
		AnalyzeDomain (272ms)
			BuildScriptInfoCaches (239ms)
			ResolveRequiredComponents (31ms)
	FinalizeReload (3122ms)
		SetupLoadedEditorAssemblies (0ms)
			LogAssemblyErrors (3ms)
			InitializePlatformSupportModulesInManaged (3ms)
			BeforeProcessingInitializeOnLoad (291ms)
			ProcessInitializeOnLoadAttributes (484ms)
			ProcessInitializeOnLoadMethodAttributes (162ms)
			AfterProcessingInitializeOnLoad (12ms)
		AwakeInstancesAfterBackupRestoration (1550ms)
Refreshing native plugins compatible for Editor in 3.10 ms, found 4 plugins.

Asset Pipeline Refresh (id=981e3aca928cdd345ae81b5d4c6af515): Total: 6.749 seconds - Initiated by RefreshV2(AllowForceSynchronousImport)
	(Values over 0.05ms)
	Summary:
		Imports: total=0 (actual=0, local cache=0, cache server=0)
		Asset DB Process Time: managed=0 ms, native=3304 ms
		Asset DB Callback time: managed=78 ms, native=8 ms
		Scripting: domain reloads=1, domain reload time=1944 ms, compile time=1413 ms, other=0 ms
		Project Asset Count: scripts=1452, non-scripts=2855
		Asset File Changes: new=0, changed=1, moved=0, deleted=0
		Scan Filter Count: 0
	InvokePackagesCallback: 4.811ms
	ApplyChangesToAssetFolders: 0.424ms
	Scan: 19.632ms
	Collect global state as custom dependencies: 4.843ms
	OnSourceAssetsModified: 2.115ms
	CategorizeScriptCompilationAssets: 0.054ms
	ProcessAssetsWithTransientArtifactChanges: 6.707ms
	CategorizeAssets: 70.770ms
	CompileScripts: 1413.321ms
	ImportOutOfDateAssets: 3134.258ms (3131.911ms without children)
		CollectScriptTypesHashes: 1.551ms
		ReloadNativeAssets: 1.093ms
		UnloadImportedAssets: 0.108ms
		EnsureUptoDateAssetsAreRegisteredWithGuidPM: 0.648ms
		ImportSchedulerStart: 0.478ms
	PostProcessAllAssets: 79.706ms
		PostProcessCallbackCreateDeferredMaterials 0.776ms
		XRBuildSystem.XRAssetImported 0.682ms
		MonoPostProcessAllAssets: 76.720ms
			UniversalRenderPipelineGlobalSettingsPostprocessor.OnPostprocessAllAssets 23.160ms
			AssetChangedListener.OnPostprocessAllAssets 7.634ms
			BuilderAssetPostprocessor.OnPostprocessAllAssets 6.827ms
			AssetPostprocessor.OnPostprocessAllAssets 4.712ms
			SyncVS.PostprocessSyncProject 3.821ms
			SpeedTree9Postprocessor.OnPostprocessAllAssets 2.174ms
			WindowAssetPostprocessingWatcher.OnPostprocessAllAssets 2.023ms
			RetainedModeAssetPostprocessor.OnPostprocessAllAssets 1.752ms
			ShaderGraphAssetPostProcessor.OnPostprocessAllAssets 1.690ms
			EditModeScopePostprocessor.OnPostprocessAllAssets 1.289ms
			ProjectSettingsPostprocessor.OnPostprocessAllAssets 1.113ms
			MaterialPostprocessor.OnPostprocessAllAssets 0.997ms
			RenderPipelineGlobalSettingsPostprocessor.OnPostprocessAllAssets 0.941ms
			TMPro_TexturePostProcessor.OnPostprocessAllAssets 0.632ms
			ShaderReflectionAssetPostProcessor.OnPostprocessAllAssets 0.614ms
			InputActionAssetPostprocessor.OnPostprocessAllAssets 0.518ms
			PostProcessor.OnPostprocessAllAssets 0.469ms
			ArtifactBrowserPostProcessor.OnPostprocessAllAssets 0.439ms
			InputActionJsonNameModifierAssetProcessor.OnPostprocessAllAssets 0.396ms
			AudioMixerPostprocessor.OnPostprocessAllAssets 0.379ms
			TextAssetPostProcessor.OnPostprocessAllAssets 0.376ms
			UVCSAssetPostprocessor.OnPostprocessAllAssets 0.345ms
			ReferencedClipsPostProcessor.OnPostprocessAllAssets 0.299ms
			StyleCatalogPostProcessor.OnPostprocessAllAssets 0.262ms
			AssetEvents.OnPostprocessAllAssets 0.248ms
			SamplePostprocessor.OnPostprocessAllAssets 0.190ms
			SpeedTreePostProcessor.OnPostprocessAllAssets 0.186ms
			AssetDatabaseCallbacks.OnPostprocessAllAssets 0.185ms
			TerrainToolbarOverlayPostProcessor.OnPostprocessAllAssets 0.171ms
			ScenarioDriftAssetsTracker.OnPostprocessAllAssets 0.164ms
			ConfigAssetsTracker.OnPostprocessAllAssets 0.139ms
			ThemePostprocessor.OnPostprocessAllAssets 0.131ms
			AssetReloadNotifier.OnPostprocessAllAssets 0.117ms
			AudioContainerPostProcessor.OnPostprocessAllAssets 0.092ms
	PostAssetChangesProfiler: 3.587ms
	GatherAllCurrentPrimaryImportResultRevisions: 1.422ms
	UnloadStreamsBegin: 0.168ms
	PersistCurrentRevisions: 0.098ms
	GenerateScriptTypeHashes: 2.164ms
	GenerateScriptTypeSerializationHashes: 3.815ms
	Untracked: 1988.821ms

[Licensing::Client] Successfully resolved entitlement details
[Licensing::Client] Successfully resolved entitlement details
GPU Resident Drawer created.
GPU Resident Drawer disposed.
Entering Playmode with Reload Domain disabled.
If you experience any issues, please disable "Enter Play Mode Options" in Editor Settings
Entering Playmode with Reload Scene disabled. If you experience any issues, please disable "Enter Play Mode Options" in Editor Settings
GPU Resident Drawer created.
[Player] Jump pressed! isGrounded: False, Timer: 0
UnityEngine.Debug:ExtractStackTraceNoAlloc (byte*,int,string)
UnityEngine.StackTraceUtility:ExtractStackTrace ()
UnityEngine.DebugLogHandler:Internal_Log (UnityEngine.LogType,UnityEngine.LogOption,string,UnityEngine.Object)
UnityEngine.DebugLogHandler:LogFormat (UnityEngine.LogType,UnityEngine.Object,string,object[])
UnityEngine.Logger:Log (UnityEngine.LogType,object)
UnityEngine.Debug:Log (object)
Player:Update () (at Assets/Player.cs:113)

(Filename: Assets/Player.cs Line: 113)

[Player] Jump pressed! isGrounded: False, Timer: 0
UnityEngine.Debug:ExtractStackTraceNoAlloc (byte*,int,string)
UnityEngine.StackTraceUtility:ExtractStackTrace ()
UnityEngine.DebugLogHandler:Internal_Log (UnityEngine.LogType,UnityEngine.LogOption,string,UnityEngine.Object)
UnityEngine.DebugLogHandler:LogFormat (UnityEngine.LogType,UnityEngine.Object,string,object[])
UnityEngine.Logger:Log (UnityEngine.LogType,object)
UnityEngine.Debug:Log (object)
Player:Update () (at Assets/Player.cs:113)

(Filename: Assets/Player.cs Line: 113)

[Player] Jump pressed! isGrounded: False, Timer: 0
UnityEngine.Debug:ExtractStackTraceNoAlloc (byte*,int,string)
UnityEngine.StackTraceUtility:ExtractStackTrace ()
UnityEngine.DebugLogHandler:Internal_Log (UnityEngine.LogType,UnityEngine.LogOption,string,UnityEngine.Object)
UnityEngine.DebugLogHandler:LogFormat (UnityEngine.LogType,UnityEngine.Object,string,object[])
UnityEngine.Logger:Log (UnityEngine.LogType,object)
UnityEngine.Debug:Log (object)
Player:Update () (at Assets/Player.cs:113)

(Filename: Assets/Player.cs Line: 113)

[Player] Jump pressed! isGrounded: False, Timer: 0
UnityEngine.Debug:ExtractStackTraceNoAlloc (byte*,int,string)
UnityEngine.StackTraceUtility:ExtractStackTrace ()
UnityEngine.DebugLogHandler:Internal_Log (UnityEngine.LogType,UnityEngine.LogOption,string,UnityEngine.Object)
UnityEngine.DebugLogHandler:LogFormat (UnityEngine.LogType,UnityEngine.Object,string,object[])
UnityEngine.Logger:Log (UnityEngine.LogType,object)
UnityEngine.Debug:Log (object)
Player:Update () (at Assets/Player.cs:113)

(Filename: Assets/Player.cs Line: 113)

[Player] Jump pressed! isGrounded: False, Timer: 0
UnityEngine.Debug:ExtractStackTraceNoAlloc (byte*,int,string)
UnityEngine.StackTraceUtility:ExtractStackTrace ()
UnityEngine.DebugLogHandler:Internal_Log (UnityEngine.LogType,UnityEngine.LogOption,string,UnityEngine.Object)
UnityEngine.DebugLogHandler:LogFormat (UnityEngine.LogType,UnityEngine.Object,string,object[])
UnityEngine.Logger:Log (UnityEngine.LogType,object)
UnityEngine.Debug:Log (object)
Player:Update () (at Assets/Player.cs:113)

(Filename: Assets/Player.cs Line: 113)

[Player] Jump pressed! isGrounded: False, Timer: 0
UnityEngine.Debug:ExtractStackTraceNoAlloc (byte*,int,string)
UnityEngine.StackTraceUtility:ExtractStackTrace ()
UnityEngine.DebugLogHandler:Internal_Log (UnityEngine.LogType,UnityEngine.LogOption,string,UnityEngine.Object)
UnityEngine.DebugLogHandler:LogFormat (UnityEngine.LogType,UnityEngine.Object,string,object[])
UnityEngine.Logger:Log (UnityEngine.LogType,object)
UnityEngine.Debug:Log (object)
Player:Update () (at Assets/Player.cs:113)

(Filename: Assets/Player.cs Line: 113)

[Player] Jump pressed! isGrounded: False, Timer: 0
UnityEngine.Debug:ExtractStackTraceNoAlloc (byte*,int,string)
UnityEngine.StackTraceUtility:ExtractStackTrace ()
UnityEngine.DebugLogHandler:Internal_Log (UnityEngine.LogType,UnityEngine.LogOption,string,UnityEngine.Object)
UnityEngine.DebugLogHandler:LogFormat (UnityEngine.LogType,UnityEngine.Object,string,object[])
UnityEngine.Logger:Log (UnityEngine.LogType,object)
UnityEngine.Debug:Log (object)
Player:Update () (at Assets/Player.cs:113)

(Filename: Assets/Player.cs Line: 113)

[Player] Jump pressed! isGrounded: False, Timer: 0
UnityEngine.Debug:ExtractStackTraceNoAlloc (byte*,int,string)
UnityEngine.StackTraceUtility:ExtractStackTrace ()
UnityEngine.DebugLogHandler:Internal_Log (UnityEngine.LogType,UnityEngine.LogOption,string,UnityEngine.Object)
UnityEngine.DebugLogHandler:LogFormat (UnityEngine.LogType,UnityEngine.Object,string,object[])
UnityEngine.Logger:Log (UnityEngine.LogType,object)
UnityEngine.Debug:Log (object)
Player:Update () (at Assets/Player.cs:113)

(Filename: Assets/Player.cs Line: 113)

[PlayerHealth] Speed Boost activated! (1.6x for 5s)
UnityEngine.Debug:ExtractStackTraceNoAlloc (byte*,int,string)
UnityEngine.StackTraceUtility:ExtractStackTrace ()
UnityEngine.DebugLogHandler:Internal_Log (UnityEngine.LogType,UnityEngine.LogOption,string,UnityEngine.Object)
UnityEngine.DebugLogHandler:LogFormat (UnityEngine.LogType,UnityEngine.Object,string,object[])
UnityEngine.Logger:Log (UnityEngine.LogType,object)
UnityEngine.Debug:Log (object)
PlayerHealth:ApplySpeedBoost (single,single) (at Assets/LaserCorridor/PlayerHealth.cs:145)
BonusFloorPanel:GrantBonus (PlayerHealth) (at Assets/LaserCorridor/BonusFloorPanel.cs:106)
BonusFloorPanel:OnTriggerEnter (UnityEngine.Collider) (at Assets/LaserCorridor/BonusFloorPanel.cs:90)

(Filename: Assets/LaserCorridor/PlayerHealth.cs Line: 145)

[Player] Jump pressed! isGrounded: False, Timer: 0
UnityEngine.Debug:ExtractStackTraceNoAlloc (byte*,int,string)
UnityEngine.StackTraceUtility:ExtractStackTrace ()
UnityEngine.DebugLogHandler:Internal_Log (UnityEngine.LogType,UnityEngine.LogOption,string,UnityEngine.Object)
UnityEngine.DebugLogHandler:LogFormat (UnityEngine.LogType,UnityEngine.Object,string,object[])
UnityEngine.Logger:Log (UnityEngine.LogType,object)
UnityEngine.Debug:Log (object)
Player:Update () (at Assets/Player.cs:113)

(Filename: Assets/Player.cs Line: 113)

[Player] Jump pressed! isGrounded: False, Timer: 0
UnityEngine.Debug:ExtractStackTraceNoAlloc (byte*,int,string)
UnityEngine.StackTraceUtility:ExtractStackTrace ()
UnityEngine.DebugLogHandler:Internal_Log (UnityEngine.LogType,UnityEngine.LogOption,string,UnityEngine.Object)
UnityEngine.DebugLogHandler:LogFormat (UnityEngine.LogType,UnityEngine.Object,string,object[])
UnityEngine.Logger:Log (UnityEngine.LogType,object)
UnityEngine.Debug:Log (object)
Player:Update () (at Assets/Player.cs:113)

(Filename: Assets/Player.cs Line: 113)

[Player] Jump pressed! isGrounded: False, Timer: 0
UnityEngine.Debug:ExtractStackTraceNoAlloc (byte*,int,string)
UnityEngine.StackTraceUtility:ExtractStackTrace ()
UnityEngine.DebugLogHandler:Internal_Log (UnityEngine.LogType,UnityEngine.LogOption,string,UnityEngine.Object)
UnityEngine.DebugLogHandler:LogFormat (UnityEngine.LogType,UnityEngine.Object,string,object[])
UnityEngine.Logger:Log (UnityEngine.LogType,object)
UnityEngine.Debug:Log (object)
Player:Update () (at Assets/Player.cs:113)

(Filename: Assets/Player.cs Line: 113)

[PlayerHealth] Restored 35 HP! Current HP: 100/100
UnityEngine.Debug:ExtractStackTraceNoAlloc (byte*,int,string)
UnityEngine.StackTraceUtility:ExtractStackTrace ()
UnityEngine.DebugLogHandler:Internal_Log (UnityEngine.LogType,UnityEngine.LogOption,string,UnityEngine.Object)
UnityEngine.DebugLogHandler:LogFormat (UnityEngine.LogType,UnityEngine.Object,string,object[])
UnityEngine.Logger:Log (UnityEngine.LogType,object)
UnityEngine.Debug:Log (object)
PlayerHealth:Heal (int) (at Assets/LaserCorridor/PlayerHealth.cs:125)
BonusFloorPanel:GrantBonus (PlayerHealth) (at Assets/LaserCorridor/BonusFloorPanel.cs:102)
BonusFloorPanel:OnTriggerEnter (UnityEngine.Collider) (at Assets/LaserCorridor/BonusFloorPanel.cs:90)

(Filename: Assets/LaserCorridor/PlayerHealth.cs Line: 125)

[PlayerHealth] Took 35 damage! Remaining HP: 65/100
UnityEngine.Debug:ExtractStackTraceNoAlloc (byte*,int,string)
UnityEngine.StackTraceUtility:ExtractStackTrace ()
UnityEngine.DebugLogHandler:Internal_Log (UnityEngine.LogType,UnityEngine.LogOption,string,UnityEngine.Object)
UnityEngine.DebugLogHandler:LogFormat (UnityEngine.LogType,UnityEngine.Object,string,object[])
UnityEngine.Logger:Log (UnityEngine.LogType,object)
UnityEngine.Debug:Log (object)
PlayerHealth:TakeDamage (int) (at Assets/LaserCorridor/PlayerHealth.cs:104)
LaserBeam:OnTriggerEnter (UnityEngine.Collider) (at Assets/LaserCorridor/LaserBeam.cs:107)

(Filename: Assets/LaserCorridor/PlayerHealth.cs Line: 104)

[PlayerHealth] Energy Shield activated for 5s!
UnityEngine.Debug:ExtractStackTraceNoAlloc (byte*,int,string)
UnityEngine.StackTraceUtility:ExtractStackTrace ()
UnityEngine.DebugLogHandler:Internal_Log (UnityEngine.LogType,UnityEngine.LogOption,string,UnityEngine.Object)
UnityEngine.DebugLogHandler:LogFormat (UnityEngine.LogType,UnityEngine.Object,string,object[])
UnityEngine.Logger:Log (UnityEngine.LogType,object)
UnityEngine.Debug:Log (object)
PlayerHealth:ApplyShield (single) (at Assets/LaserCorridor/PlayerHealth.cs:168)
BonusFloorPanel:GrantBonus (PlayerHealth) (at Assets/LaserCorridor/BonusFloorPanel.cs:110)
BonusFloorPanel:OnTriggerEnter (UnityEngine.Collider) (at Assets/LaserCorridor/BonusFloorPanel.cs:90)

(Filename: Assets/LaserCorridor/PlayerHealth.cs Line: 168)

[Player] Jump pressed! isGrounded: False, Timer: 0
UnityEngine.Debug:ExtractStackTraceNoAlloc (byte*,int,string)
UnityEngine.StackTraceUtility:ExtractStackTrace ()
UnityEngine.DebugLogHandler:Internal_Log (UnityEngine.LogType,UnityEngine.LogOption,string,UnityEngine.Object)
UnityEngine.DebugLogHandler:LogFormat (UnityEngine.LogType,UnityEngine.Object,string,object[])
UnityEngine.Logger:Log (UnityEngine.LogType,object)
UnityEngine.Debug:Log (object)
Player:Update () (at Assets/Player.cs:113)

(Filename: Assets/Player.cs Line: 113)

[Player] Jump pressed! isGrounded: False, Timer: 0
UnityEngine.Debug:ExtractStackTraceNoAlloc (byte*,int,string)
UnityEngine.StackTraceUtility:ExtractStackTrace ()
UnityEngine.DebugLogHandler:Internal_Log (UnityEngine.LogType,UnityEngine.LogOption,string,UnityEngine.Object)
UnityEngine.DebugLogHandler:LogFormat (UnityEngine.LogType,UnityEngine.Object,string,object[])
UnityEngine.Logger:Log (UnityEngine.LogType,object)
UnityEngine.Debug:Log (object)
Player:Update () (at Assets/Player.cs:113)

(Filename: Assets/Player.cs Line: 113)

[PlayerHealth] Speed Boost ended.
UnityEngine.Debug:ExtractStackTraceNoAlloc (byte*,int,string)
UnityEngine.StackTraceUtility:ExtractStackTrace ()
UnityEngine.DebugLogHandler:Internal_Log (UnityEngine.LogType,UnityEngine.LogOption,string,UnityEngine.Object)
UnityEngine.DebugLogHandler:LogFormat (UnityEngine.LogType,UnityEngine.Object,string,object[])
UnityEngine.Logger:Log (UnityEngine.LogType,object)
UnityEngine.Debug:Log (object)
PlayerHealth:ResetSpeedBoost () (at Assets/LaserCorridor/PlayerHealth.cs:157)
PlayerHealth:Update () (at Assets/LaserCorridor/PlayerHealth.cs:77)

(Filename: Assets/LaserCorridor/PlayerHealth.cs Line: 157)

[Player] Jump pressed! isGrounded: False, Timer: 0
UnityEngine.Debug:ExtractStackTraceNoAlloc (byte*,int,string)
UnityEngine.StackTraceUtility:ExtractStackTrace ()
UnityEngine.DebugLogHandler:Internal_Log (UnityEngine.LogType,UnityEngine.LogOption,string,UnityEngine.Object)
UnityEngine.DebugLogHandler:LogFormat (UnityEngine.LogType,UnityEngine.Object,string,object[])
UnityEngine.Logger:Log (UnityEngine.LogType,object)
UnityEngine.Debug:Log (object)
Player:Update () (at Assets/Player.cs:113)

(Filename: Assets/Player.cs Line: 113)

[Player] Jump pressed! isGrounded: False, Timer: 0
UnityEngine.Debug:ExtractStackTraceNoAlloc (byte*,int,string)
UnityEngine.StackTraceUtility:ExtractStackTrace ()
UnityEngine.DebugLogHandler:Internal_Log (UnityEngine.LogType,UnityEngine.LogOption,string,UnityEngine.Object)
UnityEngine.DebugLogHandler:LogFormat (UnityEngine.LogType,UnityEngine.Object,string,object[])
UnityEngine.Logger:Log (UnityEngine.LogType,object)
UnityEngine.Debug:Log (object)
Player:Update () (at Assets/Player.cs:113)

(Filename: Assets/Player.cs Line: 113)

[Player] Jump pressed! isGrounded: False, Timer: 0
UnityEngine.Debug:ExtractStackTraceNoAlloc (byte*,int,string)
UnityEngine.StackTraceUtility:ExtractStackTrace ()
UnityEngine.DebugLogHandler:Internal_Log (UnityEngine.LogType,UnityEngine.LogOption,string,UnityEngine.Object)
UnityEngine.DebugLogHandler:LogFormat (UnityEngine.LogType,UnityEngine.Object,string,object[])
UnityEngine.Logger:Log (UnityEngine.LogType,object)
UnityEngine.Debug:Log (object)
Player:Update () (at Assets/Player.cs:113)

(Filename: Assets/Player.cs Line: 113)

[Player] Jump pressed! isGrounded: False, Timer: 0
UnityEngine.Debug:ExtractStackTraceNoAlloc (byte*,int,string)
UnityEngine.StackTraceUtility:ExtractStackTrace ()
UnityEngine.DebugLogHandler:Internal_Log (UnityEngine.LogType,UnityEngine.LogOption,string,UnityEngine.Object)
UnityEngine.DebugLogHandler:LogFormat (UnityEngine.LogType,UnityEngine.Object,string,object[])
UnityEngine.Logger:Log (UnityEngine.LogType,object)
UnityEngine.Debug:Log (object)
Player:Update () (at Assets/Player.cs:113)

(Filename: Assets/Player.cs Line: 113)

[Player] Jump pressed! isGrounded: False, Timer: 0
UnityEngine.Debug:ExtractStackTraceNoAlloc (byte*,int,string)
UnityEngine.StackTraceUtility:ExtractStackTrace ()
UnityEngine.DebugLogHandler:Internal_Log (UnityEngine.LogType,UnityEngine.LogOption,string,UnityEngine.Object)
UnityEngine.DebugLogHandler:LogFormat (UnityEngine.LogType,UnityEngine.Object,string,object[])
UnityEngine.Logger:Log (UnityEngine.LogType,object)
UnityEngine.Debug:Log (object)
Player:Update () (at Assets/Player.cs:113)

(Filename: Assets/Player.cs Line: 113)

[PlayerHealth] Shield expired.
UnityEngine.Debug:ExtractStackTraceNoAlloc (byte*,int,string)
UnityEngine.StackTraceUtility:ExtractStackTrace ()
UnityEngine.DebugLogHandler:Internal_Log (UnityEngine.LogType,UnityEngine.LogOption,string,UnityEngine.Object)
UnityEngine.DebugLogHandler:LogFormat (UnityEngine.LogType,UnityEngine.Object,string,object[])
UnityEngine.Logger:Log (UnityEngine.LogType,object)
UnityEngine.Debug:Log (object)
PlayerHealth:Update () (at Assets/LaserCorridor/PlayerHealth.cs:67)

(Filename: Assets/LaserCorridor/PlayerHealth.cs Line: 67)

[Player] Jump pressed! isGrounded: False, Timer: 0
UnityEngine.Debug:ExtractStackTraceNoAlloc (byte*,int,string)
UnityEngine.StackTraceUtility:ExtractStackTrace ()
UnityEngine.DebugLogHandler:Internal_Log (UnityEngine.LogType,UnityEngine.LogOption,string,UnityEngine.Object)
UnityEngine.DebugLogHandler:LogFormat (UnityEngine.LogType,UnityEngine.Object,string,object[])
UnityEngine.Logger:Log (UnityEngine.LogType,object)
UnityEngine.Debug:Log (object)
Player:Update () (at Assets/Player.cs:113)

(Filename: Assets/Player.cs Line: 113)

[Player] Jump pressed! isGrounded: False, Timer: 0
UnityEngine.Debug:ExtractStackTraceNoAlloc (byte*,int,string)
UnityEngine.StackTraceUtility:ExtractStackTrace ()
UnityEngine.DebugLogHandler:Internal_Log (UnityEngine.LogType,UnityEngine.LogOption,string,UnityEngine.Object)
UnityEngine.DebugLogHandler:LogFormat (UnityEngine.LogType,UnityEngine.Object,string,object[])
UnityEngine.Logger:Log (UnityEngine.LogType,object)
UnityEngine.Debug:Log (object)
Player:Update () (at Assets/Player.cs:113)

(Filename: Assets/Player.cs Line: 113)

[Player] Jump pressed! isGrounded: False, Timer: 0
UnityEngine.Debug:ExtractStackTraceNoAlloc (byte*,int,string)
UnityEngine.StackTraceUtility:ExtractStackTrace ()
UnityEngine.DebugLogHandler:Internal_Log (UnityEngine.LogType,UnityEngine.LogOption,string,UnityEngine.Object)
UnityEngine.DebugLogHandler:LogFormat (UnityEngine.LogType,UnityEngine.Object,string,object[])
UnityEngine.Logger:Log (UnityEngine.LogType,object)
UnityEngine.Debug:Log (object)
Player:Update () (at Assets/Player.cs:113)

(Filename: Assets/Player.cs Line: 113)

[Player] Jump pressed! isGrounded: False, Timer: 0
UnityEngine.Debug:ExtractStackTraceNoAlloc (byte*,int,string)
UnityEngine.StackTraceUtility:ExtractStackTrace ()
UnityEngine.DebugLogHandler:Internal_Log (UnityEngine.LogType,UnityEngine.LogOption,string,UnityEngine.Object)
UnityEngine.DebugLogHandler:LogFormat (UnityEngine.LogType,UnityEngine.Object,string,object[])
UnityEngine.Logger:Log (UnityEngine.LogType,object)
UnityEngine.Debug:Log (object)
Player:Update () (at Assets/Player.cs:113)

(Filename: Assets/Player.cs Line: 113)

[PlayerHealth] Took 35 damage! Remaining HP: 30/100
UnityEngine.Debug:ExtractStackTraceNoAlloc (byte*,int,string)
UnityEngine.StackTraceUtility:ExtractStackTrace ()
UnityEngine.DebugLogHandler:Internal_Log (UnityEngine.LogType,UnityEngine.LogOption,string,UnityEngine.Object)
UnityEngine.DebugLogHandler:LogFormat (UnityEngine.LogType,UnityEngine.Object,string,object[])
UnityEngine.Logger:Log (UnityEngine.LogType,object)
UnityEngine.Debug:Log (object)
PlayerHealth:TakeDamage (int) (at Assets/LaserCorridor/PlayerHealth.cs:104)
LaserBeam:OnTriggerEnter (UnityEngine.Collider) (at Assets/LaserCorridor/LaserBeam.cs:107)

(Filename: Assets/LaserCorridor/PlayerHealth.cs Line: 104)

[Player] Jump pressed! isGrounded: False, Timer: 0
UnityEngine.Debug:ExtractStackTraceNoAlloc (byte*,int,string)
UnityEngine.StackTraceUtility:ExtractStackTrace ()
UnityEngine.DebugLogHandler:Internal_Log (UnityEngine.LogType,UnityEngine.LogOption,string,UnityEngine.Object)
UnityEngine.DebugLogHandler:LogFormat (UnityEngine.LogType,UnityEngine.Object,string,object[])
UnityEngine.Logger:Log (UnityEngine.LogType,object)
UnityEngine.Debug:Log (object)
Player:Update () (at Assets/Player.cs:113)

(Filename: Assets/Player.cs Line: 113)

[PlayerHealth] Took 35 damage! Remaining HP: 0/100
UnityEngine.Debug:ExtractStackTraceNoAlloc (byte*,int,string)
UnityEngine.StackTraceUtility:ExtractStackTrace ()
UnityEngine.DebugLogHandler:Internal_Log (UnityEngine.LogType,UnityEngine.LogOption,string,UnityEngine.Object)
UnityEngine.DebugLogHandler:LogFormat (UnityEngine.LogType,UnityEngine.Object,string,object[])
UnityEngine.Logger:Log (UnityEngine.LogType,object)
UnityEngine.Debug:Log (object)
PlayerHealth:TakeDamage (int) (at Assets/LaserCorridor/PlayerHealth.cs:104)
LaserBeam:OnTriggerEnter (UnityEngine.Collider) (at Assets/LaserCorridor/LaserBeam.cs:107)

(Filename: Assets/LaserCorridor/PlayerHealth.cs Line: 104)

[PlayerHealth] Player eliminated by corridor laser!
UnityEngine.Debug:ExtractStackTraceNoAlloc (byte*,int,string)
UnityEngine.StackTraceUtility:ExtractStackTrace ()
UnityEngine.DebugLogHandler:Internal_Log (UnityEngine.LogType,UnityEngine.LogOption,string,UnityEngine.Object)
UnityEngine.DebugLogHandler:LogFormat (UnityEngine.LogType,UnityEngine.Object,string,object[])
UnityEngine.Logger:Log (UnityEngine.LogType,object)
UnityEngine.Debug:Log (object)
PlayerHealth:Die () (at Assets/LaserCorridor/PlayerHealth.cs:181)
PlayerHealth:TakeDamage (int) (at Assets/LaserCorridor/PlayerHealth.cs:110)
LaserBeam:OnTriggerEnter (UnityEngine.Collider) (at Assets/LaserCorridor/LaserBeam.cs:107)

(Filename: Assets/LaserCorridor/PlayerHealth.cs Line: 181)

[GameManager] GAME OVER! Player eliminated. Preparing reset...
UnityEngine.Debug:ExtractStackTraceNoAlloc (byte*,int,string)
UnityEngine.StackTraceUtility:ExtractStackTrace ()
UnityEngine.DebugLogHandler:Internal_Log (UnityEngine.LogType,UnityEngine.LogOption,string,UnityEngine.Object)
UnityEngine.DebugLogHandler:LogFormat (UnityEngine.LogType,UnityEngine.Object,string,object[])
UnityEngine.Logger:Log (UnityEngine.LogType,object)
UnityEngine.Debug:Log (object)
LaserCorridorGameManager:HandlePlayerDeath () (at Assets/LaserCorridor/LaserCorridorGameManager.cs:122)
PlayerHealth:Die () (at Assets/LaserCorridor/PlayerHealth.cs:182)
PlayerHealth:TakeDamage (int) (at Assets/LaserCorridor/PlayerHealth.cs:110)
LaserBeam:OnTriggerEnter (UnityEngine.Collider) (at Assets/LaserCorridor/LaserBeam.cs:107)

(Filename: Assets/LaserCorridor/LaserCorridorGameManager.cs Line: 122)

Setting linear velocity of a kinematic body is not supported.
UnityEngine.Debug:ExtractStackTraceNoAlloc (byte*,int,string)
UnityEngine.StackTraceUtility:ExtractStackTrace ()
UnityEngine.Rigidbody:set_linearVelocity (UnityEngine.Vector3)
LaserCorridorGameManager/<ResetPlayerRoutine>d__21:MoveNext () (at Assets/LaserCorridor/LaserCorridorGameManager.cs:160)
UnityEngine.SetupCoroutine:InvokeMoveNext (System.Collections.IEnumerator,intptr)

[Assets/LaserCorridor/LaserCorridorGameManager.cs line 160]

Setting angular velocity of a kinematic body is not supported.
UnityEngine.Debug:ExtractStackTraceNoAlloc (byte*,int,string)
UnityEngine.StackTraceUtility:ExtractStackTrace ()
UnityEngine.Rigidbody:set_angularVelocity (UnityEngine.Vector3)
LaserCorridorGameManager/<ResetPlayerRoutine>d__21:MoveNext () (at Assets/LaserCorridor/LaserCorridorGameManager.cs:161)
UnityEngine.SetupCoroutine:InvokeMoveNext (System.Collections.IEnumerator,intptr)

[Assets/LaserCorridor/LaserCorridorGameManager.cs line 161]

Setting linear velocity of a kinematic body is not supported.
UnityEngine.Debug:ExtractStackTraceNoAlloc (byte*,int,string)
UnityEngine.StackTraceUtility:ExtractStackTrace ()
UnityEngine.Rigidbody:set_linearVelocity (UnityEngine.Vector3)
Player:MovePlayer () (at Assets/Player.cs:232)
Player:FixedUpdate () (at Assets/Player.cs:218)

[Assets/Player.cs line 232]

Setting linear velocity of a kinematic body is not supported.
UnityEngine.Debug:ExtractStackTraceNoAlloc (byte*,int,string)
UnityEngine.StackTraceUtility:ExtractStackTrace ()
UnityEngine.Rigidbody:set_linearVelocity (UnityEngine.Vector3)
LaserCorridorGameManager/<ResetPlayerRoutine>d__21:MoveNext () (at Assets/LaserCorridor/LaserCorridorGameManager.cs:172)
UnityEngine.SetupCoroutine:InvokeMoveNext (System.Collections.IEnumerator,intptr)

[Assets/LaserCorridor/LaserCorridorGameManager.cs line 172]

Setting angular velocity of a kinematic body is not supported.
UnityEngine.Debug:ExtractStackTraceNoAlloc (byte*,int,string)
UnityEngine.StackTraceUtility:ExtractStackTrace ()
UnityEngine.Rigidbody:set_angularVelocity (UnityEngine.Vector3)
LaserCorridorGameManager/<ResetPlayerRoutine>d__21:MoveNext () (at Assets/LaserCorridor/LaserCorridorGameManager.cs:173)
UnityEngine.SetupCoroutine:InvokeMoveNext (System.Collections.IEnumerator,intptr)

[Assets/LaserCorridor/LaserCorridorGameManager.cs line 173]

[PlayerHealth] Speed Boost ended.
UnityEngine.Debug:ExtractStackTraceNoAlloc (byte*,int,string)
UnityEngine.StackTraceUtility:ExtractStackTrace ()
UnityEngine.DebugLogHandler:Internal_Log (UnityEngine.LogType,UnityEngine.LogOption,string,UnityEngine.Object)
UnityEngine.DebugLogHandler:LogFormat (UnityEngine.LogType,UnityEngine.Object,string,object[])
UnityEngine.Logger:Log (UnityEngine.LogType,object)
UnityEngine.Debug:Log (object)
PlayerHealth:ResetSpeedBoost () (at Assets/LaserCorridor/PlayerHealth.cs:157)
PlayerHealth:ResetState () (at Assets/LaserCorridor/PlayerHealth.cs:194)
LaserCorridorGameManager/<ResetPlayerRoutine>d__21:MoveNext () (at Assets/LaserCorridor/LaserCorridorGameManager.cs:183)
UnityEngine.SetupCoroutine:InvokeMoveNext (System.Collections.IEnumerator,intptr)

(Filename: Assets/LaserCorridor/PlayerHealth.cs Line: 157)

[PlayerHealth] Speed Boost activated! (1.6x for 5s)
UnityEngine.Debug:ExtractStackTraceNoAlloc (byte*,int,string)
UnityEngine.StackTraceUtility:ExtractStackTrace ()
UnityEngine.DebugLogHandler:Internal_Log (UnityEngine.LogType,UnityEngine.LogOption,string,UnityEngine.Object)
UnityEngine.DebugLogHandler:LogFormat (UnityEngine.LogType,UnityEngine.Object,string,object[])
UnityEngine.Logger:Log (UnityEngine.LogType,object)
UnityEngine.Debug:Log (object)
PlayerHealth:ApplySpeedBoost (single,single) (at Assets/LaserCorridor/PlayerHealth.cs:145)
BonusFloorPanel:GrantBonus (PlayerHealth) (at Assets/LaserCorridor/BonusFloorPanel.cs:106)
BonusFloorPanel:OnTriggerEnter (UnityEngine.Collider) (at Assets/LaserCorridor/BonusFloorPanel.cs:90)

(Filename: Assets/LaserCorridor/PlayerHealth.cs Line: 145)

[PlayerHealth] Restored 35 HP! Current HP: 100/100
UnityEngine.Debug:ExtractStackTraceNoAlloc (byte*,int,string)
UnityEngine.StackTraceUtility:ExtractStackTrace ()
UnityEngine.DebugLogHandler:Internal_Log (UnityEngine.LogType,UnityEngine.LogOption,string,UnityEngine.Object)
UnityEngine.DebugLogHandler:LogFormat (UnityEngine.LogType,UnityEngine.Object,string,object[])
UnityEngine.Logger:Log (UnityEngine.LogType,object)
UnityEngine.Debug:Log (object)
PlayerHealth:Heal (int) (at Assets/LaserCorridor/PlayerHealth.cs:125)
BonusFloorPanel:GrantBonus (PlayerHealth) (at Assets/LaserCorridor/BonusFloorPanel.cs:102)
BonusFloorPanel:OnTriggerEnter (UnityEngine.Collider) (at Assets/LaserCorridor/BonusFloorPanel.cs:90)

(Filename: Assets/LaserCorridor/PlayerHealth.cs Line: 125)

[Player] Jump pressed! isGrounded: False, Timer: 0
UnityEngine.Debug:ExtractStackTraceNoAlloc (byte*,int,string)
UnityEngine.StackTraceUtility:ExtractStackTrace ()
UnityEngine.DebugLogHandler:Internal_Log (UnityEngine.LogType,UnityEngine.LogOption,string,UnityEngine.Object)
UnityEngine.DebugLogHandler:LogFormat (UnityEngine.LogType,UnityEngine.Object,string,object[])
UnityEngine.Logger:Log (UnityEngine.LogType,object)
UnityEngine.Debug:Log (object)
Player:Update () (at Assets/Player.cs:113)

(Filename: Assets/Player.cs Line: 113)

[Player] Jump pressed! isGrounded: False, Timer: 0
UnityEngine.Debug:ExtractStackTraceNoAlloc (byte*,int,string)
UnityEngine.StackTraceUtility:ExtractStackTrace ()
UnityEngine.DebugLogHandler:Internal_Log (UnityEngine.LogType,UnityEngine.LogOption,string,UnityEngine.Object)
UnityEngine.DebugLogHandler:LogFormat (UnityEngine.LogType,UnityEngine.Object,string,object[])
UnityEngine.Logger:Log (UnityEngine.LogType,object)
UnityEngine.Debug:Log (object)
Player:Update () (at Assets/Player.cs:113)

(Filename: Assets/Player.cs Line: 113)

[PlayerHealth] Took 35 damage! Remaining HP: 65/100
UnityEngine.Debug:ExtractStackTraceNoAlloc (byte*,int,string)
UnityEngine.StackTraceUtility:ExtractStackTrace ()
UnityEngine.DebugLogHandler:Internal_Log (UnityEngine.LogType,UnityEngine.LogOption,string,UnityEngine.Object)
UnityEngine.DebugLogHandler:LogFormat (UnityEngine.LogType,UnityEngine.Object,string,object[])
UnityEngine.Logger:Log (UnityEngine.LogType,object)
UnityEngine.Debug:Log (object)
PlayerHealth:TakeDamage (int) (at Assets/LaserCorridor/PlayerHealth.cs:104)
LaserBeam:OnTriggerEnter (UnityEngine.Collider) (at Assets/LaserCorridor/LaserBeam.cs:107)

(Filename: Assets/LaserCorridor/PlayerHealth.cs Line: 104)

[Player] Jump pressed! isGrounded: False, Timer: 0
UnityEngine.Debug:ExtractStackTraceNoAlloc (byte*,int,string)
UnityEngine.StackTraceUtility:ExtractStackTrace ()
UnityEngine.DebugLogHandler:Internal_Log (UnityEngine.LogType,UnityEngine.LogOption,string,UnityEngine.Object)
UnityEngine.DebugLogHandler:LogFormat (UnityEngine.LogType,UnityEngine.Object,string,object[])
UnityEngine.Logger:Log (UnityEngine.LogType,object)
UnityEngine.Debug:Log (object)
Player:Update () (at Assets/Player.cs:113)

(Filename: Assets/Player.cs Line: 113)

[Player] Jump pressed! isGrounded: False, Timer: 0
UnityEngine.Debug:ExtractStackTraceNoAlloc (byte*,int,string)
UnityEngine.StackTraceUtility:ExtractStackTrace ()
UnityEngine.DebugLogHandler:Internal_Log (UnityEngine.LogType,UnityEngine.LogOption,string,UnityEngine.Object)
UnityEngine.DebugLogHandler:LogFormat (UnityEngine.LogType,UnityEngine.Object,string,object[])
UnityEngine.Logger:Log (UnityEngine.LogType,object)
UnityEngine.Debug:Log (object)
Player:Update () (at Assets/Player.cs:113)

(Filename: Assets/Player.cs Line: 113)

[CorridorGoal] PLAYER REACHED THE END OF THE CORRIDOR!
UnityEngine.Debug:ExtractStackTraceNoAlloc (byte*,int,string)
UnityEngine.StackTraceUtility:ExtractStackTrace ()
UnityEngine.DebugLogHandler:Internal_Log (UnityEngine.LogType,UnityEngine.LogOption,string,UnityEngine.Object)
UnityEngine.DebugLogHandler:LogFormat (UnityEngine.LogType,UnityEngine.Object,string,object[])
UnityEngine.Logger:Log (UnityEngine.LogType,object)
UnityEngine.Debug:Log (object)
CorridorGoal:OnTriggerEnter (UnityEngine.Collider) (at Assets/LaserCorridor/CorridorGoal.cs:27)

(Filename: Assets/LaserCorridor/CorridorGoal.cs Line: 27)

[GameManager] VICTORY! Corridor Cleared!
UnityEngine.Debug:ExtractStackTraceNoAlloc (byte*,int,string)
UnityEngine.StackTraceUtility:ExtractStackTrace ()
UnityEngine.DebugLogHandler:Internal_Log (UnityEngine.LogType,UnityEngine.LogOption,string,UnityEngine.Object)
UnityEngine.DebugLogHandler:LogFormat (UnityEngine.LogType,UnityEngine.Object,string,object[])
UnityEngine.Logger:Log (UnityEngine.LogType,object)
UnityEngine.Debug:Log (object)
LaserCorridorGameManager:OnGoalReached () (at Assets/LaserCorridor/LaserCorridorGameManager.cs:137)
CorridorGoal:OnTriggerEnter (UnityEngine.Collider) (at Assets/LaserCorridor/CorridorGoal.cs:31)

(Filename: Assets/LaserCorridor/LaserCorridorGameManager.cs Line: 137)

[PlayerHealth] Energy Shield activated for 5s!
UnityEngine.Debug:ExtractStackTraceNoAlloc (byte*,int,string)
UnityEngine.StackTraceUtility:ExtractStackTrace ()
UnityEngine.DebugLogHandler:Internal_Log (UnityEngine.LogType,UnityEngine.LogOption,string,UnityEngine.Object)
UnityEngine.DebugLogHandler:LogFormat (UnityEngine.LogType,UnityEngine.Object,string,object[])
UnityEngine.Logger:Log (UnityEngine.LogType,object)
UnityEngine.Debug:Log (object)
PlayerHealth:ApplyShield (single) (at Assets/LaserCorridor/PlayerHealth.cs:168)
BonusFloorPanel:GrantBonus (PlayerHealth) (at Assets/LaserCorridor/BonusFloorPanel.cs:110)
BonusFloorPanel:OnTriggerEnter (UnityEngine.Collider) (at Assets/LaserCorridor/BonusFloorPanel.cs:90)

(Filename: Assets/LaserCorridor/PlayerHealth.cs Line: 168)

GPU Resident Drawer disposed.
Unloading 5 Unused Serialized files (Serialized files now loaded: 0)
Loaded scene 'Temp/__Backupscenes/0.backup'
	Deserialize:            7.322 ms
	Integration:            28.010 ms
	Integration of assets:  0.034 ms
	Thread Wait Time:       0.013 ms
	Total Operation Time:   35.378 ms
Unloading 53 unused Assets / (2.1 MB). Loaded Objects now: 9327.
Memory consumption went from 0.66 GB to 0.66 GB.
Total: 33.926400 ms (FindLiveObjects: 0.710600 ms CreateObjectMapping: 0.357600 ms MarkObjects: 28.475100 ms  DeleteObjects: 4.147700 ms)

[Licensing::Client] Successfully resolved entitlement details
GPU Resident Drawer created.
GPU Resident Drawer disposed.
Entering Playmode with Reload Domain disabled.
If you experience any issues, please disable "Enter Play Mode Options" in Editor Settings
Entering Playmode with Reload Scene disabled. If you experience any issues, please disable "Enter Play Mode Options" in Editor Settings
GPU Resident Drawer created.
[PlayerHealth] Speed Boost activated! (1.6x for 5s)
UnityEngine.Debug:ExtractStackTraceNoAlloc (byte*,int,string)
UnityEngine.StackTraceUtility:ExtractStackTrace ()
UnityEngine.DebugLogHandler:Internal_Log (UnityEngine.LogType,UnityEngine.LogOption,string,UnityEngine.Object)
UnityEngine.DebugLogHandler:LogFormat (UnityEngine.LogType,UnityEngine.Object,string,object[])
UnityEngine.Logger:Log (UnityEngine.LogType,object)
UnityEngine.Debug:Log (object)
PlayerHealth:ApplySpeedBoost (single,single) (at Assets/LaserCorridor/PlayerHealth.cs:145)
BonusFloorPanel:GrantBonus (PlayerHealth) (at Assets/LaserCorridor/BonusFloorPanel.cs:106)
BonusFloorPanel:OnTriggerEnter (UnityEngine.Collider) (at Assets/LaserCorridor/BonusFloorPanel.cs:90)

(Filename: Assets/LaserCorridor/PlayerHealth.cs Line: 145)

[PlayerHealth] Restored 35 HP! Current HP: 100/100
UnityEngine.Debug:ExtractStackTraceNoAlloc (byte*,int,string)
UnityEngine.StackTraceUtility:ExtractStackTrace ()
UnityEngine.DebugLogHandler:Internal_Log (UnityEngine.LogType,UnityEngine.LogOption,string,UnityEngine.Object)
UnityEngine.DebugLogHandler:LogFormat (UnityEngine.LogType,UnityEngine.Object,string,object[])
UnityEngine.Logger:Log (UnityEngine.LogType,object)
UnityEngine.Debug:Log (object)
PlayerHealth:Heal (int) (at Assets/LaserCorridor/PlayerHealth.cs:125)
BonusFloorPanel:GrantBonus (PlayerHealth) (at Assets/LaserCorridor/BonusFloorPanel.cs:102)
BonusFloorPanel:OnTriggerEnter (UnityEngine.Collider) (at Assets/LaserCorridor/BonusFloorPanel.cs:90)

(Filename: Assets/LaserCorridor/PlayerHealth.cs Line: 125)

[PlayerHealth] Took 35 damage! Remaining HP: 65/100
UnityEngine.Debug:ExtractStackTraceNoAlloc (byte*,int,string)
UnityEngine.StackTraceUtility:ExtractStackTrace ()
UnityEngine.DebugLogHandler:Internal_Log (UnityEngine.LogType,UnityEngine.LogOption,string,UnityEngine.Object)
UnityEngine.DebugLogHandler:LogFormat (UnityEngine.LogType,UnityEngine.Object,string,object[])
UnityEngine.Logger:Log (UnityEngine.LogType,object)
UnityEngine.Debug:Log (object)
PlayerHealth:TakeDamage (int) (at Assets/LaserCorridor/PlayerHealth.cs:104)
LaserBeam:OnTriggerEnter (UnityEngine.Collider) (at Assets/LaserCorridor/LaserBeam.cs:107)

(Filename: Assets/LaserCorridor/PlayerHealth.cs Line: 104)

[PlayerHealth] Energy Shield activated for 5s!
UnityEngine.Debug:ExtractStackTraceNoAlloc (byte*,int,string)
UnityEngine.StackTraceUtility:ExtractStackTrace ()
UnityEngine.DebugLogHandler:Internal_Log (UnityEngine.LogType,UnityEngine.LogOption,string,UnityEngine.Object)
UnityEngine.DebugLogHandler:LogFormat (UnityEngine.LogType,UnityEngine.Object,string,object[])
UnityEngine.Logger:Log (UnityEngine.LogType,object)
UnityEngine.Debug:Log (object)
PlayerHealth:ApplyShield (single) (at Assets/LaserCorridor/PlayerHealth.cs:168)
BonusFloorPanel:GrantBonus (PlayerHealth) (at Assets/LaserCorridor/BonusFloorPanel.cs:110)
BonusFloorPanel:OnTriggerEnter (UnityEngine.Collider) (at Assets/LaserCorridor/BonusFloorPanel.cs:90)

(Filename: Assets/LaserCorridor/PlayerHealth.cs Line: 168)

[CorridorGoal] PLAYER REACHED THE END OF THE CORRIDOR!
UnityEngine.Debug:ExtractStackTraceNoAlloc (byte*,int,string)
UnityEngine.StackTraceUtility:ExtractStackTrace ()
UnityEngine.DebugLogHandler:Internal_Log (UnityEngine.LogType,UnityEngine.LogOption,string,UnityEngine.Object)
UnityEngine.DebugLogHandler:LogFormat (UnityEngine.LogType,UnityEngine.Object,string,object[])
UnityEngine.Logger:Log (UnityEngine.LogType,object)
UnityEngine.Debug:Log (object)
CorridorGoal:OnTriggerEnter (UnityEngine.Collider) (at Assets/LaserCorridor/CorridorGoal.cs:27)

(Filename: Assets/LaserCorridor/CorridorGoal.cs Line: 27)

[GameManager] VICTORY! Corridor Cleared!
UnityEngine.Debug:ExtractStackTraceNoAlloc (byte*,int,string)
UnityEngine.StackTraceUtility:ExtractStackTrace ()
UnityEngine.DebugLogHandler:Internal_Log (UnityEngine.LogType,UnityEngine.LogOption,string,UnityEngine.Object)
UnityEngine.DebugLogHandler:LogFormat (UnityEngine.LogType,UnityEngine.Object,string,object[])
UnityEngine.Logger:Log (UnityEngine.LogType,object)
UnityEngine.Debug:Log (object)
LaserCorridorGameManager:OnGoalReached () (at Assets/LaserCorridor/LaserCorridorGameManager.cs:137)
CorridorGoal:OnTriggerEnter (UnityEngine.Collider) (at Assets/LaserCorridor/CorridorGoal.cs:31)

(Filename: Assets/LaserCorridor/LaserCorridorGameManager.cs Line: 137)

GPU Resident Drawer disposed.
Unloading 4 Unused Serialized files (Serialized files now loaded: 0)
Loaded scene 'Temp/__Backupscenes/0.backup'
	Deserialize:            1.330 ms
	Integration:            25.295 ms
	Integration of assets:  0.031 ms
	Thread Wait Time:       0.020 ms
	Total Operation Time:   26.675 ms
Unloading 4 unused Assets / (314.0 KB). Loaded Objects now: 9333.
Memory consumption went from 0.66 GB to 0.66 GB.
Total: 30.026600 ms (FindLiveObjects: 0.689500 ms CreateObjectMapping: 0.375600 ms MarkObjects: 28.639600 ms  DeleteObjects: 0.079800 ms)

GPU Resident Drawer created.
Asset Pipeline Refresh (id=f0c51c1698e5fa64c88bf3ba05eee447): Total: 0.022 seconds - Initiated by RefreshV2(AllowForceSynchronousImport)
Asset Pipeline Refresh (id=e29dcb8ea1bddc448befcd55e9443375): Total: 0.007 seconds - Initiated by RefreshV2(AllowForceSynchronousImport)
Asset Pipeline Refresh (id=261c2dc02148609448e4be26aaaab132): Total: 0.006 seconds - Initiated by RefreshV2(AllowForceSynchronousImport)
GPU Resident Drawer disposed.
Entering Playmode with Reload Domain disabled.
If you experience any issues, please disable "Enter Play Mode Options" in Editor Settings
Entering Playmode with Reload Scene disabled. If you experience any issues, please disable "Enter Play Mode Options" in Editor Settings
GPU Resident Drawer created.
[Player] Jump pressed! isGrounded: True, Timer: 0
UnityEngine.Debug:ExtractStackTraceNoAlloc (byte*,int,string)
UnityEngine.StackTraceUtility:ExtractStackTrace ()
UnityEngine.DebugLogHandler:Internal_Log (UnityEngine.LogType,UnityEngine.LogOption,string,UnityEngine.Object)
UnityEngine.DebugLogHandler:LogFormat (UnityEngine.LogType,UnityEngine.Object,string,object[])
UnityEngine.Logger:Log (UnityEngine.LogType,object)
UnityEngine.Debug:Log (object)
Player:Update () (at Assets/Player.cs:113)

(Filename: Assets/Player.cs Line: 113)

[Player] Jump executed! JumpForce: 12, y-velocity: 12
UnityEngine.Debug:ExtractStackTraceNoAlloc (byte*,int,string)
UnityEngine.StackTraceUtility:ExtractStackTrace ()
UnityEngine.DebugLogHandler:Internal_Log (UnityEngine.LogType,UnityEngine.LogOption,string,UnityEngine.Object)
UnityEngine.DebugLogHandler:LogFormat (UnityEngine.LogType,UnityEngine.Object,string,object[])
UnityEngine.Logger:Log (UnityEngine.LogType,object)
UnityEngine.Debug:Log (object)
Player:Jump () (at Assets/Player.cs:263)
Player:Update () (at Assets/Player.cs:117)

(Filename: Assets/Player.cs Line: 263)

[Player] Jump pressed! isGrounded: True, Timer: -0.0002588853
UnityEngine.Debug:ExtractStackTraceNoAlloc (byte*,int,string)
UnityEngine.StackTraceUtility:ExtractStackTrace ()
UnityEngine.DebugLogHandler:Internal_Log (UnityEngine.LogType,UnityEngine.LogOption,string,UnityEngine.Object)
UnityEngine.DebugLogHandler:LogFormat (UnityEngine.LogType,UnityEngine.Object,string,object[])
UnityEngine.Logger:Log (UnityEngine.LogType,object)
UnityEngine.Debug:Log (object)
Player:Update () (at Assets/Player.cs:113)

(Filename: Assets/Player.cs Line: 113)

[Player] Jump executed! JumpForce: 12, y-velocity: 12
UnityEngine.Debug:ExtractStackTraceNoAlloc (byte*,int,string)
UnityEngine.StackTraceUtility:ExtractStackTrace ()
UnityEngine.DebugLogHandler:Internal_Log (UnityEngine.LogType,UnityEngine.LogOption,string,UnityEngine.Object)
UnityEngine.DebugLogHandler:LogFormat (UnityEngine.LogType,UnityEngine.Object,string,object[])
UnityEngine.Logger:Log (UnityEngine.LogType,object)
UnityEngine.Debug:Log (object)
Player:Jump () (at Assets/Player.cs:263)
Player:Update () (at Assets/Player.cs:117)

(Filename: Assets/Player.cs Line: 263)

[PlayerHealth] Speed Boost activated! (1.6x for 5s)
UnityEngine.Debug:ExtractStackTraceNoAlloc (byte*,int,string)
UnityEngine.StackTraceUtility:ExtractStackTrace ()
UnityEngine.DebugLogHandler:Internal_Log (UnityEngine.LogType,UnityEngine.LogOption,string,UnityEngine.Object)
UnityEngine.DebugLogHandler:LogFormat (UnityEngine.LogType,UnityEngine.Object,string,object[])
UnityEngine.Logger:Log (UnityEngine.LogType,object)
UnityEngine.Debug:Log (object)
PlayerHealth:ApplySpeedBoost (single,single) (at Assets/LaserCorridor/PlayerHealth.cs:145)
BonusFloorPanel:GrantBonus (PlayerHealth) (at Assets/LaserCorridor/BonusFloorPanel.cs:106)
BonusFloorPanel:OnTriggerEnter (UnityEngine.Collider) (at Assets/LaserCorridor/BonusFloorPanel.cs:90)

(Filename: Assets/LaserCorridor/PlayerHealth.cs Line: 145)

[Player] Jump pressed! isGrounded: True, Timer: -0.00299102
UnityEngine.Debug:ExtractStackTraceNoAlloc (byte*,int,string)
UnityEngine.StackTraceUtility:ExtractStackTrace ()
UnityEngine.DebugLogHandler:Internal_Log (UnityEngine.LogType,UnityEngine.LogOption,string,UnityEngine.Object)
UnityEngine.DebugLogHandler:LogFormat (UnityEngine.LogType,UnityEngine.Object,string,object[])
UnityEngine.Logger:Log (UnityEngine.LogType,object)
UnityEngine.Debug:Log (object)
Player:Update () (at Assets/Player.cs:113)

(Filename: Assets/Player.cs Line: 113)

[Player] Jump executed! JumpForce: 12, y-velocity: 12
UnityEngine.Debug:ExtractStackTraceNoAlloc (byte*,int,string)
UnityEngine.StackTraceUtility:ExtractStackTrace ()
UnityEngine.DebugLogHandler:Internal_Log (UnityEngine.LogType,UnityEngine.LogOption,string,UnityEngine.Object)
UnityEngine.DebugLogHandler:LogFormat (UnityEngine.LogType,UnityEngine.Object,string,object[])
UnityEngine.Logger:Log (UnityEngine.LogType,object)
UnityEngine.Debug:Log (object)
Player:Jump () (at Assets/Player.cs:263)
Player:Update () (at Assets/Player.cs:117)

(Filename: Assets/Player.cs Line: 263)

[Player] Jump pressed! isGrounded: True, Timer: -0.001688019
UnityEngine.Debug:ExtractStackTraceNoAlloc (byte*,int,string)
UnityEngine.StackTraceUtility:ExtractStackTrace ()
UnityEngine.DebugLogHandler:Internal_Log (UnityEngine.LogType,UnityEngine.LogOption,string,UnityEngine.Object)
UnityEngine.DebugLogHandler:LogFormat (UnityEngine.LogType,UnityEngine.Object,string,object[])
UnityEngine.Logger:Log (UnityEngine.LogType,object)
UnityEngine.Debug:Log (object)
Player:Update () (at Assets/Player.cs:113)

(Filename: Assets/Player.cs Line: 113)

[Player] Jump executed! JumpForce: 12, y-velocity: 12
UnityEngine.Debug:ExtractStackTraceNoAlloc (byte*,int,string)
UnityEngine.StackTraceUtility:ExtractStackTrace ()
UnityEngine.DebugLogHandler:Internal_Log (UnityEngine.LogType,UnityEngine.LogOption,string,UnityEngine.Object)
UnityEngine.DebugLogHandler:LogFormat (UnityEngine.LogType,UnityEngine.Object,string,object[])
UnityEngine.Logger:Log (UnityEngine.LogType,object)
UnityEngine.Debug:Log (object)
Player:Jump () (at Assets/Player.cs:263)
Player:Update () (at Assets/Player.cs:117)

(Filename: Assets/Player.cs Line: 263)

[CorridorGoal] PLAYER REACHED THE END OF THE CORRIDOR!
UnityEngine.Debug:ExtractStackTraceNoAlloc (byte*,int,string)
UnityEngine.StackTraceUtility:ExtractStackTrace ()
UnityEngine.DebugLogHandler:Internal_Log (UnityEngine.LogType,UnityEngine.LogOption,string,UnityEngine.Object)
UnityEngine.DebugLogHandler:LogFormat (UnityEngine.LogType,UnityEngine.Object,string,object[])
UnityEngine.Logger:Log (UnityEngine.LogType,object)
UnityEngine.Debug:Log (object)
CorridorGoal:OnTriggerEnter (UnityEngine.Collider) (at Assets/LaserCorridor/CorridorGoal.cs:27)

(Filename: Assets/LaserCorridor/CorridorGoal.cs Line: 27)

[GameManager] VICTORY! Corridor Cleared!
UnityEngine.Debug:ExtractStackTraceNoAlloc (byte*,int,string)
UnityEngine.StackTraceUtility:ExtractStackTrace ()
UnityEngine.DebugLogHandler:Internal_Log (UnityEngine.LogType,UnityEngine.LogOption,string,UnityEngine.Object)
UnityEngine.DebugLogHandler:LogFormat (UnityEngine.LogType,UnityEngine.Object,string,object[])
UnityEngine.Logger:Log (UnityEngine.LogType,object)
UnityEngine.Debug:Log (object)
LaserCorridorGameManager:OnGoalReached () (at Assets/LaserCorridor/LaserCorridorGameManager.cs:137)
CorridorGoal:OnTriggerEnter (UnityEngine.Collider) (at Assets/LaserCorridor/CorridorGoal.cs:31)

(Filename: Assets/LaserCorridor/LaserCorridorGameManager.cs Line: 137)

GPU Resident Drawer disposed.
Unloading 4 Unused Serialized files (Serialized files now loaded: 0)
Loaded scene 'Temp/__Backupscenes/0.backup'
	Deserialize:            1.008 ms
	Integration:            30.425 ms
	Integration of assets:  0.028 ms
	Thread Wait Time:       0.020 ms
	Total Operation Time:   31.481 ms
Unloading 4 unused Assets / (510.4 KB). Loaded Objects now: 9376.
Memory consumption went from 0.67 GB to 0.67 GB.
Total: 33.401500 ms (FindLiveObjects: 0.662800 ms CreateObjectMapping: 0.321600 ms MarkObjects: 32.086600 ms  DeleteObjects: 0.078300 ms)

[Licensing::Client] Successfully resolved entitlement details
GPU Resident Drawer created.
Asset Pipeline Refresh (id=f2d69e9b140493945a41e7a012aca17a): Total: 0.019 seconds - Initiated by RefreshV2(AllowForceSynchronousImport)
GPU Resident Drawer disposed.
Entering Playmode with Reload Domain disabled.
If you experience any issues, please disable "Enter Play Mode Options" in Editor Settings
Entering Playmode with Reload Scene disabled. If you experience any issues, please disable "Enter Play Mode Options" in Editor Settings
GPU Resident Drawer created.
GPU Resident Drawer disposed.
GPU Resident Drawer created.
[Player] Jump pressed! isGrounded: True, Timer: 0
UnityEngine.Debug:ExtractStackTraceNoAlloc (byte*,int,string)
UnityEngine.StackTraceUtility:ExtractStackTrace ()
UnityEngine.DebugLogHandler:Internal_Log (UnityEngine.LogType,UnityEngine.LogOption,string,UnityEngine.Object)
UnityEngine.DebugLogHandler:LogFormat (UnityEngine.LogType,UnityEngine.Object,string,object[])
UnityEngine.Logger:Log (UnityEngine.LogType,object)
UnityEngine.Debug:Log (object)
Player:Update () (at Assets/Player.cs:113)

(Filename: Assets/Player.cs Line: 113)

[Player] Jump executed! JumpForce: 5, y-velocity: 5
UnityEngine.Debug:ExtractStackTraceNoAlloc (byte*,int,string)
UnityEngine.StackTraceUtility:ExtractStackTrace ()
UnityEngine.DebugLogHandler:Internal_Log (UnityEngine.LogType,UnityEngine.LogOption,string,UnityEngine.Object)
UnityEngine.DebugLogHandler:LogFormat (UnityEngine.LogType,UnityEngine.Object,string,object[])
UnityEngine.Logger:Log (UnityEngine.LogType,object)
UnityEngine.Debug:Log (object)
Player:Jump () (at Assets/Player.cs:263)
Player:Update () (at Assets/Player.cs:117)

(Filename: Assets/Player.cs Line: 263)

[Player] Jump pressed! isGrounded: True, Timer: -0.0008066788
UnityEngine.Debug:ExtractStackTraceNoAlloc (byte*,int,string)
UnityEngine.StackTraceUtility:ExtractStackTrace ()
UnityEngine.DebugLogHandler:Internal_Log (UnityEngine.LogType,UnityEngine.LogOption,string,UnityEngine.Object)
UnityEngine.DebugLogHandler:LogFormat (UnityEngine.LogType,UnityEngine.Object,string,object[])
UnityEngine.Logger:Log (UnityEngine.LogType,object)
UnityEngine.Debug:Log (object)
Player:Update () (at Assets/Player.cs:113)

(Filename: Assets/Player.cs Line: 113)

[Player] Jump executed! JumpForce: 5, y-velocity: 5
UnityEngine.Debug:ExtractStackTraceNoAlloc (byte*,int,string)
UnityEngine.StackTraceUtility:ExtractStackTrace ()
UnityEngine.DebugLogHandler:Internal_Log (UnityEngine.LogType,UnityEngine.LogOption,string,UnityEngine.Object)
UnityEngine.DebugLogHandler:LogFormat (UnityEngine.LogType,UnityEngine.Object,string,object[])
UnityEngine.Logger:Log (UnityEngine.LogType,object)
UnityEngine.Debug:Log (object)
Player:Jump () (at Assets/Player.cs:263)
Player:Update () (at Assets/Player.cs:117)

(Filename: Assets/Player.cs Line: 263)

[Player] Jump pressed! isGrounded: True, Timer: -0.002594776
UnityEngine.Debug:ExtractStackTraceNoAlloc (byte*,int,string)
UnityEngine.StackTraceUtility:ExtractStackTrace ()
UnityEngine.DebugLogHandler:Internal_Log (UnityEngine.LogType,UnityEngine.LogOption,string,UnityEngine.Object)
UnityEngine.DebugLogHandler:LogFormat (UnityEngine.LogType,UnityEngine.Object,string,object[])
UnityEngine.Logger:Log (UnityEngine.LogType,object)
UnityEngine.Debug:Log (object)
Player:Update () (at Assets/Player.cs:113)

(Filename: Assets/Player.cs Line: 113)

[Player] Jump executed! JumpForce: 5, y-velocity: 5
UnityEngine.Debug:ExtractStackTraceNoAlloc (byte*,int,string)
UnityEngine.StackTraceUtility:ExtractStackTrace ()
UnityEngine.DebugLogHandler:Internal_Log (UnityEngine.LogType,UnityEngine.LogOption,string,UnityEngine.Object)
UnityEngine.DebugLogHandler:LogFormat (UnityEngine.LogType,UnityEngine.Object,string,object[])
UnityEngine.Logger:Log (UnityEngine.LogType,object)
UnityEngine.Debug:Log (object)
Player:Jump () (at Assets/Player.cs:263)
Player:Update () (at Assets/Player.cs:117)

(Filename: Assets/Player.cs Line: 263)

[PlayerHealth] Speed Boost activated! (1.6x for 5s)
UnityEngine.Debug:ExtractStackTraceNoAlloc (byte*,int,string)
UnityEngine.StackTraceUtility:ExtractStackTrace ()
UnityEngine.DebugLogHandler:Internal_Log (UnityEngine.LogType,UnityEngine.LogOption,string,UnityEngine.Object)
UnityEngine.DebugLogHandler:LogFormat (UnityEngine.LogType,UnityEngine.Object,string,object[])
UnityEngine.Logger:Log (UnityEngine.LogType,object)
UnityEngine.Debug:Log (object)
PlayerHealth:ApplySpeedBoost (single,single) (at Assets/LaserCorridor/PlayerHealth.cs:145)
BonusFloorPanel:GrantBonus (PlayerHealth) (at Assets/LaserCorridor/BonusFloorPanel.cs:106)
BonusFloorPanel:OnTriggerEnter (UnityEngine.Collider) (at Assets/LaserCorridor/BonusFloorPanel.cs:90)

(Filename: Assets/LaserCorridor/PlayerHealth.cs Line: 145)

[Player] Jump pressed! isGrounded: True, Timer: -0.001570293
UnityEngine.Debug:ExtractStackTraceNoAlloc (byte*,int,string)
UnityEngine.StackTraceUtility:ExtractStackTrace ()
UnityEngine.DebugLogHandler:Internal_Log (UnityEngine.LogType,UnityEngine.LogOption,string,UnityEngine.Object)
UnityEngine.DebugLogHandler:LogFormat (UnityEngine.LogType,UnityEngine.Object,string,object[])
UnityEngine.Logger:Log (UnityEngine.LogType,object)
UnityEngine.Debug:Log (object)
Player:Update () (at Assets/Player.cs:113)

(Filename: Assets/Player.cs Line: 113)

[Player] Jump executed! JumpForce: 5, y-velocity: 5
UnityEngine.Debug:ExtractStackTraceNoAlloc (byte*,int,string)
UnityEngine.StackTraceUtility:ExtractStackTrace ()
UnityEngine.DebugLogHandler:Internal_Log (UnityEngine.LogType,UnityEngine.LogOption,string,UnityEngine.Object)
UnityEngine.DebugLogHandler:LogFormat (UnityEngine.LogType,UnityEngine.Object,string,object[])
UnityEngine.Logger:Log (UnityEngine.LogType,object)
UnityEngine.Debug:Log (object)
Player:Jump () (at Assets/Player.cs:263)
Player:Update () (at Assets/Player.cs:117)

(Filename: Assets/Player.cs Line: 263)

[PlayerHealth] Restored 35 HP! Current HP: 100/100
UnityEngine.Debug:ExtractStackTraceNoAlloc (byte*,int,string)
UnityEngine.StackTraceUtility:ExtractStackTrace ()
UnityEngine.DebugLogHandler:Internal_Log (UnityEngine.LogType,UnityEngine.LogOption,string,UnityEngine.Object)
UnityEngine.DebugLogHandler:LogFormat (UnityEngine.LogType,UnityEngine.Object,string,object[])
UnityEngine.Logger:Log (UnityEngine.LogType,object)
UnityEngine.Debug:Log (object)
PlayerHealth:Heal (int) (at Assets/LaserCorridor/PlayerHealth.cs:125)
BonusFloorPanel:GrantBonus (PlayerHealth) (at Assets/LaserCorridor/BonusFloorPanel.cs:102)
BonusFloorPanel:OnTriggerEnter (UnityEngine.Collider) (at Assets/LaserCorridor/BonusFloorPanel.cs:90)

(Filename: Assets/LaserCorridor/PlayerHealth.cs Line: 125)

[PlayerHealth] Energy Shield activated for 5s!
UnityEngine.Debug:ExtractStackTraceNoAlloc (byte*,int,string)
UnityEngine.StackTraceUtility:ExtractStackTrace ()
UnityEngine.DebugLogHandler:Internal_Log (UnityEngine.LogType,UnityEngine.LogOption,string,UnityEngine.Object)
UnityEngine.DebugLogHandler:LogFormat (UnityEngine.LogType,UnityEngine.Object,string,object[])
UnityEngine.Logger:Log (UnityEngine.LogType,object)
UnityEngine.Debug:Log (object)
PlayerHealth:ApplyShield (single) (at Assets/LaserCorridor/PlayerHealth.cs:168)
BonusFloorPanel:GrantBonus (PlayerHealth) (at Assets/LaserCorridor/BonusFloorPanel.cs:110)
BonusFloorPanel:OnTriggerEnter (UnityEngine.Collider) (at Assets/LaserCorridor/BonusFloorPanel.cs:90)

(Filename: Assets/LaserCorridor/PlayerHealth.cs Line: 168)

[PlayerHealth] Speed Boost ended.
UnityEngine.Debug:ExtractStackTraceNoAlloc (byte*,int,string)
UnityEngine.StackTraceUtility:ExtractStackTrace ()
UnityEngine.DebugLogHandler:Internal_Log (UnityEngine.LogType,UnityEngine.LogOption,string,UnityEngine.Object)
UnityEngine.DebugLogHandler:LogFormat (UnityEngine.LogType,UnityEngine.Object,string,object[])
UnityEngine.Logger:Log (UnityEngine.LogType,object)
UnityEngine.Debug:Log (object)
PlayerHealth:ResetSpeedBoost () (at Assets/LaserCorridor/PlayerHealth.cs:157)
PlayerHealth:Update () (at Assets/LaserCorridor/PlayerHealth.cs:77)

(Filename: Assets/LaserCorridor/PlayerHealth.cs Line: 157)

[Player] Jump pressed! isGrounded: True, Timer: -0.01087958
UnityEngine.Debug:ExtractStackTraceNoAlloc (byte*,int,string)
UnityEngine.StackTraceUtility:ExtractStackTrace ()
UnityEngine.DebugLogHandler:Internal_Log (UnityEngine.LogType,UnityEngine.LogOption,string,UnityEngine.Object)
UnityEngine.DebugLogHandler:LogFormat (UnityEngine.LogType,UnityEngine.Object,string,object[])
UnityEngine.Logger:Log (UnityEngine.LogType,object)
UnityEngine.Debug:Log (object)
Player:Update () (at Assets/Player.cs:113)

(Filename: Assets/Player.cs Line: 113)

[Player] Jump executed! JumpForce: 5, y-velocity: 5
UnityEngine.Debug:ExtractStackTraceNoAlloc (byte*,int,string)
UnityEngine.StackTraceUtility:ExtractStackTrace ()
UnityEngine.DebugLogHandler:Internal_Log (UnityEngine.LogType,UnityEngine.LogOption,string,UnityEngine.Object)
UnityEngine.DebugLogHandler:LogFormat (UnityEngine.LogType,UnityEngine.Object,string,object[])
UnityEngine.Logger:Log (UnityEngine.LogType,object)
UnityEngine.Debug:Log (object)
Player:Jump () (at Assets/Player.cs:263)
Player:Update () (at Assets/Player.cs:117)

(Filename: Assets/Player.cs Line: 263)

[PlayerHealth] Shield absorbed laser damage!
UnityEngine.Debug:ExtractStackTraceNoAlloc (byte*,int,string)
UnityEngine.StackTraceUtility:ExtractStackTrace ()
UnityEngine.DebugLogHandler:Internal_Log (UnityEngine.LogType,UnityEngine.LogOption,string,UnityEngine.Object)
UnityEngine.DebugLogHandler:LogFormat (UnityEngine.LogType,UnityEngine.Object,string,object[])
UnityEngine.Logger:Log (UnityEngine.LogType,object)
UnityEngine.Debug:Log (object)
PlayerHealth:TakeDamage (int) (at Assets/LaserCorridor/PlayerHealth.cs:92)
LaserBeam:OnTriggerEnter (UnityEngine.Collider) (at Assets/LaserCorridor/LaserBeam.cs:107)

(Filename: Assets/LaserCorridor/PlayerHealth.cs Line: 92)

[PlayerHealth] Took 35 damage! Remaining HP: 65/100
UnityEngine.Debug:ExtractStackTraceNoAlloc (byte*,int,string)
UnityEngine.StackTraceUtility:ExtractStackTrace ()
UnityEngine.DebugLogHandler:Internal_Log (UnityEngine.LogType,UnityEngine.LogOption,string,UnityEngine.Object)
UnityEngine.DebugLogHandler:LogFormat (UnityEngine.LogType,UnityEngine.Object,string,object[])
UnityEngine.Logger:Log (UnityEngine.LogType,object)
UnityEngine.Debug:Log (object)
PlayerHealth:TakeDamage (int) (at Assets/LaserCorridor/PlayerHealth.cs:104)
LaserBeam:OnTriggerEnter (UnityEngine.Collider) (at Assets/LaserCorridor/LaserBeam.cs:107)

(Filename: Assets/LaserCorridor/PlayerHealth.cs Line: 104)

[Player] Jump pressed! isGrounded: True, Timer: -0.002399594
UnityEngine.Debug:ExtractStackTraceNoAlloc (byte*,int,string)
UnityEngine.StackTraceUtility:ExtractStackTrace ()
UnityEngine.DebugLogHandler:Internal_Log (UnityEngine.LogType,UnityEngine.LogOption,string,UnityEngine.Object)
UnityEngine.DebugLogHandler:LogFormat (UnityEngine.LogType,UnityEngine.Object,string,object[])
UnityEngine.Logger:Log (UnityEngine.LogType,object)
UnityEngine.Debug:Log (object)
Player:Update () (at Assets/Player.cs:113)

(Filename: Assets/Player.cs Line: 113)

[Player] Jump executed! JumpForce: 5, y-velocity: 5
UnityEngine.Debug:ExtractStackTraceNoAlloc (byte*,int,string)
UnityEngine.StackTraceUtility:ExtractStackTrace ()
UnityEngine.DebugLogHandler:Internal_Log (UnityEngine.LogType,UnityEngine.LogOption,string,UnityEngine.Object)
UnityEngine.DebugLogHandler:LogFormat (UnityEngine.LogType,UnityEngine.Object,string,object[])
UnityEngine.Logger:Log (UnityEngine.LogType,object)
UnityEngine.Debug:Log (object)
Player:Jump () (at Assets/Player.cs:263)
Player:Update () (at Assets/Player.cs:117)

(Filename: Assets/Player.cs Line: 263)

[Player] Jump pressed! isGrounded: True, Timer: -0.001102105
UnityEngine.Debug:ExtractStackTraceNoAlloc (byte*,int,string)
UnityEngine.StackTraceUtility:ExtractStackTrace ()
UnityEngine.DebugLogHandler:Internal_Log (UnityEngine.LogType,UnityEngine.LogOption,string,UnityEngine.Object)
UnityEngine.DebugLogHandler:LogFormat (UnityEngine.LogType,UnityEngine.Object,string,object[])
UnityEngine.Logger:Log (UnityEngine.LogType,object)
UnityEngine.Debug:Log (object)
Player:Update () (at Assets/Player.cs:113)

(Filename: Assets/Player.cs Line: 113)

[Player] Jump executed! JumpForce: 5, y-velocity: 5
UnityEngine.Debug:ExtractStackTraceNoAlloc (byte*,int,string)
UnityEngine.StackTraceUtility:ExtractStackTrace ()
UnityEngine.DebugLogHandler:Internal_Log (UnityEngine.LogType,UnityEngine.LogOption,string,UnityEngine.Object)
UnityEngine.DebugLogHandler:LogFormat (UnityEngine.LogType,UnityEngine.Object,string,object[])
UnityEngine.Logger:Log (UnityEngine.LogType,object)
UnityEngine.Debug:Log (object)
Player:Jump () (at Assets/Player.cs:263)
Player:Update () (at Assets/Player.cs:117)

(Filename: Assets/Player.cs Line: 263)

[PlayerHealth] Took 35 damage! Remaining HP: 30/100
UnityEngine.Debug:ExtractStackTraceNoAlloc (byte*,int,string)
UnityEngine.StackTraceUtility:ExtractStackTrace ()
UnityEngine.DebugLogHandler:Internal_Log (UnityEngine.LogType,UnityEngine.LogOption,string,UnityEngine.Object)
UnityEngine.DebugLogHandler:LogFormat (UnityEngine.LogType,UnityEngine.Object,string,object[])
UnityEngine.Logger:Log (UnityEngine.LogType,object)
UnityEngine.Debug:Log (object)
PlayerHealth:TakeDamage (int) (at Assets/LaserCorridor/PlayerHealth.cs:104)
LaserBeam:OnTriggerEnter (UnityEngine.Collider) (at Assets/LaserCorridor/LaserBeam.cs:107)

(Filename: Assets/LaserCorridor/PlayerHealth.cs Line: 104)

[PlayerHealth] Took 35 damage! Remaining HP: 0/100
UnityEngine.Debug:ExtractStackTraceNoAlloc (byte*,int,string)
UnityEngine.StackTraceUtility:ExtractStackTrace ()
UnityEngine.DebugLogHandler:Internal_Log (UnityEngine.LogType,UnityEngine.LogOption,string,UnityEngine.Object)
UnityEngine.DebugLogHandler:LogFormat (UnityEngine.LogType,UnityEngine.Object,string,object[])
UnityEngine.Logger:Log (UnityEngine.LogType,object)
UnityEngine.Debug:Log (object)
PlayerHealth:TakeDamage (int) (at Assets/LaserCorridor/PlayerHealth.cs:104)
LaserBeam:OnTriggerEnter (UnityEngine.Collider) (at Assets/LaserCorridor/LaserBeam.cs:107)

(Filename: Assets/LaserCorridor/PlayerHealth.cs Line: 104)

[PlayerHealth] Player eliminated by corridor laser!
UnityEngine.Debug:ExtractStackTraceNoAlloc (byte*,int,string)
UnityEngine.StackTraceUtility:ExtractStackTrace ()
UnityEngine.DebugLogHandler:Internal_Log (UnityEngine.LogType,UnityEngine.LogOption,string,UnityEngine.Object)
UnityEngine.DebugLogHandler:LogFormat (UnityEngine.LogType,UnityEngine.Object,string,object[])
UnityEngine.Logger:Log (UnityEngine.LogType,object)
UnityEngine.Debug:Log (object)
PlayerHealth:Die () (at Assets/LaserCorridor/PlayerHealth.cs:181)
PlayerHealth:TakeDamage (int) (at Assets/LaserCorridor/PlayerHealth.cs:110)
LaserBeam:OnTriggerEnter (UnityEngine.Collider) (at Assets/LaserCorridor/LaserBeam.cs:107)

(Filename: Assets/LaserCorridor/PlayerHealth.cs Line: 181)

[GameManager] GAME OVER! Player eliminated. Preparing reset...
UnityEngine.Debug:ExtractStackTraceNoAlloc (byte*,int,string)
UnityEngine.StackTraceUtility:ExtractStackTrace ()
UnityEngine.DebugLogHandler:Internal_Log (UnityEngine.LogType,UnityEngine.LogOption,string,UnityEngine.Object)
UnityEngine.DebugLogHandler:LogFormat (UnityEngine.LogType,UnityEngine.Object,string,object[])
UnityEngine.Logger:Log (UnityEngine.LogType,object)
UnityEngine.Debug:Log (object)
LaserCorridorGameManager:HandlePlayerDeath () (at Assets/LaserCorridor/LaserCorridorGameManager.cs:122)
PlayerHealth:Die () (at Assets/LaserCorridor/PlayerHealth.cs:182)
PlayerHealth:TakeDamage (int) (at Assets/LaserCorridor/PlayerHealth.cs:110)
LaserBeam:OnTriggerEnter (UnityEngine.Collider) (at Assets/LaserCorridor/LaserBeam.cs:107)

(Filename: Assets/LaserCorridor/LaserCorridorGameManager.cs Line: 122)

Setting linear velocity of a kinematic body is not supported.
UnityEngine.Debug:ExtractStackTraceNoAlloc (byte*,int,string)
UnityEngine.StackTraceUtility:ExtractStackTrace ()
UnityEngine.Rigidbody:set_linearVelocity (UnityEngine.Vector3)
LaserCorridorGameManager/<ResetPlayerRoutine>d__21:MoveNext () (at Assets/LaserCorridor/LaserCorridorGameManager.cs:160)
UnityEngine.SetupCoroutine:InvokeMoveNext (System.Collections.IEnumerator,intptr)

[Assets/LaserCorridor/LaserCorridorGameManager.cs line 160]

Setting angular velocity of a kinematic body is not supported.
UnityEngine.Debug:ExtractStackTraceNoAlloc (byte*,int,string)
UnityEngine.StackTraceUtility:ExtractStackTrace ()
UnityEngine.Rigidbody:set_angularVelocity (UnityEngine.Vector3)
LaserCorridorGameManager/<ResetPlayerRoutine>d__21:MoveNext () (at Assets/LaserCorridor/LaserCorridorGameManager.cs:161)
UnityEngine.SetupCoroutine:InvokeMoveNext (System.Collections.IEnumerator,intptr)

[Assets/LaserCorridor/LaserCorridorGameManager.cs line 161]

Setting linear velocity of a kinematic body is not supported.
UnityEngine.Debug:ExtractStackTraceNoAlloc (byte*,int,string)
UnityEngine.StackTraceUtility:ExtractStackTrace ()
UnityEngine.Rigidbody:set_linearVelocity (UnityEngine.Vector3)
Player:MovePlayer () (at Assets/Player.cs:232)
Player:FixedUpdate () (at Assets/Player.cs:218)

[Assets/Player.cs line 232]

Setting linear velocity of a kinematic body is not supported.
UnityEngine.Debug:ExtractStackTraceNoAlloc (byte*,int,string)
UnityEngine.StackTraceUtility:ExtractStackTrace ()
UnityEngine.Rigidbody:set_linearVelocity (UnityEngine.Vector3)
Player:MovePlayer () (at Assets/Player.cs:237)
Player:FixedUpdate () (at Assets/Player.cs:218)

[Assets/Player.cs line 237]

Setting linear velocity of a kinematic body is not supported.
UnityEngine.Debug:ExtractStackTraceNoAlloc (byte*,int,string)
UnityEngine.StackTraceUtility:ExtractStackTrace ()
UnityEngine.Rigidbody:set_linearVelocity (UnityEngine.Vector3)
LaserCorridorGameManager/<ResetPlayerRoutine>d__21:MoveNext () (at Assets/LaserCorridor/LaserCorridorGameManager.cs:172)
UnityEngine.SetupCoroutine:InvokeMoveNext (System.Collections.IEnumerator,intptr)

[Assets/LaserCorridor/LaserCorridorGameManager.cs line 172]

Setting angular velocity of a kinematic body is not supported.
UnityEngine.Debug:ExtractStackTraceNoAlloc (byte*,int,string)
UnityEngine.StackTraceUtility:ExtractStackTrace ()
UnityEngine.Rigidbody:set_angularVelocity (UnityEngine.Vector3)
LaserCorridorGameManager/<ResetPlayerRoutine>d__21:MoveNext () (at Assets/LaserCorridor/LaserCorridorGameManager.cs:173)
UnityEngine.SetupCoroutine:InvokeMoveNext (System.Collections.IEnumerator,intptr)

[Assets/LaserCorridor/LaserCorridorGameManager.cs line 173]

[PlayerHealth] Speed Boost ended.
UnityEngine.Debug:ExtractStackTraceNoAlloc (byte*,int,string)
UnityEngine.StackTraceUtility:ExtractStackTrace ()
UnityEngine.DebugLogHandler:Internal_Log (UnityEngine.LogType,UnityEngine.LogOption,string,UnityEngine.Object)
UnityEngine.DebugLogHandler:LogFormat (UnityEngine.LogType,UnityEngine.Object,string,object[])
UnityEngine.Logger:Log (UnityEngine.LogType,object)
UnityEngine.Debug:Log (object)
PlayerHealth:ResetSpeedBoost () (at Assets/LaserCorridor/PlayerHealth.cs:157)
PlayerHealth:ResetState () (at Assets/LaserCorridor/PlayerHealth.cs:194)
LaserCorridorGameManager/<ResetPlayerRoutine>d__21:MoveNext () (at Assets/LaserCorridor/LaserCorridorGameManager.cs:183)
UnityEngine.SetupCoroutine:InvokeMoveNext (System.Collections.IEnumerator,intptr)

(Filename: Assets/LaserCorridor/PlayerHealth.cs Line: 157)

GPU Resident Drawer disposed.
Unloading 3 Unused Serialized files (Serialized files now loaded: 0)
Loaded scene 'Temp/__Backupscenes/0.backup'
	Deserialize:            1.254 ms
	Integration:            26.856 ms
	Integration of assets:  0.033 ms
	Thread Wait Time:       0.017 ms
	Total Operation Time:   28.160 ms
Unloading 9 unused Assets / (0.7 MB). Loaded Objects now: 9388.
Memory consumption went from 0.68 GB to 0.68 GB.
Total: 30.012600 ms (FindLiveObjects: 0.737600 ms CreateObjectMapping: 0.334500 ms MarkObjects: 28.596800 ms  DeleteObjects: 0.093600 ms)

GPU Resident Drawer created.
GPU Resident Drawer disposed.
GPU Resident Drawer created.
GPU Resident Drawer disposed.
Entering Playmode with Reload Domain disabled.
If you experience any issues, please disable "Enter Play Mode Options" in Editor Settings
Entering Playmode with Reload Scene disabled. If you experience any issues, please disable "Enter Play Mode Options" in Editor Settings
GPU Resident Drawer created.
GPU Resident Drawer disposed.
GPU Resident Drawer created.
[Player] Jump pressed! isGrounded: True, Timer: 0
UnityEngine.Debug:ExtractStackTraceNoAlloc (byte*,int,string)
UnityEngine.StackTraceUtility:ExtractStackTrace ()
UnityEngine.DebugLogHandler:Internal_Log (UnityEngine.LogType,UnityEngine.LogOption,string,UnityEngine.Object)
UnityEngine.DebugLogHandler:LogFormat (UnityEngine.LogType,UnityEngine.Object,string,object[])
UnityEngine.Logger:Log (UnityEngine.LogType,object)
UnityEngine.Debug:Log (object)
Player:Update () (at Assets/Player.cs:113)

(Filename: Assets/Player.cs Line: 113)

[Player] Jump executed! JumpForce: 3, y-velocity: 3
UnityEngine.Debug:ExtractStackTraceNoAlloc (byte*,int,string)
UnityEngine.StackTraceUtility:ExtractStackTrace ()
UnityEngine.DebugLogHandler:Internal_Log (UnityEngine.LogType,UnityEngine.LogOption,string,UnityEngine.Object)
UnityEngine.DebugLogHandler:LogFormat (UnityEngine.LogType,UnityEngine.Object,string,object[])
UnityEngine.Logger:Log (UnityEngine.LogType,object)
UnityEngine.Debug:Log (object)
Player:Jump () (at Assets/Player.cs:263)
Player:Update () (at Assets/Player.cs:117)

(Filename: Assets/Player.cs Line: 263)

[Player] Jump pressed! isGrounded: True, Timer: -0.002114059
UnityEngine.Debug:ExtractStackTraceNoAlloc (byte*,int,string)
UnityEngine.StackTraceUtility:ExtractStackTrace ()
UnityEngine.DebugLogHandler:Internal_Log (UnityEngine.LogType,UnityEngine.LogOption,string,UnityEngine.Object)
UnityEngine.DebugLogHandler:LogFormat (UnityEngine.LogType,UnityEngine.Object,string,object[])
UnityEngine.Logger:Log (UnityEngine.LogType,object)
UnityEngine.Debug:Log (object)
Player:Update () (at Assets/Player.cs:113)

(Filename: Assets/Player.cs Line: 113)

[Player] Jump executed! JumpForce: 3, y-velocity: 3
UnityEngine.Debug:ExtractStackTraceNoAlloc (byte*,int,string)
UnityEngine.StackTraceUtility:ExtractStackTrace ()
UnityEngine.DebugLogHandler:Internal_Log (UnityEngine.LogType,UnityEngine.LogOption,string,UnityEngine.Object)
UnityEngine.DebugLogHandler:LogFormat (UnityEngine.LogType,UnityEngine.Object,string,object[])
UnityEngine.Logger:Log (UnityEngine.LogType,object)
UnityEngine.Debug:Log (object)
Player:Jump () (at Assets/Player.cs:263)
Player:Update () (at Assets/Player.cs:117)

(Filename: Assets/Player.cs Line: 263)

[Player] Jump pressed! isGrounded: True, Timer: -0.003391092
UnityEngine.Debug:ExtractStackTraceNoAlloc (byte*,int,string)
UnityEngine.StackTraceUtility:ExtractStackTrace ()
UnityEngine.DebugLogHandler:Internal_Log (UnityEngine.LogType,UnityEngine.LogOption,string,UnityEngine.Object)
UnityEngine.DebugLogHandler:LogFormat (UnityEngine.LogType,UnityEngine.Object,string,object[])
UnityEngine.Logger:Log (UnityEngine.LogType,object)
UnityEngine.Debug:Log (object)
Player:Update () (at Assets/Player.cs:113)

(Filename: Assets/Player.cs Line: 113)

[Player] Jump executed! JumpForce: 3, y-velocity: 3
UnityEngine.Debug:ExtractStackTraceNoAlloc (byte*,int,string)
UnityEngine.StackTraceUtility:ExtractStackTrace ()
UnityEngine.DebugLogHandler:Internal_Log (UnityEngine.LogType,UnityEngine.LogOption,string,UnityEngine.Object)
UnityEngine.DebugLogHandler:LogFormat (UnityEngine.LogType,UnityEngine.Object,string,object[])
UnityEngine.Logger:Log (UnityEngine.LogType,object)
UnityEngine.Debug:Log (object)
Player:Jump () (at Assets/Player.cs:263)
Player:Update () (at Assets/Player.cs:117)

(Filename: Assets/Player.cs Line: 263)

[Player] Jump pressed! isGrounded: True, Timer: -0.01000814
UnityEngine.Debug:ExtractStackTraceNoAlloc (byte*,int,string)
UnityEngine.StackTraceUtility:ExtractStackTrace ()
UnityEngine.DebugLogHandler:Internal_Log (UnityEngine.LogType,UnityEngine.LogOption,string,UnityEngine.Object)
UnityEngine.DebugLogHandler:LogFormat (UnityEngine.LogType,UnityEngine.Object,string,object[])
UnityEngine.Logger:Log (UnityEngine.LogType,object)
UnityEngine.Debug:Log (object)
Player:Update () (at Assets/Player.cs:113)

(Filename: Assets/Player.cs Line: 113)

[Player] Jump executed! JumpForce: 3, y-velocity: 3
UnityEngine.Debug:ExtractStackTraceNoAlloc (byte*,int,string)
UnityEngine.StackTraceUtility:ExtractStackTrace ()
UnityEngine.DebugLogHandler:Internal_Log (UnityEngine.LogType,UnityEngine.LogOption,string,UnityEngine.Object)
UnityEngine.DebugLogHandler:LogFormat (UnityEngine.LogType,UnityEngine.Object,string,object[])
UnityEngine.Logger:Log (UnityEngine.LogType,object)
UnityEngine.Debug:Log (object)
Player:Jump () (at Assets/Player.cs:263)
Player:Update () (at Assets/Player.cs:117)

(Filename: Assets/Player.cs Line: 263)

[Player] Jump pressed! isGrounded: True, Timer: -0.001660998
UnityEngine.Debug:ExtractStackTraceNoAlloc (byte*,int,string)
UnityEngine.StackTraceUtility:ExtractStackTrace ()
UnityEngine.DebugLogHandler:Internal_Log (UnityEngine.LogType,UnityEngine.LogOption,string,UnityEngine.Object)
UnityEngine.DebugLogHandler:LogFormat (UnityEngine.LogType,UnityEngine.Object,string,object[])
UnityEngine.Logger:Log (UnityEngine.LogType,object)
UnityEngine.Debug:Log (object)
Player:Update () (at Assets/Player.cs:113)

(Filename: Assets/Player.cs Line: 113)

[Player] Jump executed! JumpForce: 3, y-velocity: 3
UnityEngine.Debug:ExtractStackTraceNoAlloc (byte*,int,string)
UnityEngine.StackTraceUtility:ExtractStackTrace ()
UnityEngine.DebugLogHandler:Internal_Log (UnityEngine.LogType,UnityEngine.LogOption,string,UnityEngine.Object)
UnityEngine.DebugLogHandler:LogFormat (UnityEngine.LogType,UnityEngine.Object,string,object[])
UnityEngine.Logger:Log (UnityEngine.LogType,object)
UnityEngine.Debug:Log (object)
Player:Jump () (at Assets/Player.cs:263)
Player:Update () (at Assets/Player.cs:117)

(Filename: Assets/Player.cs Line: 263)

[Player] Jump pressed! isGrounded: True, Timer: -0.000620703
UnityEngine.Debug:ExtractStackTraceNoAlloc (byte*,int,string)
UnityEngine.StackTraceUtility:ExtractStackTrace ()
UnityEngine.DebugLogHandler:Internal_Log (UnityEngine.LogType,UnityEngine.LogOption,string,UnityEngine.Object)
UnityEngine.DebugLogHandler:LogFormat (UnityEngine.LogType,UnityEngine.Object,string,object[])
UnityEngine.Logger:Log (UnityEngine.LogType,object)
UnityEngine.Debug:Log (object)
Player:Update () (at Assets/Player.cs:113)

(Filename: Assets/Player.cs Line: 113)

[Player] Jump executed! JumpForce: 3, y-velocity: 3
UnityEngine.Debug:ExtractStackTraceNoAlloc (byte*,int,string)
UnityEngine.StackTraceUtility:ExtractStackTrace ()
UnityEngine.DebugLogHandler:Internal_Log (UnityEngine.LogType,UnityEngine.LogOption,string,UnityEngine.Object)
UnityEngine.DebugLogHandler:LogFormat (UnityEngine.LogType,UnityEngine.Object,string,object[])
UnityEngine.Logger:Log (UnityEngine.LogType,object)
UnityEngine.Debug:Log (object)
Player:Jump () (at Assets/Player.cs:263)
Player:Update () (at Assets/Player.cs:117)

(Filename: Assets/Player.cs Line: 263)

[Player] Jump pressed! isGrounded: True, Timer: -0.0002271624
UnityEngine.Debug:ExtractStackTraceNoAlloc (byte*,int,string)
UnityEngine.StackTraceUtility:ExtractStackTrace ()
UnityEngine.DebugLogHandler:Internal_Log (UnityEngine.LogType,UnityEngine.LogOption,string,UnityEngine.Object)
UnityEngine.DebugLogHandler:LogFormat (UnityEngine.LogType,UnityEngine.Object,string,object[])
UnityEngine.Logger:Log (UnityEngine.LogType,object)
UnityEngine.Debug:Log (object)
Player:Update () (at Assets/Player.cs:113)

(Filename: Assets/Player.cs Line: 113)

[Player] Jump executed! JumpForce: 3, y-velocity: 3
UnityEngine.Debug:ExtractStackTraceNoAlloc (byte*,int,string)
UnityEngine.StackTraceUtility:ExtractStackTrace ()
UnityEngine.DebugLogHandler:Internal_Log (UnityEngine.LogType,UnityEngine.LogOption,string,UnityEngine.Object)
UnityEngine.DebugLogHandler:LogFormat (UnityEngine.LogType,UnityEngine.Object,string,object[])
UnityEngine.Logger:Log (UnityEngine.LogType,object)
UnityEngine.Debug:Log (object)
Player:Jump () (at Assets/Player.cs:263)
Player:Update () (at Assets/Player.cs:117)

(Filename: Assets/Player.cs Line: 263)

[Player] Jump pressed! isGrounded: True, Timer: -0.007652095
UnityEngine.Debug:ExtractStackTraceNoAlloc (byte*,int,string)
UnityEngine.StackTraceUtility:ExtractStackTrace ()
UnityEngine.DebugLogHandler:Internal_Log (UnityEngine.LogType,UnityEngine.LogOption,string,UnityEngine.Object)
UnityEngine.DebugLogHandler:LogFormat (UnityEngine.LogType,UnityEngine.Object,string,object[])
UnityEngine.Logger:Log (UnityEngine.LogType,object)
UnityEngine.Debug:Log (object)
Player:Update () (at Assets/Player.cs:113)

(Filename: Assets/Player.cs Line: 113)

[Player] Jump executed! JumpForce: 3, y-velocity: 3
UnityEngine.Debug:ExtractStackTraceNoAlloc (byte*,int,string)
UnityEngine.StackTraceUtility:ExtractStackTrace ()
UnityEngine.DebugLogHandler:Internal_Log (UnityEngine.LogType,UnityEngine.LogOption,string,UnityEngine.Object)
UnityEngine.DebugLogHandler:LogFormat (UnityEngine.LogType,UnityEngine.Object,string,object[])
UnityEngine.Logger:Log (UnityEngine.LogType,object)
UnityEngine.Debug:Log (object)
Player:Jump () (at Assets/Player.cs:263)
Player:Update () (at Assets/Player.cs:117)

(Filename: Assets/Player.cs Line: 263)

[Player] Jump pressed! isGrounded: True, Timer: -0.001385693
UnityEngine.Debug:ExtractStackTraceNoAlloc (byte*,int,string)
UnityEngine.StackTraceUtility:ExtractStackTrace ()
UnityEngine.DebugLogHandler:Internal_Log (UnityEngine.LogType,UnityEngine.LogOption,string,UnityEngine.Object)
UnityEngine.DebugLogHandler:LogFormat (UnityEngine.LogType,UnityEngine.Object,string,object[])
UnityEngine.Logger:Log (UnityEngine.LogType,object)
UnityEngine.Debug:Log (object)
Player:Update () (at Assets/Player.cs:113)

(Filename: Assets/Player.cs Line: 113)

[Player] Jump executed! JumpForce: 3, y-velocity: 3
UnityEngine.Debug:ExtractStackTraceNoAlloc (byte*,int,string)
UnityEngine.StackTraceUtility:ExtractStackTrace ()
UnityEngine.DebugLogHandler:Internal_Log (UnityEngine.LogType,UnityEngine.LogOption,string,UnityEngine.Object)
UnityEngine.DebugLogHandler:LogFormat (UnityEngine.LogType,UnityEngine.Object,string,object[])
UnityEngine.Logger:Log (UnityEngine.LogType,object)
UnityEngine.Debug:Log (object)
Player:Jump () (at Assets/Player.cs:263)
Player:Update () (at Assets/Player.cs:117)

(Filename: Assets/Player.cs Line: 263)

[PlayerHealth] Took 35 damage! Remaining HP: 65/100
UnityEngine.Debug:ExtractStackTraceNoAlloc (byte*,int,string)
UnityEngine.StackTraceUtility:ExtractStackTrace ()
UnityEngine.DebugLogHandler:Internal_Log (UnityEngine.LogType,UnityEngine.LogOption,string,UnityEngine.Object)
UnityEngine.DebugLogHandler:LogFormat (UnityEngine.LogType,UnityEngine.Object,string,object[])
UnityEngine.Logger:Log (UnityEngine.LogType,object)
UnityEngine.Debug:Log (object)
PlayerHealth:TakeDamage (int) (at Assets/LaserCorridor/PlayerHealth.cs:104)
LaserBeam:OnTriggerEnter (UnityEngine.Collider) (at Assets/LaserCorridor/LaserBeam.cs:107)

(Filename: Assets/LaserCorridor/PlayerHealth.cs Line: 104)

[Player] Jump pressed! isGrounded: True, Timer: -0.001275813
UnityEngine.Debug:ExtractStackTraceNoAlloc (byte*,int,string)
UnityEngine.StackTraceUtility:ExtractStackTrace ()
UnityEngine.DebugLogHandler:Internal_Log (UnityEngine.LogType,UnityEngine.LogOption,string,UnityEngine.Object)
UnityEngine.DebugLogHandler:LogFormat (UnityEngine.LogType,UnityEngine.Object,string,object[])
UnityEngine.Logger:Log (UnityEngine.LogType,object)
UnityEngine.Debug:Log (object)
Player:Update () (at Assets/Player.cs:113)

(Filename: Assets/Player.cs Line: 113)

[Player] Jump executed! JumpForce: 3, y-velocity: 3
UnityEngine.Debug:ExtractStackTraceNoAlloc (byte*,int,string)
UnityEngine.StackTraceUtility:ExtractStackTrace ()
UnityEngine.DebugLogHandler:Internal_Log (UnityEngine.LogType,UnityEngine.LogOption,string,UnityEngine.Object)
UnityEngine.DebugLogHandler:LogFormat (UnityEngine.LogType,UnityEngine.Object,string,object[])
UnityEngine.Logger:Log (UnityEngine.LogType,object)
UnityEngine.Debug:Log (object)
Player:Jump () (at Assets/Player.cs:263)
Player:Update () (at Assets/Player.cs:117)

(Filename: Assets/Player.cs Line: 263)

[Player] Jump pressed! isGrounded: True, Timer: -0.002321577
UnityEngine.Debug:ExtractStackTraceNoAlloc (byte*,int,string)
UnityEngine.StackTraceUtility:ExtractStackTrace ()
UnityEngine.DebugLogHandler:Internal_Log (UnityEngine.LogType,UnityEngine.LogOption,string,UnityEngine.Object)
UnityEngine.DebugLogHandler:LogFormat (UnityEngine.LogType,UnityEngine.Object,string,object[])
UnityEngine.Logger:Log (UnityEngine.LogType,object)
UnityEngine.Debug:Log (object)
Player:Update () (at Assets/Player.cs:113)

(Filename: Assets/Player.cs Line: 113)

[Player] Jump executed! JumpForce: 3, y-velocity: 3
UnityEngine.Debug:ExtractStackTraceNoAlloc (byte*,int,string)
UnityEngine.StackTraceUtility:ExtractStackTrace ()
UnityEngine.DebugLogHandler:Internal_Log (UnityEngine.LogType,UnityEngine.LogOption,string,UnityEngine.Object)
UnityEngine.DebugLogHandler:LogFormat (UnityEngine.LogType,UnityEngine.Object,string,object[])
UnityEngine.Logger:Log (UnityEngine.LogType,object)
UnityEngine.Debug:Log (object)
Player:Jump () (at Assets/Player.cs:263)
Player:Update () (at Assets/Player.cs:117)

(Filename: Assets/Player.cs Line: 263)

[PlayerHealth] Took 35 damage! Remaining HP: 30/100
UnityEngine.Debug:ExtractStackTraceNoAlloc (byte*,int,string)
UnityEngine.StackTraceUtility:ExtractStackTrace ()
UnityEngine.DebugLogHandler:Internal_Log (UnityEngine.LogType,UnityEngine.LogOption,string,UnityEngine.Object)
UnityEngine.DebugLogHandler:LogFormat (UnityEngine.LogType,UnityEngine.Object,string,object[])
UnityEngine.Logger:Log (UnityEngine.LogType,object)
UnityEngine.Debug:Log (object)
PlayerHealth:TakeDamage (int) (at Assets/LaserCorridor/PlayerHealth.cs:104)
LaserBeam:OnTriggerEnter (UnityEngine.Collider) (at Assets/LaserCorridor/LaserBeam.cs:107)

(Filename: Assets/LaserCorridor/PlayerHealth.cs Line: 104)

[PlayerHealth] Speed Boost activated! (1.6x for 5s)
UnityEngine.Debug:ExtractStackTraceNoAlloc (byte*,int,string)
UnityEngine.StackTraceUtility:ExtractStackTrace ()
UnityEngine.DebugLogHandler:Internal_Log (UnityEngine.LogType,UnityEngine.LogOption,string,UnityEngine.Object)
UnityEngine.DebugLogHandler:LogFormat (UnityEngine.LogType,UnityEngine.Object,string,object[])
UnityEngine.Logger:Log (UnityEngine.LogType,object)
UnityEngine.Debug:Log (object)
PlayerHealth:ApplySpeedBoost (single,single) (at Assets/LaserCorridor/PlayerHealth.cs:145)
BonusFloorPanel:GrantBonus (PlayerHealth) (at Assets/LaserCorridor/BonusFloorPanel.cs:106)
BonusFloorPanel:OnTriggerEnter (UnityEngine.Collider) (at Assets/LaserCorridor/BonusFloorPanel.cs:90)

(Filename: Assets/LaserCorridor/PlayerHealth.cs Line: 145)

[Player] Jump pressed! isGrounded: True, Timer: -0.003289206
UnityEngine.Debug:ExtractStackTraceNoAlloc (byte*,int,string)
UnityEngine.StackTraceUtility:ExtractStackTrace ()
UnityEngine.DebugLogHandler:Internal_Log (UnityEngine.LogType,UnityEngine.LogOption,string,UnityEngine.Object)
UnityEngine.DebugLogHandler:LogFormat (UnityEngine.LogType,UnityEngine.Object,string,object[])
UnityEngine.Logger:Log (UnityEngine.LogType,object)
UnityEngine.Debug:Log (object)
Player:Update () (at Assets/Player.cs:113)

(Filename: Assets/Player.cs Line: 113)

[Player] Jump executed! JumpForce: 3, y-velocity: 3
UnityEngine.Debug:ExtractStackTraceNoAlloc (byte*,int,string)
UnityEngine.StackTraceUtility:ExtractStackTrace ()
UnityEngine.DebugLogHandler:Internal_Log (UnityEngine.LogType,UnityEngine.LogOption,string,UnityEngine.Object)
UnityEngine.DebugLogHandler:LogFormat (UnityEngine.LogType,UnityEngine.Object,string,object[])
UnityEngine.Logger:Log (UnityEngine.LogType,object)
UnityEngine.Debug:Log (object)
Player:Jump () (at Assets/Player.cs:263)
Player:Update () (at Assets/Player.cs:117)

(Filename: Assets/Player.cs Line: 263)

[PlayerHealth] Speed Boost ended.
UnityEngine.Debug:ExtractStackTraceNoAlloc (byte*,int,string)
UnityEngine.StackTraceUtility:ExtractStackTrace ()
UnityEngine.DebugLogHandler:Internal_Log (UnityEngine.LogType,UnityEngine.LogOption,string,UnityEngine.Object)
UnityEngine.DebugLogHandler:LogFormat (UnityEngine.LogType,UnityEngine.Object,string,object[])
UnityEngine.Logger:Log (UnityEngine.LogType,object)
UnityEngine.Debug:Log (object)
PlayerHealth:ResetSpeedBoost () (at Assets/LaserCorridor/PlayerHealth.cs:157)
PlayerHealth:Update () (at Assets/LaserCorridor/PlayerHealth.cs:77)

(Filename: Assets/LaserCorridor/PlayerHealth.cs Line: 157)

GPU Resident Drawer disposed.
Unloading 4 Unused Serialized files (Serialized files now loaded: 0)
Loaded scene 'Temp/__Backupscenes/0.backup'
	Deserialize:            1.099 ms
	Integration:            27.842 ms
	Integration of assets:  0.026 ms
	Thread Wait Time:       0.019 ms
	Total Operation Time:   28.986 ms
Unloading 4 unused Assets / (0.6 MB). Loaded Objects now: 9398.
Memory consumption went from 0.69 GB to 0.69 GB.
Total: 30.186100 ms (FindLiveObjects: 0.670600 ms CreateObjectMapping: 0.287400 ms MarkObjects: 28.924300 ms  DeleteObjects: 0.076800 ms)

GPU Resident Drawer created.
[Licensing::Client] Successfully resolved entitlement details
GPU Resident Drawer disposed.
GPU Resident Drawer created.
GPU Resident Drawer disposed.
Entering Playmode with Reload Domain disabled.
If you experience any issues, please disable "Enter Play Mode Options" in Editor Settings
Entering Playmode with Reload Scene disabled. If you experience any issues, please disable "Enter Play Mode Options" in Editor Settings
GPU Resident Drawer created.
GPU Resident Drawer disposed.
GPU Resident Drawer created.
[Player] Jump pressed! isGrounded: True, Timer: 0
UnityEngine.Debug:ExtractStackTraceNoAlloc (byte*,int,string)
UnityEngine.StackTraceUtility:ExtractStackTrace ()
UnityEngine.DebugLogHandler:Internal_Log (UnityEngine.LogType,UnityEngine.LogOption,string,UnityEngine.Object)
UnityEngine.DebugLogHandler:LogFormat (UnityEngine.LogType,UnityEngine.Object,string,object[])
UnityEngine.Logger:Log (UnityEngine.LogType,object)
UnityEngine.Debug:Log (object)
Player:Update () (at Assets/Player.cs:113)

(Filename: Assets/Player.cs Line: 113)

[Player] Jump executed! JumpForce: 3, y-velocity: 3
UnityEngine.Debug:ExtractStackTraceNoAlloc (byte*,int,string)
UnityEngine.StackTraceUtility:ExtractStackTrace ()
UnityEngine.DebugLogHandler:Internal_Log (UnityEngine.LogType,UnityEngine.LogOption,string,UnityEngine.Object)
UnityEngine.DebugLogHandler:LogFormat (UnityEngine.LogType,UnityEngine.Object,string,object[])
UnityEngine.Logger:Log (UnityEngine.LogType,object)
UnityEngine.Debug:Log (object)
Player:Jump () (at Assets/Player.cs:263)
Player:Update () (at Assets/Player.cs:117)

(Filename: Assets/Player.cs Line: 263)

[Player] Jump pressed! isGrounded: True, Timer: -0.002033171
UnityEngine.Debug:ExtractStackTraceNoAlloc (byte*,int,string)
UnityEngine.StackTraceUtility:ExtractStackTrace ()
UnityEngine.DebugLogHandler:Internal_Log (UnityEngine.LogType,UnityEngine.LogOption,string,UnityEngine.Object)
UnityEngine.DebugLogHandler:LogFormat (UnityEngine.LogType,UnityEngine.Object,string,object[])
UnityEngine.Logger:Log (UnityEngine.LogType,object)
UnityEngine.Debug:Log (object)
Player:Update () (at Assets/Player.cs:113)

(Filename: Assets/Player.cs Line: 113)

[Player] Jump executed! JumpForce: 3, y-velocity: 3
UnityEngine.Debug:ExtractStackTraceNoAlloc (byte*,int,string)
UnityEngine.StackTraceUtility:ExtractStackTrace ()
UnityEngine.DebugLogHandler:Internal_Log (UnityEngine.LogType,UnityEngine.LogOption,string,UnityEngine.Object)
UnityEngine.DebugLogHandler:LogFormat (UnityEngine.LogType,UnityEngine.Object,string,object[])
UnityEngine.Logger:Log (UnityEngine.LogType,object)
UnityEngine.Debug:Log (object)
Player:Jump () (at Assets/Player.cs:263)
Player:Update () (at Assets/Player.cs:117)

(Filename: Assets/Player.cs Line: 263)

GPU Resident Drawer disposed.
Unloading 4 Unused Serialized files (Serialized files now loaded: 0)
Loaded scene 'Temp/__Backupscenes/0.backup'
	Deserialize:            0.893 ms
	Integration:            29.069 ms
	Integration of assets:  0.032 ms
	Thread Wait Time:       0.045 ms
	Total Operation Time:   30.039 ms
Unloading 4 unused Assets / (0.6 MB). Loaded Objects now: 9410.
Memory consumption went from 0.69 GB to 0.69 GB.
Total: 31.431900 ms (FindLiveObjects: 0.709900 ms CreateObjectMapping: 0.277400 ms MarkObjects: 30.090500 ms  DeleteObjects: 0.078100 ms)

GPU Resident Drawer created.
GPU Resident Drawer disposed.
GPU Resident Drawer created.
GPU Resident Drawer disposed.
Entering Playmode with Reload Domain disabled.
If you experience any issues, please disable "Enter Play Mode Options" in Editor Settings
Entering Playmode with Reload Scene disabled. If you experience any issues, please disable "Enter Play Mode Options" in Editor Settings
GPU Resident Drawer created.
GPU Resident Drawer disposed.
GPU Resident Drawer created.
[Player] Jump pressed! isGrounded: True, Timer: 0
UnityEngine.Debug:ExtractStackTraceNoAlloc (byte*,int,string)
UnityEngine.StackTraceUtility:ExtractStackTrace ()
UnityEngine.DebugLogHandler:Internal_Log (UnityEngine.LogType,UnityEngine.LogOption,string,UnityEngine.Object)
UnityEngine.DebugLogHandler:LogFormat (UnityEngine.LogType,UnityEngine.Object,string,object[])
UnityEngine.Logger:Log (UnityEngine.LogType,object)
UnityEngine.Debug:Log (object)
Player:Update () (at Assets/Player.cs:113)

(Filename: Assets/Player.cs Line: 113)

[Player] Jump executed! JumpForce: 3, y-velocity: 3
UnityEngine.Debug:ExtractStackTraceNoAlloc (byte*,int,string)
UnityEngine.StackTraceUtility:ExtractStackTrace ()
UnityEngine.DebugLogHandler:Internal_Log (UnityEngine.LogType,UnityEngine.LogOption,string,UnityEngine.Object)
UnityEngine.DebugLogHandler:LogFormat (UnityEngine.LogType,UnityEngine.Object,string,object[])
UnityEngine.Logger:Log (UnityEngine.LogType,object)
UnityEngine.Debug:Log (object)
Player:Jump () (at Assets/Player.cs:263)
Player:Update () (at Assets/Player.cs:117)

(Filename: Assets/Player.cs Line: 263)

[Player] Jump pressed! isGrounded: True, Timer: -0.002864375
UnityEngine.Debug:ExtractStackTraceNoAlloc (byte*,int,string)
UnityEngine.StackTraceUtility:ExtractStackTrace ()
UnityEngine.DebugLogHandler:Internal_Log (UnityEngine.LogType,UnityEngine.LogOption,string,UnityEngine.Object)
UnityEngine.DebugLogHandler:LogFormat (UnityEngine.LogType,UnityEngine.Object,string,object[])
UnityEngine.Logger:Log (UnityEngine.LogType,object)
UnityEngine.Debug:Log (object)
Player:Update () (at Assets/Player.cs:113)

(Filename: Assets/Player.cs Line: 113)

[Player] Jump executed! JumpForce: 3, y-velocity: 3
UnityEngine.Debug:ExtractStackTraceNoAlloc (byte*,int,string)
UnityEngine.StackTraceUtility:ExtractStackTrace ()
UnityEngine.DebugLogHandler:Internal_Log (UnityEngine.LogType,UnityEngine.LogOption,string,UnityEngine.Object)
UnityEngine.DebugLogHandler:LogFormat (UnityEngine.LogType,UnityEngine.Object,string,object[])
UnityEngine.Logger:Log (UnityEngine.LogType,object)
UnityEngine.Debug:Log (object)
Player:Jump () (at Assets/Player.cs:263)
Player:Update () (at Assets/Player.cs:117)

(Filename: Assets/Player.cs Line: 263)

[Player] Jump pressed! isGrounded: True, Timer: -0.002591851
UnityEngine.Debug:ExtractStackTraceNoAlloc (byte*,int,string)
UnityEngine.StackTraceUtility:ExtractStackTrace ()
UnityEngine.DebugLogHandler:Internal_Log (UnityEngine.LogType,UnityEngine.LogOption,string,UnityEngine.Object)
UnityEngine.DebugLogHandler:LogFormat (UnityEngine.LogType,UnityEngine.Object,string,object[])
UnityEngine.Logger:Log (UnityEngine.LogType,object)
UnityEngine.Debug:Log (object)
Player:Update () (at Assets/Player.cs:113)

(Filename: Assets/Player.cs Line: 113)

[Player] Jump executed! JumpForce: 3, y-velocity: 3
UnityEngine.Debug:ExtractStackTraceNoAlloc (byte*,int,string)
UnityEngine.StackTraceUtility:ExtractStackTrace ()
UnityEngine.DebugLogHandler:Internal_Log (UnityEngine.LogType,UnityEngine.LogOption,string,UnityEngine.Object)
UnityEngine.DebugLogHandler:LogFormat (UnityEngine.LogType,UnityEngine.Object,string,object[])
UnityEngine.Logger:Log (UnityEngine.LogType,object)
UnityEngine.Debug:Log (object)
Player:Jump () (at Assets/Player.cs:263)
Player:Update () (at Assets/Player.cs:117)

(Filename: Assets/Player.cs Line: 263)

[Player] Jump pressed! isGrounded: True, Timer: -0.002137753
UnityEngine.Debug:ExtractStackTraceNoAlloc (byte*,int,string)
UnityEngine.StackTraceUtility:ExtractStackTrace ()
UnityEngine.DebugLogHandler:Internal_Log (UnityEngine.LogType,UnityEngine.LogOption,string,UnityEngine.Object)
UnityEngine.DebugLogHandler:LogFormat (UnityEngine.LogType,UnityEngine.Object,string,object[])
UnityEngine.Logger:Log (UnityEngine.LogType,object)
UnityEngine.Debug:Log (object)
Player:Update () (at Assets/Player.cs:113)

(Filename: Assets/Player.cs Line: 113)

[Player] Jump executed! JumpForce: 3, y-velocity: 3
UnityEngine.Debug:ExtractStackTraceNoAlloc (byte*,int,string)
UnityEngine.StackTraceUtility:ExtractStackTrace ()
UnityEngine.DebugLogHandler:Internal_Log (UnityEngine.LogType,UnityEngine.LogOption,string,UnityEngine.Object)
UnityEngine.DebugLogHandler:LogFormat (UnityEngine.LogType,UnityEngine.Object,string,object[])
UnityEngine.Logger:Log (UnityEngine.LogType,object)
UnityEngine.Debug:Log (object)
Player:Jump () (at Assets/Player.cs:263)
Player:Update () (at Assets/Player.cs:117)

(Filename: Assets/Player.cs Line: 263)

GPU Resident Drawer disposed.
Unloading 4 Unused Serialized files (Serialized files now loaded: 0)
Loaded scene 'Temp/__Backupscenes/0.backup'
	Deserialize:            0.845 ms
	Integration:            28.502 ms
	Integration of assets:  0.031 ms
	Thread Wait Time:       0.024 ms
	Total Operation Time:   29.403 ms
Unloading 4 unused Assets / (0.7 MB). Loaded Objects now: 9422.
Memory consumption went from 0.69 GB to 0.69 GB.
Total: 31.306300 ms (FindLiveObjects: 0.712600 ms CreateObjectMapping: 0.199700 ms MarkObjects: 30.048100 ms  DeleteObjects: 0.085300 ms)

GPU Resident Drawer created.
GPU Resident Drawer disposed.
GPU Resident Drawer created.
GPU Resident Drawer disposed.
Entering Playmode with Reload Domain disabled.
If you experience any issues, please disable "Enter Play Mode Options" in Editor Settings
Entering Playmode with Reload Scene disabled. If you experience any issues, please disable "Enter Play Mode Options" in Editor Settings
GPU Resident Drawer created.
GPU Resident Drawer disposed.
GPU Resident Drawer created.
[Player] Jump pressed! isGrounded: True, Timer: 0
UnityEngine.Debug:ExtractStackTraceNoAlloc (byte*,int,string)
UnityEngine.StackTraceUtility:ExtractStackTrace ()
UnityEngine.DebugLogHandler:Internal_Log (UnityEngine.LogType,UnityEngine.LogOption,string,UnityEngine.Object)
UnityEngine.DebugLogHandler:LogFormat (UnityEngine.LogType,UnityEngine.Object,string,object[])
UnityEngine.Logger:Log (UnityEngine.LogType,object)
UnityEngine.Debug:Log (object)
Player:Update () (at Assets/Player.cs:113)

(Filename: Assets/Player.cs Line: 113)

[Player] Jump executed! JumpForce: 5, y-velocity: 5
UnityEngine.Debug:ExtractStackTraceNoAlloc (byte*,int,string)
UnityEngine.StackTraceUtility:ExtractStackTrace ()
UnityEngine.DebugLogHandler:Internal_Log (UnityEngine.LogType,UnityEngine.LogOption,string,UnityEngine.Object)
UnityEngine.DebugLogHandler:LogFormat (UnityEngine.LogType,UnityEngine.Object,string,object[])
UnityEngine.Logger:Log (UnityEngine.LogType,object)
UnityEngine.Debug:Log (object)
Player:Jump () (at Assets/Player.cs:263)
Player:Update () (at Assets/Player.cs:117)

(Filename: Assets/Player.cs Line: 263)

[Player] Jump pressed! isGrounded: True, Timer: -0.001083805
UnityEngine.Debug:ExtractStackTraceNoAlloc (byte*,int,string)
UnityEngine.StackTraceUtility:ExtractStackTrace ()
UnityEngine.DebugLogHandler:Internal_Log (UnityEngine.LogType,UnityEngine.LogOption,string,UnityEngine.Object)
UnityEngine.DebugLogHandler:LogFormat (UnityEngine.LogType,UnityEngine.Object,string,object[])
UnityEngine.Logger:Log (UnityEngine.LogType,object)
UnityEngine.Debug:Log (object)
Player:Update () (at Assets/Player.cs:113)

(Filename: Assets/Player.cs Line: 113)

[Player] Jump executed! JumpForce: 5, y-velocity: 5
UnityEngine.Debug:ExtractStackTraceNoAlloc (byte*,int,string)
UnityEngine.StackTraceUtility:ExtractStackTrace ()
UnityEngine.DebugLogHandler:Internal_Log (UnityEngine.LogType,UnityEngine.LogOption,string,UnityEngine.Object)
UnityEngine.DebugLogHandler:LogFormat (UnityEngine.LogType,UnityEngine.Object,string,object[])
UnityEngine.Logger:Log (UnityEngine.LogType,object)
UnityEngine.Debug:Log (object)
Player:Jump () (at Assets/Player.cs:263)
Player:Update () (at Assets/Player.cs:117)

(Filename: Assets/Player.cs Line: 263)

GPU Resident Drawer disposed.
Unloading 4 Unused Serialized files (Serialized files now loaded: 0)
Loaded scene 'Temp/__Backupscenes/0.backup'
	Deserialize:            0.860 ms
	Integration:            29.821 ms
	Integration of assets:  0.023 ms
	Thread Wait Time:       0.013 ms
	Total Operation Time:   30.718 ms
Unloading 4 unused Assets / (454.0 KB). Loaded Objects now: 9434.
Memory consumption went from 0.69 GB to 0.69 GB.
Total: 32.145300 ms (FindLiveObjects: 0.605400 ms CreateObjectMapping: 0.151100 ms MarkObjects: 31.060600 ms  DeleteObjects: 0.071700 ms)

GPU Resident Drawer created.
GPU Resident Drawer disposed.
GPU Resident Drawer created.
GPU Resident Drawer disposed.
Entering Playmode with Reload Domain disabled.
If you experience any issues, please disable "Enter Play Mode Options" in Editor Settings
Entering Playmode with Reload Scene disabled. If you experience any issues, please disable "Enter Play Mode Options" in Editor Settings
GPU Resident Drawer created.
GPU Resident Drawer disposed.
GPU Resident Drawer created.
[Player] Jump pressed! isGrounded: True, Timer: 0
UnityEngine.Debug:ExtractStackTraceNoAlloc (byte*,int,string)
UnityEngine.StackTraceUtility:ExtractStackTrace ()
UnityEngine.DebugLogHandler:Internal_Log (UnityEngine.LogType,UnityEngine.LogOption,string,UnityEngine.Object)
UnityEngine.DebugLogHandler:LogFormat (UnityEngine.LogType,UnityEngine.Object,string,object[])
UnityEngine.Logger:Log (UnityEngine.LogType,object)
UnityEngine.Debug:Log (object)
Player:Update () (at Assets/Player.cs:113)

(Filename: Assets/Player.cs Line: 113)

[Player] Jump executed! JumpForce: 4, y-velocity: 4
UnityEngine.Debug:ExtractStackTraceNoAlloc (byte*,int,string)
UnityEngine.StackTraceUtility:ExtractStackTrace ()
UnityEngine.DebugLogHandler:Internal_Log (UnityEngine.LogType,UnityEngine.LogOption,string,UnityEngine.Object)
UnityEngine.DebugLogHandler:LogFormat (UnityEngine.LogType,UnityEngine.Object,string,object[])
UnityEngine.Logger:Log (UnityEngine.LogType,object)
UnityEngine.Debug:Log (object)
Player:Jump () (at Assets/Player.cs:263)
Player:Update () (at Assets/Player.cs:117)

(Filename: Assets/Player.cs Line: 263)

[Player] Jump pressed! isGrounded: True, Timer: -0.0005856724
UnityEngine.Debug:ExtractStackTraceNoAlloc (byte*,int,string)
UnityEngine.StackTraceUtility:ExtractStackTrace ()
UnityEngine.DebugLogHandler:Internal_Log (UnityEngine.LogType,UnityEngine.LogOption,string,UnityEngine.Object)
UnityEngine.DebugLogHandler:LogFormat (UnityEngine.LogType,UnityEngine.Object,string,object[])
UnityEngine.Logger:Log (UnityEngine.LogType,object)
UnityEngine.Debug:Log (object)
Player:Update () (at Assets/Player.cs:113)

(Filename: Assets/Player.cs Line: 113)

[Player] Jump executed! JumpForce: 4, y-velocity: 4
UnityEngine.Debug:ExtractStackTraceNoAlloc (byte*,int,string)
UnityEngine.StackTraceUtility:ExtractStackTrace ()
UnityEngine.DebugLogHandler:Internal_Log (UnityEngine.LogType,UnityEngine.LogOption,string,UnityEngine.Object)
UnityEngine.DebugLogHandler:LogFormat (UnityEngine.LogType,UnityEngine.Object,string,object[])
UnityEngine.Logger:Log (UnityEngine.LogType,object)
UnityEngine.Debug:Log (object)
Player:Jump () (at Assets/Player.cs:263)
Player:Update () (at Assets/Player.cs:117)

(Filename: Assets/Player.cs Line: 263)

[Player] Jump pressed! isGrounded: True, Timer: -0.00483427
UnityEngine.Debug:ExtractStackTraceNoAlloc (byte*,int,string)
UnityEngine.StackTraceUtility:ExtractStackTrace ()
UnityEngine.DebugLogHandler:Internal_Log (UnityEngine.LogType,UnityEngine.LogOption,string,UnityEngine.Object)
UnityEngine.DebugLogHandler:LogFormat (UnityEngine.LogType,UnityEngine.Object,string,object[])
UnityEngine.Logger:Log (UnityEngine.LogType,object)
UnityEngine.Debug:Log (object)
Player:Update () (at Assets/Player.cs:113)

(Filename: Assets/Player.cs Line: 113)

[Player] Jump executed! JumpForce: 4, y-velocity: 4
UnityEngine.Debug:ExtractStackTraceNoAlloc (byte*,int,string)
UnityEngine.StackTraceUtility:ExtractStackTrace ()
UnityEngine.DebugLogHandler:Internal_Log (UnityEngine.LogType,UnityEngine.LogOption,string,UnityEngine.Object)
UnityEngine.DebugLogHandler:LogFormat (UnityEngine.LogType,UnityEngine.Object,string,object[])
UnityEngine.Logger:Log (UnityEngine.LogType,object)
UnityEngine.Debug:Log (object)
Player:Jump () (at Assets/Player.cs:263)
Player:Update () (at Assets/Player.cs:117)

(Filename: Assets/Player.cs Line: 263)

[Player] Jump pressed! isGrounded: True, Timer: -0.002512261
UnityEngine.Debug:ExtractStackTraceNoAlloc (byte*,int,string)
UnityEngine.StackTraceUtility:ExtractStackTrace ()
UnityEngine.DebugLogHandler:Internal_Log (UnityEngine.LogType,UnityEngine.LogOption,string,UnityEngine.Object)
UnityEngine.DebugLogHandler:LogFormat (UnityEngine.LogType,UnityEngine.Object,string,object[])
UnityEngine.Logger:Log (UnityEngine.LogType,object)
UnityEngine.Debug:Log (object)
Player:Update () (at Assets/Player.cs:113)

(Filename: Assets/Player.cs Line: 113)

[Player] Jump executed! JumpForce: 4, y-velocity: 4
UnityEngine.Debug:ExtractStackTraceNoAlloc (byte*,int,string)
UnityEngine.StackTraceUtility:ExtractStackTrace ()
UnityEngine.DebugLogHandler:Internal_Log (UnityEngine.LogType,UnityEngine.LogOption,string,UnityEngine.Object)
UnityEngine.DebugLogHandler:LogFormat (UnityEngine.LogType,UnityEngine.Object,string,object[])
UnityEngine.Logger:Log (UnityEngine.LogType,object)
UnityEngine.Debug:Log (object)
Player:Jump () (at Assets/Player.cs:263)
Player:Update () (at Assets/Player.cs:117)

(Filename: Assets/Player.cs Line: 263)

[Player] Jump pressed! isGrounded: True, Timer: -0.002002328
UnityEngine.Debug:ExtractStackTraceNoAlloc (byte*,int,string)
UnityEngine.StackTraceUtility:ExtractStackTrace ()
UnityEngine.DebugLogHandler:Internal_Log (UnityEngine.LogType,UnityEngine.LogOption,string,UnityEngine.Object)
UnityEngine.DebugLogHandler:LogFormat (UnityEngine.LogType,UnityEngine.Object,string,object[])
UnityEngine.Logger:Log (UnityEngine.LogType,object)
UnityEngine.Debug:Log (object)
Player:Update () (at Assets/Player.cs:113)

(Filename: Assets/Player.cs Line: 113)

[Player] Jump executed! JumpForce: 4, y-velocity: 4
UnityEngine.Debug:ExtractStackTraceNoAlloc (byte*,int,string)
UnityEngine.StackTraceUtility:ExtractStackTrace ()
UnityEngine.DebugLogHandler:Internal_Log (UnityEngine.LogType,UnityEngine.LogOption,string,UnityEngine.Object)
UnityEngine.DebugLogHandler:LogFormat (UnityEngine.LogType,UnityEngine.Object,string,object[])
UnityEngine.Logger:Log (UnityEngine.LogType,object)
UnityEngine.Debug:Log (object)
Player:Jump () (at Assets/Player.cs:263)
Player:Update () (at Assets/Player.cs:117)

(Filename: Assets/Player.cs Line: 263)

[PlayerHealth] Speed Boost activated! (1.6x for 5s)
UnityEngine.Debug:ExtractStackTraceNoAlloc (byte*,int,string)
UnityEngine.StackTraceUtility:ExtractStackTrace ()
UnityEngine.DebugLogHandler:Internal_Log (UnityEngine.LogType,UnityEngine.LogOption,string,UnityEngine.Object)
UnityEngine.DebugLogHandler:LogFormat (UnityEngine.LogType,UnityEngine.Object,string,object[])
UnityEngine.Logger:Log (UnityEngine.LogType,object)
UnityEngine.Debug:Log (object)
PlayerHealth:ApplySpeedBoost (single,single) (at Assets/LaserCorridor/PlayerHealth.cs:145)
BonusFloorPanel:GrantBonus (PlayerHealth) (at Assets/LaserCorridor/BonusFloorPanel.cs:106)
BonusFloorPanel:OnTriggerEnter (UnityEngine.Collider) (at Assets/LaserCorridor/BonusFloorPanel.cs:90)

(Filename: Assets/LaserCorridor/PlayerHealth.cs Line: 145)

[Player] Jump pressed! isGrounded: True, Timer: -0.003845188
UnityEngine.Debug:ExtractStackTraceNoAlloc (byte*,int,string)
UnityEngine.StackTraceUtility:ExtractStackTrace ()
UnityEngine.DebugLogHandler:Internal_Log (UnityEngine.LogType,UnityEngine.LogOption,string,UnityEngine.Object)
UnityEngine.DebugLogHandler:LogFormat (UnityEngine.LogType,UnityEngine.Object,string,object[])
UnityEngine.Logger:Log (UnityEngine.LogType,object)
UnityEngine.Debug:Log (object)
Player:Update () (at Assets/Player.cs:113)

(Filename: Assets/Player.cs Line: 113)

[Player] Jump executed! JumpForce: 4, y-velocity: 4
UnityEngine.Debug:ExtractStackTraceNoAlloc (byte*,int,string)
UnityEngine.StackTraceUtility:ExtractStackTrace ()
UnityEngine.DebugLogHandler:Internal_Log (UnityEngine.LogType,UnityEngine.LogOption,string,UnityEngine.Object)
UnityEngine.DebugLogHandler:LogFormat (UnityEngine.LogType,UnityEngine.Object,string,object[])
UnityEngine.Logger:Log (UnityEngine.LogType,object)
UnityEngine.Debug:Log (object)
Player:Jump () (at Assets/Player.cs:263)
Player:Update () (at Assets/Player.cs:117)

(Filename: Assets/Player.cs Line: 263)

[PlayerHealth] Restored 35 HP! Current HP: 100/100
UnityEngine.Debug:ExtractStackTraceNoAlloc (byte*,int,string)
UnityEngine.StackTraceUtility:ExtractStackTrace ()
UnityEngine.DebugLogHandler:Internal_Log (UnityEngine.LogType,UnityEngine.LogOption,string,UnityEngine.Object)
UnityEngine.DebugLogHandler:LogFormat (UnityEngine.LogType,UnityEngine.Object,string,object[])
UnityEngine.Logger:Log (UnityEngine.LogType,object)
UnityEngine.Debug:Log (object)
PlayerHealth:Heal (int) (at Assets/LaserCorridor/PlayerHealth.cs:125)
BonusFloorPanel:GrantBonus (PlayerHealth) (at Assets/LaserCorridor/BonusFloorPanel.cs:102)
BonusFloorPanel:OnTriggerEnter (UnityEngine.Collider) (at Assets/LaserCorridor/BonusFloorPanel.cs:90)

(Filename: Assets/LaserCorridor/PlayerHealth.cs Line: 125)

GPU Resident Drawer disposed.
Unloading 4 Unused Serialized files (Serialized files now loaded: 0)
Loaded scene 'Temp/__Backupscenes/0.backup'
	Deserialize:            1.003 ms
	Integration:            31.050 ms
	Integration of assets:  0.026 ms
	Thread Wait Time:       0.014 ms
	Total Operation Time:   32.092 ms
Unloading 4 unused Assets / (0.9 MB). Loaded Objects now: 9446.
Memory consumption went from 0.70 GB to 0.69 GB.
Total: 33.073100 ms (FindLiveObjects: 0.618500 ms CreateObjectMapping: 0.111800 ms MarkObjects: 31.980800 ms  DeleteObjects: 0.081600 ms)

GPU Resident Drawer created.
GPU Resident Drawer disposed.
GPU Resident Drawer created.
GPU Resident Drawer disposed.
Entering Playmode with Reload Domain disabled.
If you experience any issues, please disable "Enter Play Mode Options" in Editor Settings
Entering Playmode with Reload Scene disabled. If you experience any issues, please disable "Enter Play Mode Options" in Editor Settings
GPU Resident Drawer created.
GPU Resident Drawer disposed.
GPU Resident Drawer created.
[Player] Jump pressed! isGrounded: True, Timer: 0
UnityEngine.Debug:ExtractStackTraceNoAlloc (byte*,int,string)
UnityEngine.StackTraceUtility:ExtractStackTrace ()
UnityEngine.DebugLogHandler:Internal_Log (UnityEngine.LogType,UnityEngine.LogOption,string,UnityEngine.Object)
UnityEngine.DebugLogHandler:LogFormat (UnityEngine.LogType,UnityEngine.Object,string,object[])
UnityEngine.Logger:Log (UnityEngine.LogType,object)
UnityEngine.Debug:Log (object)
Player:Update () (at Assets/Player.cs:113)

(Filename: Assets/Player.cs Line: 113)

[Player] Jump executed! JumpForce: 4, y-velocity: 4
UnityEngine.Debug:ExtractStackTraceNoAlloc (byte*,int,string)
UnityEngine.StackTraceUtility:ExtractStackTrace ()
UnityEngine.DebugLogHandler:Internal_Log (UnityEngine.LogType,UnityEngine.LogOption,string,UnityEngine.Object)
UnityEngine.DebugLogHandler:LogFormat (UnityEngine.LogType,UnityEngine.Object,string,object[])
UnityEngine.Logger:Log (UnityEngine.LogType,object)
UnityEngine.Debug:Log (object)
Player:Jump () (at Assets/Player.cs:263)
Player:Update () (at Assets/Player.cs:117)

(Filename: Assets/Player.cs Line: 263)

[Player] Jump pressed! isGrounded: True, Timer: -0.004058001
UnityEngine.Debug:ExtractStackTraceNoAlloc (byte*,int,string)
UnityEngine.StackTraceUtility:ExtractStackTrace ()
UnityEngine.DebugLogHandler:Internal_Log (UnityEngine.LogType,UnityEngine.LogOption,string,UnityEngine.Object)
UnityEngine.DebugLogHandler:LogFormat (UnityEngine.LogType,UnityEngine.Object,string,object[])
UnityEngine.Logger:Log (UnityEngine.LogType,object)
UnityEngine.Debug:Log (object)
Player:Update () (at Assets/Player.cs:113)

(Filename: Assets/Player.cs Line: 113)

[Player] Jump executed! JumpForce: 4, y-velocity: 4
UnityEngine.Debug:ExtractStackTraceNoAlloc (byte*,int,string)
UnityEngine.StackTraceUtility:ExtractStackTrace ()
UnityEngine.DebugLogHandler:Internal_Log (UnityEngine.LogType,UnityEngine.LogOption,string,UnityEngine.Object)
UnityEngine.DebugLogHandler:LogFormat (UnityEngine.LogType,UnityEngine.Object,string,object[])
UnityEngine.Logger:Log (UnityEngine.LogType,object)
UnityEngine.Debug:Log (object)
Player:Jump () (at Assets/Player.cs:263)
Player:Update () (at Assets/Player.cs:117)

(Filename: Assets/Player.cs Line: 263)

[Player] Jump pressed! isGrounded: True, Timer: -0.0003374803
UnityEngine.Debug:ExtractStackTraceNoAlloc (byte*,int,string)
UnityEngine.StackTraceUtility:ExtractStackTrace ()
UnityEngine.DebugLogHandler:Internal_Log (UnityEngine.LogType,UnityEngine.LogOption,string,UnityEngine.Object)
UnityEngine.DebugLogHandler:LogFormat (UnityEngine.LogType,UnityEngine.Object,string,object[])
UnityEngine.Logger:Log (UnityEngine.LogType,object)
UnityEngine.Debug:Log (object)
Player:Update () (at Assets/Player.cs:113)

(Filename: Assets/Player.cs Line: 113)

[Player] Jump executed! JumpForce: 4, y-velocity: 4
UnityEngine.Debug:ExtractStackTraceNoAlloc (byte*,int,string)
UnityEngine.StackTraceUtility:ExtractStackTrace ()
UnityEngine.DebugLogHandler:Internal_Log (UnityEngine.LogType,UnityEngine.LogOption,string,UnityEngine.Object)
UnityEngine.DebugLogHandler:LogFormat (UnityEngine.LogType,UnityEngine.Object,string,object[])
UnityEngine.Logger:Log (UnityEngine.LogType,object)
UnityEngine.Debug:Log (object)
Player:Jump () (at Assets/Player.cs:263)
Player:Update () (at Assets/Player.cs:117)

(Filename: Assets/Player.cs Line: 263)

[Player] Jump pressed! isGrounded: True, Timer: -0.002362404
UnityEngine.Debug:ExtractStackTraceNoAlloc (byte*,int,string)
UnityEngine.StackTraceUtility:ExtractStackTrace ()
UnityEngine.DebugLogHandler:Internal_Log (UnityEngine.LogType,UnityEngine.LogOption,string,UnityEngine.Object)
UnityEngine.DebugLogHandler:LogFormat (UnityEngine.LogType,UnityEngine.Object,string,object[])
UnityEngine.Logger:Log (UnityEngine.LogType,object)
UnityEngine.Debug:Log (object)
Player:Update () (at Assets/Player.cs:113)

(Filename: Assets/Player.cs Line: 113)

[Player] Jump executed! JumpForce: 4, y-velocity: 4
UnityEngine.Debug:ExtractStackTraceNoAlloc (byte*,int,string)
UnityEngine.StackTraceUtility:ExtractStackTrace ()
UnityEngine.DebugLogHandler:Internal_Log (UnityEngine.LogType,UnityEngine.LogOption,string,UnityEngine.Object)
UnityEngine.DebugLogHandler:LogFormat (UnityEngine.LogType,UnityEngine.Object,string,object[])
UnityEngine.Logger:Log (UnityEngine.LogType,object)
UnityEngine.Debug:Log (object)
Player:Jump () (at Assets/Player.cs:263)
Player:Update () (at Assets/Player.cs:117)

(Filename: Assets/Player.cs Line: 263)

[PlayerHealth] Speed Boost activated! (1.6x for 5s)
UnityEngine.Debug:ExtractStackTraceNoAlloc (byte*,int,string)
UnityEngine.StackTraceUtility:ExtractStackTrace ()
UnityEngine.DebugLogHandler:Internal_Log (UnityEngine.LogType,UnityEngine.LogOption,string,UnityEngine.Object)
UnityEngine.DebugLogHandler:LogFormat (UnityEngine.LogType,UnityEngine.Object,string,object[])
UnityEngine.Logger:Log (UnityEngine.LogType,object)
UnityEngine.Debug:Log (object)
PlayerHealth:ApplySpeedBoost (single,single) (at Assets/LaserCorridor/PlayerHealth.cs:145)
BonusFloorPanel:GrantBonus (PlayerHealth) (at Assets/LaserCorridor/BonusFloorPanel.cs:106)
BonusFloorPanel:OnTriggerEnter (UnityEngine.Collider) (at Assets/LaserCorridor/BonusFloorPanel.cs:90)

(Filename: Assets/LaserCorridor/PlayerHealth.cs Line: 145)

[Player] Jump pressed! isGrounded: True, Timer: -0.002272091
UnityEngine.Debug:ExtractStackTraceNoAlloc (byte*,int,string)
UnityEngine.StackTraceUtility:ExtractStackTrace ()
UnityEngine.DebugLogHandler:Internal_Log (UnityEngine.LogType,UnityEngine.LogOption,string,UnityEngine.Object)
UnityEngine.DebugLogHandler:LogFormat (UnityEngine.LogType,UnityEngine.Object,string,object[])
UnityEngine.Logger:Log (UnityEngine.LogType,object)
UnityEngine.Debug:Log (object)
Player:Update () (at Assets/Player.cs:113)

(Filename: Assets/Player.cs Line: 113)

[Player] Jump executed! JumpForce: 4, y-velocity: 4
UnityEngine.Debug:ExtractStackTraceNoAlloc (byte*,int,string)
UnityEngine.StackTraceUtility:ExtractStackTrace ()
UnityEngine.DebugLogHandler:Internal_Log (UnityEngine.LogType,UnityEngine.LogOption,string,UnityEngine.Object)
UnityEngine.DebugLogHandler:LogFormat (UnityEngine.LogType,UnityEngine.Object,string,object[])
UnityEngine.Logger:Log (UnityEngine.LogType,object)
UnityEngine.Debug:Log (object)
Player:Jump () (at Assets/Player.cs:263)
Player:Update () (at Assets/Player.cs:117)

(Filename: Assets/Player.cs Line: 263)

[PlayerHealth] Restored 35 HP! Current HP: 100/100
UnityEngine.Debug:ExtractStackTraceNoAlloc (byte*,int,string)
UnityEngine.StackTraceUtility:ExtractStackTrace ()
UnityEngine.DebugLogHandler:Internal_Log (UnityEngine.LogType,UnityEngine.LogOption,string,UnityEngine.Object)
UnityEngine.DebugLogHandler:LogFormat (UnityEngine.LogType,UnityEngine.Object,string,object[])
UnityEngine.Logger:Log (UnityEngine.LogType,object)
UnityEngine.Debug:Log (object)
PlayerHealth:Heal (int) (at Assets/LaserCorridor/PlayerHealth.cs:125)
BonusFloorPanel:GrantBonus (PlayerHealth) (at Assets/LaserCorridor/BonusFloorPanel.cs:102)
BonusFloorPanel:OnTriggerEnter (UnityEngine.Collider) (at Assets/LaserCorridor/BonusFloorPanel.cs:90)

(Filename: Assets/LaserCorridor/PlayerHealth.cs Line: 125)

[PlayerHealth] Energy Shield activated for 5s!
UnityEngine.Debug:ExtractStackTraceNoAlloc (byte*,int,string)
UnityEngine.StackTraceUtility:ExtractStackTrace ()
UnityEngine.DebugLogHandler:Internal_Log (UnityEngine.LogType,UnityEngine.LogOption,string,UnityEngine.Object)
UnityEngine.DebugLogHandler:LogFormat (UnityEngine.LogType,UnityEngine.Object,string,object[])
UnityEngine.Logger:Log (UnityEngine.LogType,object)
UnityEngine.Debug:Log (object)
PlayerHealth:ApplyShield (single) (at Assets/LaserCorridor/PlayerHealth.cs:168)
BonusFloorPanel:GrantBonus (PlayerHealth) (at Assets/LaserCorridor/BonusFloorPanel.cs:110)
BonusFloorPanel:OnTriggerEnter (UnityEngine.Collider) (at Assets/LaserCorridor/BonusFloorPanel.cs:90)

(Filename: Assets/LaserCorridor/PlayerHealth.cs Line: 168)

[PlayerHealth] Speed Boost ended.
UnityEngine.Debug:ExtractStackTraceNoAlloc (byte*,int,string)
UnityEngine.StackTraceUtility:ExtractStackTrace ()
UnityEngine.DebugLogHandler:Internal_Log (UnityEngine.LogType,UnityEngine.LogOption,string,UnityEngine.Object)
UnityEngine.DebugLogHandler:LogFormat (UnityEngine.LogType,UnityEngine.Object,string,object[])
UnityEngine.Logger:Log (UnityEngine.LogType,object)
UnityEngine.Debug:Log (object)
PlayerHealth:ResetSpeedBoost () (at Assets/LaserCorridor/PlayerHealth.cs:157)
PlayerHealth:Update () (at Assets/LaserCorridor/PlayerHealth.cs:77)

(Filename: Assets/LaserCorridor/PlayerHealth.cs Line: 157)

[PlayerHealth] Shield absorbed laser damage!
UnityEngine.Debug:ExtractStackTraceNoAlloc (byte*,int,string)
UnityEngine.StackTraceUtility:ExtractStackTrace ()
UnityEngine.DebugLogHandler:Internal_Log (UnityEngine.LogType,UnityEngine.LogOption,string,UnityEngine.Object)
UnityEngine.DebugLogHandler:LogFormat (UnityEngine.LogType,UnityEngine.Object,string,object[])
UnityEngine.Logger:Log (UnityEngine.LogType,object)
UnityEngine.Debug:Log (object)
PlayerHealth:TakeDamage (int) (at Assets/LaserCorridor/PlayerHealth.cs:92)
LaserBeam:OnTriggerEnter (UnityEngine.Collider) (at Assets/LaserCorridor/LaserBeam.cs:107)

(Filename: Assets/LaserCorridor/PlayerHealth.cs Line: 92)

[CorridorGoal] PLAYER REACHED THE END OF THE CORRIDOR!
UnityEngine.Debug:ExtractStackTraceNoAlloc (byte*,int,string)
UnityEngine.StackTraceUtility:ExtractStackTrace ()
UnityEngine.DebugLogHandler:Internal_Log (UnityEngine.LogType,UnityEngine.LogOption,string,UnityEngine.Object)
UnityEngine.DebugLogHandler:LogFormat (UnityEngine.LogType,UnityEngine.Object,string,object[])
UnityEngine.Logger:Log (UnityEngine.LogType,object)
UnityEngine.Debug:Log (object)
CorridorGoal:OnTriggerEnter (UnityEngine.Collider) (at Assets/LaserCorridor/CorridorGoal.cs:27)

(Filename: Assets/LaserCorridor/CorridorGoal.cs Line: 27)

[GameManager] VICTORY! Corridor Cleared!
UnityEngine.Debug:ExtractStackTraceNoAlloc (byte*,int,string)
UnityEngine.StackTraceUtility:ExtractStackTrace ()
UnityEngine.DebugLogHandler:Internal_Log (UnityEngine.LogType,UnityEngine.LogOption,string,UnityEngine.Object)
UnityEngine.DebugLogHandler:LogFormat (UnityEngine.LogType,UnityEngine.Object,string,object[])
UnityEngine.Logger:Log (UnityEngine.LogType,object)
UnityEngine.Debug:Log (object)
LaserCorridorGameManager:OnGoalReached () (at Assets/LaserCorridor/LaserCorridorGameManager.cs:137)
CorridorGoal:OnTriggerEnter (UnityEngine.Collider) (at Assets/LaserCorridor/CorridorGoal.cs:31)

(Filename: Assets/LaserCorridor/LaserCorridorGameManager.cs Line: 137)

Asset Pipeline Refresh (id=7800fae608184ee439e9a1f1bbae1647): Total: 0.026 seconds - Initiated by RefreshV2(NoUpdateAssetOptions)
GPU Resident Drawer disposed.
Unloading 0 Unused Serialized files (Serialized files now loaded: 0)
Loaded scene 'Temp/__Backupscenes/0.backup'
	Deserialize:            0.926 ms
	Integration:            36.740 ms
	Integration of assets:  0.026 ms
	Thread Wait Time:       0.016 ms
	Total Operation Time:   37.708 ms
Unloading 4 unused Assets / (0.6 MB). Loaded Objects now: 9458.
Memory consumption went from 0.70 GB to 0.70 GB.
Total: 34.852500 ms (FindLiveObjects: 0.807500 ms CreateObjectMapping: 0.419500 ms MarkObjects: 33.297900 ms  DeleteObjects: 0.069300 ms)

GPU Resident Drawer created.
GPU Resident Drawer disposed.
GPU Resident Drawer created.
GPU Resident Drawer disposed.
Entering Playmode with Reload Domain disabled.
If you experience any issues, please disable "Enter Play Mode Options" in Editor Settings
Entering Playmode with Reload Scene disabled. If you experience any issues, please disable "Enter Play Mode Options" in Editor Settings
GPU Resident Drawer created.
GPU Resident Drawer disposed.
GPU Resident Drawer created.
[Player] Jump pressed! isGrounded: True, Timer: 0
UnityEngine.Debug:ExtractStackTraceNoAlloc (byte*,int,string)
UnityEngine.StackTraceUtility:ExtractStackTrace ()
UnityEngine.DebugLogHandler:Internal_Log (UnityEngine.LogType,UnityEngine.LogOption,string,UnityEngine.Object)
UnityEngine.DebugLogHandler:LogFormat (UnityEngine.LogType,UnityEngine.Object,string,object[])
UnityEngine.Logger:Log (UnityEngine.LogType,object)
UnityEngine.Debug:Log (object)
Player:Update () (at Assets/Player.cs:113)

(Filename: Assets/Player.cs Line: 113)

[Player] Jump executed! JumpForce: 4, y-velocity: 4
UnityEngine.Debug:ExtractStackTraceNoAlloc (byte*,int,string)
UnityEngine.StackTraceUtility:ExtractStackTrace ()
UnityEngine.DebugLogHandler:Internal_Log (UnityEngine.LogType,UnityEngine.LogOption,string,UnityEngine.Object)
UnityEngine.DebugLogHandler:LogFormat (UnityEngine.LogType,UnityEngine.Object,string,object[])
UnityEngine.Logger:Log (UnityEngine.LogType,object)
UnityEngine.Debug:Log (object)
Player:Jump () (at Assets/Player.cs:263)
Player:Update () (at Assets/Player.cs:117)

(Filename: Assets/Player.cs Line: 263)

[PlayerHealth] Speed Boost activated! (1.6x for 5s)
UnityEngine.Debug:ExtractStackTraceNoAlloc (byte*,int,string)
UnityEngine.StackTraceUtility:ExtractStackTrace ()
UnityEngine.DebugLogHandler:Internal_Log (UnityEngine.LogType,UnityEngine.LogOption,string,UnityEngine.Object)
UnityEngine.DebugLogHandler:LogFormat (UnityEngine.LogType,UnityEngine.Object,string,object[])
UnityEngine.Logger:Log (UnityEngine.LogType,object)
UnityEngine.Debug:Log (object)
PlayerHealth:ApplySpeedBoost (single,single) (at Assets/LaserCorridor/PlayerHealth.cs:145)
BonusFloorPanel:GrantBonus (PlayerHealth) (at Assets/LaserCorridor/BonusFloorPanel.cs:106)
BonusFloorPanel:OnTriggerEnter (UnityEngine.Collider) (at Assets/LaserCorridor/BonusFloorPanel.cs:90)

(Filename: Assets/LaserCorridor/PlayerHealth.cs Line: 145)

[Player] Jump pressed! isGrounded: True, Timer: -0.002141509
UnityEngine.Debug:ExtractStackTraceNoAlloc (byte*,int,string)
UnityEngine.StackTraceUtility:ExtractStackTrace ()
UnityEngine.DebugLogHandler:Internal_Log (UnityEngine.LogType,UnityEngine.LogOption,string,UnityEngine.Object)
UnityEngine.DebugLogHandler:LogFormat (UnityEngine.LogType,UnityEngine.Object,string,object[])
UnityEngine.Logger:Log (UnityEngine.LogType,object)
UnityEngine.Debug:Log (object)
Player:Update () (at Assets/Player.cs:113)

(Filename: Assets/Player.cs Line: 113)

[Player] Jump executed! JumpForce: 4, y-velocity: 4
UnityEngine.Debug:ExtractStackTraceNoAlloc (byte*,int,string)
UnityEngine.StackTraceUtility:ExtractStackTrace ()
UnityEngine.DebugLogHandler:Internal_Log (UnityEngine.LogType,UnityEngine.LogOption,string,UnityEngine.Object)
UnityEngine.DebugLogHandler:LogFormat (UnityEngine.LogType,UnityEngine.Object,string,object[])
UnityEngine.Logger:Log (UnityEngine.LogType,object)
UnityEngine.Debug:Log (object)
Player:Jump () (at Assets/Player.cs:263)
Player:Update () (at Assets/Player.cs:117)

(Filename: Assets/Player.cs Line: 263)

[PlayerHealth] Restored 35 HP! Current HP: 100/100
UnityEngine.Debug:ExtractStackTraceNoAlloc (byte*,int,string)
UnityEngine.StackTraceUtility:ExtractStackTrace ()
UnityEngine.DebugLogHandler:Internal_Log (UnityEngine.LogType,UnityEngine.LogOption,string,UnityEngine.Object)
UnityEngine.DebugLogHandler:LogFormat (UnityEngine.LogType,UnityEngine.Object,string,object[])
UnityEngine.Logger:Log (UnityEngine.LogType,object)
UnityEngine.Debug:Log (object)
PlayerHealth:Heal (int) (at Assets/LaserCorridor/PlayerHealth.cs:125)
BonusFloorPanel:GrantBonus (PlayerHealth) (at Assets/LaserCorridor/BonusFloorPanel.cs:102)
BonusFloorPanel:OnTriggerEnter (UnityEngine.Collider) (at Assets/LaserCorridor/BonusFloorPanel.cs:90)

(Filename: Assets/LaserCorridor/PlayerHealth.cs Line: 125)

[PlayerHealth] Speed Boost ended.
UnityEngine.Debug:ExtractStackTraceNoAlloc (byte*,int,string)
UnityEngine.StackTraceUtility:ExtractStackTrace ()
UnityEngine.DebugLogHandler:Internal_Log (UnityEngine.LogType,UnityEngine.LogOption,string,UnityEngine.Object)
UnityEngine.DebugLogHandler:LogFormat (UnityEngine.LogType,UnityEngine.Object,string,object[])
UnityEngine.Logger:Log (UnityEngine.LogType,object)
UnityEngine.Debug:Log (object)
PlayerHealth:ResetSpeedBoost () (at Assets/LaserCorridor/PlayerHealth.cs:157)
PlayerHealth:Update () (at Assets/LaserCorridor/PlayerHealth.cs:77)

(Filename: Assets/LaserCorridor/PlayerHealth.cs Line: 157)

[Player] Jump pressed! isGrounded: True, Timer: -0.003703997
UnityEngine.Debug:ExtractStackTraceNoAlloc (byte*,int,string)
UnityEngine.StackTraceUtility:ExtractStackTrace ()
UnityEngine.DebugLogHandler:Internal_Log (UnityEngine.LogType,UnityEngine.LogOption,string,UnityEngine.Object)
UnityEngine.DebugLogHandler:LogFormat (UnityEngine.LogType,UnityEngine.Object,string,object[])
UnityEngine.Logger:Log (UnityEngine.LogType,object)
UnityEngine.Debug:Log (object)
Player:Update () (at Assets/Player.cs:113)

(Filename: Assets/Player.cs Line: 113)

[Player] Jump executed! JumpForce: 4, y-velocity: 4
UnityEngine.Debug:ExtractStackTraceNoAlloc (byte*,int,string)
UnityEngine.StackTraceUtility:ExtractStackTrace ()
UnityEngine.DebugLogHandler:Internal_Log (UnityEngine.LogType,UnityEngine.LogOption,string,UnityEngine.Object)
UnityEngine.DebugLogHandler:LogFormat (UnityEngine.LogType,UnityEngine.Object,string,object[])
UnityEngine.Logger:Log (UnityEngine.LogType,object)
UnityEngine.Debug:Log (object)
Player:Jump () (at Assets/Player.cs:263)
Player:Update () (at Assets/Player.cs:117)

(Filename: Assets/Player.cs Line: 263)

[PlayerHealth] Took 35 damage! Remaining HP: 65/100
UnityEngine.Debug:ExtractStackTraceNoAlloc (byte*,int,string)
UnityEngine.StackTraceUtility:ExtractStackTrace ()
UnityEngine.DebugLogHandler:Internal_Log (UnityEngine.LogType,UnityEngine.LogOption,string,UnityEngine.Object)
UnityEngine.DebugLogHandler:LogFormat (UnityEngine.LogType,UnityEngine.Object,string,object[])
UnityEngine.Logger:Log (UnityEngine.LogType,object)
UnityEngine.Debug:Log (object)
PlayerHealth:TakeDamage (int) (at Assets/LaserCorridor/PlayerHealth.cs:104)
LaserBeam:OnTriggerEnter (UnityEngine.Collider) (at Assets/LaserCorridor/LaserBeam.cs:107)

(Filename: Assets/LaserCorridor/PlayerHealth.cs Line: 104)

[PlayerHealth] Energy Shield activated for 5s!
UnityEngine.Debug:ExtractStackTraceNoAlloc (byte*,int,string)
UnityEngine.StackTraceUtility:ExtractStackTrace ()
UnityEngine.DebugLogHandler:Internal_Log (UnityEngine.LogType,UnityEngine.LogOption,string,UnityEngine.Object)
UnityEngine.DebugLogHandler:LogFormat (UnityEngine.LogType,UnityEngine.Object,string,object[])
UnityEngine.Logger:Log (UnityEngine.LogType,object)
UnityEngine.Debug:Log (object)
PlayerHealth:ApplyShield (single) (at Assets/LaserCorridor/PlayerHealth.cs:168)
BonusFloorPanel:GrantBonus (PlayerHealth) (at Assets/LaserCorridor/BonusFloorPanel.cs:110)
BonusFloorPanel:OnTriggerEnter (UnityEngine.Collider) (at Assets/LaserCorridor/BonusFloorPanel.cs:90)

(Filename: Assets/LaserCorridor/PlayerHealth.cs Line: 168)

[Player] Jump pressed! isGrounded: True, Timer: -0.0009578965
UnityEngine.Debug:ExtractStackTraceNoAlloc (byte*,int,string)
UnityEngine.StackTraceUtility:ExtractStackTrace ()
UnityEngine.DebugLogHandler:Internal_Log (UnityEngine.LogType,UnityEngine.LogOption,string,UnityEngine.Object)
UnityEngine.DebugLogHandler:LogFormat (UnityEngine.LogType,UnityEngine.Object,string,object[])
UnityEngine.Logger:Log (UnityEngine.LogType,object)
UnityEngine.Debug:Log (object)
Player:Update () (at Assets/Player.cs:113)

(Filename: Assets/Player.cs Line: 113)

[Player] Jump pressed! isGrounded: True, Timer: -0.0009578965
UnityEngine.Debug:ExtractStackTraceNoAlloc (byte*,int,string)
UnityEngine.StackTraceUtility:ExtractStackTrace ()
UnityEngine.DebugLogHandler:Internal_Log (UnityEngine.LogType,UnityEngine.LogOption,string,UnityEngine.Object)
UnityEngine.DebugLogHandler:LogFormat (UnityEngine.LogType,UnityEngine.Object,string,object[])
UnityEngine.Logger:Log (UnityEngine.LogType,object)
UnityEngine.Debug:Log (object)
Player:Update () (at Assets/Player.cs:113)

(Filename: Assets/Player.cs Line: 113)

[Player] Jump executed! JumpForce: 4, y-velocity: 4
UnityEngine.Debug:ExtractStackTraceNoAlloc (byte*,int,string)
UnityEngine.StackTraceUtility:ExtractStackTrace ()
UnityEngine.DebugLogHandler:Internal_Log (UnityEngine.LogType,UnityEngine.LogOption,string,UnityEngine.Object)
UnityEngine.DebugLogHandler:LogFormat (UnityEngine.LogType,UnityEngine.Object,string,object[])
UnityEngine.Logger:Log (UnityEngine.LogType,object)
UnityEngine.Debug:Log (object)
Player:Jump () (at Assets/Player.cs:263)
Player:Update () (at Assets/Player.cs:117)

(Filename: Assets/Player.cs Line: 263)

[PlayerHealth] Shield expired.
UnityEngine.Debug:ExtractStackTraceNoAlloc (byte*,int,string)
UnityEngine.StackTraceUtility:ExtractStackTrace ()
UnityEngine.DebugLogHandler:Internal_Log (UnityEngine.LogType,UnityEngine.LogOption,string,UnityEngine.Object)
UnityEngine.DebugLogHandler:LogFormat (UnityEngine.LogType,UnityEngine.Object,string,object[])
UnityEngine.Logger:Log (UnityEngine.LogType,object)
UnityEngine.Debug:Log (object)
PlayerHealth:Update () (at Assets/LaserCorridor/PlayerHealth.cs:67)

(Filename: Assets/LaserCorridor/PlayerHealth.cs Line: 67)

[Player] Jump pressed! isGrounded: True, Timer: -0.01312339
UnityEngine.Debug:ExtractStackTraceNoAlloc (byte*,int,string)
UnityEngine.StackTraceUtility:ExtractStackTrace ()
UnityEngine.DebugLogHandler:Internal_Log (UnityEngine.LogType,UnityEngine.LogOption,string,UnityEngine.Object)
UnityEngine.DebugLogHandler:LogFormat (UnityEngine.LogType,UnityEngine.Object,string,object[])
UnityEngine.Logger:Log (UnityEngine.LogType,object)
UnityEngine.Debug:Log (object)
Player:Update () (at Assets/Player.cs:113)

(Filename: Assets/Player.cs Line: 113)

[Player] Jump executed! JumpForce: 4, y-velocity: 4
UnityEngine.Debug:ExtractStackTraceNoAlloc (byte*,int,string)
UnityEngine.StackTraceUtility:ExtractStackTrace ()
UnityEngine.DebugLogHandler:Internal_Log (UnityEngine.LogType,UnityEngine.LogOption,string,UnityEngine.Object)
UnityEngine.DebugLogHandler:LogFormat (UnityEngine.LogType,UnityEngine.Object,string,object[])
UnityEngine.Logger:Log (UnityEngine.LogType,object)
UnityEngine.Debug:Log (object)
Player:Jump () (at Assets/Player.cs:263)
Player:Update () (at Assets/Player.cs:117)

(Filename: Assets/Player.cs Line: 263)

[PlayerHealth] Took 35 damage! Remaining HP: 30/100
UnityEngine.Debug:ExtractStackTraceNoAlloc (byte*,int,string)
UnityEngine.StackTraceUtility:ExtractStackTrace ()
UnityEngine.DebugLogHandler:Internal_Log (UnityEngine.LogType,UnityEngine.LogOption,string,UnityEngine.Object)
UnityEngine.DebugLogHandler:LogFormat (UnityEngine.LogType,UnityEngine.Object,string,object[])
UnityEngine.Logger:Log (UnityEngine.LogType,object)
UnityEngine.Debug:Log (object)
PlayerHealth:TakeDamage (int) (at Assets/LaserCorridor/PlayerHealth.cs:104)
LaserBeam:OnTriggerEnter (UnityEngine.Collider) (at Assets/LaserCorridor/LaserBeam.cs:107)

(Filename: Assets/LaserCorridor/PlayerHealth.cs Line: 104)

[Player] Jump pressed! isGrounded: True, Timer: -0.00119857
UnityEngine.Debug:ExtractStackTraceNoAlloc (byte*,int,string)
UnityEngine.StackTraceUtility:ExtractStackTrace ()
UnityEngine.DebugLogHandler:Internal_Log (UnityEngine.LogType,UnityEngine.LogOption,string,UnityEngine.Object)
UnityEngine.DebugLogHandler:LogFormat (UnityEngine.LogType,UnityEngine.Object,string,object[])
UnityEngine.Logger:Log (UnityEngine.LogType,object)
UnityEngine.Debug:Log (object)
Player:Update () (at Assets/Player.cs:113)

(Filename: Assets/Player.cs Line: 113)

[Player] Jump executed! JumpForce: 4, y-velocity: 4
UnityEngine.Debug:ExtractStackTraceNoAlloc (byte*,int,string)
UnityEngine.StackTraceUtility:ExtractStackTrace ()
UnityEngine.DebugLogHandler:Internal_Log (UnityEngine.LogType,UnityEngine.LogOption,string,UnityEngine.Object)
UnityEngine.DebugLogHandler:LogFormat (UnityEngine.LogType,UnityEngine.Object,string,object[])
UnityEngine.Logger:Log (UnityEngine.LogType,object)
UnityEngine.Debug:Log (object)
Player:Jump () (at Assets/Player.cs:263)
Player:Update () (at Assets/Player.cs:117)

(Filename: Assets/Player.cs Line: 263)

[Player] Jump pressed! isGrounded: True, Timer: -0.004907142
UnityEngine.Debug:ExtractStackTraceNoAlloc (byte*,int,string)
UnityEngine.StackTraceUtility:ExtractStackTrace ()
UnityEngine.DebugLogHandler:Internal_Log (UnityEngine.LogType,UnityEngine.LogOption,string,UnityEngine.Object)
UnityEngine.DebugLogHandler:LogFormat (UnityEngine.LogType,UnityEngine.Object,string,object[])
UnityEngine.Logger:Log (UnityEngine.LogType,object)
UnityEngine.Debug:Log (object)
Player:Update () (at Assets/Player.cs:113)

(Filename: Assets/Player.cs Line: 113)

[Player] Jump executed! JumpForce: 4, y-velocity: 4
UnityEngine.Debug:ExtractStackTraceNoAlloc (byte*,int,string)
UnityEngine.StackTraceUtility:ExtractStackTrace ()
UnityEngine.DebugLogHandler:Internal_Log (UnityEngine.LogType,UnityEngine.LogOption,string,UnityEngine.Object)
UnityEngine.DebugLogHandler:LogFormat (UnityEngine.LogType,UnityEngine.Object,string,object[])
UnityEngine.Logger:Log (UnityEngine.LogType,object)
UnityEngine.Debug:Log (object)
Player:Jump () (at Assets/Player.cs:263)
Player:Update () (at Assets/Player.cs:117)

(Filename: Assets/Player.cs Line: 263)

[CorridorGoal] PLAYER REACHED THE END OF THE CORRIDOR!
UnityEngine.Debug:ExtractStackTraceNoAlloc (byte*,int,string)
UnityEngine.StackTraceUtility:ExtractStackTrace ()
UnityEngine.DebugLogHandler:Internal_Log (UnityEngine.LogType,UnityEngine.LogOption,string,UnityEngine.Object)
UnityEngine.DebugLogHandler:LogFormat (UnityEngine.LogType,UnityEngine.Object,string,object[])
UnityEngine.Logger:Log (UnityEngine.LogType,object)
UnityEngine.Debug:Log (object)
CorridorGoal:OnTriggerEnter (UnityEngine.Collider) (at Assets/LaserCorridor/CorridorGoal.cs:27)

(Filename: Assets/LaserCorridor/CorridorGoal.cs Line: 27)

[GameManager] VICTORY! Corridor Cleared!
UnityEngine.Debug:ExtractStackTraceNoAlloc (byte*,int,string)
UnityEngine.StackTraceUtility:ExtractStackTrace ()
UnityEngine.DebugLogHandler:Internal_Log (UnityEngine.LogType,UnityEngine.LogOption,string,UnityEngine.Object)
UnityEngine.DebugLogHandler:LogFormat (UnityEngine.LogType,UnityEngine.Object,string,object[])
UnityEngine.Logger:Log (UnityEngine.LogType,object)
UnityEngine.Debug:Log (object)
LaserCorridorGameManager:OnGoalReached () (at Assets/LaserCorridor/LaserCorridorGameManager.cs:137)
CorridorGoal:OnTriggerEnter (UnityEngine.Collider) (at Assets/LaserCorridor/CorridorGoal.cs:31)

(Filename: Assets/LaserCorridor/LaserCorridorGameManager.cs Line: 137)

GPU Resident Drawer disposed.
Unloading 4 Unused Serialized files (Serialized files now loaded: 0)
Loaded scene 'Temp/__Backupscenes/0.backup'
	Deserialize:            1.126 ms
	Integration:            33.350 ms
	Integration of assets:  0.043 ms
	Thread Wait Time:       0.022 ms
	Total Operation Time:   34.541 ms
Unloading 4 unused Assets / (0.6 MB). Loaded Objects now: 9470.
Memory consumption went from 0.70 GB to 0.70 GB.
Total: 32.006200 ms (FindLiveObjects: 0.706000 ms CreateObjectMapping: 0.318600 ms MarkObjects: 30.601000 ms  DeleteObjects: 0.118700 ms)

GPU Resident Drawer created.
[Licensing::Client] Successfully resolved entitlement details
GPU Resident Drawer disposed.
GPU Resident Drawer created.
GPU Resident Drawer disposed.
Entering Playmode with Reload Domain disabled.
If you experience any issues, please disable "Enter Play Mode Options" in Editor Settings
Entering Playmode with Reload Scene disabled. If you experience any issues, please disable "Enter Play Mode Options" in Editor Settings
GPU Resident Drawer created.
GPU Resident Drawer disposed.
GPU Resident Drawer created.
[Player] Jump pressed! isGrounded: True, Timer: 0
UnityEngine.Debug:ExtractStackTraceNoAlloc (byte*,int,string)
UnityEngine.StackTraceUtility:ExtractStackTrace ()
UnityEngine.DebugLogHandler:Internal_Log (UnityEngine.LogType,UnityEngine.LogOption,string,UnityEngine.Object)
UnityEngine.DebugLogHandler:LogFormat (UnityEngine.LogType,UnityEngine.Object,string,object[])
UnityEngine.Logger:Log (UnityEngine.LogType,object)
UnityEngine.Debug:Log (object)
Player:Update () (at Assets/Player.cs:113)

(Filename: Assets/Player.cs Line: 113)

[Player] Jump executed! JumpForce: 4, y-velocity: 4
UnityEngine.Debug:ExtractStackTraceNoAlloc (byte*,int,string)
UnityEngine.StackTraceUtility:ExtractStackTrace ()
UnityEngine.DebugLogHandler:Internal_Log (UnityEngine.LogType,UnityEngine.LogOption,string,UnityEngine.Object)
UnityEngine.DebugLogHandler:LogFormat (UnityEngine.LogType,UnityEngine.Object,string,object[])
UnityEngine.Logger:Log (UnityEngine.LogType,object)
UnityEngine.Debug:Log (object)
Player:Jump () (at Assets/Player.cs:263)
Player:Update () (at Assets/Player.cs:117)

(Filename: Assets/Player.cs Line: 263)

[Player] Jump pressed! isGrounded: True, Timer: -0.001229006
UnityEngine.Debug:ExtractStackTraceNoAlloc (byte*,int,string)
UnityEngine.StackTraceUtility:ExtractStackTrace ()
UnityEngine.DebugLogHandler:Internal_Log (UnityEngine.LogType,UnityEngine.LogOption,string,UnityEngine.Object)
UnityEngine.DebugLogHandler:LogFormat (UnityEngine.LogType,UnityEngine.Object,string,object[])
UnityEngine.Logger:Log (UnityEngine.LogType,object)
UnityEngine.Debug:Log (object)
Player:Update () (at Assets/Player.cs:113)

(Filename: Assets/Player.cs Line: 113)

[Player] Jump executed! JumpForce: 4, y-velocity: 4
UnityEngine.Debug:ExtractStackTraceNoAlloc (byte*,int,string)
UnityEngine.StackTraceUtility:ExtractStackTrace ()
UnityEngine.DebugLogHandler:Internal_Log (UnityEngine.LogType,UnityEngine.LogOption,string,UnityEngine.Object)
UnityEngine.DebugLogHandler:LogFormat (UnityEngine.LogType,UnityEngine.Object,string,object[])
UnityEngine.Logger:Log (UnityEngine.LogType,object)
UnityEngine.Debug:Log (object)
Player:Jump () (at Assets/Player.cs:263)
Player:Update () (at Assets/Player.cs:117)

(Filename: Assets/Player.cs Line: 263)

[PlayerHealth] Took 35 damage! Remaining HP: 65/100
UnityEngine.Debug:ExtractStackTraceNoAlloc (byte*,int,string)
UnityEngine.StackTraceUtility:ExtractStackTrace ()
UnityEngine.DebugLogHandler:Internal_Log (UnityEngine.LogType,UnityEngine.LogOption,string,UnityEngine.Object)
UnityEngine.DebugLogHandler:LogFormat (UnityEngine.LogType,UnityEngine.Object,string,object[])
UnityEngine.Logger:Log (UnityEngine.LogType,object)
UnityEngine.Debug:Log (object)
PlayerHealth:TakeDamage (int) (at Assets/LaserCorridor/PlayerHealth.cs:104)
LaserBeam:OnTriggerEnter (UnityEngine.Collider) (at Assets/LaserCorridor/LaserBeam.cs:107)

(Filename: Assets/LaserCorridor/PlayerHealth.cs Line: 104)

[CorridorGoal] PLAYER REACHED THE END OF THE CORRIDOR!
UnityEngine.Debug:ExtractStackTraceNoAlloc (byte*,int,string)
UnityEngine.StackTraceUtility:ExtractStackTrace ()
UnityEngine.DebugLogHandler:Internal_Log (UnityEngine.LogType,UnityEngine.LogOption,string,UnityEngine.Object)
UnityEngine.DebugLogHandler:LogFormat (UnityEngine.LogType,UnityEngine.Object,string,object[])
UnityEngine.Logger:Log (UnityEngine.LogType,object)
UnityEngine.Debug:Log (object)
CorridorGoal:OnTriggerEnter (UnityEngine.Collider) (at Assets/LaserCorridor/CorridorGoal.cs:27)

(Filename: Assets/LaserCorridor/CorridorGoal.cs Line: 27)

[GameManager] VICTORY! Corridor Cleared!
UnityEngine.Debug:ExtractStackTraceNoAlloc (byte*,int,string)
UnityEngine.StackTraceUtility:ExtractStackTrace ()
UnityEngine.DebugLogHandler:Internal_Log (UnityEngine.LogType,UnityEngine.LogOption,string,UnityEngine.Object)
UnityEngine.DebugLogHandler:LogFormat (UnityEngine.LogType,UnityEngine.Object,string,object[])
UnityEngine.Logger:Log (UnityEngine.LogType,object)
UnityEngine.Debug:Log (object)
LaserCorridorGameManager:OnGoalReached () (at Assets/LaserCorridor/LaserCorridorGameManager.cs:137)
CorridorGoal:OnTriggerEnter (UnityEngine.Collider) (at Assets/LaserCorridor/CorridorGoal.cs:31)

(Filename: Assets/LaserCorridor/LaserCorridorGameManager.cs Line: 137)

[Player] Jump pressed! isGrounded: True, Timer: -0.002170501
UnityEngine.Debug:ExtractStackTraceNoAlloc (byte*,int,string)
UnityEngine.StackTraceUtility:ExtractStackTrace ()
UnityEngine.DebugLogHandler:Internal_Log (UnityEngine.LogType,UnityEngine.LogOption,string,UnityEngine.Object)
UnityEngine.DebugLogHandler:LogFormat (UnityEngine.LogType,UnityEngine.Object,string,object[])
UnityEngine.Logger:Log (UnityEngine.LogType,object)
UnityEngine.Debug:Log (object)
Player:Update () (at Assets/Player.cs:113)

(Filename: Assets/Player.cs Line: 113)

[Player] Jump executed! JumpForce: 4, y-velocity: 4
UnityEngine.Debug:ExtractStackTraceNoAlloc (byte*,int,string)
UnityEngine.StackTraceUtility:ExtractStackTrace ()
UnityEngine.DebugLogHandler:Internal_Log (UnityEngine.LogType,UnityEngine.LogOption,string,UnityEngine.Object)
UnityEngine.DebugLogHandler:LogFormat (UnityEngine.LogType,UnityEngine.Object,string,object[])
UnityEngine.Logger:Log (UnityEngine.LogType,object)
UnityEngine.Debug:Log (object)
Player:Jump () (at Assets/Player.cs:263)
Player:Update () (at Assets/Player.cs:117)

(Filename: Assets/Player.cs Line: 263)

GPU Resident Drawer disposed.
Unloading 4 Unused Serialized files (Serialized files now loaded: 0)
Loaded scene 'Temp/__Backupscenes/0.backup'
	Deserialize:            0.935 ms
	Integration:            40.689 ms
	Integration of assets:  0.034 ms
	Thread Wait Time:       0.026 ms
	Total Operation Time:   41.684 ms
Unloading 4 unused Assets / (0.8 MB). Loaded Objects now: 9482.
Memory consumption went from 0.70 GB to 0.70 GB.
Total: 38.824400 ms (FindLiveObjects: 1.048800 ms CreateObjectMapping: 0.655200 ms MarkObjects: 36.562700 ms  DeleteObjects: 0.155000 ms)

GPU Resident Drawer created.
GPU Resident Drawer disposed.
GPU Resident Drawer created.
GPU Resident Drawer disposed.
Entering Playmode with Reload Domain disabled.
If you experience any issues, please disable "Enter Play Mode Options" in Editor Settings
Entering Playmode with Reload Scene disabled. If you experience any issues, please disable "Enter Play Mode Options" in Editor Settings
GPU Resident Drawer created.
GPU Resident Drawer disposed.
GPU Resident Drawer created.
[PlayerHealth] Speed Boost activated! (1.6x for 5s)
UnityEngine.Debug:ExtractStackTraceNoAlloc (byte*,int,string)
UnityEngine.StackTraceUtility:ExtractStackTrace ()
UnityEngine.DebugLogHandler:Internal_Log (UnityEngine.LogType,UnityEngine.LogOption,string,UnityEngine.Object)
UnityEngine.DebugLogHandler:LogFormat (UnityEngine.LogType,UnityEngine.Object,string,object[])
UnityEngine.Logger:Log (UnityEngine.LogType,object)
UnityEngine.Debug:Log (object)
PlayerHealth:ApplySpeedBoost (single,single) (at Assets/LaserCorridor/PlayerHealth.cs:145)
BonusFloorPanel:GrantBonus (PlayerHealth) (at Assets/LaserCorridor/BonusFloorPanel.cs:106)
BonusFloorPanel:OnTriggerEnter (UnityEngine.Collider) (at Assets/LaserCorridor/BonusFloorPanel.cs:90)

(Filename: Assets/LaserCorridor/PlayerHealth.cs Line: 145)

[PlayerHealth] Took 35 damage! Remaining HP: 65/100
UnityEngine.Debug:ExtractStackTraceNoAlloc (byte*,int,string)
UnityEngine.StackTraceUtility:ExtractStackTrace ()
UnityEngine.DebugLogHandler:Internal_Log (UnityEngine.LogType,UnityEngine.LogOption,string,UnityEngine.Object)
UnityEngine.DebugLogHandler:LogFormat (UnityEngine.LogType,UnityEngine.Object,string,object[])
UnityEngine.Logger:Log (UnityEngine.LogType,object)
UnityEngine.Debug:Log (object)
PlayerHealth:TakeDamage (int) (at Assets/LaserCorridor/PlayerHealth.cs:104)
LaserBeam:OnTriggerEnter (UnityEngine.Collider) (at Assets/LaserCorridor/LaserBeam.cs:107)

(Filename: Assets/LaserCorridor/PlayerHealth.cs Line: 104)

[PlayerHealth] Restored 35 HP! Current HP: 100/100
UnityEngine.Debug:ExtractStackTraceNoAlloc (byte*,int,string)
UnityEngine.StackTraceUtility:ExtractStackTrace ()
UnityEngine.DebugLogHandler:Internal_Log (UnityEngine.LogType,UnityEngine.LogOption,string,UnityEngine.Object)
UnityEngine.DebugLogHandler:LogFormat (UnityEngine.LogType,UnityEngine.Object,string,object[])
UnityEngine.Logger:Log (UnityEngine.LogType,object)
UnityEngine.Debug:Log (object)
PlayerHealth:Heal (int) (at Assets/LaserCorridor/PlayerHealth.cs:125)
BonusFloorPanel:GrantBonus (PlayerHealth) (at Assets/LaserCorridor/BonusFloorPanel.cs:102)
BonusFloorPanel:OnTriggerEnter (UnityEngine.Collider) (at Assets/LaserCorridor/BonusFloorPanel.cs:90)

(Filename: Assets/LaserCorridor/PlayerHealth.cs Line: 125)

[PlayerHealth] Took 35 damage! Remaining HP: 65/100
UnityEngine.Debug:ExtractStackTraceNoAlloc (byte*,int,string)
UnityEngine.StackTraceUtility:ExtractStackTrace ()
UnityEngine.DebugLogHandler:Internal_Log (UnityEngine.LogType,UnityEngine.LogOption,string,UnityEngine.Object)
UnityEngine.DebugLogHandler:LogFormat (UnityEngine.LogType,UnityEngine.Object,string,object[])
UnityEngine.Logger:Log (UnityEngine.LogType,object)
UnityEngine.Debug:Log (object)
PlayerHealth:TakeDamage (int) (at Assets/LaserCorridor/PlayerHealth.cs:104)
LaserBeam:OnTriggerEnter (UnityEngine.Collider) (at Assets/LaserCorridor/LaserBeam.cs:107)

(Filename: Assets/LaserCorridor/PlayerHealth.cs Line: 104)

[PlayerHealth] Energy Shield activated for 5s!
UnityEngine.Debug:ExtractStackTraceNoAlloc (byte*,int,string)
UnityEngine.StackTraceUtility:ExtractStackTrace ()
UnityEngine.DebugLogHandler:Internal_Log (UnityEngine.LogType,UnityEngine.LogOption,string,UnityEngine.Object)
UnityEngine.DebugLogHandler:LogFormat (UnityEngine.LogType,UnityEngine.Object,string,object[])
UnityEngine.Logger:Log (UnityEngine.LogType,object)
UnityEngine.Debug:Log (object)
PlayerHealth:ApplyShield (single) (at Assets/LaserCorridor/PlayerHealth.cs:168)
BonusFloorPanel:GrantBonus (PlayerHealth) (at Assets/LaserCorridor/BonusFloorPanel.cs:110)
BonusFloorPanel:OnTriggerEnter (UnityEngine.Collider) (at Assets/LaserCorridor/BonusFloorPanel.cs:90)

(Filename: Assets/LaserCorridor/PlayerHealth.cs Line: 168)

[PlayerHealth] Speed Boost ended.
UnityEngine.Debug:ExtractStackTraceNoAlloc (byte*,int,string)
UnityEngine.StackTraceUtility:ExtractStackTrace ()
UnityEngine.DebugLogHandler:Internal_Log (UnityEngine.LogType,UnityEngine.LogOption,string,UnityEngine.Object)
UnityEngine.DebugLogHandler:LogFormat (UnityEngine.LogType,UnityEngine.Object,string,object[])
UnityEngine.Logger:Log (UnityEngine.LogType,object)
UnityEngine.Debug:Log (object)
PlayerHealth:ResetSpeedBoost () (at Assets/LaserCorridor/PlayerHealth.cs:157)
PlayerHealth:Update () (at Assets/LaserCorridor/PlayerHealth.cs:77)

(Filename: Assets/LaserCorridor/PlayerHealth.cs Line: 157)

[PlayerHealth] Shield absorbed laser damage!
UnityEngine.Debug:ExtractStackTraceNoAlloc (byte*,int,string)
UnityEngine.StackTraceUtility:ExtractStackTrace ()
UnityEngine.DebugLogHandler:Internal_Log (UnityEngine.LogType,UnityEngine.LogOption,string,UnityEngine.Object)
UnityEngine.DebugLogHandler:LogFormat (UnityEngine.LogType,UnityEngine.Object,string,object[])
UnityEngine.Logger:Log (UnityEngine.LogType,object)
UnityEngine.Debug:Log (object)
PlayerHealth:TakeDamage (int) (at Assets/LaserCorridor/PlayerHealth.cs:92)
LaserBeam:OnTriggerEnter (UnityEngine.Collider) (at Assets/LaserCorridor/LaserBeam.cs:107)

(Filename: Assets/LaserCorridor/PlayerHealth.cs Line: 92)

[CorridorGoal] PLAYER REACHED THE END OF THE CORRIDOR!
UnityEngine.Debug:ExtractStackTraceNoAlloc (byte*,int,string)
UnityEngine.StackTraceUtility:ExtractStackTrace ()
UnityEngine.DebugLogHandler:Internal_Log (UnityEngine.LogType,UnityEngine.LogOption,string,UnityEngine.Object)
UnityEngine.DebugLogHandler:LogFormat (UnityEngine.LogType,UnityEngine.Object,string,object[])
UnityEngine.Logger:Log (UnityEngine.LogType,object)
UnityEngine.Debug:Log (object)
CorridorGoal:OnTriggerEnter (UnityEngine.Collider) (at Assets/LaserCorridor/CorridorGoal.cs:27)

(Filename: Assets/LaserCorridor/CorridorGoal.cs Line: 27)

[GameManager] VICTORY! Corridor Cleared!
UnityEngine.Debug:ExtractStackTraceNoAlloc (byte*,int,string)
UnityEngine.StackTraceUtility:ExtractStackTrace ()
UnityEngine.DebugLogHandler:Internal_Log (UnityEngine.LogType,UnityEngine.LogOption,string,UnityEngine.Object)
UnityEngine.DebugLogHandler:LogFormat (UnityEngine.LogType,UnityEngine.Object,string,object[])
UnityEngine.Logger:Log (UnityEngine.LogType,object)
UnityEngine.Debug:Log (object)
LaserCorridorGameManager:OnGoalReached () (at Assets/LaserCorridor/LaserCorridorGameManager.cs:137)
CorridorGoal:OnTriggerEnter (UnityEngine.Collider) (at Assets/LaserCorridor/CorridorGoal.cs:31)

(Filename: Assets/LaserCorridor/LaserCorridorGameManager.cs Line: 137)

GPU Resident Drawer disposed.
Unloading 4 Unused Serialized files (Serialized files now loaded: 0)
Loaded scene 'Temp/__Backupscenes/0.backup'
	Deserialize:            1.061 ms
	Integration:            27.336 ms
	Integration of assets:  0.104 ms
	Thread Wait Time:       0.018 ms
	Total Operation Time:   28.519 ms
Unloading 4 unused Assets / (507.3 KB). Loaded Objects now: 9494.
Memory consumption went from 0.70 GB to 0.70 GB.
Total: 31.508600 ms (FindLiveObjects: 0.591600 ms CreateObjectMapping: 0.308400 ms MarkObjects: 30.253600 ms  DeleteObjects: 0.070400 ms)

GPU Resident Drawer created.
GPU Resident Drawer disposed.
GPU Resident Drawer created.
GPU Resident Drawer disposed.
Entering Playmode with Reload Domain disabled.
If you experience any issues, please disable "Enter Play Mode Options" in Editor Settings
Entering Playmode with Reload Scene disabled. If you experience any issues, please disable "Enter Play Mode Options" in Editor Settings
GPU Resident Drawer created.
GPU Resident Drawer disposed.
GPU Resident Drawer created.
[Player] Jump pressed! isGrounded: True, Timer: 0
UnityEngine.Debug:ExtractStackTraceNoAlloc (byte*,int,string)
UnityEngine.StackTraceUtility:ExtractStackTrace ()
UnityEngine.DebugLogHandler:Internal_Log (UnityEngine.LogType,UnityEngine.LogOption,string,UnityEngine.Object)
UnityEngine.DebugLogHandler:LogFormat (UnityEngine.LogType,UnityEngine.Object,string,object[])
UnityEngine.Logger:Log (UnityEngine.LogType,object)
UnityEngine.Debug:Log (object)
Player:Update () (at Assets/Player.cs:113)

(Filename: Assets/Player.cs Line: 113)

[Player] Jump executed! JumpForce: 4, y-velocity: 4
UnityEngine.Debug:ExtractStackTraceNoAlloc (byte*,int,string)
UnityEngine.StackTraceUtility:ExtractStackTrace ()
UnityEngine.DebugLogHandler:Internal_Log (UnityEngine.LogType,UnityEngine.LogOption,string,UnityEngine.Object)
UnityEngine.DebugLogHandler:LogFormat (UnityEngine.LogType,UnityEngine.Object,string,object[])
UnityEngine.Logger:Log (UnityEngine.LogType,object)
UnityEngine.Debug:Log (object)
Player:Jump () (at Assets/Player.cs:263)
Player:Update () (at Assets/Player.cs:117)

(Filename: Assets/Player.cs Line: 263)

GPU Resident Drawer disposed.
Unloading 4 Unused Serialized files (Serialized files now loaded: 0)
Loaded scene 'Temp/__Backupscenes/0.backup'
	Deserialize:            1.223 ms
	Integration:            28.099 ms
	Integration of assets:  0.025 ms
	Thread Wait Time:       0.021 ms
	Total Operation Time:   29.369 ms
Unloading 4 unused Assets / (0.7 MB). Loaded Objects now: 9506.
Memory consumption went from 0.71 GB to 0.71 GB.
Total: 32.446800 ms (FindLiveObjects: 0.587200 ms CreateObjectMapping: 0.228900 ms MarkObjects: 31.226900 ms  DeleteObjects: 0.077900 ms)

GPU Resident Drawer created.
GPU Resident Drawer disposed.
GPU Resident Drawer created.
GPU Resident Drawer disposed.
Entering Playmode with Reload Domain disabled.
If you experience any issues, please disable "Enter Play Mode Options" in Editor Settings
Entering Playmode with Reload Scene disabled. If you experience any issues, please disable "Enter Play Mode Options" in Editor Settings
GPU Resident Drawer created.
GPU Resident Drawer disposed.
GPU Resident Drawer created.
GPU Resident Drawer disposed.
Unloading 4 Unused Serialized files (Serialized files now loaded: 0)
Loaded scene 'Temp/__Backupscenes/0.backup'
	Deserialize:            1.462 ms
	Integration:            29.403 ms
	Integration of assets:  0.049 ms
	Thread Wait Time:       0.016 ms
	Total Operation Time:   30.930 ms
Unloading 4 unused Assets / (0.7 MB). Loaded Objects now: 9518.
Memory consumption went from 0.71 GB to 0.71 GB.
Total: 30.715100 ms (FindLiveObjects: 1.011100 ms CreateObjectMapping: 0.450600 ms MarkObjects: 28.879000 ms  DeleteObjects: 0.069200 ms)

GPU Resident Drawer created.
GPU Resident Drawer disposed.
GPU Resident Drawer created.
GPU Resident Drawer disposed.
Entering Playmode with Reload Domain disabled.
If you experience any issues, please disable "Enter Play Mode Options" in Editor Settings
Entering Playmode with Reload Scene disabled. If you experience any issues, please disable "Enter Play Mode Options" in Editor Settings
GPU Resident Drawer created.
GPU Resident Drawer disposed.
GPU Resident Drawer created.
[Player] Jump pressed! isGrounded: True, Timer: 0
UnityEngine.Debug:ExtractStackTraceNoAlloc (byte*,int,string)
UnityEngine.StackTraceUtility:ExtractStackTrace ()
UnityEngine.DebugLogHandler:Internal_Log (UnityEngine.LogType,UnityEngine.LogOption,string,UnityEngine.Object)
UnityEngine.DebugLogHandler:LogFormat (UnityEngine.LogType,UnityEngine.Object,string,object[])
UnityEngine.Logger:Log (UnityEngine.LogType,object)
UnityEngine.Debug:Log (object)
Player:Update () (at Assets/Player.cs:113)

(Filename: Assets/Player.cs Line: 113)

[Player] Jump executed! JumpForce: 4, y-velocity: 4
UnityEngine.Debug:ExtractStackTraceNoAlloc (byte*,int,string)
UnityEngine.StackTraceUtility:ExtractStackTrace ()
UnityEngine.DebugLogHandler:Internal_Log (UnityEngine.LogType,UnityEngine.LogOption,string,UnityEngine.Object)
UnityEngine.DebugLogHandler:LogFormat (UnityEngine.LogType,UnityEngine.Object,string,object[])
UnityEngine.Logger:Log (UnityEngine.LogType,object)
UnityEngine.Debug:Log (object)
Player:Jump () (at Assets/Player.cs:263)
Player:Update () (at Assets/Player.cs:117)

(Filename: Assets/Player.cs Line: 263)

[Player] Jump pressed! isGrounded: True, Timer: -0.003002286
UnityEngine.Debug:ExtractStackTraceNoAlloc (byte*,int,string)
UnityEngine.StackTraceUtility:ExtractStackTrace ()
UnityEngine.DebugLogHandler:Internal_Log (UnityEngine.LogType,UnityEngine.LogOption,string,UnityEngine.Object)
UnityEngine.DebugLogHandler:LogFormat (UnityEngine.LogType,UnityEngine.Object,string,object[])
UnityEngine.Logger:Log (UnityEngine.LogType,object)
UnityEngine.Debug:Log (object)
Player:Update () (at Assets/Player.cs:113)

(Filename: Assets/Player.cs Line: 113)

[Player] Jump executed! JumpForce: 4, y-velocity: 4
UnityEngine.Debug:ExtractStackTraceNoAlloc (byte*,int,string)
UnityEngine.StackTraceUtility:ExtractStackTrace ()
UnityEngine.DebugLogHandler:Internal_Log (UnityEngine.LogType,UnityEngine.LogOption,string,UnityEngine.Object)
UnityEngine.DebugLogHandler:LogFormat (UnityEngine.LogType,UnityEngine.Object,string,object[])
UnityEngine.Logger:Log (UnityEngine.LogType,object)
UnityEngine.Debug:Log (object)
Player:Jump () (at Assets/Player.cs:263)
Player:Update () (at Assets/Player.cs:117)

(Filename: Assets/Player.cs Line: 263)

[Player] Jump pressed! isGrounded: True, Timer: -0.0002151767
UnityEngine.Debug:ExtractStackTraceNoAlloc (byte*,int,string)
UnityEngine.StackTraceUtility:ExtractStackTrace ()
UnityEngine.DebugLogHandler:Internal_Log (UnityEngine.LogType,UnityEngine.LogOption,string,UnityEngine.Object)
UnityEngine.DebugLogHandler:LogFormat (UnityEngine.LogType,UnityEngine.Object,string,object[])
UnityEngine.Logger:Log (UnityEngine.LogType,object)
UnityEngine.Debug:Log (object)
Player:Update () (at Assets/Player.cs:113)

(Filename: Assets/Player.cs Line: 113)

[Player] Jump executed! JumpForce: 4, y-velocity: 4
UnityEngine.Debug:ExtractStackTraceNoAlloc (byte*,int,string)
UnityEngine.StackTraceUtility:ExtractStackTrace ()
UnityEngine.DebugLogHandler:Internal_Log (UnityEngine.LogType,UnityEngine.LogOption,string,UnityEngine.Object)
UnityEngine.DebugLogHandler:LogFormat (UnityEngine.LogType,UnityEngine.Object,string,object[])
UnityEngine.Logger:Log (UnityEngine.LogType,object)
UnityEngine.Debug:Log (object)
Player:Jump () (at Assets/Player.cs:263)
Player:Update () (at Assets/Player.cs:117)

(Filename: Assets/Player.cs Line: 263)

[PlayerHealth] Speed Boost activated! (1.6x for 5s)
UnityEngine.Debug:ExtractStackTraceNoAlloc (byte*,int,string)
UnityEngine.StackTraceUtility:ExtractStackTrace ()
UnityEngine.DebugLogHandler:Internal_Log (UnityEngine.LogType,UnityEngine.LogOption,string,UnityEngine.Object)
UnityEngine.DebugLogHandler:LogFormat (UnityEngine.LogType,UnityEngine.Object,string,object[])
UnityEngine.Logger:Log (UnityEngine.LogType,object)
UnityEngine.Debug:Log (object)
PlayerHealth:ApplySpeedBoost (single,single) (at Assets/LaserCorridor/PlayerHealth.cs:145)
BonusFloorPanel:GrantBonus (PlayerHealth) (at Assets/LaserCorridor/BonusFloorPanel.cs:106)
BonusFloorPanel:OnTriggerEnter (UnityEngine.Collider) (at Assets/LaserCorridor/BonusFloorPanel.cs:90)

(Filename: Assets/LaserCorridor/PlayerHealth.cs Line: 145)

[Player] Jump pressed! isGrounded: True, Timer: -0.001224234
UnityEngine.Debug:ExtractStackTraceNoAlloc (byte*,int,string)
UnityEngine.StackTraceUtility:ExtractStackTrace ()
UnityEngine.DebugLogHandler:Internal_Log (UnityEngine.LogType,UnityEngine.LogOption,string,UnityEngine.Object)
UnityEngine.DebugLogHandler:LogFormat (UnityEngine.LogType,UnityEngine.Object,string,object[])
UnityEngine.Logger:Log (UnityEngine.LogType,object)
UnityEngine.Debug:Log (object)
Player:Update () (at Assets/Player.cs:113)

(Filename: Assets/Player.cs Line: 113)

[Player] Jump executed! JumpForce: 4, y-velocity: 4
UnityEngine.Debug:ExtractStackTraceNoAlloc (byte*,int,string)
UnityEngine.StackTraceUtility:ExtractStackTrace ()
UnityEngine.DebugLogHandler:Internal_Log (UnityEngine.LogType,UnityEngine.LogOption,string,UnityEngine.Object)
UnityEngine.DebugLogHandler:LogFormat (UnityEngine.LogType,UnityEngine.Object,string,object[])
UnityEngine.Logger:Log (UnityEngine.LogType,object)
UnityEngine.Debug:Log (object)
Player:Jump () (at Assets/Player.cs:263)
Player:Update () (at Assets/Player.cs:117)

(Filename: Assets/Player.cs Line: 263)

Asset Pipeline Refresh (id=52c7e942f2edd0345bfbd93bc522f478): Total: 0.021 seconds - Initiated by RefreshV2(NoUpdateAssetOptions)
[PlayerHealth] Took 35 damage! Remaining HP: 65/100
UnityEngine.Debug:ExtractStackTraceNoAlloc (byte*,int,string)
UnityEngine.StackTraceUtility:ExtractStackTrace ()
UnityEngine.DebugLogHandler:Internal_Log (UnityEngine.LogType,UnityEngine.LogOption,string,UnityEngine.Object)
UnityEngine.DebugLogHandler:LogFormat (UnityEngine.LogType,UnityEngine.Object,string,object[])
UnityEngine.Logger:Log (UnityEngine.LogType,object)
UnityEngine.Debug:Log (object)
PlayerHealth:TakeDamage (int) (at Assets/LaserCorridor/PlayerHealth.cs:104)
LaserBeam:OnTriggerEnter (UnityEngine.Collider) (at Assets/LaserCorridor/LaserBeam.cs:107)

(Filename: Assets/LaserCorridor/PlayerHealth.cs Line: 104)

[PlayerHealth] Speed Boost ended.
UnityEngine.Debug:ExtractStackTraceNoAlloc (byte*,int,string)
UnityEngine.StackTraceUtility:ExtractStackTrace ()
UnityEngine.DebugLogHandler:Internal_Log (UnityEngine.LogType,UnityEngine.LogOption,string,UnityEngine.Object)
UnityEngine.DebugLogHandler:LogFormat (UnityEngine.LogType,UnityEngine.Object,string,object[])
UnityEngine.Logger:Log (UnityEngine.LogType,object)
UnityEngine.Debug:Log (object)
PlayerHealth:ResetSpeedBoost () (at Assets/LaserCorridor/PlayerHealth.cs:157)
PlayerHealth:Update () (at Assets/LaserCorridor/PlayerHealth.cs:77)

(Filename: Assets/LaserCorridor/PlayerHealth.cs Line: 157)

[Player] Jump pressed! isGrounded: True, Timer: -0.003515994
UnityEngine.Debug:ExtractStackTraceNoAlloc (byte*,int,string)
UnityEngine.StackTraceUtility:ExtractStackTrace ()
UnityEngine.DebugLogHandler:Internal_Log (UnityEngine.LogType,UnityEngine.LogOption,string,UnityEngine.Object)
UnityEngine.DebugLogHandler:LogFormat (UnityEngine.LogType,UnityEngine.Object,string,object[])
UnityEngine.Logger:Log (UnityEngine.LogType,object)
UnityEngine.Debug:Log (object)
Player:Update () (at Assets/Player.cs:113)

(Filename: Assets/Player.cs Line: 113)

[Player] Jump executed! JumpForce: 4, y-velocity: 4
UnityEngine.Debug:ExtractStackTraceNoAlloc (byte*,int,string)
UnityEngine.StackTraceUtility:ExtractStackTrace ()
UnityEngine.DebugLogHandler:Internal_Log (UnityEngine.LogType,UnityEngine.LogOption,string,UnityEngine.Object)
UnityEngine.DebugLogHandler:LogFormat (UnityEngine.LogType,UnityEngine.Object,string,object[])
UnityEngine.Logger:Log (UnityEngine.LogType,object)
UnityEngine.Debug:Log (object)
Player:Jump () (at Assets/Player.cs:263)
Player:Update () (at Assets/Player.cs:117)

(Filename: Assets/Player.cs Line: 263)

[PlayerHealth] Took 35 damage! Remaining HP: 30/100
UnityEngine.Debug:ExtractStackTraceNoAlloc (byte*,int,string)
UnityEngine.StackTraceUtility:ExtractStackTrace ()
UnityEngine.DebugLogHandler:Internal_Log (UnityEngine.LogType,UnityEngine.LogOption,string,UnityEngine.Object)
UnityEngine.DebugLogHandler:LogFormat (UnityEngine.LogType,UnityEngine.Object,string,object[])
UnityEngine.Logger:Log (UnityEngine.LogType,object)
UnityEngine.Debug:Log (object)
PlayerHealth:TakeDamage (int) (at Assets/LaserCorridor/PlayerHealth.cs:104)
LaserBeam:OnTriggerEnter (UnityEngine.Collider) (at Assets/LaserCorridor/LaserBeam.cs:107)

(Filename: Assets/LaserCorridor/PlayerHealth.cs Line: 104)

[PlayerHealth] Energy Shield activated for 5s!
UnityEngine.Debug:ExtractStackTraceNoAlloc (byte*,int,string)
UnityEngine.StackTraceUtility:ExtractStackTrace ()
UnityEngine.DebugLogHandler:Internal_Log (UnityEngine.LogType,UnityEngine.LogOption,string,UnityEngine.Object)
UnityEngine.DebugLogHandler:LogFormat (UnityEngine.LogType,UnityEngine.Object,string,object[])
UnityEngine.Logger:Log (UnityEngine.LogType,object)
UnityEngine.Debug:Log (object)
PlayerHealth:ApplyShield (single) (at Assets/LaserCorridor/PlayerHealth.cs:168)
BonusFloorPanel:GrantBonus (PlayerHealth) (at Assets/LaserCorridor/BonusFloorPanel.cs:110)
BonusFloorPanel:OnTriggerEnter (UnityEngine.Collider) (at Assets/LaserCorridor/BonusFloorPanel.cs:90)

(Filename: Assets/LaserCorridor/PlayerHealth.cs Line: 168)

[PlayerHealth] Shield absorbed laser damage!
UnityEngine.Debug:ExtractStackTraceNoAlloc (byte*,int,string)
UnityEngine.StackTraceUtility:ExtractStackTrace ()
UnityEngine.DebugLogHandler:Internal_Log (UnityEngine.LogType,UnityEngine.LogOption,string,UnityEngine.Object)
UnityEngine.DebugLogHandler:LogFormat (UnityEngine.LogType,UnityEngine.Object,string,object[])
UnityEngine.Logger:Log (UnityEngine.LogType,object)
UnityEngine.Debug:Log (object)
PlayerHealth:TakeDamage (int) (at Assets/LaserCorridor/PlayerHealth.cs:92)
LaserBeam:OnTriggerEnter (UnityEngine.Collider) (at Assets/LaserCorridor/LaserBeam.cs:107)

(Filename: Assets/LaserCorridor/PlayerHealth.cs Line: 92)

[Player] Jump pressed! isGrounded: True, Timer: -0.002282908
UnityEngine.Debug:ExtractStackTraceNoAlloc (byte*,int,string)
UnityEngine.StackTraceUtility:ExtractStackTrace ()
UnityEngine.DebugLogHandler:Internal_Log (UnityEngine.LogType,UnityEngine.LogOption,string,UnityEngine.Object)
UnityEngine.DebugLogHandler:LogFormat (UnityEngine.LogType,UnityEngine.Object,string,object[])
UnityEngine.Logger:Log (UnityEngine.LogType,object)
UnityEngine.Debug:Log (object)
Player:Update () (at Assets/Player.cs:113)

(Filename: Assets/Player.cs Line: 113)

[Player] Jump executed! JumpForce: 4, y-velocity: 4
UnityEngine.Debug:ExtractStackTraceNoAlloc (byte*,int,string)
UnityEngine.StackTraceUtility:ExtractStackTrace ()
UnityEngine.DebugLogHandler:Internal_Log (UnityEngine.LogType,UnityEngine.LogOption,string,UnityEngine.Object)
UnityEngine.DebugLogHandler:LogFormat (UnityEngine.LogType,UnityEngine.Object,string,object[])
UnityEngine.Logger:Log (UnityEngine.LogType,object)
UnityEngine.Debug:Log (object)
Player:Jump () (at Assets/Player.cs:263)
Player:Update () (at Assets/Player.cs:117)

(Filename: Assets/Player.cs Line: 263)

[Player] Jump pressed! isGrounded: True, Timer: -0.002081733
UnityEngine.Debug:ExtractStackTraceNoAlloc (byte*,int,string)
UnityEngine.StackTraceUtility:ExtractStackTrace ()
UnityEngine.DebugLogHandler:Internal_Log (UnityEngine.LogType,UnityEngine.LogOption,string,UnityEngine.Object)
UnityEngine.DebugLogHandler:LogFormat (UnityEngine.LogType,UnityEngine.Object,string,object[])
UnityEngine.Logger:Log (UnityEngine.LogType,object)
UnityEngine.Debug:Log (object)
Player:Update () (at Assets/Player.cs:113)

(Filename: Assets/Player.cs Line: 113)

[Player] Jump executed! JumpForce: 4, y-velocity: 4
UnityEngine.Debug:ExtractStackTraceNoAlloc (byte*,int,string)
UnityEngine.StackTraceUtility:ExtractStackTrace ()
UnityEngine.DebugLogHandler:Internal_Log (UnityEngine.LogType,UnityEngine.LogOption,string,UnityEngine.Object)
UnityEngine.DebugLogHandler:LogFormat (UnityEngine.LogType,UnityEngine.Object,string,object[])
UnityEngine.Logger:Log (UnityEngine.LogType,object)
UnityEngine.Debug:Log (object)
Player:Jump () (at Assets/Player.cs:263)
Player:Update () (at Assets/Player.cs:117)

(Filename: Assets/Player.cs Line: 263)

[CorridorGoal] PLAYER REACHED THE END OF THE CORRIDOR!
UnityEngine.Debug:ExtractStackTraceNoAlloc (byte*,int,string)
UnityEngine.StackTraceUtility:ExtractStackTrace ()
UnityEngine.DebugLogHandler:Internal_Log (UnityEngine.LogType,UnityEngine.LogOption,string,UnityEngine.Object)
UnityEngine.DebugLogHandler:LogFormat (UnityEngine.LogType,UnityEngine.Object,string,object[])
UnityEngine.Logger:Log (UnityEngine.LogType,object)
UnityEngine.Debug:Log (object)
CorridorGoal:OnTriggerEnter (UnityEngine.Collider) (at Assets/LaserCorridor/CorridorGoal.cs:27)

(Filename: Assets/LaserCorridor/CorridorGoal.cs Line: 27)

[GameManager] VICTORY! Corridor Cleared!
UnityEngine.Debug:ExtractStackTraceNoAlloc (byte*,int,string)
UnityEngine.StackTraceUtility:ExtractStackTrace ()
UnityEngine.DebugLogHandler:Internal_Log (UnityEngine.LogType,UnityEngine.LogOption,string,UnityEngine.Object)
UnityEngine.DebugLogHandler:LogFormat (UnityEngine.LogType,UnityEngine.Object,string,object[])
UnityEngine.Logger:Log (UnityEngine.LogType,object)
UnityEngine.Debug:Log (object)
LaserCorridorGameManager:OnGoalReached () (at Assets/LaserCorridor/LaserCorridorGameManager.cs:137)
CorridorGoal:OnTriggerEnter (UnityEngine.Collider) (at Assets/LaserCorridor/CorridorGoal.cs:31)

(Filename: Assets/LaserCorridor/LaserCorridorGameManager.cs Line: 137)

GPU Resident Drawer disposed.
Unloading 0 Unused Serialized files (Serialized files now loaded: 0)
Loaded scene 'Temp/__Backupscenes/0.backup'
	Deserialize:            1.066 ms
	Integration:            28.673 ms
	Integration of assets:  0.027 ms
	Thread Wait Time:       0.018 ms
	Total Operation Time:   29.784 ms
Unloading 4 unused Assets / (0.6 MB). Loaded Objects now: 9530.
Memory consumption went from 0.71 GB to 0.71 GB.
Total: 34.362700 ms (FindLiveObjects: 0.599100 ms CreateObjectMapping: 0.231100 ms MarkObjects: 33.222500 ms  DeleteObjects: 0.069000 ms)

GPU Resident Drawer created.
[Licensing::Client] Successfully resolved entitlement details
GPU Resident Drawer disposed.
GPU Resident Drawer created.
Importing 'GUID: 00000000000000009000000000000000 - Path: ProjectSettings/QualitySettings.asset' with importer (LibraryAssetImporter)
Imported 'GUID: 00000000000000009000000000000000' -> (Import Result ID: '8151b601d05d3e12de314c2aa1f82962') in 0.021 seconds [static dependencies only]. Details - ImportResultOutputID=2a108b3da874f726c62fbe5f12be4a8a DependenciesID=6180c49ef29638684367d2893c04e070 StaticDependenciesID=5b19720d9149525484b40148944c8e26 
Refreshing native plugins compatible for Editor in 4.64 ms, found 4 plugins.
Asset Pipeline Refresh (id=bcf1362b5a34725468a91d996a625bfe): Total: 0.185 seconds - Initiated by StopAssetImportingV2(NoUpdateAssetOptions)
Importing 'GUID: 99c9720ab356a0642a771bea13969a05 - Path: Assets/Scenes/SampleScene.unity' with importer (DefaultImporter)
Imported 'GUID: 99c9720ab356a0642a771bea13969a05' -> (Import Result ID: '93964e7c1325a2ca0b40218f4f6f55ef') in 0.001 seconds [static dependencies only]. Details - ImportResultOutputID=b4491ddbae88a879b6308480a6079ca7 DependenciesID=0beb944b237e204fdfa3bfa8c4cbcece StaticDependenciesID=0ab9cb8d5752f49ccc7a5b7c00c413e9 
Refreshing native plugins compatible for Editor in 3.46 ms, found 4 plugins.
Asset Pipeline Refresh (id=7fb0bde78d2a1f248a74d11a8fc3adfd): Total: 0.189 seconds - Initiated by StopAssetImportingV2(NoUpdateAssetOptions)
MonoPathRemapper: Attempts to remap: 53817; Successful remaps: 20220
Serialized file version minimum: 22, current 23
[LAYOUT] About to save layout C:\Users\Duncan Joseph\Laser Room\UserSettings\Layouts\default-6000.dwlt
[LAYOUT] About to save layout C:/Users/Duncan Joseph/AppData/Roaming/Unity/Editor-5.x/Preferences\Layouts\current\default-6000.dwlt
GPU Resident Drawer disposed.
Input System module state changed to: ShutdownInProgress.
Input Polling Thread exited.
Input System module state changed to: Shutdown.
[Physics::Module] Cleanup current backend.
[Physics::Module] Id: 0xf2b8ea05
[Licensing::IpcConnector] LicenseClient-Duncan Joseph-notifications channel disconnected successfully.
[Licensing::IpcConnector] LicenseClient-Duncan Joseph channel disconnected successfully.
Lingering sessions upon destruction of worker manager
Unity Data Store service was successfully shut down
UDS shutting down local client system
Shut down UDS service system complete
AcceleratorClientConnectionCallback - disconnected - :0
Cleanup mono
CodeReloadManager destroyed
abort_threads: Failed aborting id: 0000000000003950, mono_thread_manage will ignore it

abort_threads: Failed aborting id: 000000000000BA10, mono_thread_manage will ignore it

abort_threads: Failed aborting id: 000000000000BCD4, mono_thread_manage will ignore it

abort_threads: Failed aborting id: 0000000000002E60, mono_thread_manage will ignore it

abort_threads: Failed aborting id: 00000000000068FC, mono_thread_manage will ignore it

abort_threads: Failed aborting id: 0000000000003950, mono_thread_manage will ignore it

abort_threads: Failed aborting id: 000000000000BA10, mono_thread_manage will ignore it

abort_threads: Failed aborting id: 000000000000BCD4, mono_thread_manage will ignore it

abort_threads: Failed aborting id: 0000000000002E60, mono_thread_manage will ignore it

abort_threads: Failed aborting id: 00000000000068FC, mono_thread_manage will ignore it

debugger-agent: Unable to listen on 4180
Checking for leaked weakptr:
  Found no leaked weakptrs.
[Package Manager] Server process was shutdown
Internal: There are remaining Allocations on the JobTempAlloc. This is a leak, and will impact performance
To Debug, run app with -diag-job-temp-memory-leak-validation cmd line argument. This will output the callstacks of the leaked allocations.
Internal: There are remaining Allocations on the JobTempAlloc. This is a leak, and will impact performance
To Debug, run app with -diag-job-temp-memory-leak-validation cmd line argument. This will output the callstacks of the leaked allocations.
##utp:{"type":"MemoryLeaks","version":2,"phase":"Immediate","time":1791207983497,"processId":4956,"allocatedMemory":19516515,"memoryLabels":[{"Default":225518},{"Permanent":15516},{"NewDelete":85193},{"Thread":4198024},{"Manager":2336869},{"VertexData":8},{"Geometry":816},{"Texture":24},{"Shader":856236},{"Material":24},{"GfxDevice":55968},{"Animation":952},{"FreeType":8},{"FontEngine":736},{"Physics":1970},{"Physics2D":16},{"Serialization":21440},{"Input":45280},{"JobScheduler":256},{"TextLib":23852},{"Mono":48},{"MonoCode":256},{"ScriptingNativeRuntime":1483960},{"BaseObject":49424},{"Resource":1208},{"Renderer":2384},{"Transform":4685},{"File":16296},{"WebCam":616},{"Culling":32},{"Terrain":11442},{"Wind":24},{"STL":40},{"String":819197},{"StaticString":3808},{"Utility":2674485},{"Curl":48},{"PoolAlloc":2840},{"AI":80},{"TypeTree":617335},{"ScriptManager":25280},{"CodeReload":448},{"RuntimeInitializeOnLoadManager":64},{"Sprites":102},{"SpriteAtlas":120},{"GI":7816},{"Director":8296},{"CloudService":7296},{"WebRequest":8568},{"VR":49650},{"SceneManager":608},{"Video":208},{"LazyScriptCache":32},{"NativeArray":1620},{"Camera":729},{"Secure":265},{"SerializationCache":9256},{"APIUpdating":10320},{"Subsystems":336},{"VirtualTexturing":57888},{"StaticSafetyDebugInfo":278528},{"Analytics":768},{"Hierarchy":1188},{"UIElements":40},{"CoreStats":14456},{"Identifiers":7152},{"Gui":268698},{"EditorUtility":175089},{"VersionControl":8},{"Undo":931},{"AssetDatabase":4961754},{"AssetImporter":40},{"EditorGi":328},{"UnityConnect":36882},{"Upm":1988},{"UpmDiagnostics":8},{"AssetCompliance":96},{"DrivenProperties":72},{"LocalIPC":276},{"ProfilerEditor":9746},{"CoreBusinessMetrics":3606},{"Windowing":456},{"Licensing":12813},{"AssetReference":32},{"IPCStream":32}]}
Internal: There are remaining Allocations on the JobTempAlloc. This is a leak, and will impact performance
To Debug, run app with -diag-job-temp-memory-leak-validation cmd line argument. This will output the callstacks of the leaked allocations.
