VBCSCompilerPreWarmer: pre-warm launched (dotnet PID 3504)
VBCSCompiler prewarm took 36.55 ms
[Licensing::Module] Trying to connect to existing licensing client channel...
[Licensing::IpcConnector] Successfully connected to: "LicenseClient-Duncan Joseph" at "2026-10-06T08:31:31.9212072Z"
Built from '6000.6/respin/6000.6.0f1-fa21a270ab12' branch; Version is '6000.6.0f1 (f7f8ed4d1e24) revision 16251117'; Using compiler version '194234433'; Build Type 'Release'
OS: 'Windows 11  (10.0.26200) CoreSingleLanguage' Language: 'en' Physical Memory: 15688 MB
BatchMode: 0, IsHumanControllingUs: 1, StartBugReporterOnCrash: 1, Is64bit: 1
System  architecture: x64
Process architecture: x64
Date: 2026-10-06T08:31:31Z
[Licensing::Client] Code 10 while verifying Licensing Client signature (process Id: 49996, path: "C:/Program Files/Unity Hub/UnityLicensingClient_V1/Unity.Licensing.Client.exe")
[Licensing::Module] LicensingClient has failed validation; ignoring
[Licensing::Client] Handshaking with LicensingClient:
  Version:                 1.18.3+d7ffd15
  Session Id:              32d77bb2d5004782b581229cd4c60f36
  Correlation Id:          3b74fd2ddb4590a39afcfa43b57769c8
  External correlation Id: 3691228656107513914
  Machine Id:              wHDpsUEVYpl4kxgehWEkM/qA1F0=
[Licensing::Module] Successfully connected to LicensingClient on channel: "LicenseClient-Duncan Joseph" (connect: 0.00s, validation: 0.00s, handshake: 0.08s)
[Licensing::IpcConnector] Successfully connected to: "LicenseClient-Duncan Joseph-notifications" at "2026-10-06T08:31:32.0074795Z"
[Licensing::Client] Successfully updated the access token
[Licensing::Module] Successfully updated the access token SxzwPTutzr...
[Licensing::Client] Successfully resolved entitlement details
[Licensing::Module] License group:
  Id: 18968501699549-UnityPersXXXX
  Product: Unity Personal
  Type: Assigned
  Expiration: Unlimited
[Licensing::Client] Successfully updated license, isAsync: True, time: 0.01
[Licensing::Client] Successfully resolved entitlement details
[Licensing::Module] Licensing Background thread has ended after 0.12s

COMMAND LINE ARGUMENTS:
C:\Program Files\Unity\Hub\Editor\6000.6.0f1\Editor\Unity.exe
-projectpath
C:\Users\Duncan Joseph\Laser Room
-acceptSoftwareTermsForThisRunOnly
-useHub
-hubIPC
-cloudEnvironment
production
-licensingIpc
LicenseClient-Duncan Joseph
-hubSessionId
f72b522d-6117-45c2-9d37-f20dff7c876c
-accessToken
SxzwPTutzrrdLJGd65qovmfjBDPLjvwa83xJgFNxgaE011f
Successfully changed project path to: C:\Users\Duncan Joseph\Laser Room
C:/Users/Duncan Joseph/Laser Room
[UnityMemory] Configuration Parameters - Can be set up in boot.config
    "memorysetup-temp-allocator-size-gi-baking-worker=262144"
    "memorysetup-temp-allocator-size-gi-baking-worker=262144"
    "memorysetup-temp-allocator-size-gi-baking-worker=262144"
    "memorysetup-temp-allocator-size-gi-baking-worker=262144"
    "memorysetup-temp-allocator-size-gi-baking-worker=262144"
    "memorysetup-temp-allocator-size-nav-mesh-worker=65536"
    "memorysetup-temp-allocator-size-audio-worker=65536"
    "memorysetup-temp-allocator-size-cloud-worker=32768"
    "memorysetup-temp-allocator-size-gfx=262144"
    "memorysetup-remapper-allocator-initial-capacity=32768"
    "memorysetup-temp-allocator-size-preload-manager=33554432"
    "memorysetup-allocator-temp-initial-block-size-main=262144"
    "memorysetup-allocator-temp-initial-block-size-worker=262144"
    "memorysetup-temp-allocator-size-job-worker=262144"
    "memorysetup-temp-allocator-size-background-worker=32768"
    "memorysetup-bucket-allocator-granularity=16"
    "memorysetup-bucket-allocator-bucket-count=8"
    "memorysetup-bucket-allocator-block-size=33554432"
    "memorysetup-bucket-allocator-block-count=8"
    "memorysetup-main-allocator-block-size=16777216"
    "memorysetup-thread-allocator-block-size=16777216"
    "memorysetup-main-allocator-mimalloc-enabled=1"
    "memorysetup-gfx-main-allocator-block-size=16777216"
    "memorysetup-gfx-thread-allocator-block-size=16777216"
    "memorysetup-cache-allocator-block-size=4194304"
    "memorysetup-typetree-allocator-block-size=2097152"
    "memorysetup-profiler-bucket-allocator-granularity=16"
    "memorysetup-profiler-bucket-allocator-bucket-count=8"
    "memorysetup-profiler-bucket-allocator-block-size=33554432"
    "memorysetup-profiler-bucket-allocator-block-count=8"
    "memorysetup-profiler-allocator-block-size=16777216"
    "memorysetup-profiler-editor-allocator-block-size=1048576"
    "memorysetup-temp-allocator-size-main=16777216"
    "memorysetup-job-temp-allocator-block-size=2097152"
    "memorysetup-job-temp-allocator-block-size-background=1048576"
    "memorysetup-job-temp-allocator-reduction-small-platforms=262144"
Player connection [48732]  Target information:

Player connection [48732]  * "[IP] 192.168.68.106 [Port] 55504 [Flags] 2 [Guid] 3751923602 [EditorId] 3751923602 [Version] 1048832 [Id] WindowsEditor(7,LAPTOP-9MJL6R2V) [Debug] 1 [PackageName] WindowsEditor [ProjectName] Editor" 

Player connection [48732]  * "[IP] 192.168.68.101 [Port] 55504 [Flags] 2 [Guid] 3751923602 [EditorId] 3751923602 [Version] 1048832 [Id] WindowsEditor(7,LAPTOP-9MJL6R2V) [Debug] 1 [PackageName] WindowsEditor [ProjectName] Editor" 

Player connection [48732] Host joined multi-casting on [225.0.0.222:54997]...
Player connection [48732] Host joined alternative multi-casting on [225.0.0.222:34997]...
Input System module state changed to: Initialized.
[Physics::Module] Initialized fallback backend.
[Physics::Module] Id: 0xdecafbad
[Package Manager] Connected to IPC stream "Upm-4492" after 0.3 seconds.
[Licensing::Client] Successfully resolved entitlement details
Library Redirect Path: Library/
Initialising UDS system complete:
  - System type: Client
  - Resource namespace: 155005c7db7aaa9146ff746075cd37f7
  - Shared memory size: 1073741824
  - Command buffer id: 1052576
  - Command buffer size: 8192
  - Hashmap size: 4194304
  - Service connected: false
Launching Unity Data Store - C:/Program Files/Unity/Hub/Editor/6000.6.0f1/Editor/Data/Tools/Unity.DataStore.exe 
Unity Data Store artifact dir = Library/DataStore, working dir = C:/Users/Duncan Joseph/Laser Room[Physics::Module] Selected backend.
[Physics::Module] Name: PhysX
[Physics::Module] Id: 0xf2b8ea05
[Physics::Module] SDK Version: 4.1.2
[Physics::Module] Integration Version: 1.0.0
[Physics::Module] Threading Mode: Multi-Threaded
Unity Data Store running and initialised
Initialize engine version: 6000.6.0f1 (f7f8ed4d1e24)
[EntityIdStore] init: VM path (explicit commit), pageSize=4096, blockCount=1048576, entitiesPerBlock=256, slots reserved=4294967296 bytes
[Subsystems] Discovering subsystems at path C:/Program Files/Unity/Hub/Editor/6000.6.0f1/Editor/Data/Resources/UnitySubsystems
[Subsystems] Discovering subsystems at path C:/Users/Duncan Joseph/Laser Room/Assets
GfxDevice: creating device client; kGfxThreadingModeThreaded
Direct3D:
    Version:  Direct3D 11.0 [level 11.1]
    Renderer: NVIDIA GeForce RTX 3050 Laptop GPU (ID=0x25a2)
    Vendor:   NVIDIA
    VRAM:     3962 MB
    Driver:   32.0.16.1047
Initialize mono
Mono path[0] = 'C:/Program Files/Unity/Hub/Editor/6000.6.0f1/Editor/Data/Managed'
Mono path[1] = 'C:/Program Files/Unity/Hub/Editor/6000.6.0f1/Editor/Data/BCLExtensions/runtime/netstandard2.1'
Mono path[2] = 'C:/Program Files/Unity/Hub/Editor/6000.6.0f1/Editor/Data/MonoBleedingEdge/lib/mono/unityjit-win32'
Mono config path = 'C:/Program Files/Unity/Hub/Editor/6000.6.0f1/Editor/Data/MonoBleedingEdge/etc'
Using monoOptions --debugger-agent=transport=dt_socket,embedding=1,server=y,suspend=n,address=127.0.0.1:56492
CodeReloadManager initialized
ImportWorker Server TCP listen port: 0
AcceleratorClientConnectionCallback - disconnected - :0
Begin MonoManager ReloadAssembly
Registering precompiled unity dll's ...
Register platform support module: C:/Program Files/Unity/Hub/Editor/6000.6.0f1/Editor/Data/PlaybackEngines/WebGLSupport/UnityEditor.WebGL.Extensions.dll
Register platform support module: C:/Program Files/Unity/Hub/Editor/6000.6.0f1/Editor/Data/PlaybackEngines/WindowsStandaloneSupport/UnityEditor.WindowsStandalone.Extensions.dll
Registered in 0.662053 seconds.
Native extension for WindowsStandalone target not found
Native extension for WebGL target not found
Package Manager log level set to [2]
ScheduleIndexationOnStartup MainProcess:False IndexOnStartup:True
Scripting: successfully reloaded assembly
- Finished resetting the current domain, in  4.014 seconds
Domain Reload Profiling: 7936ms
	BeginReloadAssembly (416ms)
		CreateAndSetChildDomain (11ms)
	RebuildCommonClasses (9ms)
	RebuildNativeTypeToScriptingClass (278ms)
	initialDomainReloadingComplete (977ms)
	LoadAllAssembliesAndSetupDomain (2238ms)
		LoadAssemblies (404ms)
		TypeCache.Refresh (2067ms)
			TypeCache.ScanAssembly (1689ms)
		AnalyzeDomain (2ms)
	FinalizeReload (4017ms)
		SetupLoadedEditorAssemblies (0ms)
			LogAssemblyErrors (3ms)
			InitializePlatformSupportModulesInManaged (5ms)
			BeforeProcessingInitializeOnLoad (189ms)
			ProcessInitializeOnLoadAttributes (168ms)
			ProcessInitializeOnLoadMethodAttributes (2315ms)
			EditorAssembliesLoaded (3ms)
[Licensing::Client] Successfully resolved entitlement details
Application.AssetDatabase Initial Refresh Start
[Package Manager] Restoring resolved packages state from cache
[Licensing::Client] Successfully resolved entitlement details
[Package Manager] Registered 61 packages:
  Packages from [https://packages.unity.com]:
    com.unity.ai.navigation@2.0.14 (location: C:\Users\Duncan Joseph\Laser Room\Library\PackageCache\com.unity.ai.navigation@134dd6a3b97b)
    com.unity.collab-proxy@2.13.6 (location: C:\Users\Duncan Joseph\Laser Room\Library\PackageCache\com.unity.collab-proxy@4628d2ba6ea4)
    com.unity.ide.rider@3.0.38 (location: C:\Users\Duncan Joseph\Laser Room\Library\PackageCache\com.unity.ide.rider@1f60b3138684)
    com.unity.ide.visualstudio@2.0.26 (location: C:\Users\Duncan Joseph\Laser Room\Library\PackageCache\com.unity.ide.visualstudio@a99d56dec63f)
    com.unity.inputsystem@1.20.0 (location: C:\Users\Duncan Joseph\Laser Room\Library\PackageCache\com.unity.inputsystem@7a4e1a2a8194)
    com.unity.probuilder@6.1.2 (location: C:\Users\Duncan Joseph\Laser Room\Library\PackageCache\com.unity.probuilder@8be9724b2335)
    com.unity.visualscripting@1.9.12 (location: C:\Users\Duncan Joseph\Laser Room\Library\PackageCache\com.unity.visualscripting@4edfcc09512f)
    com.unity.settings-manager@2.1.1 (location: C:\Users\Duncan Joseph\Laser Room\Library\PackageCache\com.unity.settings-manager@0b8638c5ce86)
    com.unity.searcher@4.9.5 (location: C:\Users\Duncan Joseph\Laser Room\Library\PackageCache\com.unity.searcher@a463122f2c00)
    com.unity.profiling.core@1.0.3 (location: C:\Users\Duncan Joseph\Laser Room\Library\PackageCache\com.unity.profiling.core@8a49f7027d06)
    com.unity.nuget.mono-cecil@1.11.6 (location: C:\Users\Duncan Joseph\Laser Room\Library\PackageCache\com.unity.nuget.mono-cecil@ecb9724e46ff)
  Built-in packages:
    com.unity.render-pipelines.universal@17.6.0 (location: C:\Users\Duncan Joseph\Laser Room\Library\PackageCache\com.unity.render-pipelines.universal@8457e85b8184)
    com.unity.test-framework@1.8.0 (location: C:\Users\Duncan Joseph\Laser Room\Library\PackageCache\com.unity.test-framework@7a3849e09bd0)
    com.unity.timeline@6.6.0 (location: C:\Users\Duncan Joseph\Laser Room\Library\PackageCache\com.unity.timeline@281d5f7e7d7d)
    com.unity.ugui@2.6.0 (location: C:\Users\Duncan Joseph\Laser Room\Library\PackageCache\com.unity.ugui@23caec89ae27)
    com.unity.modules.accessibility@1.0.0 (location: C:\Users\Duncan Joseph\Laser Room\Library\PackageCache\com.unity.modules.accessibility)
    com.unity.modules.adaptiveperformance@1.0.0 (location: C:\Users\Duncan Joseph\Laser Room\Library\PackageCache\com.unity.modules.adaptiveperformance)
    com.unity.modules.ai@1.0.0 (location: C:\Users\Duncan Joseph\Laser Room\Library\PackageCache\com.unity.modules.ai)
    com.unity.modules.androidjni@1.0.0 (location: C:\Users\Duncan Joseph\Laser Room\Library\PackageCache\com.unity.modules.androidjni)
    com.unity.modules.animation@1.0.0 (location: C:\Users\Duncan Joseph\Laser Room\Library\PackageCache\com.unity.modules.animation)
    com.unity.modules.assetbundle@1.0.0 (location: C:\Users\Duncan Joseph\Laser Room\Library\PackageCache\com.unity.modules.assetbundle)
    com.unity.modules.audio@1.0.0 (location: C:\Users\Duncan Joseph\Laser Room\Library\PackageCache\com.unity.modules.audio)
    com.unity.modules.cloth@1.0.0 (location: C:\Users\Duncan Joseph\Laser Room\Library\PackageCache\com.unity.modules.cloth)
    com.unity.modules.director@1.0.0 (location: C:\Users\Duncan Joseph\Laser Room\Library\PackageCache\com.unity.modules.director)
    com.unity.modules.imageconversion@1.0.0 (location: C:\Users\Duncan Joseph\Laser Room\Library\PackageCache\com.unity.modules.imageconversion)
    com.unity.modules.imgui@1.0.0 (location: C:\Users\Duncan Joseph\Laser Room\Library\PackageCache\com.unity.modules.imgui)
    com.unity.modules.jsonserialize@1.0.0 (location: C:\Users\Duncan Joseph\Laser Room\Library\PackageCache\com.unity.modules.jsonserialize)
    com.unity.modules.particlesystem@1.0.0 (location: C:\Users\Duncan Joseph\Laser Room\Library\PackageCache\com.unity.modules.particlesystem)
    com.unity.modules.physics@1.0.0 (location: C:\Users\Duncan Joseph\Laser Room\Library\PackageCache\com.unity.modules.physics)
    com.unity.modules.physics2d@1.0.0 (location: C:\Users\Duncan Joseph\Laser Room\Library\PackageCache\com.unity.modules.physics2d)
    com.unity.modules.physicscore2d@1.0.0 (location: C:\Users\Duncan Joseph\Laser Room\Library\PackageCache\com.unity.modules.physicscore2d)
    com.unity.modules.screencapture@1.0.0 (location: C:\Users\Duncan Joseph\Laser Room\Library\PackageCache\com.unity.modules.screencapture)
    com.unity.modules.terrain@1.0.0 (location: C:\Users\Duncan Joseph\Laser Room\Library\PackageCache\com.unity.modules.terrain)
    com.unity.modules.terrainphysics@1.0.0 (location: C:\Users\Duncan Joseph\Laser Room\Library\PackageCache\com.unity.modules.terrainphysics)
    com.unity.modules.tetgen@1.0.0 (location: C:\Users\Duncan Joseph\Laser Room\Library\PackageCache\com.unity.modules.tetgen)
    com.unity.modules.tilemap@1.0.0 (location: C:\Users\Duncan Joseph\Laser Room\Library\PackageCache\com.unity.modules.tilemap)
    com.unity.modules.timelinefoundation@1.0.0 (location: C:\Users\Duncan Joseph\Laser Room\Library\PackageCache\com.unity.modules.timelinefoundation)
    com.unity.modules.ui@1.0.0 (location: C:\Users\Duncan Joseph\Laser Room\Library\PackageCache\com.unity.modules.ui)
    com.unity.modules.uielements@1.0.0 (location: C:\Users\Duncan Joseph\Laser Room\Library\PackageCache\com.unity.modules.uielements)
    com.unity.modules.umbra@1.0.0 (location: C:\Users\Duncan Joseph\Laser Room\Library\PackageCache\com.unity.modules.umbra)
    com.unity.modules.unityanalytics@1.0.0 (location: C:\Users\Duncan Joseph\Laser Room\Library\PackageCache\com.unity.modules.unityanalytics)
    com.unity.modules.unitywebrequest@1.0.0 (location: C:\Users\Duncan Joseph\Laser Room\Library\PackageCache\com.unity.modules.unitywebrequest)
    com.unity.modules.unitywebrequestassetbundle@1.0.0 (location: C:\Users\Duncan Joseph\Laser Room\Library\PackageCache\com.unity.modules.unitywebrequestassetbundle)
    com.unity.modules.unitywebrequestaudio@1.0.0 (location: C:\Users\Duncan Joseph\Laser Room\Library\PackageCache\com.unity.modules.unitywebrequestaudio)
    com.unity.modules.unitywebrequesttexture@1.0.0 (location: C:\Users\Duncan Joseph\Laser Room\Library\PackageCache\com.unity.modules.unitywebrequesttexture)
    com.unity.modules.unitywebrequestwww@1.0.0 (location: C:\Users\Duncan Joseph\Laser Room\Library\PackageCache\com.unity.modules.unitywebrequestwww)
    com.unity.modules.vectorgraphics@1.0.0 (location: C:\Users\Duncan Joseph\Laser Room\Library\PackageCache\com.unity.modules.vectorgraphics)
    com.unity.modules.vehicles@1.0.0 (location: C:\Users\Duncan Joseph\Laser Room\Library\PackageCache\com.unity.modules.vehicles)
    com.unity.modules.video@1.0.0 (location: C:\Users\Duncan Joseph\Laser Room\Library\PackageCache\com.unity.modules.video)
    com.unity.modules.wind@1.0.0 (location: C:\Users\Duncan Joseph\Laser Room\Library\PackageCache\com.unity.modules.wind)
    com.unity.modules.xr@1.0.0 (location: C:\Users\Duncan Joseph\Laser Room\Library\PackageCache\com.unity.modules.xr)
    com.unity.modules.subsystems@1.0.0 (location: C:\Users\Duncan Joseph\Laser Room\Library\PackageCache\com.unity.modules.subsystems)
    com.unity.modules.hierarchycore@1.0.0 (location: C:\Users\Duncan Joseph\Laser Room\Library\PackageCache\com.unity.modules.hierarchycore)
    com.unity.ext.nunit@2.1.0 (location: C:\Users\Duncan Joseph\Laser Room\Library\PackageCache\com.unity.ext.nunit@0198eae3b53e)
    com.unity.render-pipelines.core@17.6.0 (location: C:\Users\Duncan Joseph\Laser Room\Library\PackageCache\com.unity.render-pipelines.core@2d66c71e606e)
    com.unity.shadergraph@17.6.0 (location: C:\Users\Duncan Joseph\Laser Room\Library\PackageCache\com.unity.shadergraph@ef6135652377)
    com.unity.render-pipelines.universal-config@17.6.0 (location: C:\Users\Duncan Joseph\Laser Room\Library\PackageCache\com.unity.render-pipelines.universal-config@561422b74439)
    com.unity.graph-authoring@1.0.0 (location: C:\Users\Duncan Joseph\Laser Room\Library\PackageCache\com.unity.graph-authoring@cfd2588851ee)
    com.unity.burst@2.0.0 (location: C:\Users\Duncan Joseph\Laser Room\Library\PackageCache\com.unity.burst@626e66ab421b)
    com.unity.collections@6.6.0 (location: C:\Users\Duncan Joseph\Laser Room\Library\PackageCache\com.unity.collections@10fff0607388)
    com.unity.test-framework.performance@6.6.0 (location: C:\Users\Duncan Joseph\Laser Room\Library\PackageCache\com.unity.test-framework.performance@0a60b857a52e)
[Subsystems] No new subsystems found in resolved package list.
[Package Manager] Done registering packages in 0.04 seconds
[ScriptCompilation] Requested script compilation because: AssetDatabase observed changes in script compilation related files
Starting: C:\Program Files\Unity\Hub\Editor\6000.6.0f1\Editor\Data\Tools\BuildPipeline\bee_backend.exe --ipc --defer-dag-verification --dagfile="Library/Bee/1900b0aE.dag" --continue-on-failure --profile="Library/Bee/backend1.traceevents" ScriptAssemblies
WorkingDir: C:/Users/Duncan Joseph/Laser Room
warn: Unity.ILPP.Runner.PostProcessingAssemblyLoadContext[0]
      Assembly system.runtime.interopservices.windowsruntime has duplicate hint path. Ignoring "C:\Program Files\Unity\Hub\Editor\6000.6.0f1\Editor\Data\UnityReferenceAssemblies\unity-4.8-api\Facades\System.Runtime.InteropServices.WindowsRuntime.dll" in favor of "C:\Program Files\Unity\Hub\Editor\6000.6.0f1\Editor\Data\NetStandard\Extensions\2.0.0\System.Runtime.InteropServices.WindowsRuntime.dll"
warn: Unity.ILPP.Runner.PostProcessingAssemblyLoadContext[0]
      Assembly system.componentmodel.composition has duplicate hint path. Ignoring "C:\Program Files\Unity\Hub\Editor\6000.6.0f1\Editor\Data\UnityReferenceAssemblies\unity-4.8-api\System.ComponentModel.Composition.dll" in favor of "C:\Program Files\Unity\Hub\Editor\6000.6.0f1\Editor\Data\NetStandard\compat\2.1.0\shims\netfx\System.ComponentModel.Composition.dll"
ExitCode: 0 Duration: 8s777ms
[ 826/1069  0s] ILPP-Configuration Library/ilpp-configuration.nevergeneratedoutput
[1061/1069  4s] Csc Library/Bee/artifacts/1900b0aE.dag/Assembly-CSharp.dll (+2 others)
Assets\LaserCorridor\CorridorHUD.cs(24,28): warning CS0618: 'Object.FindFirstObjectByType<T>()' is obsolete: 'FindFirstObjectByType has been deprecated because it relies on instance ID ordering. Use FindAnyObjectByType instead, which does not depend on ordering.'

Assets\LaserCorridor\CorridorHUD.cs(29,27): warning CS0618: 'Object.FindFirstObjectByType<T>()' is obsolete: 'FindFirstObjectByType has been deprecated because it relies on instance ID ordering. Use FindAnyObjectByType instead, which does not depend on ordering.'

Assets\LaserCorridor\LaserCorridorGameManager.cs(50,24): warning CS0618: 'Object.FindFirstObjectByType<T>()' is obsolete: 'FindFirstObjectByType has been deprecated because it relies on instance ID ordering. Use FindAnyObjectByType instead, which does not depend on ordering.'

Assets\LaserCorridor\LaserCorridorGameManager.cs(68,28): warning CS0618: 'Object.FindFirstObjectByType<T>()' is obsolete: 'FindFirstObjectByType has been deprecated because it relies on instance ID ordering. Use FindAnyObjectByType instead, which does not depend on ordering.'

Assets\LaserCorridor\LaserCorridorGameManager.cs(73,28): warning CS0618: 'Object.FindFirstObjectByType<T>()' is obsolete: 'FindFirstObjectByType has been deprecated because it relies on instance ID ordering. Use FindAnyObjectByType instead, which does not depend on ordering.'

Assets\LaserCorridor\LaserCorridorGameManager.cs(77,58): warning CS0618: 'FindObjectsSortMode' is obsolete: 'FindObjectsSortMode has been deprecated. Use the FindObjectsByType overloads that do not take a FindObjectsSortMode parameter.'

Assets\LaserCorridor\LaserCorridorGameManager.cs(77,23): warning CS0618: 'Object.FindObjectsByType<T>(FindObjectsSortMode)' is obsolete: 'FindObjectsByType with FindObjectsSortMode parameter has been deprecated. Use FindObjectsByType<T>() or FindObjectsByType<T>(FindObjectsInactive) instead. InstanceID will be replaced in the future with EntityId and previous sort order cannot be maintained.'

Assets\LaserCorridor\LaserCorridorGameManager.cs(194,62): warning CS0618: 'FindObjectsSortMode' is obsolete: 'FindObjectsSortMode has been deprecated. Use the FindObjectsByType overloads that do not take a FindObjectsSortMode parameter.'

Assets\LaserCorridor\LaserCorridorGameManager.cs(194,27): warning CS0618: 'Object.FindObjectsByType<T>(FindObjectsSortMode)' is obsolete: 'FindObjectsByType with FindObjectsSortMode parameter has been deprecated. Use FindObjectsByType<T>() or FindObjectsByType<T>(FindObjectsInactive) instead. InstanceID will be replaced in the future with EntityId and previous sort order cannot be maintained.'

Assets\LaserCorridor\BonusFloorPanel.cs(126,59): warning CS0618: 'FindObjectsSortMode' is obsolete: 'FindObjectsSortMode has been deprecated. Use the FindObjectsByType overloads that do not take a FindObjectsSortMode parameter.'

Assets\LaserCorridor\BonusFloorPanel.cs(126,30): warning CS0618: 'Object.FindObjectsByType<T>(FindObjectsSortMode)' is obsolete: 'FindObjectsByType with FindObjectsSortMode parameter has been deprecated. Use FindObjectsByType<T>() or FindObjectsByType<T>(FindObjectsInactive) instead. InstanceID will be replaced in the future with EntityId and previous sort order cannot be maintained.'

Assets\LaserCorridor\LaserSpawner.cs(289,15): warning CS0219: The variable 'hatchHeight' is assigned but its value is never used
[1062/1069  2s] ILPostProcess Library/Bee/artifacts/1900b0aE.dag/post-processed/Assembly-CSharp.dll (+pdb)
Processing assembly Library/Bee/artifacts/1900b0aE.dag/Assembly-CSharp.dll, with 150 defines and 356 references

processors: Unity.Jobs.CodeGen.JobsILPostProcessor, zzzUnity.Burst.CodeGen.BurstILPostProcessor

1 processor(s) skipped this assembly

running Unity.Jobs.CodeGen.JobsILPostProcessor
[1063/1069  0s] CopyFiles Library/ScriptAssemblies/Assembly-CSharp.pdb
[1064/1069  0s] CopyFiles Library/ScriptAssemblies/Assembly-CSharp.dll
[1065/1069  3s] Csc Library/Bee/artifacts/1900b0aE.dag/Assembly-CSharp-Editor.dll (+2 others)
Assets\LaserCorridor\Editor\ResidentEvilCorridorBuilder.cs(143,33): warning CS0618: 'Object.FindFirstObjectByType<T>()' is obsolete: 'FindFirstObjectByType has been deprecated because it relies on instance ID ordering. Use FindAnyObjectByType instead, which does not depend on ordering.'
[1066/1069  0s] ILPostProcess Library/Bee/artifacts/1900b0aE.dag/post-processed/Assembly-CSharp-Editor.dll (+pdb)
Processing assembly Library/Bee/artifacts/1900b0aE.dag/Assembly-CSharp-Editor.dll, with 148 defines and 379 references

processors: Unity.Jobs.CodeGen.JobsILPostProcessor, zzzUnity.Burst.CodeGen.BurstILPostProcessor

1 processor(s) skipped this assembly

running Unity.Jobs.CodeGen.JobsILPostProcessor
[1067/1069  0s] CopyFiles Library/ScriptAssemblies/Assembly-CSharp-Editor.dll
[1068/1069  0s] CopyFiles Library/ScriptAssemblies/Assembly-CSharp-Editor.pdb
*** Tundra build success (8.64 seconds), 9 items updated, 1069 evaluated
Assets\LaserCorridor\CorridorHUD.cs(24,28): warning CS0618: 'Object.FindFirstObjectByType<T>()' is obsolete: 'FindFirstObjectByType has been deprecated because it relies on instance ID ordering. Use FindAnyObjectByType instead, which does not depend on ordering.'
Assets\LaserCorridor\CorridorHUD.cs(29,27): warning CS0618: 'Object.FindFirstObjectByType<T>()' is obsolete: 'FindFirstObjectByType has been deprecated because it relies on instance ID ordering. Use FindAnyObjectByType instead, which does not depend on ordering.'
Assets\LaserCorridor\LaserCorridorGameManager.cs(50,24): warning CS0618: 'Object.FindFirstObjectByType<T>()' is obsolete: 'FindFirstObjectByType has been deprecated because it relies on instance ID ordering. Use FindAnyObjectByType instead, which does not depend on ordering.'
Assets\LaserCorridor\LaserCorridorGameManager.cs(68,28): warning CS0618: 'Object.FindFirstObjectByType<T>()' is obsolete: 'FindFirstObjectByType has been deprecated because it relies on instance ID ordering. Use FindAnyObjectByType instead, which does not depend on ordering.'
Assets\LaserCorridor\LaserCorridorGameManager.cs(73,28): warning CS0618: 'Object.FindFirstObjectByType<T>()' is obsolete: 'FindFirstObjectByType has been deprecated because it relies on instance ID ordering. Use FindAnyObjectByType instead, which does not depend on ordering.'
Assets\LaserCorridor\LaserCorridorGameManager.cs(77,58): warning CS0618: 'FindObjectsSortMode' is obsolete: 'FindObjectsSortMode has been deprecated. Use the FindObjectsByType overloads that do not take a FindObjectsSortMode parameter.'
Assets\LaserCorridor\LaserCorridorGameManager.cs(77,23): warning CS0618: 'Object.FindObjectsByType<T>(FindObjectsSortMode)' is obsolete: 'FindObjectsByType with FindObjectsSortMode parameter has been deprecated. Use FindObjectsByType<T>() or FindObjectsByType<T>(FindObjectsInactive) instead. InstanceID will be replaced in the future with EntityId and previous sort order cannot be maintained.'
Assets\LaserCorridor\LaserCorridorGameManager.cs(194,62): warning CS0618: 'FindObjectsSortMode' is obsolete: 'FindObjectsSortMode has been deprecated. Use the FindObjectsByType overloads that do not take a FindObjectsSortMode parameter.'
Assets\LaserCorridor\LaserCorridorGameManager.cs(194,27): warning CS0618: 'Object.FindObjectsByType<T>(FindObjectsSortMode)' is obsolete: 'FindObjectsByType with FindObjectsSortMode parameter has been deprecated. Use FindObjectsByType<T>() or FindObjectsByType<T>(FindObjectsInactive) instead. InstanceID will be replaced in the future with EntityId and previous sort order cannot be maintained.'
Assets\LaserCorridor\BonusFloorPanel.cs(126,59): warning CS0618: 'FindObjectsSortMode' is obsolete: 'FindObjectsSortMode has been deprecated. Use the FindObjectsByType overloads that do not take a FindObjectsSortMode parameter.'
Assets\LaserCorridor\BonusFloorPanel.cs(126,30): warning CS0618: 'Object.FindObjectsByType<T>(FindObjectsSortMode)' is obsolete: 'FindObjectsByType with FindObjectsSortMode parameter has been deprecated. Use FindObjectsByType<T>() or FindObjectsByType<T>(FindObjectsInactive) instead. InstanceID will be replaced in the future with EntityId and previous sort order cannot be maintained.'
Assets\LaserCorridor\LaserSpawner.cs(289,15): warning CS0219: The variable 'hatchHeight' is assigned but its value is never used
Assets\LaserCorridor\Editor\ResidentEvilCorridorBuilder.cs(143,33): warning CS0618: 'Object.FindFirstObjectByType<T>()' is obsolete: 'FindFirstObjectByType has been deprecated because it relies on instance ID ordering. Use FindAnyObjectByType instead, which does not depend on ordering.'
AssetDatabase: script compilation time: 10.332241s
Begin MonoManager ReloadAssembly
'Packages/com.unity.render-pipelines.core/Editor/Deprecated.cs' contains partial class of Unity.Object, exactly 1 of the partial classes needs to be in a file with the same filename. This is to know the one that can be referenced from ie. GameObjects
'Packages/com.unity.render-pipelines.core/Editor/Deprecated.cs' contains partial class of Unity.Object, exactly 1 of the partial classes needs to be in a file with the same filename. This is to know the one that can be referenced from ie. GameObjects
Refreshing native plugins compatible for Editor in 107.66 ms, found 4 plugins.
Native extension for WindowsStandalone target not found
Native extension for WebGL target not found
[MODES] ModeService[none].Initialize
[MODES] ModeService[none].LoadModes
[MODES] Loading mode Default (0) for mode-current-id-Traversal Gameplay
ScheduleIndexationOnStartup MainProcess:True IndexOnStartup:True
Scripting: successfully reloaded assembly
- Finished resetting the current domain, in  1.883 seconds
Domain Reload Profiling: 6102ms
	BeginReloadAssembly (756ms)
		DisableScriptedObjects (146ms)
		CreateAndSetChildDomain (216ms)
	RebuildCommonClasses (19ms)
	RebuildNativeTypeToScriptingClass (41ms)
	initialDomainReloadingComplete (149ms)
	LoadAllAssembliesAndSetupDomain (3252ms)
		LoadAssemblies (2927ms)
		TypeCache.Refresh (207ms)
			TypeCache.ScanAssembly (193ms)
		AnalyzeDomain (121ms)
			BuildScriptInfoCaches (104ms)
			ResolveRequiredComponents (13ms)
	FinalizeReload (1884ms)
		SetupLoadedEditorAssemblies (0ms)
			InitializePlatformSupportModulesInManaged (3ms)
			BeforeProcessingInitializeOnLoad (141ms)
			ProcessInitializeOnLoadAttributes (499ms)
			ProcessInitializeOnLoadMethodAttributes (440ms)
			AfterProcessingInitializeOnLoad (17ms)
		AwakeInstancesAfterBackupRestoration (37ms)
Starting new worker id: 0 with log in C:/Users/Duncan Joseph/Laser Room/Logs/AssetImportWorkerHW0.log
Importing 'GUID: 99c9720ab356a0642a771bea13969a05 - Path: Assets/Scenes/SampleScene.unity' with importer (DefaultImporter)
Imported 'GUID: 99c9720ab356a0642a771bea13969a05' -> (Import Result ID: 'a54ece168ff84bd94df6e00d568e8717') in 0.033 seconds [static dependencies only]. Details - ImportResultOutputID=b4491ddbae88a879b6308480a6079ca7 DependenciesID=0f4da277f0344b5f1c14939413b0abd9 StaticDependenciesID=b8b5272d08439fc75a292be3553bdb7f 
Refreshing native plugins compatible for Editor in 14.16 ms, found 4 plugins.

Asset Pipeline Refresh (id=f853c153f4b3c1a42b991614f772b406): Total: 27.325 seconds - Initiated by InitialRefreshV2(ForceSynchronousImport)
	(Values over 0.05ms)
	Summary:
		Imports: total=1 (actual=1, local cache=0, cache server=0)
		Asset DB Process Time: managed=3 ms, native=12060 ms
		Asset DB Callback time: managed=306 ms, native=97 ms
		Scripting: domain reloads=1, domain reload time=4416 ms, compile time=10336 ms, other=105 ms
		Project Asset Count: scripts=1452, non-scripts=2855
		Asset File Changes: new=0, changed=5, moved=0, deleted=0
		Scan Filter Count: 0
	InvokePackagesCallback: 68.891ms
	ApplyChangesToAssetFolders: 1.483ms
	Scan: 862.104ms
	Collect global state as custom dependencies: 42.713ms
	OnSourceAssetsModified: 2.222ms
	CategorizeScriptCompilationAssets: 2368.916ms
	ProcessAssetsWithTransientArtifactChanges: 131.556ms
	CategorizeAssets: 145.809ms
	CompileScripts: 10335.877ms
	ImportOutOfDateAssets: 2061.696ms (2002.881ms without children)
		ImportManagerImport: 38.998ms (3.348ms without children)
			UpdateCategorizedAssets: 0.056ms
		ReloadNativeAssets: 0.369ms
		UnloadImportedAssets: 0.937ms
		EnsureUptoDateAssetsAreRegisteredWithGuidPM: 0.856ms
		ImportSchedulerStart: 17.651ms
	PostProcessAllAssets: 317.266ms
		VCAutoAddAssetPostprocess 6.807ms
		XRBuildSystem.XRAssetImported 0.985ms
		Canvas.OnAllAssetImport 0.372ms
		AssemblyValidation.PostprocessAllAssets 0.160ms
		PostProcessCallbackCreateDeferredMaterials 0.097ms
		MonoPostProcessAllAssets: 305.307ms
			AssetPostprocessor.OnPostprocessAllAssets 128.441ms
			StyleCatalogPostProcessor.OnPostprocessAllAssets 40.643ms
			UniversalRenderPipelineGlobalSettingsPostprocessor.OnPostprocessAllAssets 39.239ms
			AssetChangedListener.OnPostprocessAllAssets 14.009ms
			BuilderAssetPostprocessor.OnPostprocessAllAssets 13.186ms
			SyncVS.PostprocessSyncProject 11.446ms
			SpeedTree9Postprocessor.OnPostprocessAllAssets 5.635ms
			ShaderGraphAssetPostProcessor.OnPostprocessAllAssets 3.875ms
			WindowAssetPostprocessingWatcher.OnPostprocessAllAssets 3.703ms
			RetainedModeAssetPostprocessor.OnPostprocessAllAssets 2.672ms
			MaterialPostprocessor.OnPostprocessAllAssets 1.835ms
			RenderPipelineGlobalSettingsPostprocessor.OnPostprocessAllAssets 1.583ms
			InputActionAssetPostprocessor.OnPostprocessAllAssets 1.454ms
			EditModeScopePostprocessor.OnPostprocessAllAssets 1.099ms
			ArtifactBrowserPostProcessor.OnPostprocessAllAssets 0.975ms
			ShaderReflectionAssetPostProcessor.OnPostprocessAllAssets 0.801ms
			PostProcessor.OnPostprocessAllAssets 0.673ms
			TextAssetPostProcessor.OnPostprocessAllAssets 0.673ms
			UVCSAssetPostprocessor.OnPostprocessAllAssets 0.620ms
			ReferencedClipsPostProcessor.OnPostprocessAllAssets 0.611ms
			AudioMixerPostprocessor.OnPostprocessAllAssets 0.600ms
			AssetEvents.OnPostprocessAllAssets 0.595ms
			InputActionJsonNameModifierAssetProcessor.OnPostprocessAllAssets 0.564ms
			TMPro_TexturePostProcessor.OnPostprocessAllAssets 0.427ms
			TerrainToolbarOverlayPostProcessor.OnPostprocessAllAssets 0.385ms
			ProjectSettingsPostprocessor.OnPostprocessAllAssets 0.369ms
			SpeedTreePostProcessor.OnPostprocessAllAssets 0.346ms
			AssetDatabaseCallbacks.OnPostprocessAllAssets 0.328ms
			ConfigAssetsTracker.OnPostprocessAllAssets 0.307ms
			ThemePostprocessor.OnPostprocessAllAssets 0.276ms
			SamplePostprocessor.OnPostprocessAllAssets 0.247ms
			ScenarioDriftAssetsTracker.OnPostprocessAllAssets 0.234ms
			AssetReloadNotifier.OnPostprocessAllAssets 0.193ms
			AudioContainerPostProcessor.OnPostprocessAllAssets 0.146ms
	PostAssetChangesProfiler: 20.289ms
	UnloadStreamsBegin: 2.384ms
	PersistCurrentRevisions: 0.292ms
	GenerateScriptTypeHashes: 2.441ms
	GenerateScriptTypeSerializationHashes: 4.024ms
	Untracked: 10917.291ms

Application.AssetDatabase Initial Refresh End
Launched and connected shader compiler UnityShaderCompiler.exe after 0.09 seconds
Scanning for USB devices : 12.752ms
Initializing Unity extensions:
Unloading 62 Unused Serialized files (Serialized files now loaded: 0)
Loaded scene 'Assets/Scenes/SampleScene.unity'
	Deserialize:            12.420 ms
	Integration:            40.284 ms
	Integration of assets:  0.074 ms
	Thread Wait Time:       0.028 ms
	Total Operation Time:   52.806 ms
Unloading 7007 unused Assets / (9.7 MB). Loaded Objects now: 8093.
Memory consumption went from 443.4 MB to 433.8 MB.
Total: 21.422300 ms (FindLiveObjects: 0.938600 ms CreateObjectMapping: 1.084900 ms MarkObjects: 12.015300 ms  DeleteObjects: 6.701500 ms)

[LAYOUT] About to load UserSettings\Layouts\default-6000.dwlt, keepMainWindow=False
Worker ready: AssetImportWorkerHW0 0
[LAYOUT] About to save layout C:\Users\Duncan Joseph\Laser Room\UserSettings\Layouts\default-6000.dwlt
[LAYOUT] About to save layout C:/Users/Duncan Joseph/AppData/Roaming/Unity/Editor-5.x/Preferences\Layouts\current\default-6000.dwlt
[MODES] ModeService[default].InitializeCurrentMode
[MODES] ModeService[default].RaiseModeChanged(default, default)
This project uses Input Manager, which is marked for deprecation. To manage input in your project, use the <a href="https://docs.unity3d.com/Packages/com.unity.inputsystem@latest">Input System package</a> instead.
<RI> Initializing input.
Using Windows.Gaming.Input
<RI> Input initialized.
[Project] Loading completed in 60.484 seconds
	Project init time: 				57.409 seconds
		Template init time: 		0.000 seconds
		Package Manager init time: 		0.275 seconds
		Asset Database init time: 		1.572 seconds
		Global illumination init time: 	0.014 seconds
		Assemblies load time: 			22.294 seconds
		Unity extensions init time: 	0.036 seconds
		Asset Database refresh time: 	27.328 seconds
	Scene opening time: 			2.567 seconds
##utp:{"type":"ProjectInfo","version":2,"phase":"Immediate","time":1791275552314,"processId":4492,"projectLoad":60.483507700000004,"projectInit":57.4088587,"templateInit":0.0,"packageManagerInit":0.2747479,"assetDatabaseInit":1.5716481,"globalIlluminationInit":0.0138328,"assembliesLoad":22.2939048,"unityExtensionsInit":0.0361016,"assetDatabaseRefresh":27.3275419,"sceneOpening":2.5674946}
##utp:{"type":"EditorInfo","version":2,"phase":"Immediate","time":1791275552314,"processId":4492,"editorVersion":"6000.6.0f1 (f7f8ed4d1e24)","branch":"6000.6/respin/6000.6.0f1-fa21a270ab12","buildType":"Release","platform":"Windows"}
GPU Resident Drawer created.
[Licensing::Client] Successfully resolved entitlement details
[Licensing::Client] Successfully resolved entitlement details
Created GICache directory at C:/Users/Duncan Joseph/AppData/LocalLow/Unity/Caches/GiCache. Took: 0.050s, timestamps: [62.290 - 62.340]
[Licensing::Client] Successfully resolved entitlement details
[Licensing::Client] Successfully resolved entitlement details
[Licensing::Client] Successfully updated the access token
[Licensing::Module] Successfully updated access token: "SxzwPTut"... (expires: 2026-10-06T10:31:02Z)
[Licensing::Client] Successfully resolved entitlement details
UPID Received 'e5d3e204-cd96-4438-a1a4-e05c63c78158'.
[Licensing::Client] Successfully resolved entitlement details
TrimDiskCacheJob: Current cache size 0mb
Start Indexing on Editor startup
[Indexing] Starting Initial Indexing for Assets
Asset Pipeline Refresh (id=6d0ca365b6850cf49a4a73e019e6779d): Total: 0.183 seconds - Initiated by RefreshV2(AllowForceSynchronousImport)
Starting new worker id: 1 with log in C:/Users/Duncan Joseph/Laser Room/Logs/AssetImportWorkerHW1.log
[Worker0] Imported GUID: c6734c95dda3ce040a660e9ea63ce2a6 - Path: Assets/LaserCorridor/LaserBeam.cs - Importer: ScriptedImporter/UnityEditor.QuickSearchModule:UnityEditor.Search:ASIAI0B -> (ImportResultId: '33a4b97d12a9594216f35937d8270e53') in 0.1952198 seconds
[Worker0] Imported GUID: 99c9720ab356a0642a771bea13969a05 - Path: Assets/Scenes/SampleScene.unity - Importer: ScriptedImporter/UnityEditor.QuickSearchModule:UnityEditor.Search:ASIAI0B -> (ImportResultId: 'a9017b59c55106d0fb0d9fbb2589433f') in 0.0249236 seconds
[Worker0] Imported GUID: c8b6122c782f7b44e8bf8ccd20e736c4 - Path: Assets/Player.cs - Importer: ScriptedImporter/UnityEditor.QuickSearchModule:UnityEditor.Search:ASIAI0B -> (ImportResultId: 'f3b5b765919b62d22dd4cb54dc51c4df') in 0.0203996 seconds
[Worker0] Imported GUID: 1fae4acb5442993448d49e88d29edf0c - Path: Assets/LaserCorridor/LaserSpawner.cs - Importer: ScriptedImporter/UnityEditor.QuickSearchModule:UnityEditor.Search:ASIAI0B -> (ImportResultId: '30da61b80431a91dfccbf63c8af17588') in 0.0222519 seconds
[Worker0] Imported GUID: b3901b077d3f2764f90b79133bc264ae - Path: Assets/LaserCorridor/Editor/ResidentEvilCorridorBuilder.cs - Importer: ScriptedImporter/UnityEditor.QuickSearchModule:UnityEditor.Search:ASIAI0B -> (ImportResultId: 'c2e5d5f5c88a7649844918b0fea9c7dd') in 0.0206127 seconds
Asset Pipeline Refresh (id=b8b6166f407ef4542aae44f694097c64): Total: 0.010 seconds - Initiated by RefreshV2(AllowForceSynchronousImport)
Worker ready: AssetImportWorkerHW1 1
<b>[Resident Evil Laser Corridor]</b> Successfully generated corridor and configured game systems! Press Play to test.
UnityEngine.Debug:ExtractStackTraceNoAlloc (byte*,int,string)
UnityEngine.StackTraceUtility:ExtractStackTrace ()
UnityEngine.DebugLogHandler:Internal_Log (UnityEngine.LogType,UnityEngine.LogOption,string,UnityEngine.Object)
UnityEngine.DebugLogHandler:LogFormat (UnityEngine.LogType,UnityEngine.Object,string,object[])
UnityEngine.Logger:Log (UnityEngine.LogType,object)
UnityEngine.Debug:Log (object)
ResidentEvilCorridorBuilder:BuildCorridor () (at Assets/LaserCorridor/Editor/ResidentEvilCorridorBuilder.cs:214)
ResidentEvilCorridorBuilder:GenerateCorridorQuick () (at Assets/LaserCorridor/Editor/ResidentEvilCorridorBuilder.cs:24)

(Filename: Assets/LaserCorridor/Editor/ResidentEvilCorridorBuilder.cs Line: 214)

GPU Resident Drawer disposed.
Entering Playmode with Reload Domain disabled.
If you experience any issues, please disable "Enter Play Mode Options" in Editor Settings
Entering Playmode with Reload Scene disabled. If you experience any issues, please disable "Enter Play Mode Options" in Editor Settings
GPU Resident Drawer created.
GPU Resident Drawer disposed.
Unloading 10 Unused Serialized files (Serialized files now loaded: 0)
Loaded scene 'Temp/__Backupscenes/0.backup'
	Deserialize:            1.789 ms
	Integration:            24.974 ms
	Integration of assets:  0.029 ms
	Thread Wait Time:       0.015 ms
	Total Operation Time:   26.806 ms
Unloading 37 unused Assets / (2.8 MB). Loaded Objects now: 9291.
Memory consumption went from 0.63 GB to 0.62 GB.
Total: 32.341800 ms (FindLiveObjects: 0.669300 ms CreateObjectMapping: 0.152000 ms MarkObjects: 30.822100 ms  DeleteObjects: 0.426200 ms)

[Licensing::Client] Successfully resolved entitlement details
GPU Resident Drawer created.
Child GameObject 'Corridor_Lighting' was not registered into undo system and became dangling during an undo operation.
Use Undo.RegisterCreatedObjectUndo to correctly add a child GameObject which can be handled by the undo system
UnityEngine.Debug:ExtractStackTraceNoAlloc (byte*,int,string)
UnityEngine.StackTraceUtility:ExtractStackTrace ()
UnityEditor.EditorApplication:ExecuteMenuItemInternal (string,bool)
UnityEditor.EditorApplication:ExecuteMenuItem (string)
UnityEditor.ShortcutManagement.MenuItemEntryDiscoveryInfo:<.ctor>b__7_0 (UnityEditor.ShortcutManagement.ShortcutArguments)
UnityEditor.ShortcutManagement.Trigger:ExecuteShortcut (UnityEditor.ShortcutManagement.ShortcutEntry,UnityEditor.ShortcutManagement.ShortcutStage,object,bool)
UnityEditor.ShortcutManagement.Trigger:HandleKeyEvent (UnityEngine.Event,UnityEditor.ShortcutManagement.IContextManager)
UnityEditor.ShortcutManagement.ShortcutController:HandleKeyEvent (UnityEngine.Event)
UnityEditor.ShortcutManagement.ShortcutIntegration:EventHandler ()
UnityEditor.EditorApplication:Internal_CallGlobalEventHandler ()

[C:\build\output\unity\unity\Editor\Src\Undo\StructureUndoBase.cpp line 610]

Child GameObject 'Bonus_Floor_Panels' was not registered into undo system and became dangling during an undo operation.
Use Undo.RegisterCreatedObjectUndo to correctly add a child GameObject which can be handled by the undo system
UnityEngine.Debug:ExtractStackTraceNoAlloc (byte*,int,string)
UnityEngine.StackTraceUtility:ExtractStackTrace ()
UnityEditor.EditorApplication:ExecuteMenuItemInternal (string,bool)
UnityEditor.EditorApplication:ExecuteMenuItem (string)
UnityEditor.ShortcutManagement.MenuItemEntryDiscoveryInfo:<.ctor>b__7_0 (UnityEditor.ShortcutManagement.ShortcutArguments)
UnityEditor.ShortcutManagement.Trigger:ExecuteShortcut (UnityEditor.ShortcutManagement.ShortcutEntry,UnityEditor.ShortcutManagement.ShortcutStage,object,bool)
UnityEditor.ShortcutManagement.Trigger:HandleKeyEvent (UnityEngine.Event,UnityEditor.ShortcutManagement.IContextManager)
UnityEditor.ShortcutManagement.ShortcutController:HandleKeyEvent (UnityEngine.Event)
UnityEditor.ShortcutManagement.ShortcutIntegration:EventHandler ()
UnityEditor.EditorApplication:Internal_CallGlobalEventHandler ()

[C:\build\output\unity\unity\Editor\Src\Undo\StructureUndoBase.cpp line 610]

<b>[Resident Evil Laser Corridor]</b> Successfully generated corridor and configured game systems! Press Play to test.
UnityEngine.Debug:ExtractStackTraceNoAlloc (byte*,int,string)
UnityEngine.StackTraceUtility:ExtractStackTrace ()
UnityEngine.DebugLogHandler:Internal_Log (UnityEngine.LogType,UnityEngine.LogOption,string,UnityEngine.Object)
UnityEngine.DebugLogHandler:LogFormat (UnityEngine.LogType,UnityEngine.Object,string,object[])
UnityEngine.Logger:Log (UnityEngine.LogType,object)
UnityEngine.Debug:Log (object)
ResidentEvilCorridorBuilder:BuildCorridor () (at Assets/LaserCorridor/Editor/ResidentEvilCorridorBuilder.cs:214)
ResidentEvilCorridorBuilder:GenerateCorridorQuick () (at Assets/LaserCorridor/Editor/ResidentEvilCorridorBuilder.cs:24)

(Filename: Assets/LaserCorridor/Editor/ResidentEvilCorridorBuilder.cs Line: 214)

GPU Resident Drawer disposed.
Entering Playmode with Reload Domain disabled.
If you experience any issues, please disable "Enter Play Mode Options" in Editor Settings
Entering Playmode with Reload Scene disabled. If you experience any issues, please disable "Enter Play Mode Options" in Editor Settings
GPU Resident Drawer created.
Child GameObject 'Bonus_Floor_Panels' was not registered into undo system and became dangling during an undo operation.
Use Undo.RegisterCreatedObjectUndo to correctly add a child GameObject which can be handled by the undo system
UnityEngine.Debug:ExtractStackTraceNoAlloc (byte*,int,string)
UnityEngine.StackTraceUtility:ExtractStackTrace ()
UnityEditor.EditorApplication:ExecuteMenuItemInternal (string,bool)
UnityEditor.EditorApplication:ExecuteMenuItem (string)
UnityEditor.ShortcutManagement.MenuItemEntryDiscoveryInfo:<.ctor>b__7_0 (UnityEditor.ShortcutManagement.ShortcutArguments)
UnityEditor.ShortcutManagement.Trigger:ExecuteShortcut (UnityEditor.ShortcutManagement.ShortcutEntry,UnityEditor.ShortcutManagement.ShortcutStage,object,bool)
UnityEditor.ShortcutManagement.Trigger:HandleKeyEvent (UnityEngine.Event,UnityEditor.ShortcutManagement.IContextManager)
UnityEditor.ShortcutManagement.ShortcutController:HandleKeyEvent (UnityEngine.Event)
UnityEditor.ShortcutManagement.ShortcutIntegration:EventHandler ()
UnityEditor.EditorApplication:Internal_CallGlobalEventHandler ()

[C:\build\output\unity\unity\Editor\Src\Undo\StructureUndoBase.cpp line 610]

Child GameObject 'Corridor_Lighting' was not registered into undo system and became dangling during an undo operation.
Use Undo.RegisterCreatedObjectUndo to correctly add a child GameObject which can be handled by the undo system
UnityEngine.Debug:ExtractStackTraceNoAlloc (byte*,int,string)
UnityEngine.StackTraceUtility:ExtractStackTrace ()
UnityEditor.EditorApplication:ExecuteMenuItemInternal (string,bool)
UnityEditor.EditorApplication:ExecuteMenuItem (string)
UnityEditor.ShortcutManagement.MenuItemEntryDiscoveryInfo:<.ctor>b__7_0 (UnityEditor.ShortcutManagement.ShortcutArguments)
UnityEditor.ShortcutManagement.Trigger:ExecuteShortcut (UnityEditor.ShortcutManagement.ShortcutEntry,UnityEditor.ShortcutManagement.ShortcutStage,object,bool)
UnityEditor.ShortcutManagement.Trigger:HandleKeyEvent (UnityEngine.Event,UnityEditor.ShortcutManagement.IContextManager)
UnityEditor.ShortcutManagement.ShortcutController:HandleKeyEvent (UnityEngine.Event)
UnityEditor.ShortcutManagement.ShortcutIntegration:EventHandler ()
UnityEditor.EditorApplication:Internal_CallGlobalEventHandler ()

[C:\build\output\unity\unity\Editor\Src\Undo\StructureUndoBase.cpp line 610]

[Player] Jump pressed! isGrounded: True, Timer: 0
UnityEngine.Debug:ExtractStackTraceNoAlloc (byte*,int,string)
UnityEngine.StackTraceUtility:ExtractStackTrace ()
UnityEngine.DebugLogHandler:Internal_Log (UnityEngine.LogType,UnityEngine.LogOption,string,UnityEngine.Object)
UnityEngine.DebugLogHandler:LogFormat (UnityEngine.LogType,UnityEngine.Object,string,object[])
UnityEngine.Logger:Log (UnityEngine.LogType,object)
UnityEngine.Debug:Log (object)
Player:Update () (at Assets/Player.cs:169)

(Filename: Assets/Player.cs Line: 169)

[Player] Jump executed! JumpForce: 4, y-velocity: 4
UnityEngine.Debug:ExtractStackTraceNoAlloc (byte*,int,string)
UnityEngine.StackTraceUtility:ExtractStackTrace ()
UnityEngine.DebugLogHandler:Internal_Log (UnityEngine.LogType,UnityEngine.LogOption,string,UnityEngine.Object)
UnityEngine.DebugLogHandler:LogFormat (UnityEngine.LogType,UnityEngine.Object,string,object[])
UnityEngine.Logger:Log (UnityEngine.LogType,object)
UnityEngine.Debug:Log (object)
Player:Jump () (at Assets/Player.cs:375)
Player:Update () (at Assets/Player.cs:173)

(Filename: Assets/Player.cs Line: 375)

[PlayerHealth] Took 35 damage! Remaining HP: 65/100
UnityEngine.Debug:ExtractStackTraceNoAlloc (byte*,int,string)
UnityEngine.StackTraceUtility:ExtractStackTrace ()
UnityEngine.DebugLogHandler:Internal_Log (UnityEngine.LogType,UnityEngine.LogOption,string,UnityEngine.Object)
UnityEngine.DebugLogHandler:LogFormat (UnityEngine.LogType,UnityEngine.Object,string,object[])
UnityEngine.Logger:Log (UnityEngine.LogType,object)
UnityEngine.Debug:Log (object)
PlayerHealth:TakeDamage (int) (at Assets/LaserCorridor/PlayerHealth.cs:104)
LaserBeamTriggerForwarder:OnTriggerEnter (UnityEngine.Collider) (at Assets/LaserCorridor/LaserSpawner.cs:488)

(Filename: Assets/LaserCorridor/PlayerHealth.cs Line: 104)

[Player] Jump pressed! isGrounded: True, Timer: -0.0002010651
UnityEngine.Debug:ExtractStackTraceNoAlloc (byte*,int,string)
UnityEngine.StackTraceUtility:ExtractStackTrace ()
UnityEngine.DebugLogHandler:Internal_Log (UnityEngine.LogType,UnityEngine.LogOption,string,UnityEngine.Object)
UnityEngine.DebugLogHandler:LogFormat (UnityEngine.LogType,UnityEngine.Object,string,object[])
UnityEngine.Logger:Log (UnityEngine.LogType,object)
UnityEngine.Debug:Log (object)
Player:Update () (at Assets/Player.cs:169)

(Filename: Assets/Player.cs Line: 169)

[Player] Jump executed! JumpForce: 4, y-velocity: 4
UnityEngine.Debug:ExtractStackTraceNoAlloc (byte*,int,string)
UnityEngine.StackTraceUtility:ExtractStackTrace ()
UnityEngine.DebugLogHandler:Internal_Log (UnityEngine.LogType,UnityEngine.LogOption,string,UnityEngine.Object)
UnityEngine.DebugLogHandler:LogFormat (UnityEngine.LogType,UnityEngine.Object,string,object[])
UnityEngine.Logger:Log (UnityEngine.LogType,object)
UnityEngine.Debug:Log (object)
Player:Jump () (at Assets/Player.cs:375)
Player:Update () (at Assets/Player.cs:173)

(Filename: Assets/Player.cs Line: 375)

[Player] Jump pressed! isGrounded: True, Timer: -0.002270994
UnityEngine.Debug:ExtractStackTraceNoAlloc (byte*,int,string)
UnityEngine.StackTraceUtility:ExtractStackTrace ()
UnityEngine.DebugLogHandler:Internal_Log (UnityEngine.LogType,UnityEngine.LogOption,string,UnityEngine.Object)
UnityEngine.DebugLogHandler:LogFormat (UnityEngine.LogType,UnityEngine.Object,string,object[])
UnityEngine.Logger:Log (UnityEngine.LogType,object)
UnityEngine.Debug:Log (object)
Player:Update () (at Assets/Player.cs:169)

(Filename: Assets/Player.cs Line: 169)

[Player] Jump executed! JumpForce: 4, y-velocity: 4
UnityEngine.Debug:ExtractStackTraceNoAlloc (byte*,int,string)
UnityEngine.StackTraceUtility:ExtractStackTrace ()
UnityEngine.DebugLogHandler:Internal_Log (UnityEngine.LogType,UnityEngine.LogOption,string,UnityEngine.Object)
UnityEngine.DebugLogHandler:LogFormat (UnityEngine.LogType,UnityEngine.Object,string,object[])
UnityEngine.Logger:Log (UnityEngine.LogType,object)
UnityEngine.Debug:Log (object)
Player:Jump () (at Assets/Player.cs:375)
Player:Update () (at Assets/Player.cs:173)

(Filename: Assets/Player.cs Line: 375)

[PlayerHealth] Speed Boost activated! (1.6x for 5s)
UnityEngine.Debug:ExtractStackTraceNoAlloc (byte*,int,string)
UnityEngine.StackTraceUtility:ExtractStackTrace ()
UnityEngine.DebugLogHandler:Internal_Log (UnityEngine.LogType,UnityEngine.LogOption,string,UnityEngine.Object)
UnityEngine.DebugLogHandler:LogFormat (UnityEngine.LogType,UnityEngine.Object,string,object[])
UnityEngine.Logger:Log (UnityEngine.LogType,object)
UnityEngine.Debug:Log (object)
PlayerHealth:ApplySpeedBoost (single,single) (at Assets/LaserCorridor/PlayerHealth.cs:145)
BonusFloorPanel:GrantBonus (PlayerHealth) (at Assets/LaserCorridor/BonusFloorPanel.cs:106)
BonusFloorPanel:OnTriggerEnter (UnityEngine.Collider) (at Assets/LaserCorridor/BonusFloorPanel.cs:90)

(Filename: Assets/LaserCorridor/PlayerHealth.cs Line: 145)

[PlayerHealth] Took 35 damage! Remaining HP: 30/100
UnityEngine.Debug:ExtractStackTraceNoAlloc (byte*,int,string)
UnityEngine.StackTraceUtility:ExtractStackTrace ()
UnityEngine.DebugLogHandler:Internal_Log (UnityEngine.LogType,UnityEngine.LogOption,string,UnityEngine.Object)
UnityEngine.DebugLogHandler:LogFormat (UnityEngine.LogType,UnityEngine.Object,string,object[])
UnityEngine.Logger:Log (UnityEngine.LogType,object)
UnityEngine.Debug:Log (object)
PlayerHealth:TakeDamage (int) (at Assets/LaserCorridor/PlayerHealth.cs:104)
LaserBeamTriggerForwarder:OnTriggerEnter (UnityEngine.Collider) (at Assets/LaserCorridor/LaserSpawner.cs:488)

(Filename: Assets/LaserCorridor/PlayerHealth.cs Line: 104)

[Player] Jump pressed! isGrounded: True, Timer: -0.001985878
UnityEngine.Debug:ExtractStackTraceNoAlloc (byte*,int,string)
UnityEngine.StackTraceUtility:ExtractStackTrace ()
UnityEngine.DebugLogHandler:Internal_Log (UnityEngine.LogType,UnityEngine.LogOption,string,UnityEngine.Object)
UnityEngine.DebugLogHandler:LogFormat (UnityEngine.LogType,UnityEngine.Object,string,object[])
UnityEngine.Logger:Log (UnityEngine.LogType,object)
UnityEngine.Debug:Log (object)
Player:Update () (at Assets/Player.cs:169)

(Filename: Assets/Player.cs Line: 169)

[Player] Jump executed! JumpForce: 4, y-velocity: 4
UnityEngine.Debug:ExtractStackTraceNoAlloc (byte*,int,string)
UnityEngine.StackTraceUtility:ExtractStackTrace ()
UnityEngine.DebugLogHandler:Internal_Log (UnityEngine.LogType,UnityEngine.LogOption,string,UnityEngine.Object)
UnityEngine.DebugLogHandler:LogFormat (UnityEngine.LogType,UnityEngine.Object,string,object[])
UnityEngine.Logger:Log (UnityEngine.LogType,object)
UnityEngine.Debug:Log (object)
Player:Jump () (at Assets/Player.cs:375)
Player:Update () (at Assets/Player.cs:173)

(Filename: Assets/Player.cs Line: 375)

[PlayerHealth] Took 35 damage! Remaining HP: 0/100
UnityEngine.Debug:ExtractStackTraceNoAlloc (byte*,int,string)
UnityEngine.StackTraceUtility:ExtractStackTrace ()
UnityEngine.DebugLogHandler:Internal_Log (UnityEngine.LogType,UnityEngine.LogOption,string,UnityEngine.Object)
UnityEngine.DebugLogHandler:LogFormat (UnityEngine.LogType,UnityEngine.Object,string,object[])
UnityEngine.Logger:Log (UnityEngine.LogType,object)
UnityEngine.Debug:Log (object)
PlayerHealth:TakeDamage (int) (at Assets/LaserCorridor/PlayerHealth.cs:104)
LaserBeamTriggerForwarder:OnTriggerEnter (UnityEngine.Collider) (at Assets/LaserCorridor/LaserSpawner.cs:488)

(Filename: Assets/LaserCorridor/PlayerHealth.cs Line: 104)

[PlayerHealth] Player eliminated by corridor laser!
UnityEngine.Debug:ExtractStackTraceNoAlloc (byte*,int,string)
UnityEngine.StackTraceUtility:ExtractStackTrace ()
UnityEngine.DebugLogHandler:Internal_Log (UnityEngine.LogType,UnityEngine.LogOption,string,UnityEngine.Object)
UnityEngine.DebugLogHandler:LogFormat (UnityEngine.LogType,UnityEngine.Object,string,object[])
UnityEngine.Logger:Log (UnityEngine.LogType,object)
UnityEngine.Debug:Log (object)
PlayerHealth:Die () (at Assets/LaserCorridor/PlayerHealth.cs:181)
PlayerHealth:TakeDamage (int) (at Assets/LaserCorridor/PlayerHealth.cs:110)
LaserBeamTriggerForwarder:OnTriggerEnter (UnityEngine.Collider) (at Assets/LaserCorridor/LaserSpawner.cs:488)

(Filename: Assets/LaserCorridor/PlayerHealth.cs Line: 181)

[GameManager] GAME OVER! Player eliminated. Preparing reset...
UnityEngine.Debug:ExtractStackTraceNoAlloc (byte*,int,string)
UnityEngine.StackTraceUtility:ExtractStackTrace ()
UnityEngine.DebugLogHandler:Internal_Log (UnityEngine.LogType,UnityEngine.LogOption,string,UnityEngine.Object)
UnityEngine.DebugLogHandler:LogFormat (UnityEngine.LogType,UnityEngine.Object,string,object[])
UnityEngine.Logger:Log (UnityEngine.LogType,object)
UnityEngine.Debug:Log (object)
LaserCorridorGameManager:HandlePlayerDeath () (at Assets/LaserCorridor/LaserCorridorGameManager.cs:122)
PlayerHealth:Die () (at Assets/LaserCorridor/PlayerHealth.cs:182)
PlayerHealth:TakeDamage (int) (at Assets/LaserCorridor/PlayerHealth.cs:110)
LaserBeamTriggerForwarder:OnTriggerEnter (UnityEngine.Collider) (at Assets/LaserCorridor/LaserSpawner.cs:488)

(Filename: Assets/LaserCorridor/LaserCorridorGameManager.cs Line: 122)

[PlayerHealth] Speed Boost ended.
UnityEngine.Debug:ExtractStackTraceNoAlloc (byte*,int,string)
UnityEngine.StackTraceUtility:ExtractStackTrace ()
UnityEngine.DebugLogHandler:Internal_Log (UnityEngine.LogType,UnityEngine.LogOption,string,UnityEngine.Object)
UnityEngine.DebugLogHandler:LogFormat (UnityEngine.LogType,UnityEngine.Object,string,object[])
UnityEngine.Logger:Log (UnityEngine.LogType,object)
UnityEngine.Debug:Log (object)
PlayerHealth:ResetSpeedBoost () (at Assets/LaserCorridor/PlayerHealth.cs:157)
PlayerHealth:Update () (at Assets/LaserCorridor/PlayerHealth.cs:77)

(Filename: Assets/LaserCorridor/PlayerHealth.cs Line: 157)

Setting linear velocity of a kinematic body is not supported.
UnityEngine.Debug:ExtractStackTraceNoAlloc (byte*,int,string)
UnityEngine.StackTraceUtility:ExtractStackTrace ()
UnityEngine.Rigidbody:set_linearVelocity (UnityEngine.Vector3)
LaserCorridorGameManager/<ResetPlayerRoutine>d__21:MoveNext () (at Assets/LaserCorridor/LaserCorridorGameManager.cs:160)
UnityEngine.SetupCoroutine:InvokeMoveNext (System.Collections.IEnumerator,intptr)

[Assets/LaserCorridor/LaserCorridorGameManager.cs line 160]

Setting angular velocity of a kinematic body is not supported.
UnityEngine.Debug:ExtractStackTraceNoAlloc (byte*,int,string)
UnityEngine.StackTraceUtility:ExtractStackTrace ()
UnityEngine.Rigidbody:set_angularVelocity (UnityEngine.Vector3)
LaserCorridorGameManager/<ResetPlayerRoutine>d__21:MoveNext () (at Assets/LaserCorridor/LaserCorridorGameManager.cs:161)
UnityEngine.SetupCoroutine:InvokeMoveNext (System.Collections.IEnumerator,intptr)

[Assets/LaserCorridor/LaserCorridorGameManager.cs line 161]

Setting linear velocity of a kinematic body is not supported.
UnityEngine.Debug:ExtractStackTraceNoAlloc (byte*,int,string)
UnityEngine.StackTraceUtility:ExtractStackTrace ()
UnityEngine.Rigidbody:set_linearVelocity (UnityEngine.Vector3)
Player:MovePlayer () (at Assets/Player.cs:347)
Player:FixedUpdate () (at Assets/Player.cs:278)

[Assets/Player.cs line 347]

Setting linear velocity of a kinematic body is not supported.
UnityEngine.Debug:ExtractStackTraceNoAlloc (byte*,int,string)
UnityEngine.StackTraceUtility:ExtractStackTrace ()
UnityEngine.Rigidbody:set_linearVelocity (UnityEngine.Vector3)
Player:MovePlayer () (at Assets/Player.cs:352)
Player:FixedUpdate () (at Assets/Player.cs:278)

[Assets/Player.cs line 352]

Setting linear velocity of a kinematic body is not supported.
UnityEngine.Debug:ExtractStackTraceNoAlloc (byte*,int,string)
UnityEngine.StackTraceUtility:ExtractStackTrace ()
UnityEngine.Rigidbody:set_linearVelocity (UnityEngine.Vector3)
LaserCorridorGameManager/<ResetPlayerRoutine>d__21:MoveNext () (at Assets/LaserCorridor/LaserCorridorGameManager.cs:172)
UnityEngine.SetupCoroutine:InvokeMoveNext (System.Collections.IEnumerator,intptr)

[Assets/LaserCorridor/LaserCorridorGameManager.cs line 172]

Setting angular velocity of a kinematic body is not supported.
UnityEngine.Debug:ExtractStackTraceNoAlloc (byte*,int,string)
UnityEngine.StackTraceUtility:ExtractStackTrace ()
UnityEngine.Rigidbody:set_angularVelocity (UnityEngine.Vector3)
LaserCorridorGameManager/<ResetPlayerRoutine>d__21:MoveNext () (at Assets/LaserCorridor/LaserCorridorGameManager.cs:173)
UnityEngine.SetupCoroutine:InvokeMoveNext (System.Collections.IEnumerator,intptr)

[Assets/LaserCorridor/LaserCorridorGameManager.cs line 173]

[PlayerHealth] Speed Boost ended.
UnityEngine.Debug:ExtractStackTraceNoAlloc (byte*,int,string)
UnityEngine.StackTraceUtility:ExtractStackTrace ()
UnityEngine.DebugLogHandler:Internal_Log (UnityEngine.LogType,UnityEngine.LogOption,string,UnityEngine.Object)
UnityEngine.DebugLogHandler:LogFormat (UnityEngine.LogType,UnityEngine.Object,string,object[])
UnityEngine.Logger:Log (UnityEngine.LogType,object)
UnityEngine.Debug:Log (object)
PlayerHealth:ResetSpeedBoost () (at Assets/LaserCorridor/PlayerHealth.cs:157)
PlayerHealth:ResetState () (at Assets/LaserCorridor/PlayerHealth.cs:194)
LaserCorridorGameManager/<ResetPlayerRoutine>d__21:MoveNext () (at Assets/LaserCorridor/LaserCorridorGameManager.cs:183)
UnityEngine.SetupCoroutine:InvokeMoveNext (System.Collections.IEnumerator,intptr)

(Filename: Assets/LaserCorridor/PlayerHealth.cs Line: 157)

[PlayerHealth] Took 35 damage! Remaining HP: 65/100
UnityEngine.Debug:ExtractStackTraceNoAlloc (byte*,int,string)
UnityEngine.StackTraceUtility:ExtractStackTrace ()
UnityEngine.DebugLogHandler:Internal_Log (UnityEngine.LogType,UnityEngine.LogOption,string,UnityEngine.Object)
UnityEngine.DebugLogHandler:LogFormat (UnityEngine.LogType,UnityEngine.Object,string,object[])
UnityEngine.Logger:Log (UnityEngine.LogType,object)
UnityEngine.Debug:Log (object)
PlayerHealth:TakeDamage (int) (at Assets/LaserCorridor/PlayerHealth.cs:104)
LaserBeamTriggerForwarder:OnTriggerEnter (UnityEngine.Collider) (at Assets/LaserCorridor/LaserSpawner.cs:488)

(Filename: Assets/LaserCorridor/PlayerHealth.cs Line: 104)

GPU Resident Drawer disposed.
Unloading 6 Unused Serialized files (Serialized files now loaded: 0)
Loaded scene 'Temp/__Backupscenes/0.backup'
	Deserialize:            1.535 ms
	Integration:            27.939 ms
	Integration of assets:  0.036 ms
	Thread Wait Time:       0.025 ms
	Total Operation Time:   29.535 ms
Unloading 5 unused Assets / (280.5 KB). Loaded Objects now: 9415.
Memory consumption went from 0.63 GB to 0.63 GB.
Total: 33.003300 ms (FindLiveObjects: 0.577800 ms CreateObjectMapping: 0.120100 ms MarkObjects: 31.962000 ms  DeleteObjects: 0.093900 ms)

GPU Resident Drawer created.
<b>[Resident Evil Laser Corridor]</b> Successfully generated corridor and configured game systems! Press Play to test.
UnityEngine.Debug:ExtractStackTraceNoAlloc (byte*,int,string)
UnityEngine.StackTraceUtility:ExtractStackTrace ()
UnityEngine.DebugLogHandler:Internal_Log (UnityEngine.LogType,UnityEngine.LogOption,string,UnityEngine.Object)
UnityEngine.DebugLogHandler:LogFormat (UnityEngine.LogType,UnityEngine.Object,string,object[])
UnityEngine.Logger:Log (UnityEngine.LogType,object)
UnityEngine.Debug:Log (object)
ResidentEvilCorridorBuilder:BuildCorridor () (at Assets/LaserCorridor/Editor/ResidentEvilCorridorBuilder.cs:214)
ResidentEvilCorridorBuilder:GenerateCorridorQuick () (at Assets/LaserCorridor/Editor/ResidentEvilCorridorBuilder.cs:24)

(Filename: Assets/LaserCorridor/Editor/ResidentEvilCorridorBuilder.cs Line: 214)

[Worker0] Imported GUID: 69ab7aea055b98047977082d42a818e2 - Path: Assets/New Material 3.mat - Importer: PreviewImporter -> (ImportResultId: 'bf99a842af0d2b11a0e0dd501585a4d0') in 0.6748302 seconds
Child GameObject 'Corridor_Lighting' was not registered into undo system and became dangling during an undo operation.
Use Undo.RegisterCreatedObjectUndo to correctly add a child GameObject which can be handled by the undo system
UnityEngine.Debug:ExtractStackTraceNoAlloc (byte*,int,string)
UnityEngine.StackTraceUtility:ExtractStackTrace ()
UnityEditor.EditorApplication:ExecuteMenuItemInternal (string,bool)
UnityEditor.EditorApplication:ExecuteMenuItem (string)
UnityEditor.ShortcutManagement.MenuItemEntryDiscoveryInfo:<.ctor>b__7_0 (UnityEditor.ShortcutManagement.ShortcutArguments)
UnityEditor.ShortcutManagement.Trigger:ExecuteShortcut (UnityEditor.ShortcutManagement.ShortcutEntry,UnityEditor.ShortcutManagement.ShortcutStage,object,bool)
UnityEditor.ShortcutManagement.Trigger:HandleKeyEvent (UnityEngine.Event,UnityEditor.ShortcutManagement.IContextManager)
UnityEditor.ShortcutManagement.ShortcutController:HandleKeyEvent (UnityEngine.Event)
UnityEditor.ShortcutManagement.ShortcutIntegration:EventHandler ()
UnityEditor.EditorApplication:Internal_CallGlobalEventHandler ()

[C:\build\output\unity\unity\Editor\Src\Undo\StructureUndoBase.cpp line 610]

Child GameObject 'Bonus_Floor_Panels' was not registered into undo system and became dangling during an undo operation.
Use Undo.RegisterCreatedObjectUndo to correctly add a child GameObject which can be handled by the undo system
UnityEngine.Debug:ExtractStackTraceNoAlloc (byte*,int,string)
UnityEngine.StackTraceUtility:ExtractStackTrace ()
UnityEditor.EditorApplication:ExecuteMenuItemInternal (string,bool)
UnityEditor.EditorApplication:ExecuteMenuItem (string)
UnityEditor.ShortcutManagement.MenuItemEntryDiscoveryInfo:<.ctor>b__7_0 (UnityEditor.ShortcutManagement.ShortcutArguments)
UnityEditor.ShortcutManagement.Trigger:ExecuteShortcut (UnityEditor.ShortcutManagement.ShortcutEntry,UnityEditor.ShortcutManagement.ShortcutStage,object,bool)
UnityEditor.ShortcutManagement.Trigger:HandleKeyEvent (UnityEngine.Event,UnityEditor.ShortcutManagement.IContextManager)
UnityEditor.ShortcutManagement.ShortcutController:HandleKeyEvent (UnityEngine.Event)
UnityEditor.ShortcutManagement.ShortcutIntegration:EventHandler ()
UnityEditor.EditorApplication:Internal_CallGlobalEventHandler ()

[C:\build\output\unity\unity\Editor\Src\Undo\StructureUndoBase.cpp line 610]

Child GameObject 'Bonus_Floor_Panels' was not registered into undo system and became dangling during an undo operation.
Use Undo.RegisterCreatedObjectUndo to correctly add a child GameObject which can be handled by the undo system
UnityEngine.Debug:ExtractStackTraceNoAlloc (byte*,int,string)
UnityEngine.StackTraceUtility:ExtractStackTrace ()
UnityEditor.EditorApplication:ExecuteMenuItemInternal (string,bool)
UnityEditor.EditorApplication:ExecuteMenuItem (string)
UnityEditor.ShortcutManagement.MenuItemEntryDiscoveryInfo:<.ctor>b__7_0 (UnityEditor.ShortcutManagement.ShortcutArguments)
UnityEditor.ShortcutManagement.Trigger:ExecuteShortcut (UnityEditor.ShortcutManagement.ShortcutEntry,UnityEditor.ShortcutManagement.ShortcutStage,object,bool)
UnityEditor.ShortcutManagement.Trigger:HandleKeyEvent (UnityEngine.Event,UnityEditor.ShortcutManagement.IContextManager)
UnityEditor.ShortcutManagement.ShortcutController:HandleKeyEvent (UnityEngine.Event)
UnityEditor.ShortcutManagement.ShortcutIntegration:EventHandler ()
UnityEditor.EditorApplication:Internal_CallGlobalEventHandler ()

[C:\build\output\unity\unity\Editor\Src\Undo\StructureUndoBase.cpp line 610]

Child GameObject 'Corridor_Lighting' was not registered into undo system and became dangling during an undo operation.
Use Undo.RegisterCreatedObjectUndo to correctly add a child GameObject which can be handled by the undo system
UnityEngine.Debug:ExtractStackTraceNoAlloc (byte*,int,string)
UnityEngine.StackTraceUtility:ExtractStackTrace ()
UnityEditor.EditorApplication:ExecuteMenuItemInternal (string,bool)
UnityEditor.EditorApplication:ExecuteMenuItem (string)
UnityEditor.ShortcutManagement.MenuItemEntryDiscoveryInfo:<.ctor>b__7_0 (UnityEditor.ShortcutManagement.ShortcutArguments)
UnityEditor.ShortcutManagement.Trigger:ExecuteShortcut (UnityEditor.ShortcutManagement.ShortcutEntry,UnityEditor.ShortcutManagement.ShortcutStage,object,bool)
UnityEditor.ShortcutManagement.Trigger:HandleKeyEvent (UnityEngine.Event,UnityEditor.ShortcutManagement.IContextManager)
UnityEditor.ShortcutManagement.ShortcutController:HandleKeyEvent (UnityEngine.Event)
UnityEditor.ShortcutManagement.ShortcutIntegration:EventHandler ()
UnityEditor.EditorApplication:Internal_CallGlobalEventHandler ()

[C:\build\output\unity\unity\Editor\Src\Undo\StructureUndoBase.cpp line 610]

GPU Resident Drawer disposed.
Entering Playmode with Reload Domain disabled.
If you experience any issues, please disable "Enter Play Mode Options" in Editor Settings
Entering Playmode with Reload Scene disabled. If you experience any issues, please disable "Enter Play Mode Options" in Editor Settings
GPU Resident Drawer created.
[Player] Jump pressed! isGrounded: True, Timer: 0
UnityEngine.Debug:ExtractStackTraceNoAlloc (byte*,int,string)
UnityEngine.StackTraceUtility:ExtractStackTrace ()
UnityEngine.DebugLogHandler:Internal_Log (UnityEngine.LogType,UnityEngine.LogOption,string,UnityEngine.Object)
UnityEngine.DebugLogHandler:LogFormat (UnityEngine.LogType,UnityEngine.Object,string,object[])
UnityEngine.Logger:Log (UnityEngine.LogType,object)
UnityEngine.Debug:Log (object)
Player:Update () (at Assets/Player.cs:169)

(Filename: Assets/Player.cs Line: 169)

[Player] Jump executed! JumpForce: 4, y-velocity: 4
UnityEngine.Debug:ExtractStackTraceNoAlloc (byte*,int,string)
UnityEngine.StackTraceUtility:ExtractStackTrace ()
UnityEngine.DebugLogHandler:Internal_Log (UnityEngine.LogType,UnityEngine.LogOption,string,UnityEngine.Object)
UnityEngine.DebugLogHandler:LogFormat (UnityEngine.LogType,UnityEngine.Object,string,object[])
UnityEngine.Logger:Log (UnityEngine.LogType,object)
UnityEngine.Debug:Log (object)
Player:Jump () (at Assets/Player.cs:375)
Player:Update () (at Assets/Player.cs:173)

(Filename: Assets/Player.cs Line: 375)

[Player] Jump pressed! isGrounded: True, Timer: -0.001772905
UnityEngine.Debug:ExtractStackTraceNoAlloc (byte*,int,string)
UnityEngine.StackTraceUtility:ExtractStackTrace ()
UnityEngine.DebugLogHandler:Internal_Log (UnityEngine.LogType,UnityEngine.LogOption,string,UnityEngine.Object)
UnityEngine.DebugLogHandler:LogFormat (UnityEngine.LogType,UnityEngine.Object,string,object[])
UnityEngine.Logger:Log (UnityEngine.LogType,object)
UnityEngine.Debug:Log (object)
Player:Update () (at Assets/Player.cs:169)

(Filename: Assets/Player.cs Line: 169)

[Player] Jump executed! JumpForce: 4, y-velocity: 4
UnityEngine.Debug:ExtractStackTraceNoAlloc (byte*,int,string)
UnityEngine.StackTraceUtility:ExtractStackTrace ()
UnityEngine.DebugLogHandler:Internal_Log (UnityEngine.LogType,UnityEngine.LogOption,string,UnityEngine.Object)
UnityEngine.DebugLogHandler:LogFormat (UnityEngine.LogType,UnityEngine.Object,string,object[])
UnityEngine.Logger:Log (UnityEngine.LogType,object)
UnityEngine.Debug:Log (object)
Player:Jump () (at Assets/Player.cs:375)
Player:Update () (at Assets/Player.cs:173)

(Filename: Assets/Player.cs Line: 375)

[PlayerHealth] Took 35 damage! Remaining HP: 65/100
UnityEngine.Debug:ExtractStackTraceNoAlloc (byte*,int,string)
UnityEngine.StackTraceUtility:ExtractStackTrace ()
UnityEngine.DebugLogHandler:Internal_Log (UnityEngine.LogType,UnityEngine.LogOption,string,UnityEngine.Object)
UnityEngine.DebugLogHandler:LogFormat (UnityEngine.LogType,UnityEngine.Object,string,object[])
UnityEngine.Logger:Log (UnityEngine.LogType,object)
UnityEngine.Debug:Log (object)
PlayerHealth:TakeDamage (int) (at Assets/LaserCorridor/PlayerHealth.cs:104)
LaserBeamTriggerForwarder:OnTriggerEnter (UnityEngine.Collider) (at Assets/LaserCorridor/LaserSpawner.cs:488)

(Filename: Assets/LaserCorridor/PlayerHealth.cs Line: 104)

[Player] Jump pressed! isGrounded: True, Timer: -0.002784993
UnityEngine.Debug:ExtractStackTraceNoAlloc (byte*,int,string)
UnityEngine.StackTraceUtility:ExtractStackTrace ()
UnityEngine.DebugLogHandler:Internal_Log (UnityEngine.LogType,UnityEngine.LogOption,string,UnityEngine.Object)
UnityEngine.DebugLogHandler:LogFormat (UnityEngine.LogType,UnityEngine.Object,string,object[])
UnityEngine.Logger:Log (UnityEngine.LogType,object)
UnityEngine.Debug:Log (object)
Player:Update () (at Assets/Player.cs:169)

(Filename: Assets/Player.cs Line: 169)

[Player] Jump executed! JumpForce: 4, y-velocity: 4
UnityEngine.Debug:ExtractStackTraceNoAlloc (byte*,int,string)
UnityEngine.StackTraceUtility:ExtractStackTrace ()
UnityEngine.DebugLogHandler:Internal_Log (UnityEngine.LogType,UnityEngine.LogOption,string,UnityEngine.Object)
UnityEngine.DebugLogHandler:LogFormat (UnityEngine.LogType,UnityEngine.Object,string,object[])
UnityEngine.Logger:Log (UnityEngine.LogType,object)
UnityEngine.Debug:Log (object)
Player:Jump () (at Assets/Player.cs:375)
Player:Update () (at Assets/Player.cs:173)

(Filename: Assets/Player.cs Line: 375)

GPU Resident Drawer disposed.
Unloading 20 Unused Serialized files (Serialized files now loaded: 0)
Loaded scene 'Temp/__Backupscenes/0.backup'
	Deserialize:            0.849 ms
	Integration:            32.360 ms
	Integration of assets:  0.033 ms
	Thread Wait Time:       0.026 ms
	Total Operation Time:   33.269 ms
Unloading 80 unused Assets / (17.7 MB). Loaded Objects now: 9319.
Memory consumption went from 0.67 GB to 0.65 GB.
Total: 47.563300 ms (FindLiveObjects: 0.628100 ms CreateObjectMapping: 0.161300 ms MarkObjects: 40.439200 ms  DeleteObjects: 6.073100 ms)

[Licensing::Client] Successfully resolved entitlement details
GPU Resident Drawer created.
<b>[Resident Evil Laser Corridor]</b> Successfully generated corridor and configured game systems! Press Play to test.
UnityEngine.Debug:ExtractStackTraceNoAlloc (byte*,int,string)
UnityEngine.StackTraceUtility:ExtractStackTrace ()
UnityEngine.DebugLogHandler:Internal_Log (UnityEngine.LogType,UnityEngine.LogOption,string,UnityEngine.Object)
UnityEngine.DebugLogHandler:LogFormat (UnityEngine.LogType,UnityEngine.Object,string,object[])
UnityEngine.Logger:Log (UnityEngine.LogType,object)
UnityEngine.Debug:Log (object)
ResidentEvilCorridorBuilder:BuildCorridor () (at Assets/LaserCorridor/Editor/ResidentEvilCorridorBuilder.cs:214)
ResidentEvilCorridorBuilder:GenerateCorridorQuick () (at Assets/LaserCorridor/Editor/ResidentEvilCorridorBuilder.cs:24)

(Filename: Assets/LaserCorridor/Editor/ResidentEvilCorridorBuilder.cs Line: 214)

GPU Resident Drawer disposed.
Entering Playmode with Reload Domain disabled.
If you experience any issues, please disable "Enter Play Mode Options" in Editor Settings
Entering Playmode with Reload Scene disabled. If you experience any issues, please disable "Enter Play Mode Options" in Editor Settings
GPU Resident Drawer created.
[Player] Jump pressed! isGrounded: True, Timer: 0
UnityEngine.Debug:ExtractStackTraceNoAlloc (byte*,int,string)
UnityEngine.StackTraceUtility:ExtractStackTrace ()
UnityEngine.DebugLogHandler:Internal_Log (UnityEngine.LogType,UnityEngine.LogOption,string,UnityEngine.Object)
UnityEngine.DebugLogHandler:LogFormat (UnityEngine.LogType,UnityEngine.Object,string,object[])
UnityEngine.Logger:Log (UnityEngine.LogType,object)
UnityEngine.Debug:Log (object)
Player:Update () (at Assets/Player.cs:169)

(Filename: Assets/Player.cs Line: 169)

[Player] Jump executed! JumpForce: 4, y-velocity: 4
UnityEngine.Debug:ExtractStackTraceNoAlloc (byte*,int,string)
UnityEngine.StackTraceUtility:ExtractStackTrace ()
UnityEngine.DebugLogHandler:Internal_Log (UnityEngine.LogType,UnityEngine.LogOption,string,UnityEngine.Object)
UnityEngine.DebugLogHandler:LogFormat (UnityEngine.LogType,UnityEngine.Object,string,object[])
UnityEngine.Logger:Log (UnityEngine.LogType,object)
UnityEngine.Debug:Log (object)
Player:Jump () (at Assets/Player.cs:375)
Player:Update () (at Assets/Player.cs:173)

(Filename: Assets/Player.cs Line: 375)

GPU Resident Drawer disposed.
Unloading 16 Unused Serialized files (Serialized files now loaded: 0)
Loaded scene 'Temp/__Backupscenes/0.backup'
	Deserialize:            0.884 ms
	Integration:            29.981 ms
	Integration of assets:  0.025 ms
	Thread Wait Time:       0.009 ms
	Total Operation Time:   30.900 ms
Unloading 24 unused Assets / (309.3 KB). Loaded Objects now: 9375.
Memory consumption went from 0.65 GB to 0.65 GB.
Total: 33.105200 ms (FindLiveObjects: 0.688000 ms CreateObjectMapping: 0.146600 ms MarkObjects: 31.840400 ms  DeleteObjects: 0.147900 ms)

GPU Resident Drawer created.
GPU Resident Drawer disposed.
Entering Playmode with Reload Domain disabled.
If you experience any issues, please disable "Enter Play Mode Options" in Editor Settings
Entering Playmode with Reload Scene disabled. If you experience any issues, please disable "Enter Play Mode Options" in Editor Settings
GPU Resident Drawer created.
[Player] Jump pressed! isGrounded: True, Timer: 0
UnityEngine.Debug:ExtractStackTraceNoAlloc (byte*,int,string)
UnityEngine.StackTraceUtility:ExtractStackTrace ()
UnityEngine.DebugLogHandler:Internal_Log (UnityEngine.LogType,UnityEngine.LogOption,string,UnityEngine.Object)
UnityEngine.DebugLogHandler:LogFormat (UnityEngine.LogType,UnityEngine.Object,string,object[])
UnityEngine.Logger:Log (UnityEngine.LogType,object)
UnityEngine.Debug:Log (object)
Player:Update () (at Assets/Player.cs:169)

(Filename: Assets/Player.cs Line: 169)

[Player] Jump executed! JumpForce: 4, y-velocity: 4
UnityEngine.Debug:ExtractStackTraceNoAlloc (byte*,int,string)
UnityEngine.StackTraceUtility:ExtractStackTrace ()
UnityEngine.DebugLogHandler:Internal_Log (UnityEngine.LogType,UnityEngine.LogOption,string,UnityEngine.Object)
UnityEngine.DebugLogHandler:LogFormat (UnityEngine.LogType,UnityEngine.Object,string,object[])
UnityEngine.Logger:Log (UnityEngine.LogType,object)
UnityEngine.Debug:Log (object)
Player:Jump () (at Assets/Player.cs:375)
Player:Update () (at Assets/Player.cs:173)

(Filename: Assets/Player.cs Line: 375)

[Player] Jump pressed! isGrounded: True, Timer: -0.003467195
UnityEngine.Debug:ExtractStackTraceNoAlloc (byte*,int,string)
UnityEngine.StackTraceUtility:ExtractStackTrace ()
UnityEngine.DebugLogHandler:Internal_Log (UnityEngine.LogType,UnityEngine.LogOption,string,UnityEngine.Object)
UnityEngine.DebugLogHandler:LogFormat (UnityEngine.LogType,UnityEngine.Object,string,object[])
UnityEngine.Logger:Log (UnityEngine.LogType,object)
UnityEngine.Debug:Log (object)
Player:Update () (at Assets/Player.cs:169)

(Filename: Assets/Player.cs Line: 169)

[Player] Jump executed! JumpForce: 4, y-velocity: 4
UnityEngine.Debug:ExtractStackTraceNoAlloc (byte*,int,string)
UnityEngine.StackTraceUtility:ExtractStackTrace ()
UnityEngine.DebugLogHandler:Internal_Log (UnityEngine.LogType,UnityEngine.LogOption,string,UnityEngine.Object)
UnityEngine.DebugLogHandler:LogFormat (UnityEngine.LogType,UnityEngine.Object,string,object[])
UnityEngine.Logger:Log (UnityEngine.LogType,object)
UnityEngine.Debug:Log (object)
Player:Jump () (at Assets/Player.cs:375)
Player:Update () (at Assets/Player.cs:173)

(Filename: Assets/Player.cs Line: 375)

[PlayerHealth] Speed Boost activated! (1.6x for 5s)
UnityEngine.Debug:ExtractStackTraceNoAlloc (byte*,int,string)
UnityEngine.StackTraceUtility:ExtractStackTrace ()
UnityEngine.DebugLogHandler:Internal_Log (UnityEngine.LogType,UnityEngine.LogOption,string,UnityEngine.Object)
UnityEngine.DebugLogHandler:LogFormat (UnityEngine.LogType,UnityEngine.Object,string,object[])
UnityEngine.Logger:Log (UnityEngine.LogType,object)
UnityEngine.Debug:Log (object)
PlayerHealth:ApplySpeedBoost (single,single) (at Assets/LaserCorridor/PlayerHealth.cs:145)
BonusFloorPanel:GrantBonus (PlayerHealth) (at Assets/LaserCorridor/BonusFloorPanel.cs:106)
BonusFloorPanel:OnTriggerEnter (UnityEngine.Collider) (at Assets/LaserCorridor/BonusFloorPanel.cs:90)

(Filename: Assets/LaserCorridor/PlayerHealth.cs Line: 145)

[PlayerHealth] Restored 35 HP! Current HP: 100/100
UnityEngine.Debug:ExtractStackTraceNoAlloc (byte*,int,string)
UnityEngine.StackTraceUtility:ExtractStackTrace ()
UnityEngine.DebugLogHandler:Internal_Log (UnityEngine.LogType,UnityEngine.LogOption,string,UnityEngine.Object)
UnityEngine.DebugLogHandler:LogFormat (UnityEngine.LogType,UnityEngine.Object,string,object[])
UnityEngine.Logger:Log (UnityEngine.LogType,object)
UnityEngine.Debug:Log (object)
PlayerHealth:Heal (int) (at Assets/LaserCorridor/PlayerHealth.cs:125)
BonusFloorPanel:GrantBonus (PlayerHealth) (at Assets/LaserCorridor/BonusFloorPanel.cs:102)
BonusFloorPanel:OnTriggerEnter (UnityEngine.Collider) (at Assets/LaserCorridor/BonusFloorPanel.cs:90)

(Filename: Assets/LaserCorridor/PlayerHealth.cs Line: 125)

[PlayerHealth] Speed Boost ended.
UnityEngine.Debug:ExtractStackTraceNoAlloc (byte*,int,string)
UnityEngine.StackTraceUtility:ExtractStackTrace ()
UnityEngine.DebugLogHandler:Internal_Log (UnityEngine.LogType,UnityEngine.LogOption,string,UnityEngine.Object)
UnityEngine.DebugLogHandler:LogFormat (UnityEngine.LogType,UnityEngine.Object,string,object[])
UnityEngine.Logger:Log (UnityEngine.LogType,object)
UnityEngine.Debug:Log (object)
PlayerHealth:ResetSpeedBoost () (at Assets/LaserCorridor/PlayerHealth.cs:157)
PlayerHealth:Update () (at Assets/LaserCorridor/PlayerHealth.cs:77)

(Filename: Assets/LaserCorridor/PlayerHealth.cs Line: 157)

[PlayerHealth] Took 35 damage! Remaining HP: 65/100
UnityEngine.Debug:ExtractStackTraceNoAlloc (byte*,int,string)
UnityEngine.StackTraceUtility:ExtractStackTrace ()
UnityEngine.DebugLogHandler:Internal_Log (UnityEngine.LogType,UnityEngine.LogOption,string,UnityEngine.Object)
UnityEngine.DebugLogHandler:LogFormat (UnityEngine.LogType,UnityEngine.Object,string,object[])
UnityEngine.Logger:Log (UnityEngine.LogType,object)
UnityEngine.Debug:Log (object)
PlayerHealth:TakeDamage (int) (at Assets/LaserCorridor/PlayerHealth.cs:104)
LaserBeamTriggerForwarder:OnTriggerEnter (UnityEngine.Collider) (at Assets/LaserCorridor/LaserSpawner.cs:488)

(Filename: Assets/LaserCorridor/PlayerHealth.cs Line: 104)

[Player] Jump pressed! isGrounded: True, Timer: -0.0009643354
UnityEngine.Debug:ExtractStackTraceNoAlloc (byte*,int,string)
UnityEngine.StackTraceUtility:ExtractStackTrace ()
UnityEngine.DebugLogHandler:Internal_Log (UnityEngine.LogType,UnityEngine.LogOption,string,UnityEngine.Object)
UnityEngine.DebugLogHandler:LogFormat (UnityEngine.LogType,UnityEngine.Object,string,object[])
UnityEngine.Logger:Log (UnityEngine.LogType,object)
UnityEngine.Debug:Log (object)
Player:Update () (at Assets/Player.cs:169)

(Filename: Assets/Player.cs Line: 169)

[Player] Jump executed! JumpForce: 4, y-velocity: 4
UnityEngine.Debug:ExtractStackTraceNoAlloc (byte*,int,string)
UnityEngine.StackTraceUtility:ExtractStackTrace ()
UnityEngine.DebugLogHandler:Internal_Log (UnityEngine.LogType,UnityEngine.LogOption,string,UnityEngine.Object)
UnityEngine.DebugLogHandler:LogFormat (UnityEngine.LogType,UnityEngine.Object,string,object[])
UnityEngine.Logger:Log (UnityEngine.LogType,object)
UnityEngine.Debug:Log (object)
Player:Jump () (at Assets/Player.cs:375)
Player:Update () (at Assets/Player.cs:173)

(Filename: Assets/Player.cs Line: 375)

[PlayerHealth] Took 35 damage! Remaining HP: 30/100
UnityEngine.Debug:ExtractStackTraceNoAlloc (byte*,int,string)
UnityEngine.StackTraceUtility:ExtractStackTrace ()
UnityEngine.DebugLogHandler:Internal_Log (UnityEngine.LogType,UnityEngine.LogOption,string,UnityEngine.Object)
UnityEngine.DebugLogHandler:LogFormat (UnityEngine.LogType,UnityEngine.Object,string,object[])
UnityEngine.Logger:Log (UnityEngine.LogType,object)
UnityEngine.Debug:Log (object)
PlayerHealth:TakeDamage (int) (at Assets/LaserCorridor/PlayerHealth.cs:104)
LaserBeamTriggerForwarder:OnTriggerEnter (UnityEngine.Collider) (at Assets/LaserCorridor/LaserSpawner.cs:488)

(Filename: Assets/LaserCorridor/PlayerHealth.cs Line: 104)

[Player] Jump pressed! isGrounded: True, Timer: -0.002457407
UnityEngine.Debug:ExtractStackTraceNoAlloc (byte*,int,string)
UnityEngine.StackTraceUtility:ExtractStackTrace ()
UnityEngine.DebugLogHandler:Internal_Log (UnityEngine.LogType,UnityEngine.LogOption,string,UnityEngine.Object)
UnityEngine.DebugLogHandler:LogFormat (UnityEngine.LogType,UnityEngine.Object,string,object[])
UnityEngine.Logger:Log (UnityEngine.LogType,object)
UnityEngine.Debug:Log (object)
Player:Update () (at Assets/Player.cs:169)

(Filename: Assets/Player.cs Line: 169)

[Player] Jump executed! JumpForce: 4, y-velocity: 4
UnityEngine.Debug:ExtractStackTraceNoAlloc (byte*,int,string)
UnityEngine.StackTraceUtility:ExtractStackTrace ()
UnityEngine.DebugLogHandler:Internal_Log (UnityEngine.LogType,UnityEngine.LogOption,string,UnityEngine.Object)
UnityEngine.DebugLogHandler:LogFormat (UnityEngine.LogType,UnityEngine.Object,string,object[])
UnityEngine.Logger:Log (UnityEngine.LogType,object)
UnityEngine.Debug:Log (object)
Player:Jump () (at Assets/Player.cs:375)
Player:Update () (at Assets/Player.cs:173)

(Filename: Assets/Player.cs Line: 375)

[PlayerHealth] Energy Shield activated for 5s!
UnityEngine.Debug:ExtractStackTraceNoAlloc (byte*,int,string)
UnityEngine.StackTraceUtility:ExtractStackTrace ()
UnityEngine.DebugLogHandler:Internal_Log (UnityEngine.LogType,UnityEngine.LogOption,string,UnityEngine.Object)
UnityEngine.DebugLogHandler:LogFormat (UnityEngine.LogType,UnityEngine.Object,string,object[])
UnityEngine.Logger:Log (UnityEngine.LogType,object)
UnityEngine.Debug:Log (object)
PlayerHealth:ApplyShield (single) (at Assets/LaserCorridor/PlayerHealth.cs:168)
BonusFloorPanel:GrantBonus (PlayerHealth) (at Assets/LaserCorridor/BonusFloorPanel.cs:110)
BonusFloorPanel:OnTriggerEnter (UnityEngine.Collider) (at Assets/LaserCorridor/BonusFloorPanel.cs:90)

(Filename: Assets/LaserCorridor/PlayerHealth.cs Line: 168)

[Player] Jump pressed! isGrounded: True, Timer: -0.00222581
UnityEngine.Debug:ExtractStackTraceNoAlloc (byte*,int,string)
UnityEngine.StackTraceUtility:ExtractStackTrace ()
UnityEngine.DebugLogHandler:Internal_Log (UnityEngine.LogType,UnityEngine.LogOption,string,UnityEngine.Object)
UnityEngine.DebugLogHandler:LogFormat (UnityEngine.LogType,UnityEngine.Object,string,object[])
UnityEngine.Logger:Log (UnityEngine.LogType,object)
UnityEngine.Debug:Log (object)
Player:Update () (at Assets/Player.cs:169)

(Filename: Assets/Player.cs Line: 169)

[Player] Jump executed! JumpForce: 4, y-velocity: 4
UnityEngine.Debug:ExtractStackTraceNoAlloc (byte*,int,string)
UnityEngine.StackTraceUtility:ExtractStackTrace ()
UnityEngine.DebugLogHandler:Internal_Log (UnityEngine.LogType,UnityEngine.LogOption,string,UnityEngine.Object)
UnityEngine.DebugLogHandler:LogFormat (UnityEngine.LogType,UnityEngine.Object,string,object[])
UnityEngine.Logger:Log (UnityEngine.LogType,object)
UnityEngine.Debug:Log (object)
Player:Jump () (at Assets/Player.cs:375)
Player:Update () (at Assets/Player.cs:173)

(Filename: Assets/Player.cs Line: 375)

[PlayerHealth] Shield expired.
UnityEngine.Debug:ExtractStackTraceNoAlloc (byte*,int,string)
UnityEngine.StackTraceUtility:ExtractStackTrace ()
UnityEngine.DebugLogHandler:Internal_Log (UnityEngine.LogType,UnityEngine.LogOption,string,UnityEngine.Object)
UnityEngine.DebugLogHandler:LogFormat (UnityEngine.LogType,UnityEngine.Object,string,object[])
UnityEngine.Logger:Log (UnityEngine.LogType,object)
UnityEngine.Debug:Log (object)
PlayerHealth:Update () (at Assets/LaserCorridor/PlayerHealth.cs:67)

(Filename: Assets/LaserCorridor/PlayerHealth.cs Line: 67)

[PlayerHealth] Took 35 damage! Remaining HP: 0/100
UnityEngine.Debug:ExtractStackTraceNoAlloc (byte*,int,string)
UnityEngine.StackTraceUtility:ExtractStackTrace ()
UnityEngine.DebugLogHandler:Internal_Log (UnityEngine.LogType,UnityEngine.LogOption,string,UnityEngine.Object)
UnityEngine.DebugLogHandler:LogFormat (UnityEngine.LogType,UnityEngine.Object,string,object[])
UnityEngine.Logger:Log (UnityEngine.LogType,object)
UnityEngine.Debug:Log (object)
PlayerHealth:TakeDamage (int) (at Assets/LaserCorridor/PlayerHealth.cs:104)
LaserBeamTriggerForwarder:OnTriggerEnter (UnityEngine.Collider) (at Assets/LaserCorridor/LaserSpawner.cs:488)

(Filename: Assets/LaserCorridor/PlayerHealth.cs Line: 104)

[PlayerHealth] Player eliminated by corridor laser!
UnityEngine.Debug:ExtractStackTraceNoAlloc (byte*,int,string)
UnityEngine.StackTraceUtility:ExtractStackTrace ()
UnityEngine.DebugLogHandler:Internal_Log (UnityEngine.LogType,UnityEngine.LogOption,string,UnityEngine.Object)
UnityEngine.DebugLogHandler:LogFormat (UnityEngine.LogType,UnityEngine.Object,string,object[])
UnityEngine.Logger:Log (UnityEngine.LogType,object)
UnityEngine.Debug:Log (object)
PlayerHealth:Die () (at Assets/LaserCorridor/PlayerHealth.cs:181)
PlayerHealth:TakeDamage (int) (at Assets/LaserCorridor/PlayerHealth.cs:110)
LaserBeamTriggerForwarder:OnTriggerEnter (UnityEngine.Collider) (at Assets/LaserCorridor/LaserSpawner.cs:488)

(Filename: Assets/LaserCorridor/PlayerHealth.cs Line: 181)

[GameManager] GAME OVER! Player eliminated. Preparing reset...
UnityEngine.Debug:ExtractStackTraceNoAlloc (byte*,int,string)
UnityEngine.StackTraceUtility:ExtractStackTrace ()
UnityEngine.DebugLogHandler:Internal_Log (UnityEngine.LogType,UnityEngine.LogOption,string,UnityEngine.Object)
UnityEngine.DebugLogHandler:LogFormat (UnityEngine.LogType,UnityEngine.Object,string,object[])
UnityEngine.Logger:Log (UnityEngine.LogType,object)
UnityEngine.Debug:Log (object)
LaserCorridorGameManager:HandlePlayerDeath () (at Assets/LaserCorridor/LaserCorridorGameManager.cs:122)
PlayerHealth:Die () (at Assets/LaserCorridor/PlayerHealth.cs:182)
PlayerHealth:TakeDamage (int) (at Assets/LaserCorridor/PlayerHealth.cs:110)
LaserBeamTriggerForwarder:OnTriggerEnter (UnityEngine.Collider) (at Assets/LaserCorridor/LaserSpawner.cs:488)

(Filename: Assets/LaserCorridor/LaserCorridorGameManager.cs Line: 122)

[CorridorGoal] PLAYER REACHED THE END OF THE CORRIDOR!
UnityEngine.Debug:ExtractStackTraceNoAlloc (byte*,int,string)
UnityEngine.StackTraceUtility:ExtractStackTrace ()
UnityEngine.DebugLogHandler:Internal_Log (UnityEngine.LogType,UnityEngine.LogOption,string,UnityEngine.Object)
UnityEngine.DebugLogHandler:LogFormat (UnityEngine.LogType,UnityEngine.Object,string,object[])
UnityEngine.Logger:Log (UnityEngine.LogType,object)
UnityEngine.Debug:Log (object)
CorridorGoal:OnTriggerEnter (UnityEngine.Collider) (at Assets/LaserCorridor/CorridorGoal.cs:27)

(Filename: Assets/LaserCorridor/CorridorGoal.cs Line: 27)

Setting linear velocity of a kinematic body is not supported.
UnityEngine.Debug:ExtractStackTraceNoAlloc (byte*,int,string)
UnityEngine.StackTraceUtility:ExtractStackTrace ()
UnityEngine.Rigidbody:set_linearVelocity (UnityEngine.Vector3)
LaserCorridorGameManager/<ResetPlayerRoutine>d__21:MoveNext () (at Assets/LaserCorridor/LaserCorridorGameManager.cs:160)
UnityEngine.SetupCoroutine:InvokeMoveNext (System.Collections.IEnumerator,intptr)

[Assets/LaserCorridor/LaserCorridorGameManager.cs line 160]

Setting angular velocity of a kinematic body is not supported.
UnityEngine.Debug:ExtractStackTraceNoAlloc (byte*,int,string)
UnityEngine.StackTraceUtility:ExtractStackTrace ()
UnityEngine.Rigidbody:set_angularVelocity (UnityEngine.Vector3)
LaserCorridorGameManager/<ResetPlayerRoutine>d__21:MoveNext () (at Assets/LaserCorridor/LaserCorridorGameManager.cs:161)
UnityEngine.SetupCoroutine:InvokeMoveNext (System.Collections.IEnumerator,intptr)

[Assets/LaserCorridor/LaserCorridorGameManager.cs line 161]

Setting linear velocity of a kinematic body is not supported.
UnityEngine.Debug:ExtractStackTraceNoAlloc (byte*,int,string)
UnityEngine.StackTraceUtility:ExtractStackTrace ()
UnityEngine.Rigidbody:set_linearVelocity (UnityEngine.Vector3)
Player:MovePlayer () (at Assets/Player.cs:347)
Player:FixedUpdate () (at Assets/Player.cs:278)

[Assets/Player.cs line 347]

Setting linear velocity of a kinematic body is not supported.
UnityEngine.Debug:ExtractStackTraceNoAlloc (byte*,int,string)
UnityEngine.StackTraceUtility:ExtractStackTrace ()
UnityEngine.Rigidbody:set_linearVelocity (UnityEngine.Vector3)
Player:MovePlayer () (at Assets/Player.cs:352)
Player:FixedUpdate () (at Assets/Player.cs:278)

[Assets/Player.cs line 352]

Setting linear velocity of a kinematic body is not supported.
UnityEngine.Debug:ExtractStackTraceNoAlloc (byte*,int,string)
UnityEngine.StackTraceUtility:ExtractStackTrace ()
UnityEngine.Rigidbody:set_linearVelocity (UnityEngine.Vector3)
LaserCorridorGameManager/<ResetPlayerRoutine>d__21:MoveNext () (at Assets/LaserCorridor/LaserCorridorGameManager.cs:172)
UnityEngine.SetupCoroutine:InvokeMoveNext (System.Collections.IEnumerator,intptr)

[Assets/LaserCorridor/LaserCorridorGameManager.cs line 172]

Setting angular velocity of a kinematic body is not supported.
UnityEngine.Debug:ExtractStackTraceNoAlloc (byte*,int,string)
UnityEngine.StackTraceUtility:ExtractStackTrace ()
UnityEngine.Rigidbody:set_angularVelocity (UnityEngine.Vector3)
LaserCorridorGameManager/<ResetPlayerRoutine>d__21:MoveNext () (at Assets/LaserCorridor/LaserCorridorGameManager.cs:173)
UnityEngine.SetupCoroutine:InvokeMoveNext (System.Collections.IEnumerator,intptr)

[Assets/LaserCorridor/LaserCorridorGameManager.cs line 173]

[PlayerHealth] Speed Boost ended.
UnityEngine.Debug:ExtractStackTraceNoAlloc (byte*,int,string)
UnityEngine.StackTraceUtility:ExtractStackTrace ()
UnityEngine.DebugLogHandler:Internal_Log (UnityEngine.LogType,UnityEngine.LogOption,string,UnityEngine.Object)
UnityEngine.DebugLogHandler:LogFormat (UnityEngine.LogType,UnityEngine.Object,string,object[])
UnityEngine.Logger:Log (UnityEngine.LogType,object)
UnityEngine.Debug:Log (object)
PlayerHealth:ResetSpeedBoost () (at Assets/LaserCorridor/PlayerHealth.cs:157)
PlayerHealth:ResetState () (at Assets/LaserCorridor/PlayerHealth.cs:194)
LaserCorridorGameManager/<ResetPlayerRoutine>d__21:MoveNext () (at Assets/LaserCorridor/LaserCorridorGameManager.cs:183)
UnityEngine.SetupCoroutine:InvokeMoveNext (System.Collections.IEnumerator,intptr)

(Filename: Assets/LaserCorridor/PlayerHealth.cs Line: 157)

GPU Resident Drawer disposed.
Unloading 16 Unused Serialized files (Serialized files now loaded: 0)
Loaded scene 'Temp/__Backupscenes/0.backup'
	Deserialize:            1.012 ms
	Integration:            27.954 ms
	Integration of assets:  0.026 ms
	Thread Wait Time:       0.017 ms
	Total Operation Time:   29.009 ms
Unloading 23 unused Assets / (475.6 KB). Loaded Objects now: 9381.
Memory consumption went from 0.66 GB to 0.66 GB.
Total: 33.753500 ms (FindLiveObjects: 0.701400 ms CreateObjectMapping: 0.157400 ms MarkObjects: 32.517800 ms  DeleteObjects: 0.117000 ms)

GPU Resident Drawer created.
Scanning for USB devices : 96.906ms
Scanning for USB devices : 14.420ms
Scanning for USB devices : 25.172ms
Scanning for USB devices : 31.182ms
Scanning for USB devices : 21.111ms
Scanning for USB devices : 60.172ms
Scanning for USB devices : 16.671ms
Scanning for USB devices : 47.319ms
Scanning for USB devices : 21.163ms
Scanning for USB devices : 23.348ms
Scanning for USB devices : 29.404ms
Scanning for USB devices : 8.645ms
Scanning for USB devices : 32.848ms
Scanning for USB devices : 12.848ms
Scanning for USB devices : 14.323ms
Scanning for USB devices : 15.013ms
Scanning for USB devices : 15.454ms
Scanning for USB devices : 10.494ms
Scanning for USB devices : 12.145ms
Scanning for USB devices : 52.227ms
[ScriptCompilation] Requested script compilation because: AssetDatabase observed changes in script compilation related files
AssetDatabase: script compilation time: 0.209755s
[Licensing::Client] Successfully resolved entitlement details
Starting: C:\Program Files\Unity\Hub\Editor\6000.6.0f1\Editor\Data\Tools\BuildPipeline\bee_backend.exe --ipc --defer-dag-verification --dagfile="Library/Bee/1900b0aE.dag" --continue-on-failure --profile="Library/Bee/backend1.traceevents" ScriptAssemblies
WorkingDir: C:/Users/Duncan Joseph/Laser Room
ExitCode: 0 Duration: 8s0ms
[ 826/1069  0s] ILPP-Configuration Library/ilpp-configuration.nevergeneratedoutput
[1061/1069  5s] Csc Library/Bee/artifacts/1900b0aE.dag/Assembly-CSharp.dll (+2 others)
Assets\LaserCorridor\CorridorHUD.cs(24,28): warning CS0618: 'Object.FindFirstObjectByType<T>()' is obsolete: 'FindFirstObjectByType has been deprecated because it relies on instance ID ordering. Use FindAnyObjectByType instead, which does not depend on ordering.'

Assets\LaserCorridor\CorridorHUD.cs(29,27): warning CS0618: 'Object.FindFirstObjectByType<T>()' is obsolete: 'FindFirstObjectByType has been deprecated because it relies on instance ID ordering. Use FindAnyObjectByType instead, which does not depend on ordering.'

Assets\LaserCorridor\LaserCorridorGameManager.cs(50,24): warning CS0618: 'Object.FindFirstObjectByType<T>()' is obsolete: 'FindFirstObjectByType has been deprecated because it relies on instance ID ordering. Use FindAnyObjectByType instead, which does not depend on ordering.'

Assets\LaserCorridor\LaserCorridorGameManager.cs(68,28): warning CS0618: 'Object.FindFirstObjectByType<T>()' is obsolete: 'FindFirstObjectByType has been deprecated because it relies on instance ID ordering. Use FindAnyObjectByType instead, which does not depend on ordering.'

Assets\LaserCorridor\LaserCorridorGameManager.cs(73,28): warning CS0618: 'Object.FindFirstObjectByType<T>()' is obsolete: 'FindFirstObjectByType has been deprecated because it relies on instance ID ordering. Use FindAnyObjectByType instead, which does not depend on ordering.'

Assets\LaserCorridor\LaserCorridorGameManager.cs(77,58): warning CS0618: 'FindObjectsSortMode' is obsolete: 'FindObjectsSortMode has been deprecated. Use the FindObjectsByType overloads that do not take a FindObjectsSortMode parameter.'

Assets\LaserCorridor\LaserCorridorGameManager.cs(77,23): warning CS0618: 'Object.FindObjectsByType<T>(FindObjectsSortMode)' is obsolete: 'FindObjectsByType with FindObjectsSortMode parameter has been deprecated. Use FindObjectsByType<T>() or FindObjectsByType<T>(FindObjectsInactive) instead. InstanceID will be replaced in the future with EntityId and previous sort order cannot be maintained.'

Assets\LaserCorridor\LaserCorridorGameManager.cs(194,62): warning CS0618: 'FindObjectsSortMode' is obsolete: 'FindObjectsSortMode has been deprecated. Use the FindObjectsByType overloads that do not take a FindObjectsSortMode parameter.'

Assets\LaserCorridor\LaserCorridorGameManager.cs(194,27): warning CS0618: 'Object.FindObjectsByType<T>(FindObjectsSortMode)' is obsolete: 'FindObjectsByType with FindObjectsSortMode parameter has been deprecated. Use FindObjectsByType<T>() or FindObjectsByType<T>(FindObjectsInactive) instead. InstanceID will be replaced in the future with EntityId and previous sort order cannot be maintained.'

Assets\LaserCorridor\BonusFloorPanel.cs(126,59): warning CS0618: 'FindObjectsSortMode' is obsolete: 'FindObjectsSortMode has been deprecated. Use the FindObjectsByType overloads that do not take a FindObjectsSortMode parameter.'

Assets\LaserCorridor\BonusFloorPanel.cs(126,30): warning CS0618: 'Object.FindObjectsByType<T>(FindObjectsSortMode)' is obsolete: 'FindObjectsByType with FindObjectsSortMode parameter has been deprecated. Use FindObjectsByType<T>() or FindObjectsByType<T>(FindObjectsInactive) instead. InstanceID will be replaced in the future with EntityId and previous sort order cannot be maintained.'

Assets\LaserCorridor\LaserSpawner.cs(302,15): warning CS0219: The variable 'hatchHeight' is assigned but its value is never used
[1062/1069  0s] ILPostProcess Library/Bee/artifacts/1900b0aE.dag/post-processed/Assembly-CSharp.dll (+pdb)
Processing assembly Library/Bee/artifacts/1900b0aE.dag/Assembly-CSharp.dll, with 150 defines and 356 references

processors: Unity.Jobs.CodeGen.JobsILPostProcessor, zzzUnity.Burst.CodeGen.BurstILPostProcessor

1 processor(s) skipped this assembly

running Unity.Jobs.CodeGen.JobsILPostProcessor
[1063/1069  0s] CopyFiles Library/ScriptAssemblies/Assembly-CSharp.pdb
[1064/1069  0s] CopyFiles Library/ScriptAssemblies/Assembly-CSharp.dll
[1065/1069  0s] Csc Library/Bee/artifacts/1900b0aE.dag/Assembly-CSharp-Editor.dll (+2 others)
Assets\LaserCorridor\Editor\ResidentEvilCorridorBuilder.cs(143,33): warning CS0618: 'Object.FindFirstObjectByType<T>()' is obsolete: 'FindFirstObjectByType has been deprecated because it relies on instance ID ordering. Use FindAnyObjectByType instead, which does not depend on ordering.'
[1066/1069  0s] ILPostProcess Library/Bee/artifacts/1900b0aE.dag/post-processed/Assembly-CSharp-Editor.dll (+pdb)
Processing assembly Library/Bee/artifacts/1900b0aE.dag/Assembly-CSharp-Editor.dll, with 148 defines and 379 references

processors: Unity.Jobs.CodeGen.JobsILPostProcessor, zzzUnity.Burst.CodeGen.BurstILPostProcessor

1 processor(s) skipped this assembly

running Unity.Jobs.CodeGen.JobsILPostProcessor
[1067/1069  0s] CopyFiles Library/ScriptAssemblies/Assembly-CSharp-Editor.pdb
[1068/1069  0s] CopyFiles Library/ScriptAssemblies/Assembly-CSharp-Editor.dll
*** Tundra build success (7.69 seconds), 9 items updated, 1069 evaluated
Assets\LaserCorridor\CorridorHUD.cs(24,28): warning CS0618: 'Object.FindFirstObjectByType<T>()' is obsolete: 'FindFirstObjectByType has been deprecated because it relies on instance ID ordering. Use FindAnyObjectByType instead, which does not depend on ordering.'
Assets\LaserCorridor\CorridorHUD.cs(29,27): warning CS0618: 'Object.FindFirstObjectByType<T>()' is obsolete: 'FindFirstObjectByType has been deprecated because it relies on instance ID ordering. Use FindAnyObjectByType instead, which does not depend on ordering.'
Assets\LaserCorridor\LaserCorridorGameManager.cs(50,24): warning CS0618: 'Object.FindFirstObjectByType<T>()' is obsolete: 'FindFirstObjectByType has been deprecated because it relies on instance ID ordering. Use FindAnyObjectByType instead, which does not depend on ordering.'
Assets\LaserCorridor\LaserCorridorGameManager.cs(68,28): warning CS0618: 'Object.FindFirstObjectByType<T>()' is obsolete: 'FindFirstObjectByType has been deprecated because it relies on instance ID ordering. Use FindAnyObjectByType instead, which does not depend on ordering.'
Assets\LaserCorridor\LaserCorridorGameManager.cs(73,28): warning CS0618: 'Object.FindFirstObjectByType<T>()' is obsolete: 'FindFirstObjectByType has been deprecated because it relies on instance ID ordering. Use FindAnyObjectByType instead, which does not depend on ordering.'
Assets\LaserCorridor\LaserCorridorGameManager.cs(77,58): warning CS0618: 'FindObjectsSortMode' is obsolete: 'FindObjectsSortMode has been deprecated. Use the FindObjectsByType overloads that do not take a FindObjectsSortMode parameter.'
Assets\LaserCorridor\LaserCorridorGameManager.cs(77,23): warning CS0618: 'Object.FindObjectsByType<T>(FindObjectsSortMode)' is obsolete: 'FindObjectsByType with FindObjectsSortMode parameter has been deprecated. Use FindObjectsByType<T>() or FindObjectsByType<T>(FindObjectsInactive) instead. InstanceID will be replaced in the future with EntityId and previous sort order cannot be maintained.'
Assets\LaserCorridor\LaserCorridorGameManager.cs(194,62): warning CS0618: 'FindObjectsSortMode' is obsolete: 'FindObjectsSortMode has been deprecated. Use the FindObjectsByType overloads that do not take a FindObjectsSortMode parameter.'
Assets\LaserCorridor\LaserCorridorGameManager.cs(194,27): warning CS0618: 'Object.FindObjectsByType<T>(FindObjectsSortMode)' is obsolete: 'FindObjectsByType with FindObjectsSortMode parameter has been deprecated. Use FindObjectsByType<T>() or FindObjectsByType<T>(FindObjectsInactive) instead. InstanceID will be replaced in the future with EntityId and previous sort order cannot be maintained.'
Assets\LaserCorridor\BonusFloorPanel.cs(126,59): warning CS0618: 'FindObjectsSortMode' is obsolete: 'FindObjectsSortMode has been deprecated. Use the FindObjectsByType overloads that do not take a FindObjectsSortMode parameter.'
Assets\LaserCorridor\BonusFloorPanel.cs(126,30): warning CS0618: 'Object.FindObjectsByType<T>(FindObjectsSortMode)' is obsolete: 'FindObjectsByType with FindObjectsSortMode parameter has been deprecated. Use FindObjectsByType<T>() or FindObjectsByType<T>(FindObjectsInactive) instead. InstanceID will be replaced in the future with EntityId and previous sort order cannot be maintained.'
Assets\LaserCorridor\LaserSpawner.cs(302,15): warning CS0219: The variable 'hatchHeight' is assigned but its value is never used
Assets\LaserCorridor\Editor\ResidentEvilCorridorBuilder.cs(143,33): warning CS0618: 'Object.FindFirstObjectByType<T>()' is obsolete: 'FindFirstObjectByType has been deprecated because it relies on instance ID ordering. Use FindAnyObjectByType instead, which does not depend on ordering.'
Reloading assemblies after forced synchronous recompile.
Begin MonoManager ReloadAssembly
GPU Resident Drawer disposed.
Total cache size 268004076
Total cache size after purge 268004076, took 00:00:02.3876317
Refreshing native plugins compatible for Editor in 19.31 ms, found 4 plugins.
Native extension for WindowsStandalone target not found
Native extension for WebGL target not found
[MODES] ModeService[none].Initialize
[MODES] ModeService[none].LoadModes
ScheduleIndexationOnStartup MainProcess:True IndexOnStartup:True
Scripting: successfully reloaded assembly
- Finished resetting the current domain, in  6.322 seconds
Domain Reload Profiling: 13948ms
	BeginReloadAssembly (5997ms)
		ExecutionOrderSort (46ms)
		DisableScriptedObjects (1582ms)
		ReleaseScriptingObjects (15ms)
		CreateAndSetChildDomain (2694ms)
	RebuildCommonClasses (31ms)
	RebuildNativeTypeToScriptingClass (51ms)
	initialDomainReloadingComplete (263ms)
	LoadAllAssembliesAndSetupDomain (1282ms)
		LoadAssemblies (682ms)
		TypeCache.Refresh (45ms)
			TypeCache.ScanAssembly (3ms)
		AnalyzeDomain (639ms)
			BuildScriptInfoCaches (555ms)
			ResolveRequiredComponents (67ms)
	FinalizeReload (6324ms)
		SetupLoadedEditorAssemblies (0ms)
			LogAssemblyErrors (5ms)
			InitializePlatformSupportModulesInManaged (15ms)
			BeforeProcessingInitializeOnLoad (1013ms)
			ProcessInitializeOnLoadAttributes (943ms)
			ProcessInitializeOnLoadMethodAttributes (340ms)
			AfterProcessingInitializeOnLoad (32ms)
			EditorAssembliesLoaded (16ms)
		AwakeInstancesAfterBackupRestoration (2821ms)
Importing 'GUID: 99c9720ab356a0642a771bea13969a05 - Path: Assets/Scenes/SampleScene.unity' with importer (DefaultImporter)
Imported 'GUID: 99c9720ab356a0642a771bea13969a05' -> (Import Result ID: 'd381df84b99b93490a90bfee8c95c28a') in 0.020 seconds [static dependencies only]. Details - ImportResultOutputID=b4491ddbae88a879b6308480a6079ca7 DependenciesID=679a2fa1b69438f2243467d1072bb2dc StaticDependenciesID=e80004a02bb1667d01ebbbc1cff92ae1 
Refreshing native plugins compatible for Editor in 8.92 ms, found 4 plugins.

Asset Pipeline Refresh (id=9a146deeb7ca05f45a75933c1499c9d9): Total: 27.803 seconds - Initiated by RefreshV2(AllowForceSynchronousImport)
	(Values over 0.05ms)
	Summary:
		Imports: total=1 (actual=1, local cache=0, cache server=0)
		Asset DB Process Time: managed=2 ms, native=7938 ms
		Asset DB Callback time: managed=309 ms, native=41 ms
		Scripting: domain reloads=1, domain reload time=7936 ms, compile time=11571 ms, other=0 ms
		Project Asset Count: scripts=1452, non-scripts=2855
		Asset File Changes: new=0, changed=3, moved=0, deleted=0
		Scan Filter Count: 0
	InvokeCustomDependenciesCallbacks: 0.270ms
	InvokePackagesCallback: 19.921ms
	ApplyChangesToAssetFolders: 5.196ms
	Scan: 215.748ms
	Collect global state as custom dependencies: 32.078ms
	OnSourceAssetsModified: 174.656ms
	CategorizeScriptCompilationAssets: 4.330ms
	ProcessAssetsWithTransientArtifactChanges: 24.863ms
	CategorizeAssets: 785.544ms
	CompileScripts: 11571.239ms
	ImportOutOfDateAssets: 6402.741ms (6361.503ms without children)
		ImportManagerImport: 28.952ms (2.444ms without children)
		CollectScriptTypesHashes: 80.886ms
		ReloadNativeAssets: 1.985ms
		UnloadImportedAssets: 2.988ms
		EnsureUptoDateAssetsAreRegisteredWithGuidPM: 1.439ms
		ImportSchedulerStart: 5.839ms
	PostProcessAllAssets: 149.899ms
		PostProcessCallbackCreateDeferredMaterials 2.014ms
		XRBuildSystem.XRAssetImported 1.011ms
		VCAutoAddAssetPostprocess 0.502ms
		ShaderAssetModifiedCallback 0.400ms
		PostprocessAssetsUpdateCachedIcon 0.380ms
		RaytracingShaderImportPostprocess 0.282ms
		MonoPostProcessAllAssets: 141.201ms
			UniversalRenderPipelineGlobalSettingsPostprocessor.OnPostprocessAllAssets 32.785ms
			BuilderAssetPostprocessor.OnPostprocessAllAssets 22.480ms
			AssetChangedListener.OnPostprocessAllAssets 10.911ms
			AssetPostprocessor.OnPostprocessAllAssets 9.852ms
			SyncVS.PostprocessSyncProject 6.288ms
			WindowAssetPostprocessingWatcher.OnPostprocessAllAssets 4.972ms
			SpeedTree9Postprocessor.OnPostprocessAllAssets 3.196ms
			ShaderGraphAssetPostProcessor.OnPostprocessAllAssets 2.859ms
			RenderPipelineGlobalSettingsPostprocessor.OnPostprocessAllAssets 2.598ms
			RetainedModeAssetPostprocessor.OnPostprocessAllAssets 2.459ms
			EditModeScopePostprocessor.OnPostprocessAllAssets 1.830ms
			ProjectSettingsPostprocessor.OnPostprocessAllAssets 1.620ms
			MaterialPostprocessor.OnPostprocessAllAssets 1.346ms
			ShaderReflectionAssetPostProcessor.OnPostprocessAllAssets 0.990ms
			TMPro_TexturePostProcessor.OnPostprocessAllAssets 0.883ms
			ArtifactBrowserPostProcessor.OnPostprocessAllAssets 0.818ms
			UVCSAssetPostprocessor.OnPostprocessAllAssets 0.741ms
			InputActionAssetPostprocessor.OnPostprocessAllAssets 0.718ms
			PostProcessor.OnPostprocessAllAssets 0.712ms
			AudioMixerPostprocessor.OnPostprocessAllAssets 0.691ms
			SpeedTreePostProcessor.OnPostprocessAllAssets 0.633ms
			AssetEvents.OnPostprocessAllAssets 0.624ms
			InputActionJsonNameModifierAssetProcessor.OnPostprocessAllAssets 0.588ms
			TextAssetPostProcessor.OnPostprocessAllAssets 0.587ms
			StyleCatalogPostProcessor.OnPostprocessAllAssets 0.550ms
			ReferencedClipsPostProcessor.OnPostprocessAllAssets 0.542ms
			AssetDatabaseCallbacks.OnPostprocessAllAssets 0.373ms
			TerrainToolbarOverlayPostProcessor.OnPostprocessAllAssets 0.286ms
			ConfigAssetsTracker.OnPostprocessAllAssets 0.252ms
			ScenarioDriftAssetsTracker.OnPostprocessAllAssets 0.237ms
			SamplePostprocessor.OnPostprocessAllAssets 0.232ms
			AssetReloadNotifier.OnPostprocessAllAssets 0.220ms
			AudioContainerPostProcessor.OnPostprocessAllAssets 0.220ms
			ThemePostprocessor.OnPostprocessAllAssets 0.218ms
	PostAssetChangesProfiler: 13.719ms
	GatherAllCurrentPrimaryImportResultRevisions: 7.190ms
	UnloadStreamsBegin: 17.286ms
	PersistCurrentRevisions: 0.737ms
	GenerateScriptTypeHashes: 43.082ms
	GenerateScriptTypeSerializationHashes: 71.764ms
	Untracked: 8236.179ms

GPU Resident Drawer created.
Opening scene 'Assets/Scenes/SampleScene.unity'
Unloading 11 Unused Serialized files (Serialized files now loaded: 0)
Loaded scene 'Assets/Scenes/SampleScene.unity'
	Deserialize:            125.634 ms
	Integration:            496.568 ms
	Integration of assets:  2.632 ms
	Thread Wait Time:       0.074 ms
	Total Operation Time:   624.907 ms
Unloading 45 unused Assets / (52.2 KB). Loaded Objects now: 9443.
Memory consumption went from 0.65 GB to 0.65 GB.
Total: 320.351900 ms (FindLiveObjects: 4.472000 ms CreateObjectMapping: 2.236000 ms MarkObjects: 278.025200 ms  DeleteObjects: 33.909600 ms)

[Licensing::Client] Successfully resolved entitlement details
GPU Resident Drawer disposed.
GPU Resident Drawer created.
[Licensing::Client] Successfully resolved entitlement details
Asset Pipeline Refresh (id=908d7bf676627ae4eaeb79c42b42c80a): Total: 0.082 seconds - Initiated by RefreshV2(AllowForceSynchronousImport)
Asset Pipeline Refresh (id=43b43db12d463db43a3b39ee1562ab1d): Total: 0.010 seconds - Initiated by RefreshV2(AllowForceSynchronousImport)
<b>[Resident Evil Laser Corridor]</b> Successfully generated corridor and configured game systems! Press Play to test.
UnityEngine.Debug:ExtractStackTraceNoAlloc (byte*,int,string)
UnityEngine.StackTraceUtility:ExtractStackTrace ()
UnityEngine.DebugLogHandler:Internal_Log (UnityEngine.LogType,UnityEngine.LogOption,string,UnityEngine.Object)
UnityEngine.DebugLogHandler:LogFormat (UnityEngine.LogType,UnityEngine.Object,string,object[])
UnityEngine.Logger:Log (UnityEngine.LogType,object)
UnityEngine.Debug:Log (object)
ResidentEvilCorridorBuilder:BuildCorridor () (at Assets/LaserCorridor/Editor/ResidentEvilCorridorBuilder.cs:214)
ResidentEvilCorridorBuilder:GenerateCorridorQuick () (at Assets/LaserCorridor/Editor/ResidentEvilCorridorBuilder.cs:24)

(Filename: Assets/LaserCorridor/Editor/ResidentEvilCorridorBuilder.cs Line: 214)

GPU Resident Drawer disposed.
Entering Playmode with Reload Domain disabled.
If you experience any issues, please disable "Enter Play Mode Options" in Editor Settings
Entering Playmode with Reload Scene disabled. If you experience any issues, please disable "Enter Play Mode Options" in Editor Settings
GPU Resident Drawer created.
[Player] Jump pressed! isGrounded: True, Timer: 0
UnityEngine.Debug:ExtractStackTraceNoAlloc (byte*,int,string)
UnityEngine.StackTraceUtility:ExtractStackTrace ()
UnityEngine.DebugLogHandler:Internal_Log (UnityEngine.LogType,UnityEngine.LogOption,string,UnityEngine.Object)
UnityEngine.DebugLogHandler:LogFormat (UnityEngine.LogType,UnityEngine.Object,string,object[])
UnityEngine.Logger:Log (UnityEngine.LogType,object)
UnityEngine.Debug:Log (object)
Player:Update () (at Assets/Player.cs:169)

(Filename: Assets/Player.cs Line: 169)

[Player] Jump executed! JumpForce: 4, y-velocity: 4
UnityEngine.Debug:ExtractStackTraceNoAlloc (byte*,int,string)
UnityEngine.StackTraceUtility:ExtractStackTrace ()
UnityEngine.DebugLogHandler:Internal_Log (UnityEngine.LogType,UnityEngine.LogOption,string,UnityEngine.Object)
UnityEngine.DebugLogHandler:LogFormat (UnityEngine.LogType,UnityEngine.Object,string,object[])
UnityEngine.Logger:Log (UnityEngine.LogType,object)
UnityEngine.Debug:Log (object)
Player:Jump () (at Assets/Player.cs:375)
Player:Update () (at Assets/Player.cs:173)

(Filename: Assets/Player.cs Line: 375)

[Player] Jump pressed! isGrounded: True, Timer: -0.001151111
UnityEngine.Debug:ExtractStackTraceNoAlloc (byte*,int,string)
UnityEngine.StackTraceUtility:ExtractStackTrace ()
UnityEngine.DebugLogHandler:Internal_Log (UnityEngine.LogType,UnityEngine.LogOption,string,UnityEngine.Object)
UnityEngine.DebugLogHandler:LogFormat (UnityEngine.LogType,UnityEngine.Object,string,object[])
UnityEngine.Logger:Log (UnityEngine.LogType,object)
UnityEngine.Debug:Log (object)
Player:Update () (at Assets/Player.cs:169)

(Filename: Assets/Player.cs Line: 169)

[Player] Jump executed! JumpForce: 4, y-velocity: 4
UnityEngine.Debug:ExtractStackTraceNoAlloc (byte*,int,string)
UnityEngine.StackTraceUtility:ExtractStackTrace ()
UnityEngine.DebugLogHandler:Internal_Log (UnityEngine.LogType,UnityEngine.LogOption,string,UnityEngine.Object)
UnityEngine.DebugLogHandler:LogFormat (UnityEngine.LogType,UnityEngine.Object,string,object[])
UnityEngine.Logger:Log (UnityEngine.LogType,object)
UnityEngine.Debug:Log (object)
Player:Jump () (at Assets/Player.cs:375)
Player:Update () (at Assets/Player.cs:173)

(Filename: Assets/Player.cs Line: 375)

GPU Resident Drawer disposed.
Unloading 18 Unused Serialized files (Serialized files now loaded: 0)
Loaded scene 'Temp/__Backupscenes/0.backup'
	Deserialize:            7.032 ms
	Integration:            32.961 ms
	Integration of assets:  0.120 ms
	Thread Wait Time:       0.018 ms
	Total Operation Time:   40.132 ms
Unloading 57 unused Assets / (1.7 MB). Loaded Objects now: 9401.
Memory consumption went from 0.67 GB to 0.67 GB.
Total: 48.683000 ms (FindLiveObjects: 0.917400 ms CreateObjectMapping: 0.207200 ms MarkObjects: 46.024800 ms  DeleteObjects: 1.011900 ms)

[Licensing::Client] Successfully resolved entitlement details
GPU Resident Drawer created.
Asset Pipeline Refresh (id=56b28700c06e98e40b08ec23b128bb76): Total: 0.024 seconds - Initiated by RefreshV2(AllowForceSynchronousImport)
GPU Resident Drawer disposed.
Entering Playmode with Reload Domain disabled.
If you experience any issues, please disable "Enter Play Mode Options" in Editor Settings
Entering Playmode with Reload Scene disabled. If you experience any issues, please disable "Enter Play Mode Options" in Editor Settings
GPU Resident Drawer created.
GPU Resident Drawer disposed.
GPU Resident Drawer created.
[Player] Jump pressed! isGrounded: True, Timer: 0
UnityEngine.Debug:ExtractStackTraceNoAlloc (byte*,int,string)
UnityEngine.StackTraceUtility:ExtractStackTrace ()
UnityEngine.DebugLogHandler:Internal_Log (UnityEngine.LogType,UnityEngine.LogOption,string,UnityEngine.Object)
UnityEngine.DebugLogHandler:LogFormat (UnityEngine.LogType,UnityEngine.Object,string,object[])
UnityEngine.Logger:Log (UnityEngine.LogType,object)
UnityEngine.Debug:Log (object)
Player:Update () (at Assets/Player.cs:169)

(Filename: Assets/Player.cs Line: 169)

[Player] Jump executed! JumpForce: 4, y-velocity: 4
UnityEngine.Debug:ExtractStackTraceNoAlloc (byte*,int,string)
UnityEngine.StackTraceUtility:ExtractStackTrace ()
UnityEngine.DebugLogHandler:Internal_Log (UnityEngine.LogType,UnityEngine.LogOption,string,UnityEngine.Object)
UnityEngine.DebugLogHandler:LogFormat (UnityEngine.LogType,UnityEngine.Object,string,object[])
UnityEngine.Logger:Log (UnityEngine.LogType,object)
UnityEngine.Debug:Log (object)
Player:Jump () (at Assets/Player.cs:375)
Player:Update () (at Assets/Player.cs:173)

(Filename: Assets/Player.cs Line: 375)

[PlayerHealth] Speed Boost activated! (1.6x for 5s)
UnityEngine.Debug:ExtractStackTraceNoAlloc (byte*,int,string)
UnityEngine.StackTraceUtility:ExtractStackTrace ()
UnityEngine.DebugLogHandler:Internal_Log (UnityEngine.LogType,UnityEngine.LogOption,string,UnityEngine.Object)
UnityEngine.DebugLogHandler:LogFormat (UnityEngine.LogType,UnityEngine.Object,string,object[])
UnityEngine.Logger:Log (UnityEngine.LogType,object)
UnityEngine.Debug:Log (object)
PlayerHealth:ApplySpeedBoost (single,single) (at Assets/LaserCorridor/PlayerHealth.cs:145)
BonusFloorPanel:GrantBonus (PlayerHealth) (at Assets/LaserCorridor/BonusFloorPanel.cs:106)
BonusFloorPanel:OnTriggerEnter (UnityEngine.Collider) (at Assets/LaserCorridor/BonusFloorPanel.cs:90)

(Filename: Assets/LaserCorridor/PlayerHealth.cs Line: 145)

[PlayerHealth] Restored 35 HP! Current HP: 100/100
UnityEngine.Debug:ExtractStackTraceNoAlloc (byte*,int,string)
UnityEngine.StackTraceUtility:ExtractStackTrace ()
UnityEngine.DebugLogHandler:Internal_Log (UnityEngine.LogType,UnityEngine.LogOption,string,UnityEngine.Object)
UnityEngine.DebugLogHandler:LogFormat (UnityEngine.LogType,UnityEngine.Object,string,object[])
UnityEngine.Logger:Log (UnityEngine.LogType,object)
UnityEngine.Debug:Log (object)
PlayerHealth:Heal (int) (at Assets/LaserCorridor/PlayerHealth.cs:125)
BonusFloorPanel:GrantBonus (PlayerHealth) (at Assets/LaserCorridor/BonusFloorPanel.cs:102)
BonusFloorPanel:OnTriggerEnter (UnityEngine.Collider) (at Assets/LaserCorridor/BonusFloorPanel.cs:90)

(Filename: Assets/LaserCorridor/PlayerHealth.cs Line: 125)

[Player] Jump pressed! isGrounded: True, Timer: -0.001608912
UnityEngine.Debug:ExtractStackTraceNoAlloc (byte*,int,string)
UnityEngine.StackTraceUtility:ExtractStackTrace ()
UnityEngine.DebugLogHandler:Internal_Log (UnityEngine.LogType,UnityEngine.LogOption,string,UnityEngine.Object)
UnityEngine.DebugLogHandler:LogFormat (UnityEngine.LogType,UnityEngine.Object,string,object[])
UnityEngine.Logger:Log (UnityEngine.LogType,object)
UnityEngine.Debug:Log (object)
Player:Update () (at Assets/Player.cs:169)

(Filename: Assets/Player.cs Line: 169)

[Player] Jump executed! JumpForce: 4, y-velocity: 4
UnityEngine.Debug:ExtractStackTraceNoAlloc (byte*,int,string)
UnityEngine.StackTraceUtility:ExtractStackTrace ()
UnityEngine.DebugLogHandler:Internal_Log (UnityEngine.LogType,UnityEngine.LogOption,string,UnityEngine.Object)
UnityEngine.DebugLogHandler:LogFormat (UnityEngine.LogType,UnityEngine.Object,string,object[])
UnityEngine.Logger:Log (UnityEngine.LogType,object)
UnityEngine.Debug:Log (object)
Player:Jump () (at Assets/Player.cs:375)
Player:Update () (at Assets/Player.cs:173)

(Filename: Assets/Player.cs Line: 375)

[PlayerHealth] Speed Boost ended.
UnityEngine.Debug:ExtractStackTraceNoAlloc (byte*,int,string)
UnityEngine.StackTraceUtility:ExtractStackTrace ()
UnityEngine.DebugLogHandler:Internal_Log (UnityEngine.LogType,UnityEngine.LogOption,string,UnityEngine.Object)
UnityEngine.DebugLogHandler:LogFormat (UnityEngine.LogType,UnityEngine.Object,string,object[])
UnityEngine.Logger:Log (UnityEngine.LogType,object)
UnityEngine.Debug:Log (object)
PlayerHealth:ResetSpeedBoost () (at Assets/LaserCorridor/PlayerHealth.cs:157)
PlayerHealth:Update () (at Assets/LaserCorridor/PlayerHealth.cs:77)

(Filename: Assets/LaserCorridor/PlayerHealth.cs Line: 157)

[PlayerHealth] Energy Shield activated for 5s!
UnityEngine.Debug:ExtractStackTraceNoAlloc (byte*,int,string)
UnityEngine.StackTraceUtility:ExtractStackTrace ()
UnityEngine.DebugLogHandler:Internal_Log (UnityEngine.LogType,UnityEngine.LogOption,string,UnityEngine.Object)
UnityEngine.DebugLogHandler:LogFormat (UnityEngine.LogType,UnityEngine.Object,string,object[])
UnityEngine.Logger:Log (UnityEngine.LogType,object)
UnityEngine.Debug:Log (object)
PlayerHealth:ApplyShield (single) (at Assets/LaserCorridor/PlayerHealth.cs:168)
BonusFloorPanel:GrantBonus (PlayerHealth) (at Assets/LaserCorridor/BonusFloorPanel.cs:110)
BonusFloorPanel:OnTriggerEnter (UnityEngine.Collider) (at Assets/LaserCorridor/BonusFloorPanel.cs:90)

(Filename: Assets/LaserCorridor/PlayerHealth.cs Line: 168)

[PlayerHealth] Shield absorbed laser damage!
UnityEngine.Debug:ExtractStackTraceNoAlloc (byte*,int,string)
UnityEngine.StackTraceUtility:ExtractStackTrace ()
UnityEngine.DebugLogHandler:Internal_Log (UnityEngine.LogType,UnityEngine.LogOption,string,UnityEngine.Object)
UnityEngine.DebugLogHandler:LogFormat (UnityEngine.LogType,UnityEngine.Object,string,object[])
UnityEngine.Logger:Log (UnityEngine.LogType,object)
UnityEngine.Debug:Log (object)
PlayerHealth:TakeDamage (int) (at Assets/LaserCorridor/PlayerHealth.cs:92)
LaserBeamTriggerForwarder:OnTriggerEnter (UnityEngine.Collider) (at Assets/LaserCorridor/LaserSpawner.cs:513)

(Filename: Assets/LaserCorridor/PlayerHealth.cs Line: 92)

[CorridorGoal] PLAYER REACHED THE END OF THE CORRIDOR!
UnityEngine.Debug:ExtractStackTraceNoAlloc (byte*,int,string)
UnityEngine.StackTraceUtility:ExtractStackTrace ()
UnityEngine.DebugLogHandler:Internal_Log (UnityEngine.LogType,UnityEngine.LogOption,string,UnityEngine.Object)
UnityEngine.DebugLogHandler:LogFormat (UnityEngine.LogType,UnityEngine.Object,string,object[])
UnityEngine.Logger:Log (UnityEngine.LogType,object)
UnityEngine.Debug:Log (object)
CorridorGoal:OnTriggerEnter (UnityEngine.Collider) (at Assets/LaserCorridor/CorridorGoal.cs:27)

(Filename: Assets/LaserCorridor/CorridorGoal.cs Line: 27)

[GameManager] VICTORY! Corridor Cleared!
UnityEngine.Debug:ExtractStackTraceNoAlloc (byte*,int,string)
UnityEngine.StackTraceUtility:ExtractStackTrace ()
UnityEngine.DebugLogHandler:Internal_Log (UnityEngine.LogType,UnityEngine.LogOption,string,UnityEngine.Object)
UnityEngine.DebugLogHandler:LogFormat (UnityEngine.LogType,UnityEngine.Object,string,object[])
UnityEngine.Logger:Log (UnityEngine.LogType,object)
UnityEngine.Debug:Log (object)
LaserCorridorGameManager:OnGoalReached () (at Assets/LaserCorridor/LaserCorridorGameManager.cs:137)
CorridorGoal:OnTriggerEnter (UnityEngine.Collider) (at Assets/LaserCorridor/CorridorGoal.cs:31)

(Filename: Assets/LaserCorridor/LaserCorridorGameManager.cs Line: 137)

GPU Resident Drawer disposed.
Unloading 19 Unused Serialized files (Serialized files now loaded: 0)
Loaded scene 'Temp/__Backupscenes/0.backup'
	Deserialize:            1.389 ms
	Integration:            27.518 ms
	Integration of assets:  0.031 ms
	Thread Wait Time:       0.015 ms
	Total Operation Time:   28.953 ms
Unloading 28 unused Assets / (453.5 KB). Loaded Objects now: 9417.
Memory consumption went from 0.68 GB to 0.68 GB.
Total: 30.136300 ms (FindLiveObjects: 0.845700 ms CreateObjectMapping: 0.142800 ms MarkObjects: 28.737800 ms  DeleteObjects: 0.126400 ms)

GPU Resident Drawer created.
GPU Resident Drawer disposed.
GPU Resident Drawer created.
GPU Resident Drawer disposed.
Entering Playmode with Reload Domain disabled.
If you experience any issues, please disable "Enter Play Mode Options" in Editor Settings
Entering Playmode with Reload Scene disabled. If you experience any issues, please disable "Enter Play Mode Options" in Editor Settings
GPU Resident Drawer created.
GPU Resident Drawer disposed.
GPU Resident Drawer created.
[PlayerHealth] Speed Boost activated! (1.6x for 5s)
UnityEngine.Debug:ExtractStackTraceNoAlloc (byte*,int,string)
UnityEngine.StackTraceUtility:ExtractStackTrace ()
UnityEngine.DebugLogHandler:Internal_Log (UnityEngine.LogType,UnityEngine.LogOption,string,UnityEngine.Object)
UnityEngine.DebugLogHandler:LogFormat (UnityEngine.LogType,UnityEngine.Object,string,object[])
UnityEngine.Logger:Log (UnityEngine.LogType,object)
UnityEngine.Debug:Log (object)
PlayerHealth:ApplySpeedBoost (single,single) (at Assets/LaserCorridor/PlayerHealth.cs:145)
BonusFloorPanel:GrantBonus (PlayerHealth) (at Assets/LaserCorridor/BonusFloorPanel.cs:106)
BonusFloorPanel:OnTriggerEnter (UnityEngine.Collider) (at Assets/LaserCorridor/BonusFloorPanel.cs:90)

(Filename: Assets/LaserCorridor/PlayerHealth.cs Line: 145)

[PlayerHealth] Restored 35 HP! Current HP: 100/100
UnityEngine.Debug:ExtractStackTraceNoAlloc (byte*,int,string)
UnityEngine.StackTraceUtility:ExtractStackTrace ()
UnityEngine.DebugLogHandler:Internal_Log (UnityEngine.LogType,UnityEngine.LogOption,string,UnityEngine.Object)
UnityEngine.DebugLogHandler:LogFormat (UnityEngine.LogType,UnityEngine.Object,string,object[])
UnityEngine.Logger:Log (UnityEngine.LogType,object)
UnityEngine.Debug:Log (object)
PlayerHealth:Heal (int) (at Assets/LaserCorridor/PlayerHealth.cs:125)
BonusFloorPanel:GrantBonus (PlayerHealth) (at Assets/LaserCorridor/BonusFloorPanel.cs:102)
BonusFloorPanel:OnTriggerEnter (UnityEngine.Collider) (at Assets/LaserCorridor/BonusFloorPanel.cs:90)

(Filename: Assets/LaserCorridor/PlayerHealth.cs Line: 125)

[Player] Jump pressed! isGrounded: True, Timer: 0
UnityEngine.Debug:ExtractStackTraceNoAlloc (byte*,int,string)
UnityEngine.StackTraceUtility:ExtractStackTrace ()
UnityEngine.DebugLogHandler:Internal_Log (UnityEngine.LogType,UnityEngine.LogOption,string,UnityEngine.Object)
UnityEngine.DebugLogHandler:LogFormat (UnityEngine.LogType,UnityEngine.Object,string,object[])
UnityEngine.Logger:Log (UnityEngine.LogType,object)
UnityEngine.Debug:Log (object)
Player:Update () (at Assets/Player.cs:169)

(Filename: Assets/Player.cs Line: 169)

[Player] Jump executed! JumpForce: 4, y-velocity: 4
UnityEngine.Debug:ExtractStackTraceNoAlloc (byte*,int,string)
UnityEngine.StackTraceUtility:ExtractStackTrace ()
UnityEngine.DebugLogHandler:Internal_Log (UnityEngine.LogType,UnityEngine.LogOption,string,UnityEngine.Object)
UnityEngine.DebugLogHandler:LogFormat (UnityEngine.LogType,UnityEngine.Object,string,object[])
UnityEngine.Logger:Log (UnityEngine.LogType,object)
UnityEngine.Debug:Log (object)
Player:Jump () (at Assets/Player.cs:375)
Player:Update () (at Assets/Player.cs:173)

(Filename: Assets/Player.cs Line: 375)

[PlayerHealth] Energy Shield activated for 5s!
UnityEngine.Debug:ExtractStackTraceNoAlloc (byte*,int,string)
UnityEngine.StackTraceUtility:ExtractStackTrace ()
UnityEngine.DebugLogHandler:Internal_Log (UnityEngine.LogType,UnityEngine.LogOption,string,UnityEngine.Object)
UnityEngine.DebugLogHandler:LogFormat (UnityEngine.LogType,UnityEngine.Object,string,object[])
UnityEngine.Logger:Log (UnityEngine.LogType,object)
UnityEngine.Debug:Log (object)
PlayerHealth:ApplyShield (single) (at Assets/LaserCorridor/PlayerHealth.cs:168)
BonusFloorPanel:GrantBonus (PlayerHealth) (at Assets/LaserCorridor/BonusFloorPanel.cs:110)
BonusFloorPanel:OnTriggerEnter (UnityEngine.Collider) (at Assets/LaserCorridor/BonusFloorPanel.cs:90)

(Filename: Assets/LaserCorridor/PlayerHealth.cs Line: 168)

[PlayerHealth] Speed Boost ended.
UnityEngine.Debug:ExtractStackTraceNoAlloc (byte*,int,string)
UnityEngine.StackTraceUtility:ExtractStackTrace ()
UnityEngine.DebugLogHandler:Internal_Log (UnityEngine.LogType,UnityEngine.LogOption,string,UnityEngine.Object)
UnityEngine.DebugLogHandler:LogFormat (UnityEngine.LogType,UnityEngine.Object,string,object[])
UnityEngine.Logger:Log (UnityEngine.LogType,object)
UnityEngine.Debug:Log (object)
PlayerHealth:ResetSpeedBoost () (at Assets/LaserCorridor/PlayerHealth.cs:157)
PlayerHealth:Update () (at Assets/LaserCorridor/PlayerHealth.cs:77)

(Filename: Assets/LaserCorridor/PlayerHealth.cs Line: 157)

[PlayerHealth] Shield absorbed laser damage!
UnityEngine.Debug:ExtractStackTraceNoAlloc (byte*,int,string)
UnityEngine.StackTraceUtility:ExtractStackTrace ()
UnityEngine.DebugLogHandler:Internal_Log (UnityEngine.LogType,UnityEngine.LogOption,string,UnityEngine.Object)
UnityEngine.DebugLogHandler:LogFormat (UnityEngine.LogType,UnityEngine.Object,string,object[])
UnityEngine.Logger:Log (UnityEngine.LogType,object)
UnityEngine.Debug:Log (object)
PlayerHealth:TakeDamage (int) (at Assets/LaserCorridor/PlayerHealth.cs:92)
LaserBeamTriggerForwarder:OnTriggerEnter (UnityEngine.Collider) (at Assets/LaserCorridor/LaserSpawner.cs:513)

(Filename: Assets/LaserCorridor/PlayerHealth.cs Line: 92)

[PlayerHealth] Took 35 damage! Remaining HP: 65/100
UnityEngine.Debug:ExtractStackTraceNoAlloc (byte*,int,string)
UnityEngine.StackTraceUtility:ExtractStackTrace ()
UnityEngine.DebugLogHandler:Internal_Log (UnityEngine.LogType,UnityEngine.LogOption,string,UnityEngine.Object)
UnityEngine.DebugLogHandler:LogFormat (UnityEngine.LogType,UnityEngine.Object,string,object[])
UnityEngine.Logger:Log (UnityEngine.LogType,object)
UnityEngine.Debug:Log (object)
PlayerHealth:TakeDamage (int) (at Assets/LaserCorridor/PlayerHealth.cs:104)
LaserBeamTriggerForwarder:OnTriggerEnter (UnityEngine.Collider) (at Assets/LaserCorridor/LaserSpawner.cs:513)

(Filename: Assets/LaserCorridor/PlayerHealth.cs Line: 104)

[CorridorGoal] PLAYER REACHED THE END OF THE CORRIDOR!
UnityEngine.Debug:ExtractStackTraceNoAlloc (byte*,int,string)
UnityEngine.StackTraceUtility:ExtractStackTrace ()
UnityEngine.DebugLogHandler:Internal_Log (UnityEngine.LogType,UnityEngine.LogOption,string,UnityEngine.Object)
UnityEngine.DebugLogHandler:LogFormat (UnityEngine.LogType,UnityEngine.Object,string,object[])
UnityEngine.Logger:Log (UnityEngine.LogType,object)
UnityEngine.Debug:Log (object)
CorridorGoal:OnTriggerEnter (UnityEngine.Collider) (at Assets/LaserCorridor/CorridorGoal.cs:27)

(Filename: Assets/LaserCorridor/CorridorGoal.cs Line: 27)

[GameManager] VICTORY! Corridor Cleared!
UnityEngine.Debug:ExtractStackTraceNoAlloc (byte*,int,string)
UnityEngine.StackTraceUtility:ExtractStackTrace ()
UnityEngine.DebugLogHandler:Internal_Log (UnityEngine.LogType,UnityEngine.LogOption,string,UnityEngine.Object)
UnityEngine.DebugLogHandler:LogFormat (UnityEngine.LogType,UnityEngine.Object,string,object[])
UnityEngine.Logger:Log (UnityEngine.LogType,object)
UnityEngine.Debug:Log (object)
LaserCorridorGameManager:OnGoalReached () (at Assets/LaserCorridor/LaserCorridorGameManager.cs:137)
CorridorGoal:OnTriggerEnter (UnityEngine.Collider) (at Assets/LaserCorridor/CorridorGoal.cs:31)

(Filename: Assets/LaserCorridor/LaserCorridorGameManager.cs Line: 137)

GPU Resident Drawer disposed.
Unloading 17 Unused Serialized files (Serialized files now loaded: 0)
Loaded scene 'Temp/__Backupscenes/0.backup'
	Deserialize:            2.090 ms
	Integration:            48.864 ms
	Integration of assets:  0.037 ms
	Thread Wait Time:       0.031 ms
	Total Operation Time:   51.023 ms
Unloading 23 unused Assets / (0.7 MB). Loaded Objects now: 9429.
Memory consumption went from 0.68 GB to 0.68 GB.
Total: 32.671900 ms (FindLiveObjects: 0.740700 ms CreateObjectMapping: 0.558200 ms MarkObjects: 31.022200 ms  DeleteObjects: 0.101600 ms)

GPU Resident Drawer created.
[Licensing::Client] Successfully resolved entitlement details
GPU Resident Drawer disposed.
GPU Resident Drawer created.
GPU Resident Drawer disposed.
Entering Playmode with Reload Domain disabled.
If you experience any issues, please disable "Enter Play Mode Options" in Editor Settings
Entering Playmode with Reload Scene disabled. If you experience any issues, please disable "Enter Play Mode Options" in Editor Settings
GPU Resident Drawer created.
GPU Resident Drawer disposed.
Unloading 21 Unused Serialized files (Serialized files now loaded: 0)
Loaded scene 'Temp/__Backupscenes/0.backup'
	Deserialize:            1.014 ms
	Integration:            30.063 ms
	Integration of assets:  0.028 ms
	Thread Wait Time:       0.017 ms
	Total Operation Time:   31.123 ms
Unloading 28 unused Assets / (0.8 MB). Loaded Objects now: 9439.
Memory consumption went from 0.68 GB to 0.68 GB.
Total: 32.426000 ms (FindLiveObjects: 0.712200 ms CreateObjectMapping: 0.237400 ms MarkObjects: 31.065100 ms  DeleteObjects: 0.116900 ms)

GPU Resident Drawer created.
GPU Resident Drawer disposed.
Entering Playmode with Reload Domain disabled.
If you experience any issues, please disable "Enter Play Mode Options" in Editor Settings
Entering Playmode with Reload Scene disabled. If you experience any issues, please disable "Enter Play Mode Options" in Editor Settings
GPU Resident Drawer created.
GPU Resident Drawer disposed.
Unloading 17 Unused Serialized files (Serialized files now loaded: 0)
Loaded scene 'Temp/__Backupscenes/0.backup'
	Deserialize:            1.155 ms
	Integration:            29.121 ms
	Integration of assets:  0.028 ms
	Thread Wait Time:       0.019 ms
	Total Operation Time:   30.322 ms
Unloading 23 unused Assets / (483.4 KB). Loaded Objects now: 9443.
Memory consumption went from 0.68 GB to 0.68 GB.
Total: 30.914000 ms (FindLiveObjects: 0.579900 ms CreateObjectMapping: 0.192100 ms MarkObjects: 29.806100 ms  DeleteObjects: 0.091300 ms)

GPU Resident Drawer created.
Scanning for USB devices : 18.789ms
[Licensing::Client] Successfully resolved entitlement details
[ScriptCompilation] Requested script compilation because: AssetDatabase observed changes in script compilation related files
AssetDatabase: script compilation time: 0.150685s
[Licensing::Client] Successfully resolved entitlement details
Starting: C:\Program Files\Unity\Hub\Editor\6000.6.0f1\Editor\Data\Tools\BuildPipeline\bee_backend.exe --ipc --defer-dag-verification --dagfile="Library/Bee/1900b0aE.dag" --continue-on-failure --profile="Library/Bee/backend1.traceevents" ScriptAssemblies
WorkingDir: C:/Users/Duncan Joseph/Laser Room
ExitCode: 0 Duration: 23s
[ 826/1069  0s] ILPP-Configuration Library/ilpp-configuration.nevergeneratedoutput
[BUSY       6s] Csc Library/Bee/artifacts/1900b0aE.dag/Assembly-CSharp.dll (+2 others)
[BUSY      16s] Csc Library/Bee/artifacts/1900b0aE.dag/Assembly-CSharp.dll (+2 others)
[1061/1069 17s] Csc Library/Bee/artifacts/1900b0aE.dag/Assembly-CSharp.dll (+2 others)
Assets\LaserCorridor\CorridorHUD.cs(24,28): warning CS0618: 'Object.FindFirstObjectByType<T>()' is obsolete: 'FindFirstObjectByType has been deprecated because it relies on instance ID ordering. Use FindAnyObjectByType instead, which does not depend on ordering.'

Assets\LaserCorridor\CorridorHUD.cs(29,27): warning CS0618: 'Object.FindFirstObjectByType<T>()' is obsolete: 'FindFirstObjectByType has been deprecated because it relies on instance ID ordering. Use FindAnyObjectByType instead, which does not depend on ordering.'

Assets\LaserCorridor\LaserCorridorGameManager.cs(50,24): warning CS0618: 'Object.FindFirstObjectByType<T>()' is obsolete: 'FindFirstObjectByType has been deprecated because it relies on instance ID ordering. Use FindAnyObjectByType instead, which does not depend on ordering.'

Assets\LaserCorridor\LaserCorridorGameManager.cs(68,28): warning CS0618: 'Object.FindFirstObjectByType<T>()' is obsolete: 'FindFirstObjectByType has been deprecated because it relies on instance ID ordering. Use FindAnyObjectByType instead, which does not depend on ordering.'

Assets\LaserCorridor\LaserCorridorGameManager.cs(73,28): warning CS0618: 'Object.FindFirstObjectByType<T>()' is obsolete: 'FindFirstObjectByType has been deprecated because it relies on instance ID ordering. Use FindAnyObjectByType instead, which does not depend on ordering.'

Assets\LaserCorridor\LaserCorridorGameManager.cs(77,58): warning CS0618: 'FindObjectsSortMode' is obsolete: 'FindObjectsSortMode has been deprecated. Use the FindObjectsByType overloads that do not take a FindObjectsSortMode parameter.'

Assets\LaserCorridor\LaserCorridorGameManager.cs(77,23): warning CS0618: 'Object.FindObjectsByType<T>(FindObjectsSortMode)' is obsolete: 'FindObjectsByType with FindObjectsSortMode parameter has been deprecated. Use FindObjectsByType<T>() or FindObjectsByType<T>(FindObjectsInactive) instead. InstanceID will be replaced in the future with EntityId and previous sort order cannot be maintained.'

Assets\LaserCorridor\LaserCorridorGameManager.cs(194,62): warning CS0618: 'FindObjectsSortMode' is obsolete: 'FindObjectsSortMode has been deprecated. Use the FindObjectsByType overloads that do not take a FindObjectsSortMode parameter.'

Assets\LaserCorridor\LaserCorridorGameManager.cs(194,27): warning CS0618: 'Object.FindObjectsByType<T>(FindObjectsSortMode)' is obsolete: 'FindObjectsByType with FindObjectsSortMode parameter has been deprecated. Use FindObjectsByType<T>() or FindObjectsByType<T>(FindObjectsInactive) instead. InstanceID will be replaced in the future with EntityId and previous sort order cannot be maintained.'

Assets\LaserCorridor\BonusFloorPanel.cs(126,59): warning CS0618: 'FindObjectsSortMode' is obsolete: 'FindObjectsSortMode has been deprecated. Use the FindObjectsByType overloads that do not take a FindObjectsSortMode parameter.'

Assets\LaserCorridor\BonusFloorPanel.cs(126,30): warning CS0618: 'Object.FindObjectsByType<T>(FindObjectsSortMode)' is obsolete: 'FindObjectsByType with FindObjectsSortMode parameter has been deprecated. Use FindObjectsByType<T>() or FindObjectsByType<T>(FindObjectsInactive) instead. InstanceID will be replaced in the future with EntityId and previous sort order cannot be maintained.'

Assets\LaserCorridor\LaserSpawner.cs(302,15): warning CS0219: The variable 'hatchHeight' is assigned but its value is never used
[1062/1069  0s] ILPostProcess Library/Bee/artifacts/1900b0aE.dag/post-processed/Assembly-CSharp.dll (+pdb)
Processing assembly Library/Bee/artifacts/1900b0aE.dag/Assembly-CSharp.dll, with 150 defines and 356 references

processors: Unity.Jobs.CodeGen.JobsILPostProcessor, zzzUnity.Burst.CodeGen.BurstILPostProcessor

1 processor(s) skipped this assembly

running Unity.Jobs.CodeGen.JobsILPostProcessor
[1063/1069  0s] CopyFiles Library/ScriptAssemblies/Assembly-CSharp.pdb
[1064/1069  0s] CopyFiles Library/ScriptAssemblies/Assembly-CSharp.dll
[1065/1069  4s] Csc Library/Bee/artifacts/1900b0aE.dag/Assembly-CSharp-Editor.dll (+2 others)
Assets\LaserCorridor\Editor\ResidentEvilCorridorBuilder.cs(143,33): warning CS0618: 'Object.FindFirstObjectByType<T>()' is obsolete: 'FindFirstObjectByType has been deprecated because it relies on instance ID ordering. Use FindAnyObjectByType instead, which does not depend on ordering.'
[1066/1069  0s] ILPostProcess Library/Bee/artifacts/1900b0aE.dag/post-processed/Assembly-CSharp-Editor.dll (+pdb)
Processing assembly Library/Bee/artifacts/1900b0aE.dag/Assembly-CSharp-Editor.dll, with 148 defines and 379 references

processors: Unity.Jobs.CodeGen.JobsILPostProcessor, zzzUnity.Burst.CodeGen.BurstILPostProcessor

1 processor(s) skipped this assembly

running Unity.Jobs.CodeGen.JobsILPostProcessor
[1067/1069  0s] CopyFiles Library/ScriptAssemblies/Assembly-CSharp-Editor.pdb
[1068/1069  0s] CopyFiles Library/ScriptAssemblies/Assembly-CSharp-Editor.dll
*** Tundra build success (23.77 seconds), 9 items updated, 1069 evaluated
Assets\LaserCorridor\CorridorHUD.cs(24,28): warning CS0618: 'Object.FindFirstObjectByType<T>()' is obsolete: 'FindFirstObjectByType has been deprecated because it relies on instance ID ordering. Use FindAnyObjectByType instead, which does not depend on ordering.'
Assets\LaserCorridor\CorridorHUD.cs(29,27): warning CS0618: 'Object.FindFirstObjectByType<T>()' is obsolete: 'FindFirstObjectByType has been deprecated because it relies on instance ID ordering. Use FindAnyObjectByType instead, which does not depend on ordering.'
Assets\LaserCorridor\LaserCorridorGameManager.cs(50,24): warning CS0618: 'Object.FindFirstObjectByType<T>()' is obsolete: 'FindFirstObjectByType has been deprecated because it relies on instance ID ordering. Use FindAnyObjectByType instead, which does not depend on ordering.'
Assets\LaserCorridor\LaserCorridorGameManager.cs(68,28): warning CS0618: 'Object.FindFirstObjectByType<T>()' is obsolete: 'FindFirstObjectByType has been deprecated because it relies on instance ID ordering. Use FindAnyObjectByType instead, which does not depend on ordering.'
Assets\LaserCorridor\LaserCorridorGameManager.cs(73,28): warning CS0618: 'Object.FindFirstObjectByType<T>()' is obsolete: 'FindFirstObjectByType has been deprecated because it relies on instance ID ordering. Use FindAnyObjectByType instead, which does not depend on ordering.'
Assets\LaserCorridor\LaserCorridorGameManager.cs(77,58): warning CS0618: 'FindObjectsSortMode' is obsolete: 'FindObjectsSortMode has been deprecated. Use the FindObjectsByType overloads that do not take a FindObjectsSortMode parameter.'
Assets\LaserCorridor\LaserCorridorGameManager.cs(77,23): warning CS0618: 'Object.FindObjectsByType<T>(FindObjectsSortMode)' is obsolete: 'FindObjectsByType with FindObjectsSortMode parameter has been deprecated. Use FindObjectsByType<T>() or FindObjectsByType<T>(FindObjectsInactive) instead. InstanceID will be replaced in the future with EntityId and previous sort order cannot be maintained.'
Assets\LaserCorridor\LaserCorridorGameManager.cs(194,62): warning CS0618: 'FindObjectsSortMode' is obsolete: 'FindObjectsSortMode has been deprecated. Use the FindObjectsByType overloads that do not take a FindObjectsSortMode parameter.'
Assets\LaserCorridor\LaserCorridorGameManager.cs(194,27): warning CS0618: 'Object.FindObjectsByType<T>(FindObjectsSortMode)' is obsolete: 'FindObjectsByType with FindObjectsSortMode parameter has been deprecated. Use FindObjectsByType<T>() or FindObjectsByType<T>(FindObjectsInactive) instead. InstanceID will be replaced in the future with EntityId and previous sort order cannot be maintained.'
Assets\LaserCorridor\BonusFloorPanel.cs(126,59): warning CS0618: 'FindObjectsSortMode' is obsolete: 'FindObjectsSortMode has been deprecated. Use the FindObjectsByType overloads that do not take a FindObjectsSortMode parameter.'
Assets\LaserCorridor\BonusFloorPanel.cs(126,30): warning CS0618: 'Object.FindObjectsByType<T>(FindObjectsSortMode)' is obsolete: 'FindObjectsByType with FindObjectsSortMode parameter has been deprecated. Use FindObjectsByType<T>() or FindObjectsByType<T>(FindObjectsInactive) instead. InstanceID will be replaced in the future with EntityId and previous sort order cannot be maintained.'
Assets\LaserCorridor\LaserSpawner.cs(302,15): warning CS0219: The variable 'hatchHeight' is assigned but its value is never used
Assets\LaserCorridor\Editor\ResidentEvilCorridorBuilder.cs(143,33): warning CS0618: 'Object.FindFirstObjectByType<T>()' is obsolete: 'FindFirstObjectByType has been deprecated because it relies on instance ID ordering. Use FindAnyObjectByType instead, which does not depend on ordering.'
Total cache size 268004076
Total cache size after purge 268004076, took 00:00:02.0444597
Reloading assemblies after forced synchronous recompile.
Begin MonoManager ReloadAssembly
GPU Resident Drawer disposed.
Refreshing native plugins compatible for Editor in 68.80 ms, found 4 plugins.
Native extension for WindowsStandalone target not found
Native extension for WebGL target not found
[MODES] ModeService[none].Initialize
[MODES] ModeService[none].LoadModes
ScheduleIndexationOnStartup MainProcess:True IndexOnStartup:True
Scripting: successfully reloaded assembly
- Finished resetting the current domain, in  7.206 seconds
Domain Reload Profiling: 14065ms
	BeginReloadAssembly (3454ms)
		ExecutionOrderSort (4ms)
		DisableScriptedObjects (690ms)
		ReleaseScriptingObjects (4ms)
		CreateAndSetChildDomain (1749ms)
	RebuildCommonClasses (31ms)
	RebuildNativeTypeToScriptingClass (38ms)
	initialDomainReloadingComplete (455ms)
	LoadAllAssembliesAndSetupDomain (2878ms)
		LoadAssemblies (1621ms)
		TypeCache.Refresh (46ms)
			TypeCache.ScanAssembly (3ms)
		AnalyzeDomain (1015ms)
			BuildScriptInfoCaches (933ms)
			ResolveRequiredComponents (63ms)
	FinalizeReload (7209ms)
		SetupLoadedEditorAssemblies (0ms)
			LogAssemblyErrors (6ms)
			InitializePlatformSupportModulesInManaged (6ms)
			BeforeProcessingInitializeOnLoad (839ms)
			ProcessInitializeOnLoadAttributes (899ms)
			ProcessInitializeOnLoadMethodAttributes (274ms)
			AfterProcessingInitializeOnLoad (19ms)
			EditorAssembliesLoaded (6ms)
		AwakeInstancesAfterBackupRestoration (3938ms)
Importing 'GUID: 99c9720ab356a0642a771bea13969a05 - Path: Assets/Scenes/SampleScene.unity' with importer (DefaultImporter)
Imported 'GUID: 99c9720ab356a0642a771bea13969a05' -> (Import Result ID: '81979117b19d394f0292c72482169b2d') in 0.018 seconds [static dependencies only]. Details - ImportResultOutputID=b4491ddbae88a879b6308480a6079ca7 DependenciesID=b1b6f268dca351055f1d5c2875e8fcad StaticDependenciesID=615973cef9273f479e2c3a467a2540b2 
Refreshing native plugins compatible for Editor in 6.47 ms, found 4 plugins.

Asset Pipeline Refresh (id=e1c14b85b9110154e982b6d5ba6e8482): Total: 53.853 seconds - Initiated by RefreshV2(AllowForceSynchronousImport)
	(Values over 0.05ms)
	Summary:
		Imports: total=1 (actual=1, local cache=0, cache server=0)
		Asset DB Process Time: managed=2 ms, native=8940 ms
		Asset DB Callback time: managed=233 ms, native=31 ms
		Scripting: domain reloads=1, domain reload time=7486 ms, compile time=37156 ms, other=0 ms
		Project Asset Count: scripts=1452, non-scripts=2855
		Asset File Changes: new=0, changed=2, moved=0, deleted=0
		Scan Filter Count: 0
	InvokePackagesCallback: 13.319ms
	ApplyChangesToAssetFolders: 5.255ms
	Scan: 298.932ms
	Collect global state as custom dependencies: 33.815ms
	OnSourceAssetsModified: 116.630ms
	CategorizeScriptCompilationAssets: 2.205ms
	ProcessAssetsWithTransientArtifactChanges: 29.632ms
	CategorizeAssets: 916.215ms
	CompileScripts: 37156.004ms
	ImportOutOfDateAssets: 7337.310ms (7299.906ms without children)
		ImportManagerImport: 26.413ms (2.822ms without children)
		CollectScriptTypesHashes: 22.675ms
		ReloadNativeAssets: 2.019ms
		UnloadImportedAssets: 0.304ms
		EnsureUptoDateAssetsAreRegisteredWithGuidPM: 1.206ms
		ImportSchedulerStart: 7.414ms
	PostProcessAllAssets: 128.605ms
		PostProcessCallbackCreateDeferredMaterials 1.373ms
		XRBuildSystem.XRAssetImported 1.197ms
		ShaderAssetModifiedCallback 0.952ms
		VCAutoAddAssetPostprocess 0.513ms
		RaytracingShaderImportPostprocess 0.309ms
		PostprocessAssetsUpdateCachedIcon 0.235ms
		ObjectImages.AssetImported 0.214ms
		MonoPostProcessAllAssets: 119.908ms
			UniversalRenderPipelineGlobalSettingsPostprocessor.OnPostprocessAllAssets 22.182ms
			BuilderAssetPostprocessor.OnPostprocessAllAssets 20.851ms
			AssetChangedListener.OnPostprocessAllAssets 11.303ms
			AssetPostprocessor.OnPostprocessAllAssets 8.034ms
			SyncVS.PostprocessSyncProject 6.496ms
			SpeedTree9Postprocessor.OnPostprocessAllAssets 4.629ms
			WindowAssetPostprocessingWatcher.OnPostprocessAllAssets 3.636ms
			ShaderGraphAssetPostProcessor.OnPostprocessAllAssets 3.183ms
			RetainedModeAssetPostprocessor.OnPostprocessAllAssets 2.821ms
			RenderPipelineGlobalSettingsPostprocessor.OnPostprocessAllAssets 2.336ms
			ProjectSettingsPostprocessor.OnPostprocessAllAssets 1.527ms
			EditModeScopePostprocessor.OnPostprocessAllAssets 1.444ms
			MaterialPostprocessor.OnPostprocessAllAssets 1.293ms
			ShaderReflectionAssetPostProcessor.OnPostprocessAllAssets 1.044ms
			TMPro_TexturePostProcessor.OnPostprocessAllAssets 0.958ms
			PostProcessor.OnPostprocessAllAssets 0.740ms
			TextAssetPostProcessor.OnPostprocessAllAssets 0.735ms
			InputActionAssetPostprocessor.OnPostprocessAllAssets 0.705ms
			ArtifactBrowserPostProcessor.OnPostprocessAllAssets 0.672ms
			AudioMixerPostprocessor.OnPostprocessAllAssets 0.667ms
			UVCSAssetPostprocessor.OnPostprocessAllAssets 0.575ms
			InputActionJsonNameModifierAssetProcessor.OnPostprocessAllAssets 0.542ms
			ReferencedClipsPostProcessor.OnPostprocessAllAssets 0.485ms
			StyleCatalogPostProcessor.OnPostprocessAllAssets 0.459ms
			AssetEvents.OnPostprocessAllAssets 0.389ms
			SpeedTreePostProcessor.OnPostprocessAllAssets 0.381ms
			TerrainToolbarOverlayPostProcessor.OnPostprocessAllAssets 0.367ms
			AssetDatabaseCallbacks.OnPostprocessAllAssets 0.289ms
			SamplePostprocessor.OnPostprocessAllAssets 0.283ms
			ScenarioDriftAssetsTracker.OnPostprocessAllAssets 0.277ms
			ConfigAssetsTracker.OnPostprocessAllAssets 0.240ms
			AssetReloadNotifier.OnPostprocessAllAssets 0.233ms
			ThemePostprocessor.OnPostprocessAllAssets 0.192ms
			AudioContainerPostProcessor.OnPostprocessAllAssets 0.167ms
	PostAssetChangesProfiler: 10.599ms
	GatherAllCurrentPrimaryImportResultRevisions: 5.997ms
	UnloadStreamsBegin: 13.784ms
	PersistCurrentRevisions: 0.338ms
	GenerateScriptTypeHashes: 3.848ms
	GenerateScriptTypeSerializationHashes: 6.277ms
	Untracked: 7724.212ms

Asset Pipeline Refresh (id=f5aaa3bbdbcb81747aff7159dfb1ea01): Total: 0.006 seconds - Initiated by RefreshV2(AllowForceSynchronousImport)
Asset Pipeline Refresh (id=e19039b5086fde14fbb94ca3b96b0401): Total: 0.005 seconds - Initiated by RefreshV2(AllowForceSynchronousImport)
Opening scene 'Assets/Scenes/SampleScene.unity'
Unloading 0 Unused Serialized files (Serialized files now loaded: 0)
Loaded scene 'Assets/Scenes/SampleScene.unity'
	Deserialize:            19.055 ms
	Integration:            58.998 ms
	Integration of assets:  0.098 ms
	Thread Wait Time:       0.105 ms
	Total Operation Time:   78.256 ms
Unloading 43 unused Assets / (Unknown). Loaded Objects now: 9406.
Memory consumption went from 0.67 GB to 0.67 GB.
Total: 35.805700 ms (FindLiveObjects: 0.818800 ms CreateObjectMapping: 0.507200 ms MarkObjects: 24.996700 ms  DeleteObjects: 8.890900 ms)

[Licensing::Client] Successfully resolved entitlement details
[Licensing::Client] Successfully resolved entitlement details
GPU Resident Drawer created.
Asset Pipeline Refresh (id=2b932b60dca671e4f802418a3751ce8e): Total: 0.017 seconds - Initiated by RefreshV2(AllowForceSynchronousImport)
Asset Pipeline Refresh (id=7a1609726e9a3fd43a5dd644f691efe3): Total: 0.004 seconds - Initiated by RefreshV2(AllowForceSynchronousImport)
Asset Pipeline Refresh (id=1ad488e1805930e438daf986ca6faea2): Total: 0.043 seconds - Initiated by RefreshV2(AllowForceSynchronousImport)
GPU Resident Drawer disposed.
Entering Playmode with Reload Domain disabled.
If you experience any issues, please disable "Enter Play Mode Options" in Editor Settings
Entering Playmode with Reload Scene disabled. If you experience any issues, please disable "Enter Play Mode Options" in Editor Settings
GPU Resident Drawer created.
[Player] Jump pressed! isGrounded: True, Timer: 0
UnityEngine.Debug:ExtractStackTraceNoAlloc (byte*,int,string)
UnityEngine.StackTraceUtility:ExtractStackTrace ()
UnityEngine.DebugLogHandler:Internal_Log (UnityEngine.LogType,UnityEngine.LogOption,string,UnityEngine.Object)
UnityEngine.DebugLogHandler:LogFormat (UnityEngine.LogType,UnityEngine.Object,string,object[])
UnityEngine.Logger:Log (UnityEngine.LogType,object)
UnityEngine.Debug:Log (object)
Player:Update () (at Assets/Player.cs:182)

(Filename: Assets/Player.cs Line: 182)

[Player] Jump executed! JumpForce: 4, y-velocity: 4
UnityEngine.Debug:ExtractStackTraceNoAlloc (byte*,int,string)
UnityEngine.StackTraceUtility:ExtractStackTrace ()
UnityEngine.DebugLogHandler:Internal_Log (UnityEngine.LogType,UnityEngine.LogOption,string,UnityEngine.Object)
UnityEngine.DebugLogHandler:LogFormat (UnityEngine.LogType,UnityEngine.Object,string,object[])
UnityEngine.Logger:Log (UnityEngine.LogType,object)
UnityEngine.Debug:Log (object)
Player:Jump () (at Assets/Player.cs:395)
Player:Update () (at Assets/Player.cs:186)

(Filename: Assets/Player.cs Line: 395)

GPU Resident Drawer disposed.
Unloading 18 Unused Serialized files (Serialized files now loaded: 0)
Loaded scene 'Temp/__Backupscenes/0.backup'
	Deserialize:            11.775 ms
	Integration:            27.613 ms
	Integration of assets:  0.543 ms
	Thread Wait Time:       -0.256 ms
	Total Operation Time:   39.676 ms
Unloading 57 unused Assets / (52.5 KB). Loaded Objects now: 9439.
Memory consumption went from 0.69 GB to 0.69 GB.
Total: 51.793900 ms (FindLiveObjects: 0.743300 ms CreateObjectMapping: 0.196200 ms MarkObjects: 49.081400 ms  DeleteObjects: 1.501000 ms)

[Licensing::Client] Successfully resolved entitlement details
GPU Resident Drawer created.
Asset Pipeline Refresh (id=5437858ac2a0e4a4ab1aaccc985e4df9): Total: 0.014 seconds - Initiated by RefreshV2(AllowForceSynchronousImport)
Asset Pipeline Refresh (id=8d504703894dc2341ad988e40d7db47d): Total: 0.006 seconds - Initiated by RefreshV2(AllowForceSynchronousImport)
GPU Resident Drawer disposed.
Entering Playmode with Reload Domain disabled.
If you experience any issues, please disable "Enter Play Mode Options" in Editor Settings
Entering Playmode with Reload Scene disabled. If you experience any issues, please disable "Enter Play Mode Options" in Editor Settings
GPU Resident Drawer created.
GPU Resident Drawer disposed.
Unloading 15 Unused Serialized files (Serialized files now loaded: 0)
Loaded scene 'Temp/__Backupscenes/0.backup'
	Deserialize:            2.764 ms
	Integration:            31.688 ms
	Integration of assets:  0.038 ms
	Thread Wait Time:       0.019 ms
	Total Operation Time:   34.508 ms
Unloading 23 unused Assets / (289.4 KB). Loaded Objects now: 9445.
Memory consumption went from 0.69 GB to 0.69 GB.
Total: 31.187800 ms (FindLiveObjects: 0.724400 ms CreateObjectMapping: 0.337900 ms MarkObjects: 29.731600 ms  DeleteObjects: 0.134000 ms)

GPU Resident Drawer created.
Asset Pipeline Refresh (id=0cc7c8e883f51f74ab9ffe36fddbbe0a): Total: 0.016 seconds - Initiated by RefreshV2(AllowForceSynchronousImport)
Project ID request failed, Reason: The requested URL returned error: 401 (401).
Unknown Unity Connect error (400). Please contact support at support@unity.com while processing request "https://services.unity.com/api/unity/legacy/v1/projects/e5d3e204-cd96-4438-a1a4-e05c63c78158", HTTP error code 401
.[Licensing::Client] Successfully resolved entitlement details
[Licensing::Client] Successfully updated the access token
[Licensing::Module] Successfully updated access token: "J9C1WrHG"... (expires: 2026-10-06T12:30:57Z)
[Licensing::Client] Successfully resolved entitlement details
[Licensing::Client] Successfully resolved entitlement details
UPID Received 'e5d3e204-cd96-4438-a1a4-e05c63c78158'.
Asset Pipeline Refresh (id=27feff0fce31b1c4683d375fc7149c96): Total: 0.024 seconds - Initiated by RefreshV2(AllowForceSynchronousImport)
[Licensing::Client] Successfully resolved entitlement details
Asset Pipeline Refresh (id=50b756d9ba66ea84a8144aa7048b3eed): Total: 0.012 seconds - Initiated by RefreshV2(AllowForceSynchronousImport)
[ScriptCompilation] Requested script compilation because: AssetDatabase observed changes in script compilation related files
[Licensing::Client] Successfully resolved entitlement details
Starting: C:\Program Files\Unity\Hub\Editor\6000.6.0f1\Editor\Data\Tools\BuildPipeline\bee_backend.exe --ipc --defer-dag-verification --dagfile="Library/Bee/1900b0aE.dag" --continue-on-failure --profile="Library/Bee/backend1.traceevents" ScriptAssemblies
WorkingDir: C:/Users/Duncan Joseph/Laser Room
ExitCode: 4 Duration: 1s317ms
[ 828/1069  0s] ILPP-Configuration Library/ilpp-configuration.nevergeneratedoutput
Rebuilding DAG because FileSignature timestamp changed: Library/Bee/1900b0aE-inputdata.json
*** Tundra requires additional run (1.04 seconds), 1 items updated, 1069 evaluated
Starting: C:\Program Files\Unity\Hub\Editor\6000.6.0f1\Editor\Data\DotNetSdk\dotnet.exe "C:\Program Files\Unity\Hub\Editor\6000.6.0f1\Editor\Data\Tools\BuildPipeline\ScriptCompilationBuildProgram.exe" "Library/Bee/1900b0aE.dag.json" "Library/Bee/1900b0aE-inputdata.json" "Library\Bee\buildprogram0.traceevents"
WorkingDir: C:/Users/Duncan Joseph/Laser Room
ExitCode: 0 Duration: 4s868ms
Starting: C:\Program Files\Unity\Hub\Editor\6000.6.0f1\Editor\Data\Tools\BuildPipeline\bee_backend.exe --ipc --defer-dag-verification --dagfile="Library/Bee/1900b0aE.dag" --continue-on-failure --dagfilejson="Library\Bee\1900b0aE.dag.json" --profile="Library/Bee/backend2.traceevents" ScriptAssemblies
WorkingDir: C:/Users/Duncan Joseph/Laser Room
ExitCode: 0 Duration: 4s804ms
Finished compiling graph: 1072 nodes, 21226 flattened edges (18018 ToBuild, 166 ToUse), maximum node priority 1142
[ 576/1069  0s] WriteText Library/Bee/artifacts/1900b0aE.dag/Assembly-CSharp.rsp
[ 826/1069  0s] ILPP-Configuration Library/ilpp-configuration.nevergeneratedoutput
[1061/1069  2s] Csc Library/Bee/artifacts/1900b0aE.dag/Assembly-CSharp.dll (+2 others)
Assets\LaserCorridor\CorridorHUD.cs(24,28): warning CS0618: 'Object.FindFirstObjectByType<T>()' is obsolete: 'FindFirstObjectByType has been deprecated because it relies on instance ID ordering. Use FindAnyObjectByType instead, which does not depend on ordering.'

Assets\LaserCorridor\CorridorHUD.cs(29,27): warning CS0618: 'Object.FindFirstObjectByType<T>()' is obsolete: 'FindFirstObjectByType has been deprecated because it relies on instance ID ordering. Use FindAnyObjectByType instead, which does not depend on ordering.'

Assets\LaserCorridor\LaserCorridorGameManager.cs(50,24): warning CS0618: 'Object.FindFirstObjectByType<T>()' is obsolete: 'FindFirstObjectByType has been deprecated because it relies on instance ID ordering. Use FindAnyObjectByType instead, which does not depend on ordering.'

Assets\LaserCorridor\LaserCorridorGameManager.cs(68,28): warning CS0618: 'Object.FindFirstObjectByType<T>()' is obsolete: 'FindFirstObjectByType has been deprecated because it relies on instance ID ordering. Use FindAnyObjectByType instead, which does not depend on ordering.'

Assets\LaserCorridor\LaserCorridorGameManager.cs(73,28): warning CS0618: 'Object.FindFirstObjectByType<T>()' is obsolete: 'FindFirstObjectByType has been deprecated because it relies on instance ID ordering. Use FindAnyObjectByType instead, which does not depend on ordering.'

Assets\LaserCorridor\LaserCorridorGameManager.cs(77,58): warning CS0618: 'FindObjectsSortMode' is obsolete: 'FindObjectsSortMode has been deprecated. Use the FindObjectsByType overloads that do not take a FindObjectsSortMode parameter.'

Assets\LaserCorridor\LaserCorridorGameManager.cs(77,23): warning CS0618: 'Object.FindObjectsByType<T>(FindObjectsSortMode)' is obsolete: 'FindObjectsByType with FindObjectsSortMode parameter has been deprecated. Use FindObjectsByType<T>() or FindObjectsByType<T>(FindObjectsInactive) instead. InstanceID will be replaced in the future with EntityId and previous sort order cannot be maintained.'

Assets\LaserCorridor\LaserCorridorGameManager.cs(194,62): warning CS0618: 'FindObjectsSortMode' is obsolete: 'FindObjectsSortMode has been deprecated. Use the FindObjectsByType overloads that do not take a FindObjectsSortMode parameter.'

Assets\LaserCorridor\LaserCorridorGameManager.cs(194,27): warning CS0618: 'Object.FindObjectsByType<T>(FindObjectsSortMode)' is obsolete: 'FindObjectsByType with FindObjectsSortMode parameter has been deprecated. Use FindObjectsByType<T>() or FindObjectsByType<T>(FindObjectsInactive) instead. InstanceID will be replaced in the future with EntityId and previous sort order cannot be maintained.'

Assets\LaserCorridor\BonusFloorPanel.cs(126,59): warning CS0618: 'FindObjectsSortMode' is obsolete: 'FindObjectsSortMode has been deprecated. Use the FindObjectsByType overloads that do not take a FindObjectsSortMode parameter.'

Assets\LaserCorridor\BonusFloorPanel.cs(126,30): warning CS0618: 'Object.FindObjectsByType<T>(FindObjectsSortMode)' is obsolete: 'FindObjectsByType with FindObjectsSortMode parameter has been deprecated. Use FindObjectsByType<T>() or FindObjectsByType<T>(FindObjectsInactive) instead. InstanceID will be replaced in the future with EntityId and previous sort order cannot be maintained.'

Assets\LaserCorridor\LaserSpawner.cs(302,15): warning CS0219: The variable 'hatchHeight' is assigned but its value is never used
[1062/1069  0s] ILPostProcess Library/Bee/artifacts/1900b0aE.dag/post-processed/Assembly-CSharp.dll (+pdb)
Processing assembly Library/Bee/artifacts/1900b0aE.dag/Assembly-CSharp.dll, with 150 defines and 356 references

processors: Unity.Jobs.CodeGen.JobsILPostProcessor, zzzUnity.Burst.CodeGen.BurstILPostProcessor

1 processor(s) skipped this assembly

running Unity.Jobs.CodeGen.JobsILPostProcessor
[1063/1069  0s] CopyFiles Library/ScriptAssemblies/Assembly-CSharp.pdb
[1064/1069  0s] CopyFiles Library/ScriptAssemblies/Assembly-CSharp.dll
[1065/1069  0s] Csc Library/Bee/artifacts/1900b0aE.dag/Assembly-CSharp-Editor.dll (+2 others)
Assets\LaserCorridor\Editor\ResidentEvilCorridorBuilder.cs(143,33): warning CS0618: 'Object.FindFirstObjectByType<T>()' is obsolete: 'FindFirstObjectByType has been deprecated because it relies on instance ID ordering. Use FindAnyObjectByType instead, which does not depend on ordering.'
[1066/1069  0s] ILPostProcess Library/Bee/artifacts/1900b0aE.dag/post-processed/Assembly-CSharp-Editor.dll (+pdb)
Processing assembly Library/Bee/artifacts/1900b0aE.dag/Assembly-CSharp-Editor.dll, with 148 defines and 379 references

processors: Unity.Jobs.CodeGen.JobsILPostProcessor, zzzUnity.Burst.CodeGen.BurstILPostProcessor

1 processor(s) skipped this assembly

running Unity.Jobs.CodeGen.JobsILPostProcessor
[1067/1069  0s] CopyFiles Library/ScriptAssemblies/Assembly-CSharp-Editor.dll
[1068/1069  0s] CopyFiles Library/ScriptAssemblies/Assembly-CSharp-Editor.pdb
*** Tundra build success (4.77 seconds), 10 items updated, 1069 evaluated
Assets\LaserCorridor\CorridorHUD.cs(24,28): warning CS0618: 'Object.FindFirstObjectByType<T>()' is obsolete: 'FindFirstObjectByType has been deprecated because it relies on instance ID ordering. Use FindAnyObjectByType instead, which does not depend on ordering.'
Assets\LaserCorridor\CorridorHUD.cs(29,27): warning CS0618: 'Object.FindFirstObjectByType<T>()' is obsolete: 'FindFirstObjectByType has been deprecated because it relies on instance ID ordering. Use FindAnyObjectByType instead, which does not depend on ordering.'
Assets\LaserCorridor\LaserCorridorGameManager.cs(50,24): warning CS0618: 'Object.FindFirstObjectByType<T>()' is obsolete: 'FindFirstObjectByType has been deprecated because it relies on instance ID ordering. Use FindAnyObjectByType instead, which does not depend on ordering.'
Assets\LaserCorridor\LaserCorridorGameManager.cs(68,28): warning CS0618: 'Object.FindFirstObjectByType<T>()' is obsolete: 'FindFirstObjectByType has been deprecated because it relies on instance ID ordering. Use FindAnyObjectByType instead, which does not depend on ordering.'
Assets\LaserCorridor\LaserCorridorGameManager.cs(73,28): warning CS0618: 'Object.FindFirstObjectByType<T>()' is obsolete: 'FindFirstObjectByType has been deprecated because it relies on instance ID ordering. Use FindAnyObjectByType instead, which does not depend on ordering.'
Assets\LaserCorridor\LaserCorridorGameManager.cs(77,58): warning CS0618: 'FindObjectsSortMode' is obsolete: 'FindObjectsSortMode has been deprecated. Use the FindObjectsByType overloads that do not take a FindObjectsSortMode parameter.'
Assets\LaserCorridor\LaserCorridorGameManager.cs(77,23): warning CS0618: 'Object.FindObjectsByType<T>(FindObjectsSortMode)' is obsolete: 'FindObjectsByType with FindObjectsSortMode parameter has been deprecated. Use FindObjectsByType<T>() or FindObjectsByType<T>(FindObjectsInactive) instead. InstanceID will be replaced in the future with EntityId and previous sort order cannot be maintained.'
Assets\LaserCorridor\LaserCorridorGameManager.cs(194,62): warning CS0618: 'FindObjectsSortMode' is obsolete: 'FindObjectsSortMode has been deprecated. Use the FindObjectsByType overloads that do not take a FindObjectsSortMode parameter.'
Assets\LaserCorridor\LaserCorridorGameManager.cs(194,27): warning CS0618: 'Object.FindObjectsByType<T>(FindObjectsSortMode)' is obsolete: 'FindObjectsByType with FindObjectsSortMode parameter has been deprecated. Use FindObjectsByType<T>() or FindObjectsByType<T>(FindObjectsInactive) instead. InstanceID will be replaced in the future with EntityId and previous sort order cannot be maintained.'
Assets\LaserCorridor\BonusFloorPanel.cs(126,59): warning CS0618: 'FindObjectsSortMode' is obsolete: 'FindObjectsSortMode has been deprecated. Use the FindObjectsByType overloads that do not take a FindObjectsSortMode parameter.'
Assets\LaserCorridor\BonusFloorPanel.cs(126,30): warning CS0618: 'Object.FindObjectsByType<T>(FindObjectsSortMode)' is obsolete: 'FindObjectsByType with FindObjectsSortMode parameter has been deprecated. Use FindObjectsByType<T>() or FindObjectsByType<T>(FindObjectsInactive) instead. InstanceID will be replaced in the future with EntityId and previous sort order cannot be maintained.'
Assets\LaserCorridor\LaserSpawner.cs(302,15): warning CS0219: The variable 'hatchHeight' is assigned but its value is never used
Assets\LaserCorridor\Editor\ResidentEvilCorridorBuilder.cs(143,33): warning CS0618: 'Object.FindFirstObjectByType<T>()' is obsolete: 'FindFirstObjectByType has been deprecated because it relies on instance ID ordering. Use FindAnyObjectByType instead, which does not depend on ordering.'
Reloading assemblies after forced synchronous recompile.
Begin MonoManager ReloadAssembly
GPU Resident Drawer disposed.
Total cache size 268004076
Refreshing native plugins compatible for Editor in 17.45 ms, found 4 plugins.
Native extension for WindowsStandalone target not found
Native extension for WebGL target not found
[MODES] ModeService[none].Initialize
[MODES] ModeService[none].LoadModes
ScheduleIndexationOnStartup MainProcess:True IndexOnStartup:True
Scripting: successfully reloaded assembly
- Finished resetting the current domain, in  5.649 seconds
Domain Reload Profiling: 10855ms
	BeginReloadAssembly (3571ms)
		ExecutionOrderSort (6ms)
		DisableScriptedObjects (660ms)
		CreateAndSetChildDomain (1998ms)
	RebuildCommonClasses (40ms)
	RebuildNativeTypeToScriptingClass (42ms)
	initialDomainReloadingComplete (231ms)
	LoadAllAssembliesAndSetupDomain (1319ms)
		LoadAssemblies (579ms)
		TypeCache.Refresh (38ms)
			TypeCache.ScanAssembly (3ms)
		AnalyzeDomain (679ms)
			BuildScriptInfoCaches (600ms)
			ResolveRequiredComponents (65ms)
	FinalizeReload (5651ms)
		SetupLoadedEditorAssemblies (0ms)
			LogAssemblyErrors (7ms)
			InitializePlatformSupportModulesInManaged (6ms)
			BeforeProcessingInitializeOnLoad (765ms)
			ProcessInitializeOnLoadAttributes (809ms)
			ProcessInitializeOnLoadMethodAttributes (245ms)
			AfterProcessingInitializeOnLoad (17ms)
			EditorAssembliesLoaded (4ms)
		AwakeInstancesAfterBackupRestoration (2700ms)
Refreshing native plugins compatible for Editor in 3.97 ms, found 4 plugins.

Asset Pipeline Refresh (id=2ab212c1a7aaa2b4f84e951db117d2d0): Total: 25.581 seconds - Initiated by RefreshV2(AllowForceSynchronousImport)
	(Values over 0.05ms)
	Summary:
		Imports: total=0 (actual=0, local cache=0, cache server=0)
		Asset DB Process Time: managed=0 ms, native=6881 ms
		Asset DB Callback time: managed=692 ms, native=14 ms
		Scripting: domain reloads=1, domain reload time=5453 ms, compile time=12539 ms, other=0 ms
		Project Asset Count: scripts=1452, non-scripts=2855
		Asset File Changes: new=1, changed=1, moved=0, deleted=0
		Scan Filter Count: 0
	InvokePackagesCallback: 6.479ms
	ApplyChangesToAssetFolders: 0.984ms
	Scan: 248.419ms
	Collect global state as custom dependencies: 16.021ms
	OnSourceAssetsModified: 9.355ms
	CategorizeScriptCompilationAssets: 1.526ms
	ProcessAssetsWithTransientArtifactChanges: 17.466ms
	CategorizeAssets: 384.061ms
	CompileScripts: 12538.976ms
	ImportOutOfDateAssets: 5695.287ms (5686.768ms without children)
		CollectScriptTypesHashes: 18.492ms
		ReloadNativeAssets: 2.043ms
		UnloadImportedAssets: 0.252ms
		EnsureUptoDateAssetsAreRegisteredWithGuidPM: 1.367ms
		ImportSchedulerStart: 4.823ms
	PostProcessAllAssets: 685.058ms
		XRBuildSystem.XRAssetImported 0.897ms
		PostProcessCallbackCreateDeferredMaterials 0.440ms
		ShaderAssetModifiedCallback 0.296ms
		VCAutoAddAssetPostprocess 0.254ms
		VersionControlSettings.HiddenFilePostprocess 0.189ms
		MonoPostProcessAllAssets: 679.542ms
			SyncVS.PostprocessSyncProject 564.001ms
			UniversalRenderPipelineGlobalSettingsPostprocessor.OnPostprocessAllAssets 34.860ms
			BuilderAssetPostprocessor.OnPostprocessAllAssets 11.625ms
			AssetChangedListener.OnPostprocessAllAssets 10.413ms
			AssetPostprocessor.OnPostprocessAllAssets 7.816ms
			WindowAssetPostprocessingWatcher.OnPostprocessAllAssets 5.308ms
			ShaderGraphAssetPostProcessor.OnPostprocessAllAssets 2.945ms
			RetainedModeAssetPostprocessor.OnPostprocessAllAssets 2.835ms
			SpeedTree9Postprocessor.OnPostprocessAllAssets 2.674ms
			ProjectSettingsPostprocessor.OnPostprocessAllAssets 1.783ms
			RenderPipelineGlobalSettingsPostprocessor.OnPostprocessAllAssets 1.732ms
			EditModeScopePostprocessor.OnPostprocessAllAssets 1.718ms
			TMPro_TexturePostProcessor.OnPostprocessAllAssets 1.017ms
			MaterialPostprocessor.OnPostprocessAllAssets 0.981ms
			ShaderReflectionAssetPostProcessor.OnPostprocessAllAssets 0.861ms
			ArtifactBrowserPostProcessor.OnPostprocessAllAssets 0.807ms
			InputActionAssetPostprocessor.OnPostprocessAllAssets 0.785ms
			TextAssetPostProcessor.OnPostprocessAllAssets 0.757ms
			AudioMixerPostprocessor.OnPostprocessAllAssets 0.660ms
			PostProcessor.OnPostprocessAllAssets 0.624ms
			StyleCatalogPostProcessor.OnPostprocessAllAssets 0.617ms
			InputActionJsonNameModifierAssetProcessor.OnPostprocessAllAssets 0.582ms
			UVCSAssetPostprocessor.OnPostprocessAllAssets 0.558ms
			AssetEvents.OnPostprocessAllAssets 0.510ms
			ReferencedClipsPostProcessor.OnPostprocessAllAssets 0.436ms
			AssetDatabaseCallbacks.OnPostprocessAllAssets 0.427ms
			SamplePostprocessor.OnPostprocessAllAssets 0.329ms
			ScenarioDriftAssetsTracker.OnPostprocessAllAssets 0.315ms
			TerrainToolbarOverlayPostProcessor.OnPostprocessAllAssets 0.304ms
			SpeedTreePostProcessor.OnPostprocessAllAssets 0.299ms
			ThemePostprocessor.OnPostprocessAllAssets 0.231ms
			ConfigAssetsTracker.OnPostprocessAllAssets 0.207ms
			AssetReloadNotifier.OnPostprocessAllAssets 0.194ms
			AudioContainerPostProcessor.OnPostprocessAllAssets 0.174ms
	PostAssetChangesProfiler: 11.799ms
	GatherAllCurrentPrimaryImportResultRevisions: 1.129ms
	UnloadStreamsBegin: 0.097ms
	PersistCurrentRevisions: 0.126ms
	GenerateScriptTypeHashes: 3.823ms
	GenerateScriptTypeSerializationHashes: 6.620ms
	Untracked: 5922.794ms

[Licensing::Client] Successfully resolved entitlement details
[Licensing::Client] Successfully resolved entitlement details
GPU Resident Drawer created.
Scanning for USB devices : 223.544ms
Scanning for USB devices : 13.998ms
Scanning for USB devices : 11.791ms
Scanning for USB devices : 14.059ms
[ScriptCompilation] Requested script compilation because: AssetDatabase observed changes in script compilation related files
AssetDatabase: script compilation time: 0.052694s
[Licensing::Client] Successfully resolved entitlement details
Starting: C:\Program Files\Unity\Hub\Editor\6000.6.0f1\Editor\Data\Tools\BuildPipeline\bee_backend.exe --ipc --defer-dag-verification --dagfile="Library/Bee/1900b0aE.dag" --continue-on-failure --profile="Library/Bee/backend1.traceevents" ScriptAssemblies
WorkingDir: C:/Users/Duncan Joseph/Laser Room
ExitCode: 0 Duration: 4s445ms
[ 826/1069  0s] ILPP-Configuration Library/ilpp-configuration.nevergeneratedoutput
[1061/1069  3s] Csc Library/Bee/artifacts/1900b0aE.dag/Assembly-CSharp.dll (+2 others)
Assets\LaserCorridor\CorridorHUD.cs(24,28): warning CS0618: 'Object.FindFirstObjectByType<T>()' is obsolete: 'FindFirstObjectByType has been deprecated because it relies on instance ID ordering. Use FindAnyObjectByType instead, which does not depend on ordering.'

Assets\LaserCorridor\CorridorHUD.cs(29,27): warning CS0618: 'Object.FindFirstObjectByType<T>()' is obsolete: 'FindFirstObjectByType has been deprecated because it relies on instance ID ordering. Use FindAnyObjectByType instead, which does not depend on ordering.'

Assets\LaserCorridor\LaserCorridorGameManager.cs(50,24): warning CS0618: 'Object.FindFirstObjectByType<T>()' is obsolete: 'FindFirstObjectByType has been deprecated because it relies on instance ID ordering. Use FindAnyObjectByType instead, which does not depend on ordering.'

Assets\LaserCorridor\LaserCorridorGameManager.cs(68,28): warning CS0618: 'Object.FindFirstObjectByType<T>()' is obsolete: 'FindFirstObjectByType has been deprecated because it relies on instance ID ordering. Use FindAnyObjectByType instead, which does not depend on ordering.'

Assets\LaserCorridor\LaserCorridorGameManager.cs(73,28): warning CS0618: 'Object.FindFirstObjectByType<T>()' is obsolete: 'FindFirstObjectByType has been deprecated because it relies on instance ID ordering. Use FindAnyObjectByType instead, which does not depend on ordering.'

Assets\LaserCorridor\LaserCorridorGameManager.cs(77,58): warning CS0618: 'FindObjectsSortMode' is obsolete: 'FindObjectsSortMode has been deprecated. Use the FindObjectsByType overloads that do not take a FindObjectsSortMode parameter.'

Assets\LaserCorridor\LaserCorridorGameManager.cs(77,23): warning CS0618: 'Object.FindObjectsByType<T>(FindObjectsSortMode)' is obsolete: 'FindObjectsByType with FindObjectsSortMode parameter has been deprecated. Use FindObjectsByType<T>() or FindObjectsByType<T>(FindObjectsInactive) instead. InstanceID will be replaced in the future with EntityId and previous sort order cannot be maintained.'

Assets\LaserCorridor\LaserCorridorGameManager.cs(194,62): warning CS0618: 'FindObjectsSortMode' is obsolete: 'FindObjectsSortMode has been deprecated. Use the FindObjectsByType overloads that do not take a FindObjectsSortMode parameter.'

Assets\LaserCorridor\LaserCorridorGameManager.cs(194,27): warning CS0618: 'Object.FindObjectsByType<T>(FindObjectsSortMode)' is obsolete: 'FindObjectsByType with FindObjectsSortMode parameter has been deprecated. Use FindObjectsByType<T>() or FindObjectsByType<T>(FindObjectsInactive) instead. InstanceID will be replaced in the future with EntityId and previous sort order cannot be maintained.'

Assets\LaserCorridor\BonusFloorPanel.cs(126,59): warning CS0618: 'FindObjectsSortMode' is obsolete: 'FindObjectsSortMode has been deprecated. Use the FindObjectsByType overloads that do not take a FindObjectsSortMode parameter.'

Assets\LaserCorridor\BonusFloorPanel.cs(126,30): warning CS0618: 'Object.FindObjectsByType<T>(FindObjectsSortMode)' is obsolete: 'FindObjectsByType with FindObjectsSortMode parameter has been deprecated. Use FindObjectsByType<T>() or FindObjectsByType<T>(FindObjectsInactive) instead. InstanceID will be replaced in the future with EntityId and previous sort order cannot be maintained.'

Assets\LaserCorridor\LaserSpawner.cs(302,15): warning CS0219: The variable 'hatchHeight' is assigned but its value is never used
[1062/1069  0s] ILPostProcess Library/Bee/artifacts/1900b0aE.dag/post-processed/Assembly-CSharp.dll (+pdb)
Processing assembly Library/Bee/artifacts/1900b0aE.dag/Assembly-CSharp.dll, with 150 defines and 356 references

processors: Unity.Jobs.CodeGen.JobsILPostProcessor, zzzUnity.Burst.CodeGen.BurstILPostProcessor

1 processor(s) skipped this assembly

running Unity.Jobs.CodeGen.JobsILPostProcessor
[1063/1069  0s] CopyFiles Library/ScriptAssemblies/Assembly-CSharp.pdb
[1064/1069  0s] CopyFiles Library/ScriptAssemblies/Assembly-CSharp.dll
[1065/1069  0s] Csc Library/Bee/artifacts/1900b0aE.dag/Assembly-CSharp-Editor.dll (+2 others)
Assets\LaserCorridor\Editor\ResidentEvilCorridorBuilder.cs(143,33): warning CS0618: 'Object.FindFirstObjectByType<T>()' is obsolete: 'FindFirstObjectByType has been deprecated because it relies on instance ID ordering. Use FindAnyObjectByType instead, which does not depend on ordering.'
[1066/1069  0s] ILPostProcess Library/Bee/artifacts/1900b0aE.dag/post-processed/Assembly-CSharp-Editor.dll (+pdb)
Processing assembly Library/Bee/artifacts/1900b0aE.dag/Assembly-CSharp-Editor.dll, with 148 defines and 379 references

processors: Unity.Jobs.CodeGen.JobsILPostProcessor, zzzUnity.Burst.CodeGen.BurstILPostProcessor

1 processor(s) skipped this assembly

running Unity.Jobs.CodeGen.JobsILPostProcessor
[1067/1069  0s] CopyFiles Library/ScriptAssemblies/Assembly-CSharp-Editor.pdb
[1068/1069  0s] CopyFiles Library/ScriptAssemblies/Assembly-CSharp-Editor.dll
*** Tundra build success (4.20 seconds), 9 items updated, 1069 evaluated
Assets\LaserCorridor\CorridorHUD.cs(24,28): warning CS0618: 'Object.FindFirstObjectByType<T>()' is obsolete: 'FindFirstObjectByType has been deprecated because it relies on instance ID ordering. Use FindAnyObjectByType instead, which does not depend on ordering.'
Assets\LaserCorridor\CorridorHUD.cs(29,27): warning CS0618: 'Object.FindFirstObjectByType<T>()' is obsolete: 'FindFirstObjectByType has been deprecated because it relies on instance ID ordering. Use FindAnyObjectByType instead, which does not depend on ordering.'
Assets\LaserCorridor\LaserCorridorGameManager.cs(50,24): warning CS0618: 'Object.FindFirstObjectByType<T>()' is obsolete: 'FindFirstObjectByType has been deprecated because it relies on instance ID ordering. Use FindAnyObjectByType instead, which does not depend on ordering.'
Assets\LaserCorridor\LaserCorridorGameManager.cs(68,28): warning CS0618: 'Object.FindFirstObjectByType<T>()' is obsolete: 'FindFirstObjectByType has been deprecated because it relies on instance ID ordering. Use FindAnyObjectByType instead, which does not depend on ordering.'
Assets\LaserCorridor\LaserCorridorGameManager.cs(73,28): warning CS0618: 'Object.FindFirstObjectByType<T>()' is obsolete: 'FindFirstObjectByType has been deprecated because it relies on instance ID ordering. Use FindAnyObjectByType instead, which does not depend on ordering.'
Assets\LaserCorridor\LaserCorridorGameManager.cs(77,58): warning CS0618: 'FindObjectsSortMode' is obsolete: 'FindObjectsSortMode has been deprecated. Use the FindObjectsByType overloads that do not take a FindObjectsSortMode parameter.'
Assets\LaserCorridor\LaserCorridorGameManager.cs(77,23): warning CS0618: 'Object.FindObjectsByType<T>(FindObjectsSortMode)' is obsolete: 'FindObjectsByType with FindObjectsSortMode parameter has been deprecated. Use FindObjectsByType<T>() or FindObjectsByType<T>(FindObjectsInactive) instead. InstanceID will be replaced in the future with EntityId and previous sort order cannot be maintained.'
Assets\LaserCorridor\LaserCorridorGameManager.cs(194,62): warning CS0618: 'FindObjectsSortMode' is obsolete: 'FindObjectsSortMode has been deprecated. Use the FindObjectsByType overloads that do not take a FindObjectsSortMode parameter.'
Assets\LaserCorridor\LaserCorridorGameManager.cs(194,27): warning CS0618: 'Object.FindObjectsByType<T>(FindObjectsSortMode)' is obsolete: 'FindObjectsByType with FindObjectsSortMode parameter has been deprecated. Use FindObjectsByType<T>() or FindObjectsByType<T>(FindObjectsInactive) instead. InstanceID will be replaced in the future with EntityId and previous sort order cannot be maintained.'
Assets\LaserCorridor\BonusFloorPanel.cs(126,59): warning CS0618: 'FindObjectsSortMode' is obsolete: 'FindObjectsSortMode has been deprecated. Use the FindObjectsByType overloads that do not take a FindObjectsSortMode parameter.'
Assets\LaserCorridor\BonusFloorPanel.cs(126,30): warning CS0618: 'Object.FindObjectsByType<T>(FindObjectsSortMode)' is obsolete: 'FindObjectsByType with FindObjectsSortMode parameter has been deprecated. Use FindObjectsByType<T>() or FindObjectsByType<T>(FindObjectsInactive) instead. InstanceID will be replaced in the future with EntityId and previous sort order cannot be maintained.'
Assets\LaserCorridor\LaserSpawner.cs(302,15): warning CS0219: The variable 'hatchHeight' is assigned but its value is never used
Assets\LaserCorridor\Editor\ResidentEvilCorridorBuilder.cs(143,33): warning CS0618: 'Object.FindFirstObjectByType<T>()' is obsolete: 'FindFirstObjectByType has been deprecated because it relies on instance ID ordering. Use FindAnyObjectByType instead, which does not depend on ordering.'
Reloading assemblies after forced synchronous recompile.
Begin MonoManager ReloadAssembly
GPU Resident Drawer disposed.
Total cache size 268004076
Total cache size after purge 268004076, took 00:00:01.5955037
Refreshing native plugins compatible for Editor in 14.01 ms, found 4 plugins.
Native extension for WindowsStandalone target not found
Native extension for WebGL target not found
[MODES] ModeService[none].Initialize
[MODES] ModeService[none].LoadModes
ScheduleIndexationOnStartup MainProcess:True IndexOnStartup:True
Scripting: successfully reloaded assembly
- Finished resetting the current domain, in  5.615 seconds
Domain Reload Profiling: 10271ms
	BeginReloadAssembly (3443ms)
		ExecutionOrderSort (9ms)
		DisableScriptedObjects (1250ms)
		CreateAndSetChildDomain (1305ms)
	RebuildCommonClasses (26ms)
	RebuildNativeTypeToScriptingClass (27ms)
	initialDomainReloadingComplete (153ms)
	LoadAllAssembliesAndSetupDomain (1005ms)
		LoadAssemblies (473ms)
		TypeCache.Refresh (38ms)
		AnalyzeDomain (480ms)
			BuildScriptInfoCaches (418ms)
			ResolveRequiredComponents (48ms)
	FinalizeReload (5618ms)
		SetupLoadedEditorAssemblies (0ms)
			LogAssemblyErrors (5ms)
			InitializePlatformSupportModulesInManaged (4ms)
			BeforeProcessingInitializeOnLoad (570ms)
			ProcessInitializeOnLoadAttributes (629ms)
			ProcessInitializeOnLoadMethodAttributes (211ms)
			AfterProcessingInitializeOnLoad (14ms)
			EditorAssembliesLoaded (4ms)
		AwakeInstancesAfterBackupRestoration (3362ms)
Importing 'GUID: 99c9720ab356a0642a771bea13969a05 - Path: Assets/Scenes/SampleScene.unity' with importer (DefaultImporter)
Imported 'GUID: 99c9720ab356a0642a771bea13969a05' -> (Import Result ID: '628e0f49eaa11163f03c292d946765ee') in 0.027 seconds [static dependencies only]. Details - ImportResultOutputID=b4491ddbae88a879b6308480a6079ca7 DependenciesID=ab42eea3ca5d96e642d11c80f1551a7e StaticDependenciesID=110b2d7fbf91d77adafee6017c02ce19 
Refreshing native plugins compatible for Editor in 4.51 ms, found 4 plugins.

Asset Pipeline Refresh (id=dc88fc3cc3f3a0f4b9c68bff9f552c06): Total: 19.017 seconds - Initiated by RefreshV2(AllowForceSynchronousImport)
	(Values over 0.05ms)
	Summary:
		Imports: total=1 (actual=1, local cache=0, cache server=0)
		Asset DB Process Time: managed=4 ms, native=6917 ms
		Asset DB Callback time: managed=265 ms, native=26 ms
		Scripting: domain reloads=1, domain reload time=4857 ms, compile time=6942 ms, other=0 ms
		Project Asset Count: scripts=1452, non-scripts=2855
		Asset File Changes: new=0, changed=3, moved=0, deleted=0
		Scan Filter Count: 0
	InvokeCustomDependenciesCallbacks: 0.463ms
	InvokePackagesCallback: 11.316ms
	ApplyChangesToAssetFolders: 6.378ms
	Scan: 163.413ms
	Collect global state as custom dependencies: 11.941ms
	OnSourceAssetsModified: 137.791ms
	CategorizeScriptCompilationAssets: 2.152ms
	ProcessAssetsWithTransientArtifactChanges: 21.793ms
	CategorizeAssets: 698.165ms
	CompileScripts: 6941.594ms
	ImportOutOfDateAssets: 5681.026ms (5639.445ms without children)
		ImportManagerImport: 34.138ms (2.131ms without children)
		CollectScriptTypesHashes: 43.581ms
		ReloadNativeAssets: 1.784ms
		UnloadImportedAssets: 0.118ms
		EnsureUptoDateAssetsAreRegisteredWithGuidPM: 1.325ms
		ImportSchedulerStart: 4.153ms
	PostProcessAllAssets: 135.532ms
		PostProcessCallbackCreateDeferredMaterials 0.873ms
		XRBuildSystem.XRAssetImported 0.815ms
		VCAutoAddAssetPostprocess 0.511ms
		PostprocessAssetsUpdateCachedIcon 0.301ms
		ShaderAssetModifiedCallback 0.298ms
		ObjectImages.AssetImported 0.204ms
		MonoPostProcessAllAssets: 129.662ms
			UniversalRenderPipelineGlobalSettingsPostprocessor.OnPostprocessAllAssets 38.120ms
			BuilderAssetPostprocessor.OnPostprocessAllAssets 15.496ms
			AssetChangedListener.OnPostprocessAllAssets 10.272ms
			SyncVS.PostprocessSyncProject 8.382ms
			AssetPostprocessor.OnPostprocessAllAssets 7.830ms
			WindowAssetPostprocessingWatcher.OnPostprocessAllAssets 3.623ms
			SpeedTree9Postprocessor.OnPostprocessAllAssets 3.528ms
			ShaderGraphAssetPostProcessor.OnPostprocessAllAssets 3.088ms
			RetainedModeAssetPostprocessor.OnPostprocessAllAssets 2.719ms
			RenderPipelineGlobalSettingsPostprocessor.OnPostprocessAllAssets 2.164ms
			ProjectSettingsPostprocessor.OnPostprocessAllAssets 1.912ms
			EditModeScopePostprocessor.OnPostprocessAllAssets 1.911ms
			MaterialPostprocessor.OnPostprocessAllAssets 1.339ms
			TMPro_TexturePostProcessor.OnPostprocessAllAssets 0.989ms
			ShaderReflectionAssetPostProcessor.OnPostprocessAllAssets 0.987ms
			UVCSAssetPostprocessor.OnPostprocessAllAssets 0.788ms
			InputActionAssetPostprocessor.OnPostprocessAllAssets 0.711ms
			ArtifactBrowserPostProcessor.OnPostprocessAllAssets 0.689ms
			TextAssetPostProcessor.OnPostprocessAllAssets 0.683ms
			PostProcessor.OnPostprocessAllAssets 0.649ms
			AudioMixerPostprocessor.OnPostprocessAllAssets 0.639ms
			StyleCatalogPostProcessor.OnPostprocessAllAssets 0.539ms
			AssetEvents.OnPostprocessAllAssets 0.479ms
			ReferencedClipsPostProcessor.OnPostprocessAllAssets 0.457ms
			InputActionJsonNameModifierAssetProcessor.OnPostprocessAllAssets 0.453ms
			AssetDatabaseCallbacks.OnPostprocessAllAssets 0.272ms
			TerrainToolbarOverlayPostProcessor.OnPostprocessAllAssets 0.243ms
			SpeedTreePostProcessor.OnPostprocessAllAssets 0.236ms
			SamplePostprocessor.OnPostprocessAllAssets 0.234ms
			ConfigAssetsTracker.OnPostprocessAllAssets 0.234ms
			AssetReloadNotifier.OnPostprocessAllAssets 0.211ms
			ScenarioDriftAssetsTracker.OnPostprocessAllAssets 0.199ms
			AudioContainerPostProcessor.OnPostprocessAllAssets 0.190ms
			ThemePostprocessor.OnPostprocessAllAssets 0.157ms
	PostAssetChangesProfiler: 9.792ms
	GatherAllCurrentPrimaryImportResultRevisions: 9.579ms
	UnloadStreamsBegin: 35.008ms
	PersistCurrentRevisions: 0.258ms
	GenerateScriptTypeHashes: 3.415ms
	GenerateScriptTypeSerializationHashes: 5.473ms
	Untracked: 5084.543ms

GPU Resident Drawer created.
Opening scene 'Assets/Scenes/SampleScene.unity'
Unloading 12 Unused Serialized files (Serialized files now loaded: 0)
Loaded scene 'Assets/Scenes/SampleScene.unity'
	Deserialize:            21.951 ms
	Integration:            76.411 ms
	Integration of assets:  0.804 ms
	Thread Wait Time:       0.027 ms
	Total Operation Time:   99.193 ms
Unloading 68 unused Assets / (72.3 KB). Loaded Objects now: 9540.
Memory consumption went from 0.71 GB to 0.71 GB.
Total: 35.954500 ms (FindLiveObjects: 0.739400 ms CreateObjectMapping: 0.411700 ms MarkObjects: 29.747700 ms  DeleteObjects: 4.501600 ms)

[Licensing::Client] Successfully resolved entitlement details
[Licensing::Client] Successfully resolved entitlement details
GPU Resident Drawer disposed.
Entering Playmode with Reload Domain disabled.
If you experience any issues, please disable "Enter Play Mode Options" in Editor Settings
Entering Playmode with Reload Scene disabled. If you experience any issues, please disable "Enter Play Mode Options" in Editor Settings
GPU Resident Drawer created.
[Player] Jump pressed! isGrounded: True, Timer: 0
UnityEngine.Debug:ExtractStackTraceNoAlloc (byte*,int,string)
UnityEngine.StackTraceUtility:ExtractStackTrace ()
UnityEngine.DebugLogHandler:Internal_Log (UnityEngine.LogType,UnityEngine.LogOption,string,UnityEngine.Object)
UnityEngine.DebugLogHandler:LogFormat (UnityEngine.LogType,UnityEngine.Object,string,object[])
UnityEngine.Logger:Log (UnityEngine.LogType,object)
UnityEngine.Debug:Log (object)
Player:Update () (at Assets/Player.cs:178)

(Filename: Assets/Player.cs Line: 178)

[Player] Jump executed! JumpForce: 4, y-velocity: 4
UnityEngine.Debug:ExtractStackTraceNoAlloc (byte*,int,string)
UnityEngine.StackTraceUtility:ExtractStackTrace ()
UnityEngine.DebugLogHandler:Internal_Log (UnityEngine.LogType,UnityEngine.LogOption,string,UnityEngine.Object)
UnityEngine.DebugLogHandler:LogFormat (UnityEngine.LogType,UnityEngine.Object,string,object[])
UnityEngine.Logger:Log (UnityEngine.LogType,object)
UnityEngine.Debug:Log (object)
Player:Jump () (at Assets/Player.cs:396)
Player:Update () (at Assets/Player.cs:182)

(Filename: Assets/Player.cs Line: 396)

[Player] Jump pressed! isGrounded: True, Timer: -0.004061365
UnityEngine.Debug:ExtractStackTraceNoAlloc (byte*,int,string)
UnityEngine.StackTraceUtility:ExtractStackTrace ()
UnityEngine.DebugLogHandler:Internal_Log (UnityEngine.LogType,UnityEngine.LogOption,string,UnityEngine.Object)
UnityEngine.DebugLogHandler:LogFormat (UnityEngine.LogType,UnityEngine.Object,string,object[])
UnityEngine.Logger:Log (UnityEngine.LogType,object)
UnityEngine.Debug:Log (object)
Player:Update () (at Assets/Player.cs:178)

(Filename: Assets/Player.cs Line: 178)

[Player] Jump executed! JumpForce: 4, y-velocity: 4
UnityEngine.Debug:ExtractStackTraceNoAlloc (byte*,int,string)
UnityEngine.StackTraceUtility:ExtractStackTrace ()
UnityEngine.DebugLogHandler:Internal_Log (UnityEngine.LogType,UnityEngine.LogOption,string,UnityEngine.Object)
UnityEngine.DebugLogHandler:LogFormat (UnityEngine.LogType,UnityEngine.Object,string,object[])
UnityEngine.Logger:Log (UnityEngine.LogType,object)
UnityEngine.Debug:Log (object)
Player:Jump () (at Assets/Player.cs:396)
Player:Update () (at Assets/Player.cs:182)

(Filename: Assets/Player.cs Line: 396)

[Player] Jump pressed! isGrounded: True, Timer: -0.0009613726
UnityEngine.Debug:ExtractStackTraceNoAlloc (byte*,int,string)
UnityEngine.StackTraceUtility:ExtractStackTrace ()
UnityEngine.DebugLogHandler:Internal_Log (UnityEngine.LogType,UnityEngine.LogOption,string,UnityEngine.Object)
UnityEngine.DebugLogHandler:LogFormat (UnityEngine.LogType,UnityEngine.Object,string,object[])
UnityEngine.Logger:Log (UnityEngine.LogType,object)
UnityEngine.Debug:Log (object)
Player:Update () (at Assets/Player.cs:178)

(Filename: Assets/Player.cs Line: 178)

[Player] Jump executed! JumpForce: 4, y-velocity: 4
UnityEngine.Debug:ExtractStackTraceNoAlloc (byte*,int,string)
UnityEngine.StackTraceUtility:ExtractStackTrace ()
UnityEngine.DebugLogHandler:Internal_Log (UnityEngine.LogType,UnityEngine.LogOption,string,UnityEngine.Object)
UnityEngine.DebugLogHandler:LogFormat (UnityEngine.LogType,UnityEngine.Object,string,object[])
UnityEngine.Logger:Log (UnityEngine.LogType,object)
UnityEngine.Debug:Log (object)
Player:Jump () (at Assets/Player.cs:396)
Player:Update () (at Assets/Player.cs:182)

(Filename: Assets/Player.cs Line: 396)

[Player] Jump pressed! isGrounded: True, Timer: -0.0004411968
UnityEngine.Debug:ExtractStackTraceNoAlloc (byte*,int,string)
UnityEngine.StackTraceUtility:ExtractStackTrace ()
UnityEngine.DebugLogHandler:Internal_Log (UnityEngine.LogType,UnityEngine.LogOption,string,UnityEngine.Object)
UnityEngine.DebugLogHandler:LogFormat (UnityEngine.LogType,UnityEngine.Object,string,object[])
UnityEngine.Logger:Log (UnityEngine.LogType,object)
UnityEngine.Debug:Log (object)
Player:Update () (at Assets/Player.cs:178)

(Filename: Assets/Player.cs Line: 178)

[Player] Jump executed! JumpForce: 4, y-velocity: 4
UnityEngine.Debug:ExtractStackTraceNoAlloc (byte*,int,string)
UnityEngine.StackTraceUtility:ExtractStackTrace ()
UnityEngine.DebugLogHandler:Internal_Log (UnityEngine.LogType,UnityEngine.LogOption,string,UnityEngine.Object)
UnityEngine.DebugLogHandler:LogFormat (UnityEngine.LogType,UnityEngine.Object,string,object[])
UnityEngine.Logger:Log (UnityEngine.LogType,object)
UnityEngine.Debug:Log (object)
Player:Jump () (at Assets/Player.cs:396)
Player:Update () (at Assets/Player.cs:182)

(Filename: Assets/Player.cs Line: 396)

[PlayerHealth] Speed Boost activated! (1.6x for 5s)
UnityEngine.Debug:ExtractStackTraceNoAlloc (byte*,int,string)
UnityEngine.StackTraceUtility:ExtractStackTrace ()
UnityEngine.DebugLogHandler:Internal_Log (UnityEngine.LogType,UnityEngine.LogOption,string,UnityEngine.Object)
UnityEngine.DebugLogHandler:LogFormat (UnityEngine.LogType,UnityEngine.Object,string,object[])
UnityEngine.Logger:Log (UnityEngine.LogType,object)
UnityEngine.Debug:Log (object)
PlayerHealth:ApplySpeedBoost (single,single) (at Assets/LaserCorridor/PlayerHealth.cs:145)
BonusFloorPanel:GrantBonus (PlayerHealth) (at Assets/LaserCorridor/BonusFloorPanel.cs:106)
BonusFloorPanel:OnTriggerEnter (UnityEngine.Collider) (at Assets/LaserCorridor/BonusFloorPanel.cs:90)

(Filename: Assets/LaserCorridor/PlayerHealth.cs Line: 145)

[PlayerHealth] Took 35 damage! Remaining HP: 65/100
UnityEngine.Debug:ExtractStackTraceNoAlloc (byte*,int,string)
UnityEngine.StackTraceUtility:ExtractStackTrace ()
UnityEngine.DebugLogHandler:Internal_Log (UnityEngine.LogType,UnityEngine.LogOption,string,UnityEngine.Object)
UnityEngine.DebugLogHandler:LogFormat (UnityEngine.LogType,UnityEngine.Object,string,object[])
UnityEngine.Logger:Log (UnityEngine.LogType,object)
UnityEngine.Debug:Log (object)
PlayerHealth:TakeDamage (int) (at Assets/LaserCorridor/PlayerHealth.cs:104)
LaserBeamTriggerForwarder:OnTriggerEnter (UnityEngine.Collider) (at Assets/LaserCorridor/LaserSpawner.cs:513)

(Filename: Assets/LaserCorridor/PlayerHealth.cs Line: 104)

[PlayerHealth] Speed Boost ended.
UnityEngine.Debug:ExtractStackTraceNoAlloc (byte*,int,string)
UnityEngine.StackTraceUtility:ExtractStackTrace ()
UnityEngine.DebugLogHandler:Internal_Log (UnityEngine.LogType,UnityEngine.LogOption,string,UnityEngine.Object)
UnityEngine.DebugLogHandler:LogFormat (UnityEngine.LogType,UnityEngine.Object,string,object[])
UnityEngine.Logger:Log (UnityEngine.LogType,object)
UnityEngine.Debug:Log (object)
PlayerHealth:ResetSpeedBoost () (at Assets/LaserCorridor/PlayerHealth.cs:157)
PlayerHealth:Update () (at Assets/LaserCorridor/PlayerHealth.cs:77)

(Filename: Assets/LaserCorridor/PlayerHealth.cs Line: 157)

[Player] Jump pressed! isGrounded: True, Timer: -0.002392723
UnityEngine.Debug:ExtractStackTraceNoAlloc (byte*,int,string)
UnityEngine.StackTraceUtility:ExtractStackTrace ()
UnityEngine.DebugLogHandler:Internal_Log (UnityEngine.LogType,UnityEngine.LogOption,string,UnityEngine.Object)
UnityEngine.DebugLogHandler:LogFormat (UnityEngine.LogType,UnityEngine.Object,string,object[])
UnityEngine.Logger:Log (UnityEngine.LogType,object)
UnityEngine.Debug:Log (object)
Player:Update () (at Assets/Player.cs:178)

(Filename: Assets/Player.cs Line: 178)

[Player] Jump executed! JumpForce: 4, y-velocity: 4
UnityEngine.Debug:ExtractStackTraceNoAlloc (byte*,int,string)
UnityEngine.StackTraceUtility:ExtractStackTrace ()
UnityEngine.DebugLogHandler:Internal_Log (UnityEngine.LogType,UnityEngine.LogOption,string,UnityEngine.Object)
UnityEngine.DebugLogHandler:LogFormat (UnityEngine.LogType,UnityEngine.Object,string,object[])
UnityEngine.Logger:Log (UnityEngine.LogType,object)
UnityEngine.Debug:Log (object)
Player:Jump () (at Assets/Player.cs:396)
Player:Update () (at Assets/Player.cs:182)

(Filename: Assets/Player.cs Line: 396)

[PlayerHealth] Took 35 damage! Remaining HP: 30/100
UnityEngine.Debug:ExtractStackTraceNoAlloc (byte*,int,string)
UnityEngine.StackTraceUtility:ExtractStackTrace ()
UnityEngine.DebugLogHandler:Internal_Log (UnityEngine.LogType,UnityEngine.LogOption,string,UnityEngine.Object)
UnityEngine.DebugLogHandler:LogFormat (UnityEngine.LogType,UnityEngine.Object,string,object[])
UnityEngine.Logger:Log (UnityEngine.LogType,object)
UnityEngine.Debug:Log (object)
PlayerHealth:TakeDamage (int) (at Assets/LaserCorridor/PlayerHealth.cs:104)
LaserBeamTriggerForwarder:OnTriggerEnter (UnityEngine.Collider) (at Assets/LaserCorridor/LaserSpawner.cs:513)

(Filename: Assets/LaserCorridor/PlayerHealth.cs Line: 104)

[PlayerHealth] Took 35 damage! Remaining HP: 0/100
UnityEngine.Debug:ExtractStackTraceNoAlloc (byte*,int,string)
UnityEngine.StackTraceUtility:ExtractStackTrace ()
UnityEngine.DebugLogHandler:Internal_Log (UnityEngine.LogType,UnityEngine.LogOption,string,UnityEngine.Object)
UnityEngine.DebugLogHandler:LogFormat (UnityEngine.LogType,UnityEngine.Object,string,object[])
UnityEngine.Logger:Log (UnityEngine.LogType,object)
UnityEngine.Debug:Log (object)
PlayerHealth:TakeDamage (int) (at Assets/LaserCorridor/PlayerHealth.cs:104)
LaserBeamTriggerForwarder:OnTriggerEnter (UnityEngine.Collider) (at Assets/LaserCorridor/LaserSpawner.cs:513)

(Filename: Assets/LaserCorridor/PlayerHealth.cs Line: 104)

[PlayerHealth] Player eliminated by corridor laser!
UnityEngine.Debug:ExtractStackTraceNoAlloc (byte*,int,string)
UnityEngine.StackTraceUtility:ExtractStackTrace ()
UnityEngine.DebugLogHandler:Internal_Log (UnityEngine.LogType,UnityEngine.LogOption,string,UnityEngine.Object)
UnityEngine.DebugLogHandler:LogFormat (UnityEngine.LogType,UnityEngine.Object,string,object[])
UnityEngine.Logger:Log (UnityEngine.LogType,object)
UnityEngine.Debug:Log (object)
PlayerHealth:Die () (at Assets/LaserCorridor/PlayerHealth.cs:181)
PlayerHealth:TakeDamage (int) (at Assets/LaserCorridor/PlayerHealth.cs:110)
LaserBeamTriggerForwarder:OnTriggerEnter (UnityEngine.Collider) (at Assets/LaserCorridor/LaserSpawner.cs:513)

(Filename: Assets/LaserCorridor/PlayerHealth.cs Line: 181)

[GameManager] GAME OVER! Player eliminated. Preparing reset...
UnityEngine.Debug:ExtractStackTraceNoAlloc (byte*,int,string)
UnityEngine.StackTraceUtility:ExtractStackTrace ()
UnityEngine.DebugLogHandler:Internal_Log (UnityEngine.LogType,UnityEngine.LogOption,string,UnityEngine.Object)
UnityEngine.DebugLogHandler:LogFormat (UnityEngine.LogType,UnityEngine.Object,string,object[])
UnityEngine.Logger:Log (UnityEngine.LogType,object)
UnityEngine.Debug:Log (object)
LaserCorridorGameManager:HandlePlayerDeath () (at Assets/LaserCorridor/LaserCorridorGameManager.cs:122)
PlayerHealth:Die () (at Assets/LaserCorridor/PlayerHealth.cs:182)
PlayerHealth:TakeDamage (int) (at Assets/LaserCorridor/PlayerHealth.cs:110)
LaserBeamTriggerForwarder:OnTriggerEnter (UnityEngine.Collider) (at Assets/LaserCorridor/LaserSpawner.cs:513)

(Filename: Assets/LaserCorridor/LaserCorridorGameManager.cs Line: 122)

[Player] Jump pressed! isGrounded: True, Timer: -0.003767291
UnityEngine.Debug:ExtractStackTraceNoAlloc (byte*,int,string)
UnityEngine.StackTraceUtility:ExtractStackTrace ()
UnityEngine.DebugLogHandler:Internal_Log (UnityEngine.LogType,UnityEngine.LogOption,string,UnityEngine.Object)
UnityEngine.DebugLogHandler:LogFormat (UnityEngine.LogType,UnityEngine.Object,string,object[])
UnityEngine.Logger:Log (UnityEngine.LogType,object)
UnityEngine.Debug:Log (object)
Player:Update () (at Assets/Player.cs:178)

(Filename: Assets/Player.cs Line: 178)

[Player] Jump executed! JumpForce: 4, y-velocity: 4
UnityEngine.Debug:ExtractStackTraceNoAlloc (byte*,int,string)
UnityEngine.StackTraceUtility:ExtractStackTrace ()
UnityEngine.DebugLogHandler:Internal_Log (UnityEngine.LogType,UnityEngine.LogOption,string,UnityEngine.Object)
UnityEngine.DebugLogHandler:LogFormat (UnityEngine.LogType,UnityEngine.Object,string,object[])
UnityEngine.Logger:Log (UnityEngine.LogType,object)
UnityEngine.Debug:Log (object)
Player:Jump () (at Assets/Player.cs:396)
Player:Update () (at Assets/Player.cs:182)

(Filename: Assets/Player.cs Line: 396)

GPU Resident Drawer disposed.
Unloading 51 Unused Serialized files (Serialized files now loaded: 0)
Loaded scene 'Temp/__Backupscenes/0.backup'
	Deserialize:            6.041 ms
	Integration:            30.042 ms
	Integration of assets:  0.040 ms
	Thread Wait Time:       0.019 ms
	Total Operation Time:   36.142 ms
Unloading 52 unused Assets / (2.7 MB). Loaded Objects now: 9465.
Memory consumption went from 0.72 GB to 0.72 GB.
Total: 34.437000 ms (FindLiveObjects: 0.797000 ms CreateObjectMapping: 0.428200 ms MarkObjects: 32.718400 ms  DeleteObjects: 0.208900 ms)

[Licensing::Client] Successfully resolved entitlement details
GPU Resident Drawer created.
[Licensing::Client] Successfully resolved entitlement details
[ScriptCompilation] Requested script compilation because: AssetDatabase observed changes in script compilation related files
AssetDatabase: script compilation time: 0.020986s
[Licensing::Client] Successfully resolved entitlement details
Starting: C:\Program Files\Unity\Hub\Editor\6000.6.0f1\Editor\Data\Tools\BuildPipeline\bee_backend.exe --ipc --defer-dag-verification --dagfile="Library/Bee/1900b0aE.dag" --continue-on-failure --profile="Library/Bee/backend1.traceevents" ScriptAssemblies
WorkingDir: C:/Users/Duncan Joseph/Laser Room
ExitCode: 0 Duration: 2s690ms
[ 826/1069  0s] ILPP-Configuration Library/ilpp-configuration.nevergeneratedoutput
[1061/1069  1s] Csc Library/Bee/artifacts/1900b0aE.dag/Assembly-CSharp.dll (+2 others)
Assets\LaserCorridor\CorridorHUD.cs(24,28): warning CS0618: 'Object.FindFirstObjectByType<T>()' is obsolete: 'FindFirstObjectByType has been deprecated because it relies on instance ID ordering. Use FindAnyObjectByType instead, which does not depend on ordering.'

Assets\LaserCorridor\CorridorHUD.cs(29,27): warning CS0618: 'Object.FindFirstObjectByType<T>()' is obsolete: 'FindFirstObjectByType has been deprecated because it relies on instance ID ordering. Use FindAnyObjectByType instead, which does not depend on ordering.'

Assets\LaserCorridor\LaserCorridorGameManager.cs(50,24): warning CS0618: 'Object.FindFirstObjectByType<T>()' is obsolete: 'FindFirstObjectByType has been deprecated because it relies on instance ID ordering. Use FindAnyObjectByType instead, which does not depend on ordering.'

Assets\LaserCorridor\LaserCorridorGameManager.cs(68,28): warning CS0618: 'Object.FindFirstObjectByType<T>()' is obsolete: 'FindFirstObjectByType has been deprecated because it relies on instance ID ordering. Use FindAnyObjectByType instead, which does not depend on ordering.'

Assets\LaserCorridor\LaserCorridorGameManager.cs(73,28): warning CS0618: 'Object.FindFirstObjectByType<T>()' is obsolete: 'FindFirstObjectByType has been deprecated because it relies on instance ID ordering. Use FindAnyObjectByType instead, which does not depend on ordering.'

Assets\LaserCorridor\LaserCorridorGameManager.cs(77,58): warning CS0618: 'FindObjectsSortMode' is obsolete: 'FindObjectsSortMode has been deprecated. Use the FindObjectsByType overloads that do not take a FindObjectsSortMode parameter.'

Assets\LaserCorridor\LaserCorridorGameManager.cs(77,23): warning CS0618: 'Object.FindObjectsByType<T>(FindObjectsSortMode)' is obsolete: 'FindObjectsByType with FindObjectsSortMode parameter has been deprecated. Use FindObjectsByType<T>() or FindObjectsByType<T>(FindObjectsInactive) instead. InstanceID will be replaced in the future with EntityId and previous sort order cannot be maintained.'

Assets\LaserCorridor\BonusFloorPanel.cs(126,59): warning CS0618: 'FindObjectsSortMode' is obsolete: 'FindObjectsSortMode has been deprecated. Use the FindObjectsByType overloads that do not take a FindObjectsSortMode parameter.'

Assets\LaserCorridor\BonusFloorPanel.cs(126,30): warning CS0618: 'Object.FindObjectsByType<T>(FindObjectsSortMode)' is obsolete: 'FindObjectsByType with FindObjectsSortMode parameter has been deprecated. Use FindObjectsByType<T>() or FindObjectsByType<T>(FindObjectsInactive) instead. InstanceID will be replaced in the future with EntityId and previous sort order cannot be maintained.'

Assets\LaserCorridor\LaserCorridorGameManager.cs(194,62): warning CS0618: 'FindObjectsSortMode' is obsolete: 'FindObjectsSortMode has been deprecated. Use the FindObjectsByType overloads that do not take a FindObjectsSortMode parameter.'

Assets\LaserCorridor\LaserCorridorGameManager.cs(194,27): warning CS0618: 'Object.FindObjectsByType<T>(FindObjectsSortMode)' is obsolete: 'FindObjectsByType with FindObjectsSortMode parameter has been deprecated. Use FindObjectsByType<T>() or FindObjectsByType<T>(FindObjectsInactive) instead. InstanceID will be replaced in the future with EntityId and previous sort order cannot be maintained.'

Assets\LaserCorridor\LaserSpawner.cs(302,15): warning CS0219: The variable 'hatchHeight' is assigned but its value is never used
[1062/1069  0s] ILPostProcess Library/Bee/artifacts/1900b0aE.dag/post-processed/Assembly-CSharp.dll (+pdb)
Processing assembly Library/Bee/artifacts/1900b0aE.dag/Assembly-CSharp.dll, with 150 defines and 356 references

processors: Unity.Jobs.CodeGen.JobsILPostProcessor, zzzUnity.Burst.CodeGen.BurstILPostProcessor

1 processor(s) skipped this assembly

running Unity.Jobs.CodeGen.JobsILPostProcessor
[1063/1069  0s] CopyFiles Library/ScriptAssemblies/Assembly-CSharp.pdb
[1064/1069  0s] CopyFiles Library/ScriptAssemblies/Assembly-CSharp.dll
[1065/1069  0s] Csc Library/Bee/artifacts/1900b0aE.dag/Assembly-CSharp-Editor.dll (+2 others)
Assets\LaserCorridor\Editor\ResidentEvilCorridorBuilder.cs(143,33): warning CS0618: 'Object.FindFirstObjectByType<T>()' is obsolete: 'FindFirstObjectByType has been deprecated because it relies on instance ID ordering. Use FindAnyObjectByType instead, which does not depend on ordering.'
[1066/1069  0s] ILPostProcess Library/Bee/artifacts/1900b0aE.dag/post-processed/Assembly-CSharp-Editor.dll (+pdb)
Processing assembly Library/Bee/artifacts/1900b0aE.dag/Assembly-CSharp-Editor.dll, with 148 defines and 379 references

processors: Unity.Jobs.CodeGen.JobsILPostProcessor, zzzUnity.Burst.CodeGen.BurstILPostProcessor

1 processor(s) skipped this assembly

running Unity.Jobs.CodeGen.JobsILPostProcessor
[1067/1069  0s] CopyFiles Library/ScriptAssemblies/Assembly-CSharp-Editor.dll
[1068/1069  0s] CopyFiles Library/ScriptAssemblies/Assembly-CSharp-Editor.pdb
*** Tundra build success (2.57 seconds), 9 items updated, 1069 evaluated
Assets\LaserCorridor\CorridorHUD.cs(24,28): warning CS0618: 'Object.FindFirstObjectByType<T>()' is obsolete: 'FindFirstObjectByType has been deprecated because it relies on instance ID ordering. Use FindAnyObjectByType instead, which does not depend on ordering.'
Assets\LaserCorridor\CorridorHUD.cs(29,27): warning CS0618: 'Object.FindFirstObjectByType<T>()' is obsolete: 'FindFirstObjectByType has been deprecated because it relies on instance ID ordering. Use FindAnyObjectByType instead, which does not depend on ordering.'
Assets\LaserCorridor\LaserCorridorGameManager.cs(50,24): warning CS0618: 'Object.FindFirstObjectByType<T>()' is obsolete: 'FindFirstObjectByType has been deprecated because it relies on instance ID ordering. Use FindAnyObjectByType instead, which does not depend on ordering.'
Assets\LaserCorridor\LaserCorridorGameManager.cs(68,28): warning CS0618: 'Object.FindFirstObjectByType<T>()' is obsolete: 'FindFirstObjectByType has been deprecated because it relies on instance ID ordering. Use FindAnyObjectByType instead, which does not depend on ordering.'
Assets\LaserCorridor\LaserCorridorGameManager.cs(73,28): warning CS0618: 'Object.FindFirstObjectByType<T>()' is obsolete: 'FindFirstObjectByType has been deprecated because it relies on instance ID ordering. Use FindAnyObjectByType instead, which does not depend on ordering.'
Assets\LaserCorridor\LaserCorridorGameManager.cs(77,58): warning CS0618: 'FindObjectsSortMode' is obsolete: 'FindObjectsSortMode has been deprecated. Use the FindObjectsByType overloads that do not take a FindObjectsSortMode parameter.'
Assets\LaserCorridor\LaserCorridorGameManager.cs(77,23): warning CS0618: 'Object.FindObjectsByType<T>(FindObjectsSortMode)' is obsolete: 'FindObjectsByType with FindObjectsSortMode parameter has been deprecated. Use FindObjectsByType<T>() or FindObjectsByType<T>(FindObjectsInactive) instead. InstanceID will be replaced in the future with EntityId and previous sort order cannot be maintained.'
Assets\LaserCorridor\BonusFloorPanel.cs(126,59): warning CS0618: 'FindObjectsSortMode' is obsolete: 'FindObjectsSortMode has been deprecated. Use the FindObjectsByType overloads that do not take a FindObjectsSortMode parameter.'
Assets\LaserCorridor\BonusFloorPanel.cs(126,30): warning CS0618: 'Object.FindObjectsByType<T>(FindObjectsSortMode)' is obsolete: 'FindObjectsByType with FindObjectsSortMode parameter has been deprecated. Use FindObjectsByType<T>() or FindObjectsByType<T>(FindObjectsInactive) instead. InstanceID will be replaced in the future with EntityId and previous sort order cannot be maintained.'
Assets\LaserCorridor\LaserCorridorGameManager.cs(194,62): warning CS0618: 'FindObjectsSortMode' is obsolete: 'FindObjectsSortMode has been deprecated. Use the FindObjectsByType overloads that do not take a FindObjectsSortMode parameter.'
Assets\LaserCorridor\LaserCorridorGameManager.cs(194,27): warning CS0618: 'Object.FindObjectsByType<T>(FindObjectsSortMode)' is obsolete: 'FindObjectsByType with FindObjectsSortMode parameter has been deprecated. Use FindObjectsByType<T>() or FindObjectsByType<T>(FindObjectsInactive) instead. InstanceID will be replaced in the future with EntityId and previous sort order cannot be maintained.'
Assets\LaserCorridor\LaserSpawner.cs(302,15): warning CS0219: The variable 'hatchHeight' is assigned but its value is never used
Assets\LaserCorridor\Editor\ResidentEvilCorridorBuilder.cs(143,33): warning CS0618: 'Object.FindFirstObjectByType<T>()' is obsolete: 'FindFirstObjectByType has been deprecated because it relies on instance ID ordering. Use FindAnyObjectByType instead, which does not depend on ordering.'
Reloading assemblies after forced synchronous recompile.
Begin MonoManager ReloadAssembly
GPU Resident Drawer disposed.
Total cache size 268004076
Total cache size after purge 268004076, took 00:00:01.7341468
Refreshing native plugins compatible for Editor in 11.56 ms, found 4 plugins.
Native extension for WindowsStandalone target not found
Native extension for WebGL target not found
[MODES] ModeService[none].Initialize
[MODES] ModeService[none].LoadModes
ScheduleIndexationOnStartup MainProcess:True IndexOnStartup:True
Scripting: successfully reloaded assembly
- Finished resetting the current domain, in  4.935 seconds
Domain Reload Profiling: 10841ms
	BeginReloadAssembly (4518ms)
		ExecutionOrderSort (9ms)
		DisableScriptedObjects (1323ms)
		CreateAndSetChildDomain (1961ms)
	RebuildCommonClasses (29ms)
	RebuildNativeTypeToScriptingClass (30ms)
	initialDomainReloadingComplete (157ms)
	LoadAllAssembliesAndSetupDomain (1170ms)
		LoadAssemblies (490ms)
		TypeCache.Refresh (42ms)
			TypeCache.ScanAssembly (3ms)
		AnalyzeDomain (573ms)
			BuildScriptInfoCaches (504ms)
			ResolveRequiredComponents (56ms)
	FinalizeReload (4938ms)
		SetupLoadedEditorAssemblies (0ms)
			LogAssemblyErrors (8ms)
			InitializePlatformSupportModulesInManaged (4ms)
			BeforeProcessingInitializeOnLoad (607ms)
			ProcessInitializeOnLoadAttributes (679ms)
			ProcessInitializeOnLoadMethodAttributes (236ms)
			AfterProcessingInitializeOnLoad (12ms)
			EditorAssembliesLoaded (4ms)
		AwakeInstancesAfterBackupRestoration (2495ms)
Importing 'GUID: 99c9720ab356a0642a771bea13969a05 - Path: Assets/Scenes/SampleScene.unity' with importer (DefaultImporter)
Imported 'GUID: 99c9720ab356a0642a771bea13969a05' -> (Import Result ID: 'f2d3568bbfd349621e2cacab03f7b344') in 0.019 seconds [static dependencies only]. Details - ImportResultOutputID=b4491ddbae88a879b6308480a6079ca7 DependenciesID=fb4ca5f0d20f88a308505e99fc5775ee StaticDependenciesID=65a92a3e385129b762569459bda5258c 
Refreshing native plugins compatible for Editor in 4.22 ms, found 4 plugins.

Asset Pipeline Refresh (id=62bc8fee06d78b74abaf88b104a355eb): Total: 17.967 seconds - Initiated by RefreshV2(AllowForceSynchronousImport)
	(Values over 0.05ms)
	Summary:
		Imports: total=1 (actual=1, local cache=0, cache server=0)
		Asset DB Process Time: managed=3 ms, native=6250 ms
		Asset DB Callback time: managed=166 ms, native=24 ms
		Scripting: domain reloads=1, domain reload time=6201 ms, compile time=5315 ms, other=0 ms
		Project Asset Count: scripts=1452, non-scripts=2855
		Asset File Changes: new=0, changed=3, moved=0, deleted=0
		Scan Filter Count: 0
	InvokePackagesCallback: 13.686ms
	ApplyChangesToAssetFolders: 7.138ms
	Scan: 172.370ms
	Collect global state as custom dependencies: 16.692ms
	OnSourceAssetsModified: 49.952ms
	CategorizeScriptCompilationAssets: 3.807ms
	ProcessAssetsWithTransientArtifactChanges: 19.425ms
	CategorizeAssets: 723.721ms
	CompileScripts: 5315.026ms
	ImportOutOfDateAssets: 5003.292ms (4967.445ms without children)
		ImportManagerImport: 26.775ms (2.217ms without children)
		CollectScriptTypesHashes: 35.248ms
		ReloadNativeAssets: 1.696ms
		UnloadImportedAssets: 0.216ms
		EnsureUptoDateAssetsAreRegisteredWithGuidPM: 0.985ms
		ImportSchedulerStart: 6.024ms
	PostProcessAllAssets: 125.655ms
		XRBuildSystem.XRAssetImported 1.080ms
		PostProcessCallbackCreateDeferredMaterials 0.836ms
		VCAutoAddAssetPostprocess 0.515ms
		ShaderAssetModifiedCallback 0.301ms
		RaytracingShaderImportPostprocess 0.271ms
		MonoPostProcessAllAssets: 119.213ms
			UniversalRenderPipelineGlobalSettingsPostprocessor.OnPostprocessAllAssets 32.202ms
			BuilderAssetPostprocessor.OnPostprocessAllAssets 12.562ms
			AssetChangedListener.OnPostprocessAllAssets 10.293ms
			AssetPostprocessor.OnPostprocessAllAssets 7.728ms
			SyncVS.PostprocessSyncProject 6.572ms
			WindowAssetPostprocessingWatcher.OnPostprocessAllAssets 3.984ms
			SpeedTree9Postprocessor.OnPostprocessAllAssets 3.322ms
			ProjectSettingsPostprocessor.OnPostprocessAllAssets 2.437ms
			ShaderGraphAssetPostProcessor.OnPostprocessAllAssets 2.357ms
			RetainedModeAssetPostprocessor.OnPostprocessAllAssets 2.252ms
			MaterialPostprocessor.OnPostprocessAllAssets 1.828ms
			RenderPipelineGlobalSettingsPostprocessor.OnPostprocessAllAssets 1.810ms
			EditModeScopePostprocessor.OnPostprocessAllAssets 1.528ms
			ShaderReflectionAssetPostProcessor.OnPostprocessAllAssets 1.066ms
			TMPro_TexturePostProcessor.OnPostprocessAllAssets 0.938ms
			UVCSAssetPostprocessor.OnPostprocessAllAssets 0.700ms
			AudioMixerPostprocessor.OnPostprocessAllAssets 0.695ms
			ArtifactBrowserPostProcessor.OnPostprocessAllAssets 0.642ms
			TextAssetPostProcessor.OnPostprocessAllAssets 0.585ms
			PostProcessor.OnPostprocessAllAssets 0.565ms
			StyleCatalogPostProcessor.OnPostprocessAllAssets 0.564ms
			AssetEvents.OnPostprocessAllAssets 0.555ms
			InputActionAssetPostprocessor.OnPostprocessAllAssets 0.527ms
			ReferencedClipsPostProcessor.OnPostprocessAllAssets 0.522ms
			InputActionJsonNameModifierAssetProcessor.OnPostprocessAllAssets 0.459ms
			AssetDatabaseCallbacks.OnPostprocessAllAssets 0.308ms
			TerrainToolbarOverlayPostProcessor.OnPostprocessAllAssets 0.263ms
			ScenarioDriftAssetsTracker.OnPostprocessAllAssets 0.245ms
			SamplePostprocessor.OnPostprocessAllAssets 0.243ms
			SpeedTreePostProcessor.OnPostprocessAllAssets 0.243ms
			ConfigAssetsTracker.OnPostprocessAllAssets 0.237ms
			AssetReloadNotifier.OnPostprocessAllAssets 0.234ms
			AudioContainerPostProcessor.OnPostprocessAllAssets 0.182ms
			ThemePostprocessor.OnPostprocessAllAssets 0.144ms
	PostAssetChangesProfiler: 7.464ms
	GatherAllCurrentPrimaryImportResultRevisions: 11.050ms
	UnloadStreamsBegin: 10.927ms
	PersistCurrentRevisions: 0.245ms
	GenerateScriptTypeHashes: 3.651ms
	GenerateScriptTypeSerializationHashes: 5.760ms
	Untracked: 6411.678ms

GPU Resident Drawer created.
Opening scene 'Assets/Scenes/SampleScene.unity'
Unloading 12 Unused Serialized files (Serialized files now loaded: 0)
Loaded scene 'Assets/Scenes/SampleScene.unity'
	Deserialize:            21.909 ms
	Integration:            69.899 ms
	Integration of assets:  0.271 ms
	Thread Wait Time:       0.085 ms
	Total Operation Time:   92.163 ms
Unloading 39 unused Assets / (46.0 KB). Loaded Objects now: 9551.
Memory consumption went from 0.73 GB to 0.73 GB.
Total: 33.621800 ms (FindLiveObjects: 0.671400 ms CreateObjectMapping: 0.183000 ms MarkObjects: 26.543200 ms  DeleteObjects: 5.642300 ms)

[Licensing::Client] Successfully resolved entitlement details
[Licensing::Client] Successfully resolved entitlement details
GPU Resident Drawer disposed.
Entering Playmode with Reload Domain disabled.
If you experience any issues, please disable "Enter Play Mode Options" in Editor Settings
Entering Playmode with Reload Scene disabled. If you experience any issues, please disable "Enter Play Mode Options" in Editor Settings
GPU Resident Drawer created.
[Player] Jump pressed! isGrounded: True, Timer: 0
UnityEngine.Debug:ExtractStackTraceNoAlloc (byte*,int,string)
UnityEngine.StackTraceUtility:ExtractStackTrace ()
UnityEngine.DebugLogHandler:Internal_Log (UnityEngine.LogType,UnityEngine.LogOption,string,UnityEngine.Object)
UnityEngine.DebugLogHandler:LogFormat (UnityEngine.LogType,UnityEngine.Object,string,object[])
UnityEngine.Logger:Log (UnityEngine.LogType,object)
UnityEngine.Debug:Log (object)
Player:Update () (at Assets/Player.cs:211)

(Filename: Assets/Player.cs Line: 211)

[Player] Jump executed! JumpForce: 4, y-velocity: 4
UnityEngine.Debug:ExtractStackTraceNoAlloc (byte*,int,string)
UnityEngine.StackTraceUtility:ExtractStackTrace ()
UnityEngine.DebugLogHandler:Internal_Log (UnityEngine.LogType,UnityEngine.LogOption,string,UnityEngine.Object)
UnityEngine.DebugLogHandler:LogFormat (UnityEngine.LogType,UnityEngine.Object,string,object[])
UnityEngine.Logger:Log (UnityEngine.LogType,object)
UnityEngine.Debug:Log (object)
Player:Jump () (at Assets/Player.cs:429)
Player:Update () (at Assets/Player.cs:215)

(Filename: Assets/Player.cs Line: 429)

[Player] Jump pressed! isGrounded: True, Timer: -0.002023131
UnityEngine.Debug:ExtractStackTraceNoAlloc (byte*,int,string)
UnityEngine.StackTraceUtility:ExtractStackTrace ()
UnityEngine.DebugLogHandler:Internal_Log (UnityEngine.LogType,UnityEngine.LogOption,string,UnityEngine.Object)
UnityEngine.DebugLogHandler:LogFormat (UnityEngine.LogType,UnityEngine.Object,string,object[])
UnityEngine.Logger:Log (UnityEngine.LogType,object)
UnityEngine.Debug:Log (object)
Player:Update () (at Assets/Player.cs:211)

(Filename: Assets/Player.cs Line: 211)

[Player] Jump executed! JumpForce: 4, y-velocity: 4
UnityEngine.Debug:ExtractStackTraceNoAlloc (byte*,int,string)
UnityEngine.StackTraceUtility:ExtractStackTrace ()
UnityEngine.DebugLogHandler:Internal_Log (UnityEngine.LogType,UnityEngine.LogOption,string,UnityEngine.Object)
UnityEngine.DebugLogHandler:LogFormat (UnityEngine.LogType,UnityEngine.Object,string,object[])
UnityEngine.Logger:Log (UnityEngine.LogType,object)
UnityEngine.Debug:Log (object)
Player:Jump () (at Assets/Player.cs:429)
Player:Update () (at Assets/Player.cs:215)

(Filename: Assets/Player.cs Line: 429)

[Player] Jump pressed! isGrounded: True, Timer: -0.0006816462
UnityEngine.Debug:ExtractStackTraceNoAlloc (byte*,int,string)
UnityEngine.StackTraceUtility:ExtractStackTrace ()
UnityEngine.DebugLogHandler:Internal_Log (UnityEngine.LogType,UnityEngine.LogOption,string,UnityEngine.Object)
UnityEngine.DebugLogHandler:LogFormat (UnityEngine.LogType,UnityEngine.Object,string,object[])
UnityEngine.Logger:Log (UnityEngine.LogType,object)
UnityEngine.Debug:Log (object)
Player:Update () (at Assets/Player.cs:211)

(Filename: Assets/Player.cs Line: 211)

[Player] Jump executed! JumpForce: 4, y-velocity: 4
UnityEngine.Debug:ExtractStackTraceNoAlloc (byte*,int,string)
UnityEngine.StackTraceUtility:ExtractStackTrace ()
UnityEngine.DebugLogHandler:Internal_Log (UnityEngine.LogType,UnityEngine.LogOption,string,UnityEngine.Object)
UnityEngine.DebugLogHandler:LogFormat (UnityEngine.LogType,UnityEngine.Object,string,object[])
UnityEngine.Logger:Log (UnityEngine.LogType,object)
UnityEngine.Debug:Log (object)
Player:Jump () (at Assets/Player.cs:429)
Player:Update () (at Assets/Player.cs:215)

(Filename: Assets/Player.cs Line: 429)

[Player] Jump pressed! isGrounded: True, Timer: -0.001583011
UnityEngine.Debug:ExtractStackTraceNoAlloc (byte*,int,string)
UnityEngine.StackTraceUtility:ExtractStackTrace ()
UnityEngine.DebugLogHandler:Internal_Log (UnityEngine.LogType,UnityEngine.LogOption,string,UnityEngine.Object)
UnityEngine.DebugLogHandler:LogFormat (UnityEngine.LogType,UnityEngine.Object,string,object[])
UnityEngine.Logger:Log (UnityEngine.LogType,object)
UnityEngine.Debug:Log (object)
Player:Update () (at Assets/Player.cs:211)

(Filename: Assets/Player.cs Line: 211)

[Player] Jump executed! JumpForce: 4, y-velocity: 4
UnityEngine.Debug:ExtractStackTraceNoAlloc (byte*,int,string)
UnityEngine.StackTraceUtility:ExtractStackTrace ()
UnityEngine.DebugLogHandler:Internal_Log (UnityEngine.LogType,UnityEngine.LogOption,string,UnityEngine.Object)
UnityEngine.DebugLogHandler:LogFormat (UnityEngine.LogType,UnityEngine.Object,string,object[])
UnityEngine.Logger:Log (UnityEngine.LogType,object)
UnityEngine.Debug:Log (object)
Player:Jump () (at Assets/Player.cs:429)
Player:Update () (at Assets/Player.cs:215)

(Filename: Assets/Player.cs Line: 429)

[Player] Jump pressed! isGrounded: True, Timer: -0.001155754
UnityEngine.Debug:ExtractStackTraceNoAlloc (byte*,int,string)
UnityEngine.StackTraceUtility:ExtractStackTrace ()
UnityEngine.DebugLogHandler:Internal_Log (UnityEngine.LogType,UnityEngine.LogOption,string,UnityEngine.Object)
UnityEngine.DebugLogHandler:LogFormat (UnityEngine.LogType,UnityEngine.Object,string,object[])
UnityEngine.Logger:Log (UnityEngine.LogType,object)
UnityEngine.Debug:Log (object)
Player:Update () (at Assets/Player.cs:211)

(Filename: Assets/Player.cs Line: 211)

[Player] Jump executed! JumpForce: 4, y-velocity: 4
UnityEngine.Debug:ExtractStackTraceNoAlloc (byte*,int,string)
UnityEngine.StackTraceUtility:ExtractStackTrace ()
UnityEngine.DebugLogHandler:Internal_Log (UnityEngine.LogType,UnityEngine.LogOption,string,UnityEngine.Object)
UnityEngine.DebugLogHandler:LogFormat (UnityEngine.LogType,UnityEngine.Object,string,object[])
UnityEngine.Logger:Log (UnityEngine.LogType,object)
UnityEngine.Debug:Log (object)
Player:Jump () (at Assets/Player.cs:429)
Player:Update () (at Assets/Player.cs:215)

(Filename: Assets/Player.cs Line: 429)

[Player] Jump pressed! isGrounded: True, Timer: -0.00913003
UnityEngine.Debug:ExtractStackTraceNoAlloc (byte*,int,string)
UnityEngine.StackTraceUtility:ExtractStackTrace ()
UnityEngine.DebugLogHandler:Internal_Log (UnityEngine.LogType,UnityEngine.LogOption,string,UnityEngine.Object)
UnityEngine.DebugLogHandler:LogFormat (UnityEngine.LogType,UnityEngine.Object,string,object[])
UnityEngine.Logger:Log (UnityEngine.LogType,object)
UnityEngine.Debug:Log (object)
Player:Update () (at Assets/Player.cs:211)

(Filename: Assets/Player.cs Line: 211)

[Player] Jump executed! JumpForce: 4, y-velocity: 4
UnityEngine.Debug:ExtractStackTraceNoAlloc (byte*,int,string)
UnityEngine.StackTraceUtility:ExtractStackTrace ()
UnityEngine.DebugLogHandler:Internal_Log (UnityEngine.LogType,UnityEngine.LogOption,string,UnityEngine.Object)
UnityEngine.DebugLogHandler:LogFormat (UnityEngine.LogType,UnityEngine.Object,string,object[])
UnityEngine.Logger:Log (UnityEngine.LogType,object)
UnityEngine.Debug:Log (object)
Player:Jump () (at Assets/Player.cs:429)
Player:Update () (at Assets/Player.cs:215)

(Filename: Assets/Player.cs Line: 429)

GPU Resident Drawer disposed.
Unloading 51 Unused Serialized files (Serialized files now loaded: 0)
Loaded scene 'Temp/__Backupscenes/0.backup'
	Deserialize:            6.206 ms
	Integration:            30.292 ms
	Integration of assets:  0.043 ms
	Thread Wait Time:       0.021 ms
	Total Operation Time:   36.562 ms
Unloading 52 unused Assets / (2.8 MB). Loaded Objects now: 9476.
Memory consumption went from 0.74 GB to 0.73 GB.
Total: 32.964000 ms (FindLiveObjects: 0.611300 ms CreateObjectMapping: 0.259500 ms MarkObjects: 31.573400 ms  DeleteObjects: 0.238600 ms)

[Licensing::Client] Successfully resolved entitlement details
GPU Resident Drawer created.
GPU Resident Drawer disposed.
Entering Playmode with Reload Domain disabled.
If you experience any issues, please disable "Enter Play Mode Options" in Editor Settings
Entering Playmode with Reload Scene disabled. If you experience any issues, please disable "Enter Play Mode Options" in Editor Settings
GPU Resident Drawer created.
GPU Resident Drawer disposed.
GPU Resident Drawer created.
[Player] Jump pressed! isGrounded: True, Timer: 0
UnityEngine.Debug:ExtractStackTraceNoAlloc (byte*,int,string)
UnityEngine.StackTraceUtility:ExtractStackTrace ()
UnityEngine.DebugLogHandler:Internal_Log (UnityEngine.LogType,UnityEngine.LogOption,string,UnityEngine.Object)
UnityEngine.DebugLogHandler:LogFormat (UnityEngine.LogType,UnityEngine.Object,string,object[])
UnityEngine.Logger:Log (UnityEngine.LogType,object)
UnityEngine.Debug:Log (object)
Player:Update () (at Assets/Player.cs:211)

(Filename: Assets/Player.cs Line: 211)

[Player] Jump executed! JumpForce: 4, y-velocity: 4
UnityEngine.Debug:ExtractStackTraceNoAlloc (byte*,int,string)
UnityEngine.StackTraceUtility:ExtractStackTrace ()
UnityEngine.DebugLogHandler:Internal_Log (UnityEngine.LogType,UnityEngine.LogOption,string,UnityEngine.Object)
UnityEngine.DebugLogHandler:LogFormat (UnityEngine.LogType,UnityEngine.Object,string,object[])
UnityEngine.Logger:Log (UnityEngine.LogType,object)
UnityEngine.Debug:Log (object)
Player:Jump () (at Assets/Player.cs:429)
Player:Update () (at Assets/Player.cs:215)

(Filename: Assets/Player.cs Line: 429)

[Player] Jump pressed! isGrounded: True, Timer: -0.003604383
UnityEngine.Debug:ExtractStackTraceNoAlloc (byte*,int,string)
UnityEngine.StackTraceUtility:ExtractStackTrace ()
UnityEngine.DebugLogHandler:Internal_Log (UnityEngine.LogType,UnityEngine.LogOption,string,UnityEngine.Object)
UnityEngine.DebugLogHandler:LogFormat (UnityEngine.LogType,UnityEngine.Object,string,object[])
UnityEngine.Logger:Log (UnityEngine.LogType,object)
UnityEngine.Debug:Log (object)
Player:Update () (at Assets/Player.cs:211)

(Filename: Assets/Player.cs Line: 211)

[Player] Jump executed! JumpForce: 4, y-velocity: 4
UnityEngine.Debug:ExtractStackTraceNoAlloc (byte*,int,string)
UnityEngine.StackTraceUtility:ExtractStackTrace ()
UnityEngine.DebugLogHandler:Internal_Log (UnityEngine.LogType,UnityEngine.LogOption,string,UnityEngine.Object)
UnityEngine.DebugLogHandler:LogFormat (UnityEngine.LogType,UnityEngine.Object,string,object[])
UnityEngine.Logger:Log (UnityEngine.LogType,object)
UnityEngine.Debug:Log (object)
Player:Jump () (at Assets/Player.cs:429)
Player:Update () (at Assets/Player.cs:215)

(Filename: Assets/Player.cs Line: 429)

[Player] Jump pressed! isGrounded: True, Timer: -0.00214541
UnityEngine.Debug:ExtractStackTraceNoAlloc (byte*,int,string)
UnityEngine.StackTraceUtility:ExtractStackTrace ()
UnityEngine.DebugLogHandler:Internal_Log (UnityEngine.LogType,UnityEngine.LogOption,string,UnityEngine.Object)
UnityEngine.DebugLogHandler:LogFormat (UnityEngine.LogType,UnityEngine.Object,string,object[])
UnityEngine.Logger:Log (UnityEngine.LogType,object)
UnityEngine.Debug:Log (object)
Player:Update () (at Assets/Player.cs:211)

(Filename: Assets/Player.cs Line: 211)

[Player] Jump executed! JumpForce: 4, y-velocity: 4
UnityEngine.Debug:ExtractStackTraceNoAlloc (byte*,int,string)
UnityEngine.StackTraceUtility:ExtractStackTrace ()
UnityEngine.DebugLogHandler:Internal_Log (UnityEngine.LogType,UnityEngine.LogOption,string,UnityEngine.Object)
UnityEngine.DebugLogHandler:LogFormat (UnityEngine.LogType,UnityEngine.Object,string,object[])
UnityEngine.Logger:Log (UnityEngine.LogType,object)
UnityEngine.Debug:Log (object)
Player:Jump () (at Assets/Player.cs:429)
Player:Update () (at Assets/Player.cs:215)

(Filename: Assets/Player.cs Line: 429)

[Player] Jump pressed! isGrounded: True, Timer: -0.003063363
UnityEngine.Debug:ExtractStackTraceNoAlloc (byte*,int,string)
UnityEngine.StackTraceUtility:ExtractStackTrace ()
UnityEngine.DebugLogHandler:Internal_Log (UnityEngine.LogType,UnityEngine.LogOption,string,UnityEngine.Object)
UnityEngine.DebugLogHandler:LogFormat (UnityEngine.LogType,UnityEngine.Object,string,object[])
UnityEngine.Logger:Log (UnityEngine.LogType,object)
UnityEngine.Debug:Log (object)
Player:Update () (at Assets/Player.cs:211)

(Filename: Assets/Player.cs Line: 211)

[Player] Jump executed! JumpForce: 4, y-velocity: 4
UnityEngine.Debug:ExtractStackTraceNoAlloc (byte*,int,string)
UnityEngine.StackTraceUtility:ExtractStackTrace ()
UnityEngine.DebugLogHandler:Internal_Log (UnityEngine.LogType,UnityEngine.LogOption,string,UnityEngine.Object)
UnityEngine.DebugLogHandler:LogFormat (UnityEngine.LogType,UnityEngine.Object,string,object[])
UnityEngine.Logger:Log (UnityEngine.LogType,object)
UnityEngine.Debug:Log (object)
Player:Jump () (at Assets/Player.cs:429)
Player:Update () (at Assets/Player.cs:215)

(Filename: Assets/Player.cs Line: 429)

[PlayerHealth] Speed Boost activated! (1.6x for 5s)
UnityEngine.Debug:ExtractStackTraceNoAlloc (byte*,int,string)
UnityEngine.StackTraceUtility:ExtractStackTrace ()
UnityEngine.DebugLogHandler:Internal_Log (UnityEngine.LogType,UnityEngine.LogOption,string,UnityEngine.Object)
UnityEngine.DebugLogHandler:LogFormat (UnityEngine.LogType,UnityEngine.Object,string,object[])
UnityEngine.Logger:Log (UnityEngine.LogType,object)
UnityEngine.Debug:Log (object)
PlayerHealth:ApplySpeedBoost (single,single) (at Assets/LaserCorridor/PlayerHealth.cs:145)
BonusFloorPanel:GrantBonus (PlayerHealth) (at Assets/LaserCorridor/BonusFloorPanel.cs:106)
BonusFloorPanel:OnTriggerEnter (UnityEngine.Collider) (at Assets/LaserCorridor/BonusFloorPanel.cs:90)

(Filename: Assets/LaserCorridor/PlayerHealth.cs Line: 145)

[Player] Jump pressed! isGrounded: True, Timer: -0.003564573
UnityEngine.Debug:ExtractStackTraceNoAlloc (byte*,int,string)
UnityEngine.StackTraceUtility:ExtractStackTrace ()
UnityEngine.DebugLogHandler:Internal_Log (UnityEngine.LogType,UnityEngine.LogOption,string,UnityEngine.Object)
UnityEngine.DebugLogHandler:LogFormat (UnityEngine.LogType,UnityEngine.Object,string,object[])
UnityEngine.Logger:Log (UnityEngine.LogType,object)
UnityEngine.Debug:Log (object)
Player:Update () (at Assets/Player.cs:211)

(Filename: Assets/Player.cs Line: 211)

[Player] Jump executed! JumpForce: 4, y-velocity: 4
UnityEngine.Debug:ExtractStackTraceNoAlloc (byte*,int,string)
UnityEngine.StackTraceUtility:ExtractStackTrace ()
UnityEngine.DebugLogHandler:Internal_Log (UnityEngine.LogType,UnityEngine.LogOption,string,UnityEngine.Object)
UnityEngine.DebugLogHandler:LogFormat (UnityEngine.LogType,UnityEngine.Object,string,object[])
UnityEngine.Logger:Log (UnityEngine.LogType,object)
UnityEngine.Debug:Log (object)
Player:Jump () (at Assets/Player.cs:429)
Player:Update () (at Assets/Player.cs:215)

(Filename: Assets/Player.cs Line: 429)

[PlayerHealth] Restored 35 HP! Current HP: 100/100
UnityEngine.Debug:ExtractStackTraceNoAlloc (byte*,int,string)
UnityEngine.StackTraceUtility:ExtractStackTrace ()
UnityEngine.DebugLogHandler:Internal_Log (UnityEngine.LogType,UnityEngine.LogOption,string,UnityEngine.Object)
UnityEngine.DebugLogHandler:LogFormat (UnityEngine.LogType,UnityEngine.Object,string,object[])
UnityEngine.Logger:Log (UnityEngine.LogType,object)
UnityEngine.Debug:Log (object)
PlayerHealth:Heal (int) (at Assets/LaserCorridor/PlayerHealth.cs:125)
BonusFloorPanel:GrantBonus (PlayerHealth) (at Assets/LaserCorridor/BonusFloorPanel.cs:102)
BonusFloorPanel:OnTriggerEnter (UnityEngine.Collider) (at Assets/LaserCorridor/BonusFloorPanel.cs:90)

(Filename: Assets/LaserCorridor/PlayerHealth.cs Line: 125)

[PlayerHealth] Speed Boost ended.
UnityEngine.Debug:ExtractStackTraceNoAlloc (byte*,int,string)
UnityEngine.StackTraceUtility:ExtractStackTrace ()
UnityEngine.DebugLogHandler:Internal_Log (UnityEngine.LogType,UnityEngine.LogOption,string,UnityEngine.Object)
UnityEngine.DebugLogHandler:LogFormat (UnityEngine.LogType,UnityEngine.Object,string,object[])
UnityEngine.Logger:Log (UnityEngine.LogType,object)
UnityEngine.Debug:Log (object)
PlayerHealth:ResetSpeedBoost () (at Assets/LaserCorridor/PlayerHealth.cs:157)
PlayerHealth:Update () (at Assets/LaserCorridor/PlayerHealth.cs:77)

(Filename: Assets/LaserCorridor/PlayerHealth.cs Line: 157)

[PlayerHealth] Energy Shield activated for 5s!
UnityEngine.Debug:ExtractStackTraceNoAlloc (byte*,int,string)
UnityEngine.StackTraceUtility:ExtractStackTrace ()
UnityEngine.DebugLogHandler:Internal_Log (UnityEngine.LogType,UnityEngine.LogOption,string,UnityEngine.Object)
UnityEngine.DebugLogHandler:LogFormat (UnityEngine.LogType,UnityEngine.Object,string,object[])
UnityEngine.Logger:Log (UnityEngine.LogType,object)
UnityEngine.Debug:Log (object)
PlayerHealth:ApplyShield (single) (at Assets/LaserCorridor/PlayerHealth.cs:168)
BonusFloorPanel:GrantBonus (PlayerHealth) (at Assets/LaserCorridor/BonusFloorPanel.cs:110)
BonusFloorPanel:OnTriggerEnter (UnityEngine.Collider) (at Assets/LaserCorridor/BonusFloorPanel.cs:90)

(Filename: Assets/LaserCorridor/PlayerHealth.cs Line: 168)

[Player] Jump pressed! isGrounded: True, Timer: -0.0105291
UnityEngine.Debug:ExtractStackTraceNoAlloc (byte*,int,string)
UnityEngine.StackTraceUtility:ExtractStackTrace ()
UnityEngine.DebugLogHandler:Internal_Log (UnityEngine.LogType,UnityEngine.LogOption,string,UnityEngine.Object)
UnityEngine.DebugLogHandler:LogFormat (UnityEngine.LogType,UnityEngine.Object,string,object[])
UnityEngine.Logger:Log (UnityEngine.LogType,object)
UnityEngine.Debug:Log (object)
Player:Update () (at Assets/Player.cs:211)

(Filename: Assets/Player.cs Line: 211)

[Player] Jump executed! JumpForce: 4, y-velocity: 4
UnityEngine.Debug:ExtractStackTraceNoAlloc (byte*,int,string)
UnityEngine.StackTraceUtility:ExtractStackTrace ()
UnityEngine.DebugLogHandler:Internal_Log (UnityEngine.LogType,UnityEngine.LogOption,string,UnityEngine.Object)
UnityEngine.DebugLogHandler:LogFormat (UnityEngine.LogType,UnityEngine.Object,string,object[])
UnityEngine.Logger:Log (UnityEngine.LogType,object)
UnityEngine.Debug:Log (object)
Player:Jump () (at Assets/Player.cs:429)
Player:Update () (at Assets/Player.cs:215)

(Filename: Assets/Player.cs Line: 429)

[CorridorGoal] PLAYER REACHED THE END OF THE CORRIDOR!
UnityEngine.Debug:ExtractStackTraceNoAlloc (byte*,int,string)
UnityEngine.StackTraceUtility:ExtractStackTrace ()
UnityEngine.DebugLogHandler:Internal_Log (UnityEngine.LogType,UnityEngine.LogOption,string,UnityEngine.Object)
UnityEngine.DebugLogHandler:LogFormat (UnityEngine.LogType,UnityEngine.Object,string,object[])
UnityEngine.Logger:Log (UnityEngine.LogType,object)
UnityEngine.Debug:Log (object)
CorridorGoal:OnTriggerEnter (UnityEngine.Collider) (at Assets/LaserCorridor/CorridorGoal.cs:27)

(Filename: Assets/LaserCorridor/CorridorGoal.cs Line: 27)

[GameManager] VICTORY! Corridor Cleared!
UnityEngine.Debug:ExtractStackTraceNoAlloc (byte*,int,string)
UnityEngine.StackTraceUtility:ExtractStackTrace ()
UnityEngine.DebugLogHandler:Internal_Log (UnityEngine.LogType,UnityEngine.LogOption,string,UnityEngine.Object)
UnityEngine.DebugLogHandler:LogFormat (UnityEngine.LogType,UnityEngine.Object,string,object[])
UnityEngine.Logger:Log (UnityEngine.LogType,object)
UnityEngine.Debug:Log (object)
LaserCorridorGameManager:OnGoalReached () (at Assets/LaserCorridor/LaserCorridorGameManager.cs:137)
CorridorGoal:OnTriggerEnter (UnityEngine.Collider) (at Assets/LaserCorridor/CorridorGoal.cs:31)

(Filename: Assets/LaserCorridor/LaserCorridorGameManager.cs Line: 137)

[PlayerHealth] Shield expired.
UnityEngine.Debug:ExtractStackTraceNoAlloc (byte*,int,string)
UnityEngine.StackTraceUtility:ExtractStackTrace ()
UnityEngine.DebugLogHandler:Internal_Log (UnityEngine.LogType,UnityEngine.LogOption,string,UnityEngine.Object)
UnityEngine.DebugLogHandler:LogFormat (UnityEngine.LogType,UnityEngine.Object,string,object[])
UnityEngine.Logger:Log (UnityEngine.LogType,object)
UnityEngine.Debug:Log (object)
PlayerHealth:Update () (at Assets/LaserCorridor/PlayerHealth.cs:67)

(Filename: Assets/LaserCorridor/PlayerHealth.cs Line: 67)

GPU Resident Drawer disposed.
Unloading 17 Unused Serialized files (Serialized files now loaded: 0)
Loaded scene 'Temp/__Backupscenes/0.backup'
	Deserialize:            1.221 ms
	Integration:            34.600 ms
	Integration of assets:  0.031 ms
	Thread Wait Time:       0.014 ms
	Total Operation Time:   35.866 ms
Unloading 23 unused Assets / (0.7 MB). Loaded Objects now: 9515.
Memory consumption went from 0.75 GB to 0.75 GB.
Total: 35.180200 ms (FindLiveObjects: 0.747900 ms CreateObjectMapping: 0.361000 ms MarkObjects: 33.666000 ms  DeleteObjects: 0.103600 ms)

GPU Resident Drawer created.
GPU Resident Drawer disposed.
GPU Resident Drawer created.
GPU Resident Drawer disposed.
Entering Playmode with Reload Domain disabled.
If you experience any issues, please disable "Enter Play Mode Options" in Editor Settings
Entering Playmode with Reload Scene disabled. If you experience any issues, please disable "Enter Play Mode Options" in Editor Settings
GPU Resident Drawer created.
GPU Resident Drawer disposed.
GPU Resident Drawer created.
[Player] Jump pressed! isGrounded: True, Timer: 0
UnityEngine.Debug:ExtractStackTraceNoAlloc (byte*,int,string)
UnityEngine.StackTraceUtility:ExtractStackTrace ()
UnityEngine.DebugLogHandler:Internal_Log (UnityEngine.LogType,UnityEngine.LogOption,string,UnityEngine.Object)
UnityEngine.DebugLogHandler:LogFormat (UnityEngine.LogType,UnityEngine.Object,string,object[])
UnityEngine.Logger:Log (UnityEngine.LogType,object)
UnityEngine.Debug:Log (object)
Player:Update () (at Assets/Player.cs:211)

(Filename: Assets/Player.cs Line: 211)

[Player] Jump executed! JumpForce: 4, y-velocity: 4
UnityEngine.Debug:ExtractStackTraceNoAlloc (byte*,int,string)
UnityEngine.StackTraceUtility:ExtractStackTrace ()
UnityEngine.DebugLogHandler:Internal_Log (UnityEngine.LogType,UnityEngine.LogOption,string,UnityEngine.Object)
UnityEngine.DebugLogHandler:LogFormat (UnityEngine.LogType,UnityEngine.Object,string,object[])
UnityEngine.Logger:Log (UnityEngine.LogType,object)
UnityEngine.Debug:Log (object)
Player:Jump () (at Assets/Player.cs:429)
Player:Update () (at Assets/Player.cs:215)

(Filename: Assets/Player.cs Line: 429)

[Player] Jump pressed! isGrounded: True, Timer: -0.01680211
UnityEngine.Debug:ExtractStackTraceNoAlloc (byte*,int,string)
UnityEngine.StackTraceUtility:ExtractStackTrace ()
UnityEngine.DebugLogHandler:Internal_Log (UnityEngine.LogType,UnityEngine.LogOption,string,UnityEngine.Object)
UnityEngine.DebugLogHandler:LogFormat (UnityEngine.LogType,UnityEngine.Object,string,object[])
UnityEngine.Logger:Log (UnityEngine.LogType,object)
UnityEngine.Debug:Log (object)
Player:Update () (at Assets/Player.cs:211)

(Filename: Assets/Player.cs Line: 211)

[Player] Jump executed! JumpForce: 4, y-velocity: 4
UnityEngine.Debug:ExtractStackTraceNoAlloc (byte*,int,string)
UnityEngine.StackTraceUtility:ExtractStackTrace ()
UnityEngine.DebugLogHandler:Internal_Log (UnityEngine.LogType,UnityEngine.LogOption,string,UnityEngine.Object)
UnityEngine.DebugLogHandler:LogFormat (UnityEngine.LogType,UnityEngine.Object,string,object[])
UnityEngine.Logger:Log (UnityEngine.LogType,object)
UnityEngine.Debug:Log (object)
Player:Jump () (at Assets/Player.cs:429)
Player:Update () (at Assets/Player.cs:215)

(Filename: Assets/Player.cs Line: 429)

[Player] Jump pressed! isGrounded: True, Timer: -0.002002887
UnityEngine.Debug:ExtractStackTraceNoAlloc (byte*,int,string)
UnityEngine.StackTraceUtility:ExtractStackTrace ()
UnityEngine.DebugLogHandler:Internal_Log (UnityEngine.LogType,UnityEngine.LogOption,string,UnityEngine.Object)
UnityEngine.DebugLogHandler:LogFormat (UnityEngine.LogType,UnityEngine.Object,string,object[])
UnityEngine.Logger:Log (UnityEngine.LogType,object)
UnityEngine.Debug:Log (object)
Player:Update () (at Assets/Player.cs:211)

(Filename: Assets/Player.cs Line: 211)

[Player] Jump executed! JumpForce: 4, y-velocity: 4
UnityEngine.Debug:ExtractStackTraceNoAlloc (byte*,int,string)
UnityEngine.StackTraceUtility:ExtractStackTrace ()
UnityEngine.DebugLogHandler:Internal_Log (UnityEngine.LogType,UnityEngine.LogOption,string,UnityEngine.Object)
UnityEngine.DebugLogHandler:LogFormat (UnityEngine.LogType,UnityEngine.Object,string,object[])
UnityEngine.Logger:Log (UnityEngine.LogType,object)
UnityEngine.Debug:Log (object)
Player:Jump () (at Assets/Player.cs:429)
Player:Update () (at Assets/Player.cs:215)

(Filename: Assets/Player.cs Line: 429)

[Player] Jump pressed! isGrounded: True, Timer: -0.002001784
UnityEngine.Debug:ExtractStackTraceNoAlloc (byte*,int,string)
UnityEngine.StackTraceUtility:ExtractStackTrace ()
UnityEngine.DebugLogHandler:Internal_Log (UnityEngine.LogType,UnityEngine.LogOption,string,UnityEngine.Object)
UnityEngine.DebugLogHandler:LogFormat (UnityEngine.LogType,UnityEngine.Object,string,object[])
UnityEngine.Logger:Log (UnityEngine.LogType,object)
UnityEngine.Debug:Log (object)
Player:Update () (at Assets/Player.cs:211)

(Filename: Assets/Player.cs Line: 211)

[Player] Jump executed! JumpForce: 4, y-velocity: 4
UnityEngine.Debug:ExtractStackTraceNoAlloc (byte*,int,string)
UnityEngine.StackTraceUtility:ExtractStackTrace ()
UnityEngine.DebugLogHandler:Internal_Log (UnityEngine.LogType,UnityEngine.LogOption,string,UnityEngine.Object)
UnityEngine.DebugLogHandler:LogFormat (UnityEngine.LogType,UnityEngine.Object,string,object[])
UnityEngine.Logger:Log (UnityEngine.LogType,object)
UnityEngine.Debug:Log (object)
Player:Jump () (at Assets/Player.cs:429)
Player:Update () (at Assets/Player.cs:215)

(Filename: Assets/Player.cs Line: 429)

[PlayerHealth] Speed Boost activated! (1.6x for 5s)
UnityEngine.Debug:ExtractStackTraceNoAlloc (byte*,int,string)
UnityEngine.StackTraceUtility:ExtractStackTrace ()
UnityEngine.DebugLogHandler:Internal_Log (UnityEngine.LogType,UnityEngine.LogOption,string,UnityEngine.Object)
UnityEngine.DebugLogHandler:LogFormat (UnityEngine.LogType,UnityEngine.Object,string,object[])
UnityEngine.Logger:Log (UnityEngine.LogType,object)
UnityEngine.Debug:Log (object)
PlayerHealth:ApplySpeedBoost (single,single) (at Assets/LaserCorridor/PlayerHealth.cs:145)
BonusFloorPanel:GrantBonus (PlayerHealth) (at Assets/LaserCorridor/BonusFloorPanel.cs:106)
BonusFloorPanel:OnTriggerEnter (UnityEngine.Collider) (at Assets/LaserCorridor/BonusFloorPanel.cs:90)

(Filename: Assets/LaserCorridor/PlayerHealth.cs Line: 145)

[Player] Jump pressed! isGrounded: True, Timer: -0.005496524
UnityEngine.Debug:ExtractStackTraceNoAlloc (byte*,int,string)
UnityEngine.StackTraceUtility:ExtractStackTrace ()
UnityEngine.DebugLogHandler:Internal_Log (UnityEngine.LogType,UnityEngine.LogOption,string,UnityEngine.Object)
UnityEngine.DebugLogHandler:LogFormat (UnityEngine.LogType,UnityEngine.Object,string,object[])
UnityEngine.Logger:Log (UnityEngine.LogType,object)
UnityEngine.Debug:Log (object)
Player:Update () (at Assets/Player.cs:211)

(Filename: Assets/Player.cs Line: 211)

[Player] Jump executed! JumpForce: 4, y-velocity: 4
UnityEngine.Debug:ExtractStackTraceNoAlloc (byte*,int,string)
UnityEngine.StackTraceUtility:ExtractStackTrace ()
UnityEngine.DebugLogHandler:Internal_Log (UnityEngine.LogType,UnityEngine.LogOption,string,UnityEngine.Object)
UnityEngine.DebugLogHandler:LogFormat (UnityEngine.LogType,UnityEngine.Object,string,object[])
UnityEngine.Logger:Log (UnityEngine.LogType,object)
UnityEngine.Debug:Log (object)
Player:Jump () (at Assets/Player.cs:429)
Player:Update () (at Assets/Player.cs:215)

(Filename: Assets/Player.cs Line: 429)

[PlayerHealth] Restored 35 HP! Current HP: 100/100
UnityEngine.Debug:ExtractStackTraceNoAlloc (byte*,int,string)
UnityEngine.StackTraceUtility:ExtractStackTrace ()
UnityEngine.DebugLogHandler:Internal_Log (UnityEngine.LogType,UnityEngine.LogOption,string,UnityEngine.Object)
UnityEngine.DebugLogHandler:LogFormat (UnityEngine.LogType,UnityEngine.Object,string,object[])
UnityEngine.Logger:Log (UnityEngine.LogType,object)
UnityEngine.Debug:Log (object)
PlayerHealth:Heal (int) (at Assets/LaserCorridor/PlayerHealth.cs:125)
BonusFloorPanel:GrantBonus (PlayerHealth) (at Assets/LaserCorridor/BonusFloorPanel.cs:102)
BonusFloorPanel:OnTriggerEnter (UnityEngine.Collider) (at Assets/LaserCorridor/BonusFloorPanel.cs:90)

(Filename: Assets/LaserCorridor/PlayerHealth.cs Line: 125)

[Player] Jump pressed! isGrounded: True, Timer: -0.01091851
UnityEngine.Debug:ExtractStackTraceNoAlloc (byte*,int,string)
UnityEngine.StackTraceUtility:ExtractStackTrace ()
UnityEngine.DebugLogHandler:Internal_Log (UnityEngine.LogType,UnityEngine.LogOption,string,UnityEngine.Object)
UnityEngine.DebugLogHandler:LogFormat (UnityEngine.LogType,UnityEngine.Object,string,object[])
UnityEngine.Logger:Log (UnityEngine.LogType,object)
UnityEngine.Debug:Log (object)
Player:Update () (at Assets/Player.cs:211)

(Filename: Assets/Player.cs Line: 211)

[Player] Jump executed! JumpForce: 4, y-velocity: 4
UnityEngine.Debug:ExtractStackTraceNoAlloc (byte*,int,string)
UnityEngine.StackTraceUtility:ExtractStackTrace ()
UnityEngine.DebugLogHandler:Internal_Log (UnityEngine.LogType,UnityEngine.LogOption,string,UnityEngine.Object)
UnityEngine.DebugLogHandler:LogFormat (UnityEngine.LogType,UnityEngine.Object,string,object[])
UnityEngine.Logger:Log (UnityEngine.LogType,object)
UnityEngine.Debug:Log (object)
Player:Jump () (at Assets/Player.cs:429)
Player:Update () (at Assets/Player.cs:215)

(Filename: Assets/Player.cs Line: 429)

[PlayerHealth] Took 35 damage! Remaining HP: 65/100
UnityEngine.Debug:ExtractStackTraceNoAlloc (byte*,int,string)
UnityEngine.StackTraceUtility:ExtractStackTrace ()
UnityEngine.DebugLogHandler:Internal_Log (UnityEngine.LogType,UnityEngine.LogOption,string,UnityEngine.Object)
UnityEngine.DebugLogHandler:LogFormat (UnityEngine.LogType,UnityEngine.Object,string,object[])
UnityEngine.Logger:Log (UnityEngine.LogType,object)
UnityEngine.Debug:Log (object)
PlayerHealth:TakeDamage (int) (at Assets/LaserCorridor/PlayerHealth.cs:104)
LaserBeamTriggerForwarder:OnTriggerEnter (UnityEngine.Collider) (at Assets/LaserCorridor/LaserSpawner.cs:513)

(Filename: Assets/LaserCorridor/PlayerHealth.cs Line: 104)

[PlayerHealth] Speed Boost ended.
UnityEngine.Debug:ExtractStackTraceNoAlloc (byte*,int,string)
UnityEngine.StackTraceUtility:ExtractStackTrace ()
UnityEngine.DebugLogHandler:Internal_Log (UnityEngine.LogType,UnityEngine.LogOption,string,UnityEngine.Object)
UnityEngine.DebugLogHandler:LogFormat (UnityEngine.LogType,UnityEngine.Object,string,object[])
UnityEngine.Logger:Log (UnityEngine.LogType,object)
UnityEngine.Debug:Log (object)
PlayerHealth:ResetSpeedBoost () (at Assets/LaserCorridor/PlayerHealth.cs:157)
PlayerHealth:Update () (at Assets/LaserCorridor/PlayerHealth.cs:77)

(Filename: Assets/LaserCorridor/PlayerHealth.cs Line: 157)

[PlayerHealth] Energy Shield activated for 5s!
UnityEngine.Debug:ExtractStackTraceNoAlloc (byte*,int,string)
UnityEngine.StackTraceUtility:ExtractStackTrace ()
UnityEngine.DebugLogHandler:Internal_Log (UnityEngine.LogType,UnityEngine.LogOption,string,UnityEngine.Object)
UnityEngine.DebugLogHandler:LogFormat (UnityEngine.LogType,UnityEngine.Object,string,object[])
UnityEngine.Logger:Log (UnityEngine.LogType,object)
UnityEngine.Debug:Log (object)
PlayerHealth:ApplyShield (single) (at Assets/LaserCorridor/PlayerHealth.cs:168)
BonusFloorPanel:GrantBonus (PlayerHealth) (at Assets/LaserCorridor/BonusFloorPanel.cs:110)
BonusFloorPanel:OnTriggerEnter (UnityEngine.Collider) (at Assets/LaserCorridor/BonusFloorPanel.cs:90)

(Filename: Assets/LaserCorridor/PlayerHealth.cs Line: 168)

[PlayerHealth] Shield absorbed laser damage!
UnityEngine.Debug:ExtractStackTraceNoAlloc (byte*,int,string)
UnityEngine.StackTraceUtility:ExtractStackTrace ()
UnityEngine.DebugLogHandler:Internal_Log (UnityEngine.LogType,UnityEngine.LogOption,string,UnityEngine.Object)
UnityEngine.DebugLogHandler:LogFormat (UnityEngine.LogType,UnityEngine.Object,string,object[])
UnityEngine.Logger:Log (UnityEngine.LogType,object)
UnityEngine.Debug:Log (object)
PlayerHealth:TakeDamage (int) (at Assets/LaserCorridor/PlayerHealth.cs:92)
LaserBeamTriggerForwarder:OnTriggerEnter (UnityEngine.Collider) (at Assets/LaserCorridor/LaserSpawner.cs:513)

(Filename: Assets/LaserCorridor/PlayerHealth.cs Line: 92)

[PlayerHealth] Took 35 damage! Remaining HP: 30/100
UnityEngine.Debug:ExtractStackTraceNoAlloc (byte*,int,string)
UnityEngine.StackTraceUtility:ExtractStackTrace ()
UnityEngine.DebugLogHandler:Internal_Log (UnityEngine.LogType,UnityEngine.LogOption,string,UnityEngine.Object)
UnityEngine.DebugLogHandler:LogFormat (UnityEngine.LogType,UnityEngine.Object,string,object[])
UnityEngine.Logger:Log (UnityEngine.LogType,object)
UnityEngine.Debug:Log (object)
PlayerHealth:TakeDamage (int) (at Assets/LaserCorridor/PlayerHealth.cs:104)
LaserBeamTriggerForwarder:OnTriggerEnter (UnityEngine.Collider) (at Assets/LaserCorridor/LaserSpawner.cs:513)

(Filename: Assets/LaserCorridor/PlayerHealth.cs Line: 104)

[CorridorGoal] PLAYER REACHED THE END OF THE CORRIDOR!
UnityEngine.Debug:ExtractStackTraceNoAlloc (byte*,int,string)
UnityEngine.StackTraceUtility:ExtractStackTrace ()
UnityEngine.DebugLogHandler:Internal_Log (UnityEngine.LogType,UnityEngine.LogOption,string,UnityEngine.Object)
UnityEngine.DebugLogHandler:LogFormat (UnityEngine.LogType,UnityEngine.Object,string,object[])
UnityEngine.Logger:Log (UnityEngine.LogType,object)
UnityEngine.Debug:Log (object)
CorridorGoal:OnTriggerEnter (UnityEngine.Collider) (at Assets/LaserCorridor/CorridorGoal.cs:27)

(Filename: Assets/LaserCorridor/CorridorGoal.cs Line: 27)

[GameManager] VICTORY! Corridor Cleared!
UnityEngine.Debug:ExtractStackTraceNoAlloc (byte*,int,string)
UnityEngine.StackTraceUtility:ExtractStackTrace ()
UnityEngine.DebugLogHandler:Internal_Log (UnityEngine.LogType,UnityEngine.LogOption,string,UnityEngine.Object)
UnityEngine.DebugLogHandler:LogFormat (UnityEngine.LogType,UnityEngine.Object,string,object[])
UnityEngine.Logger:Log (UnityEngine.LogType,object)
UnityEngine.Debug:Log (object)
LaserCorridorGameManager:OnGoalReached () (at Assets/LaserCorridor/LaserCorridorGameManager.cs:137)
CorridorGoal:OnTriggerEnter (UnityEngine.Collider) (at Assets/LaserCorridor/CorridorGoal.cs:31)

(Filename: Assets/LaserCorridor/LaserCorridorGameManager.cs Line: 137)

[Player] Jump pressed! isGrounded: True, Timer: -0.0104119
UnityEngine.Debug:ExtractStackTraceNoAlloc (byte*,int,string)
UnityEngine.StackTraceUtility:ExtractStackTrace ()
UnityEngine.DebugLogHandler:Internal_Log (UnityEngine.LogType,UnityEngine.LogOption,string,UnityEngine.Object)
UnityEngine.DebugLogHandler:LogFormat (UnityEngine.LogType,UnityEngine.Object,string,object[])
UnityEngine.Logger:Log (UnityEngine.LogType,object)
UnityEngine.Debug:Log (object)
Player:Update () (at Assets/Player.cs:211)

(Filename: Assets/Player.cs Line: 211)

[Player] Jump executed! JumpForce: 4, y-velocity: 4
UnityEngine.Debug:ExtractStackTraceNoAlloc (byte*,int,string)
UnityEngine.StackTraceUtility:ExtractStackTrace ()
UnityEngine.DebugLogHandler:Internal_Log (UnityEngine.LogType,UnityEngine.LogOption,string,UnityEngine.Object)
UnityEngine.DebugLogHandler:LogFormat (UnityEngine.LogType,UnityEngine.Object,string,object[])
UnityEngine.Logger:Log (UnityEngine.LogType,object)
UnityEngine.Debug:Log (object)
Player:Jump () (at Assets/Player.cs:429)
Player:Update () (at Assets/Player.cs:215)

(Filename: Assets/Player.cs Line: 429)

GPU Resident Drawer disposed.
Unloading 17 Unused Serialized files (Serialized files now loaded: 0)
Loaded scene 'Temp/__Backupscenes/0.backup'
	Deserialize:            1.580 ms
	Integration:            36.143 ms
	Integration of assets:  0.036 ms
	Thread Wait Time:       0.016 ms
	Total Operation Time:   37.775 ms
Unloading 23 unused Assets / (0.5 MB). Loaded Objects now: 9525.
Memory consumption went from 0.75 GB to 0.75 GB.
Total: 36.835100 ms (FindLiveObjects: 0.763800 ms CreateObjectMapping: 0.389900 ms MarkObjects: 35.310200 ms  DeleteObjects: 0.094600 ms)

GPU Resident Drawer created.
[Licensing::Client] Successfully resolved entitlement details
GPU Resident Drawer disposed.
GPU Resident Drawer created.
GPU Resident Drawer disposed.
Entering Playmode with Reload Domain disabled.
If you experience any issues, please disable "Enter Play Mode Options" in Editor Settings
Entering Playmode with Reload Scene disabled. If you experience any issues, please disable "Enter Play Mode Options" in Editor Settings
GPU Resident Drawer created.
GPU Resident Drawer disposed.
GPU Resident Drawer created.
[Player] Jump pressed! isGrounded: True, Timer: 0
UnityEngine.Debug:ExtractStackTraceNoAlloc (byte*,int,string)
UnityEngine.StackTraceUtility:ExtractStackTrace ()
UnityEngine.DebugLogHandler:Internal_Log (UnityEngine.LogType,UnityEngine.LogOption,string,UnityEngine.Object)
UnityEngine.DebugLogHandler:LogFormat (UnityEngine.LogType,UnityEngine.Object,string,object[])
UnityEngine.Logger:Log (UnityEngine.LogType,object)
UnityEngine.Debug:Log (object)
Player:Update () (at Assets/Player.cs:211)

(Filename: Assets/Player.cs Line: 211)

[Player] Jump executed! JumpForce: 4, y-velocity: 4
UnityEngine.Debug:ExtractStackTraceNoAlloc (byte*,int,string)
UnityEngine.StackTraceUtility:ExtractStackTrace ()
UnityEngine.DebugLogHandler:Internal_Log (UnityEngine.LogType,UnityEngine.LogOption,string,UnityEngine.Object)
UnityEngine.DebugLogHandler:LogFormat (UnityEngine.LogType,UnityEngine.Object,string,object[])
UnityEngine.Logger:Log (UnityEngine.LogType,object)
UnityEngine.Debug:Log (object)
Player:Jump () (at Assets/Player.cs:429)
Player:Update () (at Assets/Player.cs:215)

(Filename: Assets/Player.cs Line: 429)

[Player] Jump pressed! isGrounded: True, Timer: -0.005019182
UnityEngine.Debug:ExtractStackTraceNoAlloc (byte*,int,string)
UnityEngine.StackTraceUtility:ExtractStackTrace ()
UnityEngine.DebugLogHandler:Internal_Log (UnityEngine.LogType,UnityEngine.LogOption,string,UnityEngine.Object)
UnityEngine.DebugLogHandler:LogFormat (UnityEngine.LogType,UnityEngine.Object,string,object[])
UnityEngine.Logger:Log (UnityEngine.LogType,object)
UnityEngine.Debug:Log (object)
Player:Update () (at Assets/Player.cs:211)

(Filename: Assets/Player.cs Line: 211)

[Player] Jump executed! JumpForce: 4, y-velocity: 4
UnityEngine.Debug:ExtractStackTraceNoAlloc (byte*,int,string)
UnityEngine.StackTraceUtility:ExtractStackTrace ()
UnityEngine.DebugLogHandler:Internal_Log (UnityEngine.LogType,UnityEngine.LogOption,string,UnityEngine.Object)
UnityEngine.DebugLogHandler:LogFormat (UnityEngine.LogType,UnityEngine.Object,string,object[])
UnityEngine.Logger:Log (UnityEngine.LogType,object)
UnityEngine.Debug:Log (object)
Player:Jump () (at Assets/Player.cs:429)
Player:Update () (at Assets/Player.cs:215)

(Filename: Assets/Player.cs Line: 429)

[Player] Jump pressed! isGrounded: True, Timer: -6.019417E-05
UnityEngine.Debug:ExtractStackTraceNoAlloc (byte*,int,string)
UnityEngine.StackTraceUtility:ExtractStackTrace ()
UnityEngine.DebugLogHandler:Internal_Log (UnityEngine.LogType,UnityEngine.LogOption,string,UnityEngine.Object)
UnityEngine.DebugLogHandler:LogFormat (UnityEngine.LogType,UnityEngine.Object,string,object[])
UnityEngine.Logger:Log (UnityEngine.LogType,object)
UnityEngine.Debug:Log (object)
Player:Update () (at Assets/Player.cs:211)

(Filename: Assets/Player.cs Line: 211)

[Player] Jump executed! JumpForce: 4, y-velocity: 4
UnityEngine.Debug:ExtractStackTraceNoAlloc (byte*,int,string)
UnityEngine.StackTraceUtility:ExtractStackTrace ()
UnityEngine.DebugLogHandler:Internal_Log (UnityEngine.LogType,UnityEngine.LogOption,string,UnityEngine.Object)
UnityEngine.DebugLogHandler:LogFormat (UnityEngine.LogType,UnityEngine.Object,string,object[])
UnityEngine.Logger:Log (UnityEngine.LogType,object)
UnityEngine.Debug:Log (object)
Player:Jump () (at Assets/Player.cs:429)
Player:Update () (at Assets/Player.cs:215)

(Filename: Assets/Player.cs Line: 429)

[PlayerHealth] Speed Boost activated! (1.6x for 5s)
UnityEngine.Debug:ExtractStackTraceNoAlloc (byte*,int,string)
UnityEngine.StackTraceUtility:ExtractStackTrace ()
UnityEngine.DebugLogHandler:Internal_Log (UnityEngine.LogType,UnityEngine.LogOption,string,UnityEngine.Object)
UnityEngine.DebugLogHandler:LogFormat (UnityEngine.LogType,UnityEngine.Object,string,object[])
UnityEngine.Logger:Log (UnityEngine.LogType,object)
UnityEngine.Debug:Log (object)
PlayerHealth:ApplySpeedBoost (single,single) (at Assets/LaserCorridor/PlayerHealth.cs:145)
BonusFloorPanel:GrantBonus (PlayerHealth) (at Assets/LaserCorridor/BonusFloorPanel.cs:106)
BonusFloorPanel:OnTriggerEnter (UnityEngine.Collider) (at Assets/LaserCorridor/BonusFloorPanel.cs:90)

(Filename: Assets/LaserCorridor/PlayerHealth.cs Line: 145)

[Player] Jump pressed! isGrounded: True, Timer: -0.001807365
UnityEngine.Debug:ExtractStackTraceNoAlloc (byte*,int,string)
UnityEngine.StackTraceUtility:ExtractStackTrace ()
UnityEngine.DebugLogHandler:Internal_Log (UnityEngine.LogType,UnityEngine.LogOption,string,UnityEngine.Object)
UnityEngine.DebugLogHandler:LogFormat (UnityEngine.LogType,UnityEngine.Object,string,object[])
UnityEngine.Logger:Log (UnityEngine.LogType,object)
UnityEngine.Debug:Log (object)
Player:Update () (at Assets/Player.cs:211)

(Filename: Assets/Player.cs Line: 211)

[Player] Jump executed! JumpForce: 4, y-velocity: 4
UnityEngine.Debug:ExtractStackTraceNoAlloc (byte*,int,string)
UnityEngine.StackTraceUtility:ExtractStackTrace ()
UnityEngine.DebugLogHandler:Internal_Log (UnityEngine.LogType,UnityEngine.LogOption,string,UnityEngine.Object)
UnityEngine.DebugLogHandler:LogFormat (UnityEngine.LogType,UnityEngine.Object,string,object[])
UnityEngine.Logger:Log (UnityEngine.LogType,object)
UnityEngine.Debug:Log (object)
Player:Jump () (at Assets/Player.cs:429)
Player:Update () (at Assets/Player.cs:215)

(Filename: Assets/Player.cs Line: 429)

[Player] Jump pressed! isGrounded: True, Timer: -0.01310349
UnityEngine.Debug:ExtractStackTraceNoAlloc (byte*,int,string)
UnityEngine.StackTraceUtility:ExtractStackTrace ()
UnityEngine.DebugLogHandler:Internal_Log (UnityEngine.LogType,UnityEngine.LogOption,string,UnityEngine.Object)
UnityEngine.DebugLogHandler:LogFormat (UnityEngine.LogType,UnityEngine.Object,string,object[])
UnityEngine.Logger:Log (UnityEngine.LogType,object)
UnityEngine.Debug:Log (object)
Player:Update () (at Assets/Player.cs:211)

(Filename: Assets/Player.cs Line: 211)

[Player] Jump executed! JumpForce: 4, y-velocity: 4
UnityEngine.Debug:ExtractStackTraceNoAlloc (byte*,int,string)
UnityEngine.StackTraceUtility:ExtractStackTrace ()
UnityEngine.DebugLogHandler:Internal_Log (UnityEngine.LogType,UnityEngine.LogOption,string,UnityEngine.Object)
UnityEngine.DebugLogHandler:LogFormat (UnityEngine.LogType,UnityEngine.Object,string,object[])
UnityEngine.Logger:Log (UnityEngine.LogType,object)
UnityEngine.Debug:Log (object)
Player:Jump () (at Assets/Player.cs:429)
Player:Update () (at Assets/Player.cs:215)

(Filename: Assets/Player.cs Line: 429)

[PlayerHealth] Restored 35 HP! Current HP: 100/100
UnityEngine.Debug:ExtractStackTraceNoAlloc (byte*,int,string)
UnityEngine.StackTraceUtility:ExtractStackTrace ()
UnityEngine.DebugLogHandler:Internal_Log (UnityEngine.LogType,UnityEngine.LogOption,string,UnityEngine.Object)
UnityEngine.DebugLogHandler:LogFormat (UnityEngine.LogType,UnityEngine.Object,string,object[])
UnityEngine.Logger:Log (UnityEngine.LogType,object)
UnityEngine.Debug:Log (object)
PlayerHealth:Heal (int) (at Assets/LaserCorridor/PlayerHealth.cs:125)
BonusFloorPanel:GrantBonus (PlayerHealth) (at Assets/LaserCorridor/BonusFloorPanel.cs:102)
BonusFloorPanel:OnTriggerEnter (UnityEngine.Collider) (at Assets/LaserCorridor/BonusFloorPanel.cs:90)

(Filename: Assets/LaserCorridor/PlayerHealth.cs Line: 125)

[PlayerHealth] Took 35 damage! Remaining HP: 65/100
UnityEngine.Debug:ExtractStackTraceNoAlloc (byte*,int,string)
UnityEngine.StackTraceUtility:ExtractStackTrace ()
UnityEngine.DebugLogHandler:Internal_Log (UnityEngine.LogType,UnityEngine.LogOption,string,UnityEngine.Object)
UnityEngine.DebugLogHandler:LogFormat (UnityEngine.LogType,UnityEngine.Object,string,object[])
UnityEngine.Logger:Log (UnityEngine.LogType,object)
UnityEngine.Debug:Log (object)
PlayerHealth:TakeDamage (int) (at Assets/LaserCorridor/PlayerHealth.cs:104)
LaserBeamTriggerForwarder:OnTriggerEnter (UnityEngine.Collider) (at Assets/LaserCorridor/LaserSpawner.cs:513)

(Filename: Assets/LaserCorridor/PlayerHealth.cs Line: 104)

[PlayerHealth] Speed Boost ended.
UnityEngine.Debug:ExtractStackTraceNoAlloc (byte*,int,string)
UnityEngine.StackTraceUtility:ExtractStackTrace ()
UnityEngine.DebugLogHandler:Internal_Log (UnityEngine.LogType,UnityEngine.LogOption,string,UnityEngine.Object)
UnityEngine.DebugLogHandler:LogFormat (UnityEngine.LogType,UnityEngine.Object,string,object[])
UnityEngine.Logger:Log (UnityEngine.LogType,object)
UnityEngine.Debug:Log (object)
PlayerHealth:ResetSpeedBoost () (at Assets/LaserCorridor/PlayerHealth.cs:157)
PlayerHealth:Update () (at Assets/LaserCorridor/PlayerHealth.cs:77)

(Filename: Assets/LaserCorridor/PlayerHealth.cs Line: 157)

[PlayerHealth] Took 35 damage! Remaining HP: 30/100
UnityEngine.Debug:ExtractStackTraceNoAlloc (byte*,int,string)
UnityEngine.StackTraceUtility:ExtractStackTrace ()
UnityEngine.DebugLogHandler:Internal_Log (UnityEngine.LogType,UnityEngine.LogOption,string,UnityEngine.Object)
UnityEngine.DebugLogHandler:LogFormat (UnityEngine.LogType,UnityEngine.Object,string,object[])
UnityEngine.Logger:Log (UnityEngine.LogType,object)
UnityEngine.Debug:Log (object)
PlayerHealth:TakeDamage (int) (at Assets/LaserCorridor/PlayerHealth.cs:104)
LaserBeamTriggerForwarder:OnTriggerEnter (UnityEngine.Collider) (at Assets/LaserCorridor/LaserSpawner.cs:513)

(Filename: Assets/LaserCorridor/PlayerHealth.cs Line: 104)

[PlayerHealth] Energy Shield activated for 5s!
UnityEngine.Debug:ExtractStackTraceNoAlloc (byte*,int,string)
UnityEngine.StackTraceUtility:ExtractStackTrace ()
UnityEngine.DebugLogHandler:Internal_Log (UnityEngine.LogType,UnityEngine.LogOption,string,UnityEngine.Object)
UnityEngine.DebugLogHandler:LogFormat (UnityEngine.LogType,UnityEngine.Object,string,object[])
UnityEngine.Logger:Log (UnityEngine.LogType,object)
UnityEngine.Debug:Log (object)
PlayerHealth:ApplyShield (single) (at Assets/LaserCorridor/PlayerHealth.cs:168)
BonusFloorPanel:GrantBonus (PlayerHealth) (at Assets/LaserCorridor/BonusFloorPanel.cs:110)
BonusFloorPanel:OnTriggerEnter (UnityEngine.Collider) (at Assets/LaserCorridor/BonusFloorPanel.cs:90)

(Filename: Assets/LaserCorridor/PlayerHealth.cs Line: 168)

[PlayerHealth] Shield absorbed laser damage!
UnityEngine.Debug:ExtractStackTraceNoAlloc (byte*,int,string)
UnityEngine.StackTraceUtility:ExtractStackTrace ()
UnityEngine.DebugLogHandler:Internal_Log (UnityEngine.LogType,UnityEngine.LogOption,string,UnityEngine.Object)
UnityEngine.DebugLogHandler:LogFormat (UnityEngine.LogType,UnityEngine.Object,string,object[])
UnityEngine.Logger:Log (UnityEngine.LogType,object)
UnityEngine.Debug:Log (object)
PlayerHealth:TakeDamage (int) (at Assets/LaserCorridor/PlayerHealth.cs:92)
LaserBeamTriggerForwarder:OnTriggerEnter (UnityEngine.Collider) (at Assets/LaserCorridor/LaserSpawner.cs:513)

(Filename: Assets/LaserCorridor/PlayerHealth.cs Line: 92)

[Player] Jump pressed! isGrounded: True, Timer: -0.002482289
UnityEngine.Debug:ExtractStackTraceNoAlloc (byte*,int,string)
UnityEngine.StackTraceUtility:ExtractStackTrace ()
UnityEngine.DebugLogHandler:Internal_Log (UnityEngine.LogType,UnityEngine.LogOption,string,UnityEngine.Object)
UnityEngine.DebugLogHandler:LogFormat (UnityEngine.LogType,UnityEngine.Object,string,object[])
UnityEngine.Logger:Log (UnityEngine.LogType,object)
UnityEngine.Debug:Log (object)
Player:Update () (at Assets/Player.cs:211)

(Filename: Assets/Player.cs Line: 211)

[Player] Jump executed! JumpForce: 4, y-velocity: 4
UnityEngine.Debug:ExtractStackTraceNoAlloc (byte*,int,string)
UnityEngine.StackTraceUtility:ExtractStackTrace ()
UnityEngine.DebugLogHandler:Internal_Log (UnityEngine.LogType,UnityEngine.LogOption,string,UnityEngine.Object)
UnityEngine.DebugLogHandler:LogFormat (UnityEngine.LogType,UnityEngine.Object,string,object[])
UnityEngine.Logger:Log (UnityEngine.LogType,object)
UnityEngine.Debug:Log (object)
Player:Jump () (at Assets/Player.cs:429)
Player:Update () (at Assets/Player.cs:215)

(Filename: Assets/Player.cs Line: 429)

[CorridorGoal] PLAYER REACHED THE END OF THE CORRIDOR!
UnityEngine.Debug:ExtractStackTraceNoAlloc (byte*,int,string)
UnityEngine.StackTraceUtility:ExtractStackTrace ()
UnityEngine.DebugLogHandler:Internal_Log (UnityEngine.LogType,UnityEngine.LogOption,string,UnityEngine.Object)
UnityEngine.DebugLogHandler:LogFormat (UnityEngine.LogType,UnityEngine.Object,string,object[])
UnityEngine.Logger:Log (UnityEngine.LogType,object)
UnityEngine.Debug:Log (object)
CorridorGoal:OnTriggerEnter (UnityEngine.Collider) (at Assets/LaserCorridor/CorridorGoal.cs:27)

(Filename: Assets/LaserCorridor/CorridorGoal.cs Line: 27)

[GameManager] VICTORY! Corridor Cleared!
UnityEngine.Debug:ExtractStackTraceNoAlloc (byte*,int,string)
UnityEngine.StackTraceUtility:ExtractStackTrace ()
UnityEngine.DebugLogHandler:Internal_Log (UnityEngine.LogType,UnityEngine.LogOption,string,UnityEngine.Object)
UnityEngine.DebugLogHandler:LogFormat (UnityEngine.LogType,UnityEngine.Object,string,object[])
UnityEngine.Logger:Log (UnityEngine.LogType,object)
UnityEngine.Debug:Log (object)
LaserCorridorGameManager:OnGoalReached () (at Assets/LaserCorridor/LaserCorridorGameManager.cs:137)
CorridorGoal:OnTriggerEnter (UnityEngine.Collider) (at Assets/LaserCorridor/CorridorGoal.cs:31)

(Filename: Assets/LaserCorridor/LaserCorridorGameManager.cs Line: 137)

GPU Resident Drawer disposed.
Unloading 17 Unused Serialized files (Serialized files now loaded: 0)
Loaded scene 'Temp/__Backupscenes/0.backup'
	Deserialize:            2.194 ms
	Integration:            48.640 ms
	Integration of assets:  0.049 ms
	Thread Wait Time:       0.021 ms
	Total Operation Time:   50.903 ms
Unloading 23 unused Assets / (487.4 KB). Loaded Objects now: 9537.
Memory consumption went from 0.75 GB to 0.75 GB.
Total: 42.136800 ms (FindLiveObjects: 0.860700 ms CreateObjectMapping: 0.459400 ms MarkObjects: 40.380500 ms  DeleteObjects: 0.136500 ms)

GPU Resident Drawer created.
GPU Resident Drawer disposed.
GPU Resident Drawer created.
GPU Resident Drawer disposed.
Entering Playmode with Reload Domain disabled.
If you experience any issues, please disable "Enter Play Mode Options" in Editor Settings
Entering Playmode with Reload Scene disabled. If you experience any issues, please disable "Enter Play Mode Options" in Editor Settings
GPU Resident Drawer created.
GPU Resident Drawer disposed.
GPU Resident Drawer created.
[Player] Jump pressed! isGrounded: True, Timer: 0
UnityEngine.Debug:ExtractStackTraceNoAlloc (byte*,int,string)
UnityEngine.StackTraceUtility:ExtractStackTrace ()
UnityEngine.DebugLogHandler:Internal_Log (UnityEngine.LogType,UnityEngine.LogOption,string,UnityEngine.Object)
UnityEngine.DebugLogHandler:LogFormat (UnityEngine.LogType,UnityEngine.Object,string,object[])
UnityEngine.Logger:Log (UnityEngine.LogType,object)
UnityEngine.Debug:Log (object)
Player:Update () (at Assets/Player.cs:211)

(Filename: Assets/Player.cs Line: 211)

[Player] Jump executed! JumpForce: 4, y-velocity: 4
UnityEngine.Debug:ExtractStackTraceNoAlloc (byte*,int,string)
UnityEngine.StackTraceUtility:ExtractStackTrace ()
UnityEngine.DebugLogHandler:Internal_Log (UnityEngine.LogType,UnityEngine.LogOption,string,UnityEngine.Object)
UnityEngine.DebugLogHandler:LogFormat (UnityEngine.LogType,UnityEngine.Object,string,object[])
UnityEngine.Logger:Log (UnityEngine.LogType,object)
UnityEngine.Debug:Log (object)
Player:Jump () (at Assets/Player.cs:429)
Player:Update () (at Assets/Player.cs:215)

(Filename: Assets/Player.cs Line: 429)

[PlayerHealth] Speed Boost activated! (1.6x for 5s)
UnityEngine.Debug:ExtractStackTraceNoAlloc (byte*,int,string)
UnityEngine.StackTraceUtility:ExtractStackTrace ()
UnityEngine.DebugLogHandler:Internal_Log (UnityEngine.LogType,UnityEngine.LogOption,string,UnityEngine.Object)
UnityEngine.DebugLogHandler:LogFormat (UnityEngine.LogType,UnityEngine.Object,string,object[])
UnityEngine.Logger:Log (UnityEngine.LogType,object)
UnityEngine.Debug:Log (object)
PlayerHealth:ApplySpeedBoost (single,single) (at Assets/LaserCorridor/PlayerHealth.cs:145)
BonusFloorPanel:GrantBonus (PlayerHealth) (at Assets/LaserCorridor/BonusFloorPanel.cs:106)
BonusFloorPanel:OnTriggerEnter (UnityEngine.Collider) (at Assets/LaserCorridor/BonusFloorPanel.cs:90)

(Filename: Assets/LaserCorridor/PlayerHealth.cs Line: 145)

[PlayerHealth] Restored 35 HP! Current HP: 100/100
UnityEngine.Debug:ExtractStackTraceNoAlloc (byte*,int,string)
UnityEngine.StackTraceUtility:ExtractStackTrace ()
UnityEngine.DebugLogHandler:Internal_Log (UnityEngine.LogType,UnityEngine.LogOption,string,UnityEngine.Object)
UnityEngine.DebugLogHandler:LogFormat (UnityEngine.LogType,UnityEngine.Object,string,object[])
UnityEngine.Logger:Log (UnityEngine.LogType,object)
UnityEngine.Debug:Log (object)
PlayerHealth:Heal (int) (at Assets/LaserCorridor/PlayerHealth.cs:125)
BonusFloorPanel:GrantBonus (PlayerHealth) (at Assets/LaserCorridor/BonusFloorPanel.cs:102)
BonusFloorPanel:OnTriggerEnter (UnityEngine.Collider) (at Assets/LaserCorridor/BonusFloorPanel.cs:90)

(Filename: Assets/LaserCorridor/PlayerHealth.cs Line: 125)

[Player] Jump pressed! isGrounded: True, Timer: -0.003010669
UnityEngine.Debug:ExtractStackTraceNoAlloc (byte*,int,string)
UnityEngine.StackTraceUtility:ExtractStackTrace ()
UnityEngine.DebugLogHandler:Internal_Log (UnityEngine.LogType,UnityEngine.LogOption,string,UnityEngine.Object)
UnityEngine.DebugLogHandler:LogFormat (UnityEngine.LogType,UnityEngine.Object,string,object[])
UnityEngine.Logger:Log (UnityEngine.LogType,object)
UnityEngine.Debug:Log (object)
Player:Update () (at Assets/Player.cs:211)

(Filename: Assets/Player.cs Line: 211)

[Player] Jump executed! JumpForce: 4, y-velocity: 4
UnityEngine.Debug:ExtractStackTraceNoAlloc (byte*,int,string)
UnityEngine.StackTraceUtility:ExtractStackTrace ()
UnityEngine.DebugLogHandler:Internal_Log (UnityEngine.LogType,UnityEngine.LogOption,string,UnityEngine.Object)
UnityEngine.DebugLogHandler:LogFormat (UnityEngine.LogType,UnityEngine.Object,string,object[])
UnityEngine.Logger:Log (UnityEngine.LogType,object)
UnityEngine.Debug:Log (object)
Player:Jump () (at Assets/Player.cs:429)
Player:Update () (at Assets/Player.cs:215)

(Filename: Assets/Player.cs Line: 429)

[PlayerHealth] Took 35 damage! Remaining HP: 65/100
UnityEngine.Debug:ExtractStackTraceNoAlloc (byte*,int,string)
UnityEngine.StackTraceUtility:ExtractStackTrace ()
UnityEngine.DebugLogHandler:Internal_Log (UnityEngine.LogType,UnityEngine.LogOption,string,UnityEngine.Object)
UnityEngine.DebugLogHandler:LogFormat (UnityEngine.LogType,UnityEngine.Object,string,object[])
UnityEngine.Logger:Log (UnityEngine.LogType,object)
UnityEngine.Debug:Log (object)
PlayerHealth:TakeDamage (int) (at Assets/LaserCorridor/PlayerHealth.cs:104)
LaserBeamTriggerForwarder:OnTriggerEnter (UnityEngine.Collider) (at Assets/LaserCorridor/LaserSpawner.cs:513)

(Filename: Assets/LaserCorridor/PlayerHealth.cs Line: 104)

[PlayerHealth] Speed Boost ended.
UnityEngine.Debug:ExtractStackTraceNoAlloc (byte*,int,string)
UnityEngine.StackTraceUtility:ExtractStackTrace ()
UnityEngine.DebugLogHandler:Internal_Log (UnityEngine.LogType,UnityEngine.LogOption,string,UnityEngine.Object)
UnityEngine.DebugLogHandler:LogFormat (UnityEngine.LogType,UnityEngine.Object,string,object[])
UnityEngine.Logger:Log (UnityEngine.LogType,object)
UnityEngine.Debug:Log (object)
PlayerHealth:ResetSpeedBoost () (at Assets/LaserCorridor/PlayerHealth.cs:157)
PlayerHealth:Update () (at Assets/LaserCorridor/PlayerHealth.cs:77)

(Filename: Assets/LaserCorridor/PlayerHealth.cs Line: 157)

[PlayerHealth] Energy Shield activated for 5s!
UnityEngine.Debug:ExtractStackTraceNoAlloc (byte*,int,string)
UnityEngine.StackTraceUtility:ExtractStackTrace ()
UnityEngine.DebugLogHandler:Internal_Log (UnityEngine.LogType,UnityEngine.LogOption,string,UnityEngine.Object)
UnityEngine.DebugLogHandler:LogFormat (UnityEngine.LogType,UnityEngine.Object,string,object[])
UnityEngine.Logger:Log (UnityEngine.LogType,object)
UnityEngine.Debug:Log (object)
PlayerHealth:ApplyShield (single) (at Assets/LaserCorridor/PlayerHealth.cs:168)
BonusFloorPanel:GrantBonus (PlayerHealth) (at Assets/LaserCorridor/BonusFloorPanel.cs:110)
BonusFloorPanel:OnTriggerEnter (UnityEngine.Collider) (at Assets/LaserCorridor/BonusFloorPanel.cs:90)

(Filename: Assets/LaserCorridor/PlayerHealth.cs Line: 168)

[PlayerHealth] Shield absorbed laser damage!
UnityEngine.Debug:ExtractStackTraceNoAlloc (byte*,int,string)
UnityEngine.StackTraceUtility:ExtractStackTrace ()
UnityEngine.DebugLogHandler:Internal_Log (UnityEngine.LogType,UnityEngine.LogOption,string,UnityEngine.Object)
UnityEngine.DebugLogHandler:LogFormat (UnityEngine.LogType,UnityEngine.Object,string,object[])
UnityEngine.Logger:Log (UnityEngine.LogType,object)
UnityEngine.Debug:Log (object)
PlayerHealth:TakeDamage (int) (at Assets/LaserCorridor/PlayerHealth.cs:92)
LaserBeamTriggerForwarder:OnTriggerEnter (UnityEngine.Collider) (at Assets/LaserCorridor/LaserSpawner.cs:513)

(Filename: Assets/LaserCorridor/PlayerHealth.cs Line: 92)

[PlayerHealth] Took 35 damage! Remaining HP: 30/100
UnityEngine.Debug:ExtractStackTraceNoAlloc (byte*,int,string)
UnityEngine.StackTraceUtility:ExtractStackTrace ()
UnityEngine.DebugLogHandler:Internal_Log (UnityEngine.LogType,UnityEngine.LogOption,string,UnityEngine.Object)
UnityEngine.DebugLogHandler:LogFormat (UnityEngine.LogType,UnityEngine.Object,string,object[])
UnityEngine.Logger:Log (UnityEngine.LogType,object)
UnityEngine.Debug:Log (object)
PlayerHealth:TakeDamage (int) (at Assets/LaserCorridor/PlayerHealth.cs:104)
LaserBeamTriggerForwarder:OnTriggerEnter (UnityEngine.Collider) (at Assets/LaserCorridor/LaserSpawner.cs:513)

(Filename: Assets/LaserCorridor/PlayerHealth.cs Line: 104)

[Player] Jump pressed! isGrounded: True, Timer: -0.005320992
UnityEngine.Debug:ExtractStackTraceNoAlloc (byte*,int,string)
UnityEngine.StackTraceUtility:ExtractStackTrace ()
UnityEngine.DebugLogHandler:Internal_Log (UnityEngine.LogType,UnityEngine.LogOption,string,UnityEngine.Object)
UnityEngine.DebugLogHandler:LogFormat (UnityEngine.LogType,UnityEngine.Object,string,object[])
UnityEngine.Logger:Log (UnityEngine.LogType,object)
UnityEngine.Debug:Log (object)
Player:Update () (at Assets/Player.cs:211)

(Filename: Assets/Player.cs Line: 211)

[Player] Jump executed! JumpForce: 4, y-velocity: 4
UnityEngine.Debug:ExtractStackTraceNoAlloc (byte*,int,string)
UnityEngine.StackTraceUtility:ExtractStackTrace ()
UnityEngine.DebugLogHandler:Internal_Log (UnityEngine.LogType,UnityEngine.LogOption,string,UnityEngine.Object)
UnityEngine.DebugLogHandler:LogFormat (UnityEngine.LogType,UnityEngine.Object,string,object[])
UnityEngine.Logger:Log (UnityEngine.LogType,object)
UnityEngine.Debug:Log (object)
Player:Jump () (at Assets/Player.cs:429)
Player:Update () (at Assets/Player.cs:215)

(Filename: Assets/Player.cs Line: 429)

[CorridorGoal] PLAYER REACHED THE END OF THE CORRIDOR!
UnityEngine.Debug:ExtractStackTraceNoAlloc (byte*,int,string)
UnityEngine.StackTraceUtility:ExtractStackTrace ()
UnityEngine.DebugLogHandler:Internal_Log (UnityEngine.LogType,UnityEngine.LogOption,string,UnityEngine.Object)
UnityEngine.DebugLogHandler:LogFormat (UnityEngine.LogType,UnityEngine.Object,string,object[])
UnityEngine.Logger:Log (UnityEngine.LogType,object)
UnityEngine.Debug:Log (object)
CorridorGoal:OnTriggerEnter (UnityEngine.Collider) (at Assets/LaserCorridor/CorridorGoal.cs:27)

(Filename: Assets/LaserCorridor/CorridorGoal.cs Line: 27)

[GameManager] VICTORY! Corridor Cleared!
UnityEngine.Debug:ExtractStackTraceNoAlloc (byte*,int,string)
UnityEngine.StackTraceUtility:ExtractStackTrace ()
UnityEngine.DebugLogHandler:Internal_Log (UnityEngine.LogType,UnityEngine.LogOption,string,UnityEngine.Object)
UnityEngine.DebugLogHandler:LogFormat (UnityEngine.LogType,UnityEngine.Object,string,object[])
UnityEngine.Logger:Log (UnityEngine.LogType,object)
UnityEngine.Debug:Log (object)
LaserCorridorGameManager:OnGoalReached () (at Assets/LaserCorridor/LaserCorridorGameManager.cs:137)
CorridorGoal:OnTriggerEnter (UnityEngine.Collider) (at Assets/LaserCorridor/CorridorGoal.cs:31)

(Filename: Assets/LaserCorridor/LaserCorridorGameManager.cs Line: 137)

[Player] Jump pressed! isGrounded: True, Timer: -0.0009068972
UnityEngine.Debug:ExtractStackTraceNoAlloc (byte*,int,string)
UnityEngine.StackTraceUtility:ExtractStackTrace ()
UnityEngine.DebugLogHandler:Internal_Log (UnityEngine.LogType,UnityEngine.LogOption,string,UnityEngine.Object)
UnityEngine.DebugLogHandler:LogFormat (UnityEngine.LogType,UnityEngine.Object,string,object[])
UnityEngine.Logger:Log (UnityEngine.LogType,object)
UnityEngine.Debug:Log (object)
Player:Update () (at Assets/Player.cs:211)

(Filename: Assets/Player.cs Line: 211)

[Player] Jump executed! JumpForce: 4, y-velocity: 4
UnityEngine.Debug:ExtractStackTraceNoAlloc (byte*,int,string)
UnityEngine.StackTraceUtility:ExtractStackTrace ()
UnityEngine.DebugLogHandler:Internal_Log (UnityEngine.LogType,UnityEngine.LogOption,string,UnityEngine.Object)
UnityEngine.DebugLogHandler:LogFormat (UnityEngine.LogType,UnityEngine.Object,string,object[])
UnityEngine.Logger:Log (UnityEngine.LogType,object)
UnityEngine.Debug:Log (object)
Player:Jump () (at Assets/Player.cs:429)
Player:Update () (at Assets/Player.cs:215)

(Filename: Assets/Player.cs Line: 429)

[Player] Jump pressed! isGrounded: True, Timer: -0.002823573
UnityEngine.Debug:ExtractStackTraceNoAlloc (byte*,int,string)
UnityEngine.StackTraceUtility:ExtractStackTrace ()
UnityEngine.DebugLogHandler:Internal_Log (UnityEngine.LogType,UnityEngine.LogOption,string,UnityEngine.Object)
UnityEngine.DebugLogHandler:LogFormat (UnityEngine.LogType,UnityEngine.Object,string,object[])
UnityEngine.Logger:Log (UnityEngine.LogType,object)
UnityEngine.Debug:Log (object)
Player:Update () (at Assets/Player.cs:211)

(Filename: Assets/Player.cs Line: 211)

[Player] Jump executed! JumpForce: 4, y-velocity: 4
UnityEngine.Debug:ExtractStackTraceNoAlloc (byte*,int,string)
UnityEngine.StackTraceUtility:ExtractStackTrace ()
UnityEngine.DebugLogHandler:Internal_Log (UnityEngine.LogType,UnityEngine.LogOption,string,UnityEngine.Object)
UnityEngine.DebugLogHandler:LogFormat (UnityEngine.LogType,UnityEngine.Object,string,object[])
UnityEngine.Logger:Log (UnityEngine.LogType,object)
UnityEngine.Debug:Log (object)
Player:Jump () (at Assets/Player.cs:429)
Player:Update () (at Assets/Player.cs:215)

(Filename: Assets/Player.cs Line: 429)

GPU Resident Drawer disposed.
Unloading 17 Unused Serialized files (Serialized files now loaded: 0)
Loaded scene 'Temp/__Backupscenes/0.backup'
	Deserialize:            2.377 ms
	Integration:            44.964 ms
	Integration of assets:  0.045 ms
	Thread Wait Time:       0.019 ms
	Total Operation Time:   47.405 ms
Unloading 23 unused Assets / (0.6 MB). Loaded Objects now: 9549.
Memory consumption went from 0.75 GB to 0.75 GB.
Total: 40.247000 ms (FindLiveObjects: 0.846100 ms CreateObjectMapping: 0.503200 ms MarkObjects: 38.289100 ms  DeleteObjects: 0.261600 ms)

GPU Resident Drawer created.
GPU Resident Drawer disposed.
GPU Resident Drawer created.
Asset Pipeline Refresh (id=844579baee9b3bd46bb110c7cfbb65c5): Total: 0.040 seconds - Initiated by RefreshV2(AllowForceSynchronousImport)
GPU Resident Drawer disposed.
Entering Playmode with Reload Domain disabled.
If you experience any issues, please disable "Enter Play Mode Options" in Editor Settings
Entering Playmode with Reload Scene disabled. If you experience any issues, please disable "Enter Play Mode Options" in Editor Settings
GPU Resident Drawer created.
[Player] Jump pressed! isGrounded: True, Timer: 0
UnityEngine.Debug:ExtractStackTraceNoAlloc (byte*,int,string)
UnityEngine.StackTraceUtility:ExtractStackTrace ()
UnityEngine.DebugLogHandler:Internal_Log (UnityEngine.LogType,UnityEngine.LogOption,string,UnityEngine.Object)
UnityEngine.DebugLogHandler:LogFormat (UnityEngine.LogType,UnityEngine.Object,string,object[])
UnityEngine.Logger:Log (UnityEngine.LogType,object)
UnityEngine.Debug:Log (object)
Player:Update () (at Assets/Player.cs:211)

(Filename: Assets/Player.cs Line: 211)

[Player] Jump executed! JumpForce: 4, y-velocity: 4
UnityEngine.Debug:ExtractStackTraceNoAlloc (byte*,int,string)
UnityEngine.StackTraceUtility:ExtractStackTrace ()
UnityEngine.DebugLogHandler:Internal_Log (UnityEngine.LogType,UnityEngine.LogOption,string,UnityEngine.Object)
UnityEngine.DebugLogHandler:LogFormat (UnityEngine.LogType,UnityEngine.Object,string,object[])
UnityEngine.Logger:Log (UnityEngine.LogType,object)
UnityEngine.Debug:Log (object)
Player:Jump () (at Assets/Player.cs:429)
Player:Update () (at Assets/Player.cs:215)

(Filename: Assets/Player.cs Line: 429)

[Player] Jump pressed! isGrounded: True, Timer: -0.002131607
UnityEngine.Debug:ExtractStackTraceNoAlloc (byte*,int,string)
UnityEngine.StackTraceUtility:ExtractStackTrace ()
UnityEngine.DebugLogHandler:Internal_Log (UnityEngine.LogType,UnityEngine.LogOption,string,UnityEngine.Object)
UnityEngine.DebugLogHandler:LogFormat (UnityEngine.LogType,UnityEngine.Object,string,object[])
UnityEngine.Logger:Log (UnityEngine.LogType,object)
UnityEngine.Debug:Log (object)
Player:Update () (at Assets/Player.cs:211)

(Filename: Assets/Player.cs Line: 211)

[Player] Jump executed! JumpForce: 4, y-velocity: 4
UnityEngine.Debug:ExtractStackTraceNoAlloc (byte*,int,string)
UnityEngine.StackTraceUtility:ExtractStackTrace ()
UnityEngine.DebugLogHandler:Internal_Log (UnityEngine.LogType,UnityEngine.LogOption,string,UnityEngine.Object)
UnityEngine.DebugLogHandler:LogFormat (UnityEngine.LogType,UnityEngine.Object,string,object[])
UnityEngine.Logger:Log (UnityEngine.LogType,object)
UnityEngine.Debug:Log (object)
Player:Jump () (at Assets/Player.cs:429)
Player:Update () (at Assets/Player.cs:215)

(Filename: Assets/Player.cs Line: 429)

[PlayerHealth] Speed Boost activated! (1.6x for 5s)
UnityEngine.Debug:ExtractStackTraceNoAlloc (byte*,int,string)
UnityEngine.StackTraceUtility:ExtractStackTrace ()
UnityEngine.DebugLogHandler:Internal_Log (UnityEngine.LogType,UnityEngine.LogOption,string,UnityEngine.Object)
UnityEngine.DebugLogHandler:LogFormat (UnityEngine.LogType,UnityEngine.Object,string,object[])
UnityEngine.Logger:Log (UnityEngine.LogType,object)
UnityEngine.Debug:Log (object)
PlayerHealth:ApplySpeedBoost (single,single) (at Assets/LaserCorridor/PlayerHealth.cs:145)
BonusFloorPanel:GrantBonus (PlayerHealth) (at Assets/LaserCorridor/BonusFloorPanel.cs:106)
BonusFloorPanel:OnTriggerEnter (UnityEngine.Collider) (at Assets/LaserCorridor/BonusFloorPanel.cs:90)

(Filename: Assets/LaserCorridor/PlayerHealth.cs Line: 145)

[Player] Jump pressed! isGrounded: True, Timer: -0.003911799
UnityEngine.Debug:ExtractStackTraceNoAlloc (byte*,int,string)
UnityEngine.StackTraceUtility:ExtractStackTrace ()
UnityEngine.DebugLogHandler:Internal_Log (UnityEngine.LogType,UnityEngine.LogOption,string,UnityEngine.Object)
UnityEngine.DebugLogHandler:LogFormat (UnityEngine.LogType,UnityEngine.Object,string,object[])
UnityEngine.Logger:Log (UnityEngine.LogType,object)
UnityEngine.Debug:Log (object)
Player:Update () (at Assets/Player.cs:211)

(Filename: Assets/Player.cs Line: 211)

[Player] Jump executed! JumpForce: 4, y-velocity: 4
UnityEngine.Debug:ExtractStackTraceNoAlloc (byte*,int,string)
UnityEngine.StackTraceUtility:ExtractStackTrace ()
UnityEngine.DebugLogHandler:Internal_Log (UnityEngine.LogType,UnityEngine.LogOption,string,UnityEngine.Object)
UnityEngine.DebugLogHandler:LogFormat (UnityEngine.LogType,UnityEngine.Object,string,object[])
UnityEngine.Logger:Log (UnityEngine.LogType,object)
UnityEngine.Debug:Log (object)
Player:Jump () (at Assets/Player.cs:429)
Player:Update () (at Assets/Player.cs:215)

(Filename: Assets/Player.cs Line: 429)

[Player] Jump pressed! isGrounded: True, Timer: -0.001980606
UnityEngine.Debug:ExtractStackTraceNoAlloc (byte*,int,string)
UnityEngine.StackTraceUtility:ExtractStackTrace ()
UnityEngine.DebugLogHandler:Internal_Log (UnityEngine.LogType,UnityEngine.LogOption,string,UnityEngine.Object)
UnityEngine.DebugLogHandler:LogFormat (UnityEngine.LogType,UnityEngine.Object,string,object[])
UnityEngine.Logger:Log (UnityEngine.LogType,object)
UnityEngine.Debug:Log (object)
Player:Update () (at Assets/Player.cs:211)

(Filename: Assets/Player.cs Line: 211)

[Player] Jump executed! JumpForce: 4, y-velocity: 4
UnityEngine.Debug:ExtractStackTraceNoAlloc (byte*,int,string)
UnityEngine.StackTraceUtility:ExtractStackTrace ()
UnityEngine.DebugLogHandler:Internal_Log (UnityEngine.LogType,UnityEngine.LogOption,string,UnityEngine.Object)
UnityEngine.DebugLogHandler:LogFormat (UnityEngine.LogType,UnityEngine.Object,string,object[])
UnityEngine.Logger:Log (UnityEngine.LogType,object)
UnityEngine.Debug:Log (object)
Player:Jump () (at Assets/Player.cs:429)
Player:Update () (at Assets/Player.cs:215)

(Filename: Assets/Player.cs Line: 429)

[PlayerHealth] Speed Boost ended.
UnityEngine.Debug:ExtractStackTraceNoAlloc (byte*,int,string)
UnityEngine.StackTraceUtility:ExtractStackTrace ()
UnityEngine.DebugLogHandler:Internal_Log (UnityEngine.LogType,UnityEngine.LogOption,string,UnityEngine.Object)
UnityEngine.DebugLogHandler:LogFormat (UnityEngine.LogType,UnityEngine.Object,string,object[])
UnityEngine.Logger:Log (UnityEngine.LogType,object)
UnityEngine.Debug:Log (object)
PlayerHealth:ResetSpeedBoost () (at Assets/LaserCorridor/PlayerHealth.cs:157)
PlayerHealth:Update () (at Assets/LaserCorridor/PlayerHealth.cs:77)

(Filename: Assets/LaserCorridor/PlayerHealth.cs Line: 157)

[PlayerHealth] Energy Shield activated for 5s!
UnityEngine.Debug:ExtractStackTraceNoAlloc (byte*,int,string)
UnityEngine.StackTraceUtility:ExtractStackTrace ()
UnityEngine.DebugLogHandler:Internal_Log (UnityEngine.LogType,UnityEngine.LogOption,string,UnityEngine.Object)
UnityEngine.DebugLogHandler:LogFormat (UnityEngine.LogType,UnityEngine.Object,string,object[])
UnityEngine.Logger:Log (UnityEngine.LogType,object)
UnityEngine.Debug:Log (object)
PlayerHealth:ApplyShield (single) (at Assets/LaserCorridor/PlayerHealth.cs:168)
BonusFloorPanel:GrantBonus (PlayerHealth) (at Assets/LaserCorridor/BonusFloorPanel.cs:110)
BonusFloorPanel:OnTriggerEnter (UnityEngine.Collider) (at Assets/LaserCorridor/BonusFloorPanel.cs:90)

(Filename: Assets/LaserCorridor/PlayerHealth.cs Line: 168)

[Player] Jump pressed! isGrounded: True, Timer: -0.0006373902
UnityEngine.Debug:ExtractStackTraceNoAlloc (byte*,int,string)
UnityEngine.StackTraceUtility:ExtractStackTrace ()
UnityEngine.DebugLogHandler:Internal_Log (UnityEngine.LogType,UnityEngine.LogOption,string,UnityEngine.Object)
UnityEngine.DebugLogHandler:LogFormat (UnityEngine.LogType,UnityEngine.Object,string,object[])
UnityEngine.Logger:Log (UnityEngine.LogType,object)
UnityEngine.Debug:Log (object)
Player:Update () (at Assets/Player.cs:211)

(Filename: Assets/Player.cs Line: 211)

[Player] Jump executed! JumpForce: 4, y-velocity: 4
UnityEngine.Debug:ExtractStackTraceNoAlloc (byte*,int,string)
UnityEngine.StackTraceUtility:ExtractStackTrace ()
UnityEngine.DebugLogHandler:Internal_Log (UnityEngine.LogType,UnityEngine.LogOption,string,UnityEngine.Object)
UnityEngine.DebugLogHandler:LogFormat (UnityEngine.LogType,UnityEngine.Object,string,object[])
UnityEngine.Logger:Log (UnityEngine.LogType,object)
UnityEngine.Debug:Log (object)
Player:Jump () (at Assets/Player.cs:429)
Player:Update () (at Assets/Player.cs:215)

(Filename: Assets/Player.cs Line: 429)

[CorridorGoal] PLAYER REACHED THE END OF THE CORRIDOR!
UnityEngine.Debug:ExtractStackTraceNoAlloc (byte*,int,string)
UnityEngine.StackTraceUtility:ExtractStackTrace ()
UnityEngine.DebugLogHandler:Internal_Log (UnityEngine.LogType,UnityEngine.LogOption,string,UnityEngine.Object)
UnityEngine.DebugLogHandler:LogFormat (UnityEngine.LogType,UnityEngine.Object,string,object[])
UnityEngine.Logger:Log (UnityEngine.LogType,object)
UnityEngine.Debug:Log (object)
CorridorGoal:OnTriggerEnter (UnityEngine.Collider) (at Assets/LaserCorridor/CorridorGoal.cs:27)

(Filename: Assets/LaserCorridor/CorridorGoal.cs Line: 27)

[GameManager] VICTORY! Corridor Cleared!
UnityEngine.Debug:ExtractStackTraceNoAlloc (byte*,int,string)
UnityEngine.StackTraceUtility:ExtractStackTrace ()
UnityEngine.DebugLogHandler:Internal_Log (UnityEngine.LogType,UnityEngine.LogOption,string,UnityEngine.Object)
UnityEngine.DebugLogHandler:LogFormat (UnityEngine.LogType,UnityEngine.Object,string,object[])
UnityEngine.Logger:Log (UnityEngine.LogType,object)
UnityEngine.Debug:Log (object)
LaserCorridorGameManager:OnGoalReached () (at Assets/LaserCorridor/LaserCorridorGameManager.cs:137)
CorridorGoal:OnTriggerEnter (UnityEngine.Collider) (at Assets/LaserCorridor/CorridorGoal.cs:31)

(Filename: Assets/LaserCorridor/LaserCorridorGameManager.cs Line: 137)

[Player] Jump pressed! isGrounded: True, Timer: -0.001687609
UnityEngine.Debug:ExtractStackTraceNoAlloc (byte*,int,string)
UnityEngine.StackTraceUtility:ExtractStackTrace ()
UnityEngine.DebugLogHandler:Internal_Log (UnityEngine.LogType,UnityEngine.LogOption,string,UnityEngine.Object)
UnityEngine.DebugLogHandler:LogFormat (UnityEngine.LogType,UnityEngine.Object,string,object[])
UnityEngine.Logger:Log (UnityEngine.LogType,object)
UnityEngine.Debug:Log (object)
Player:Update () (at Assets/Player.cs:211)

(Filename: Assets/Player.cs Line: 211)

[Player] Jump executed! JumpForce: 4, y-velocity: 4
UnityEngine.Debug:ExtractStackTraceNoAlloc (byte*,int,string)
UnityEngine.StackTraceUtility:ExtractStackTrace ()
UnityEngine.DebugLogHandler:Internal_Log (UnityEngine.LogType,UnityEngine.LogOption,string,UnityEngine.Object)
UnityEngine.DebugLogHandler:LogFormat (UnityEngine.LogType,UnityEngine.Object,string,object[])
UnityEngine.Logger:Log (UnityEngine.LogType,object)
UnityEngine.Debug:Log (object)
Player:Jump () (at Assets/Player.cs:429)
Player:Update () (at Assets/Player.cs:215)

(Filename: Assets/Player.cs Line: 429)

[PlayerHealth] Shield expired.
UnityEngine.Debug:ExtractStackTraceNoAlloc (byte*,int,string)
UnityEngine.StackTraceUtility:ExtractStackTrace ()
UnityEngine.DebugLogHandler:Internal_Log (UnityEngine.LogType,UnityEngine.LogOption,string,UnityEngine.Object)
UnityEngine.DebugLogHandler:LogFormat (UnityEngine.LogType,UnityEngine.Object,string,object[])
UnityEngine.Logger:Log (UnityEngine.LogType,object)
UnityEngine.Debug:Log (object)
PlayerHealth:Update () (at Assets/LaserCorridor/PlayerHealth.cs:67)

(Filename: Assets/LaserCorridor/PlayerHealth.cs Line: 67)

GPU Resident Drawer disposed.
Unloading 14 Unused Serialized files (Serialized files now loaded: 0)
Loaded scene 'Temp/__Backupscenes/0.backup'
	Deserialize:            0.912 ms
	Integration:            29.902 ms
	Integration of assets:  0.025 ms
	Thread Wait Time:       0.014 ms
	Total Operation Time:   30.852 ms
Unloading 28 unused Assets / (0.8 MB). Loaded Objects now: 9560.
Memory consumption went from 0.76 GB to 0.76 GB.
Total: 34.997100 ms (FindLiveObjects: 0.626300 ms CreateObjectMapping: 0.256500 ms MarkObjects: 30.771000 ms  DeleteObjects: 3.028800 ms)

[Licensing::Client] Successfully resolved entitlement details
GPU Resident Drawer created.
Asset Pipeline Refresh (id=135133ad708501a409c743c2728e0f77): Total: 0.107 seconds - Initiated by RefreshV2(AllowForceSynchronousImport)
Asset Pipeline Refresh (id=5dc5fed8604ec7a4bad4a546eaa8f0db): Total: 0.014 seconds - Initiated by RefreshV2(AllowForceSynchronousImport)
Asset Pipeline Refresh (id=f51d0628e1b9f6545a6a18f5a348d08b): Total: 0.007 seconds - Initiated by RefreshV2(AllowForceSynchronousImport)
Asset Pipeline Refresh (id=25ccbe39f4098694d82c578c22940414): Total: 0.016 seconds - Initiated by RefreshV2(AllowForceSynchronousImport)
Asset Pipeline Refresh (id=421f8b5600a2d67489621540eb17ce5b): Total: 0.007 seconds - Initiated by RefreshV2(AllowForceSynchronousImport)
[ScriptCompilation] Requested script compilation because: AssetDatabase observed changes in script compilation related files
AssetDatabase: script compilation time: 0.144399s
[Licensing::Client] Successfully resolved entitlement details
Starting: C:\Program Files\Unity\Hub\Editor\6000.6.0f1\Editor\Data\Tools\BuildPipeline\bee_backend.exe --ipc --defer-dag-verification --dagfile="Library/Bee/1900b0aE.dag" --continue-on-failure --profile="Library/Bee/backend1.traceevents" ScriptAssemblies
WorkingDir: C:/Users/Duncan Joseph/Laser Room
ExitCode: 0 Duration: 4s477ms
[ 826/1069  0s] ILPP-Configuration Library/ilpp-configuration.nevergeneratedoutput
[1061/1069  3s] Csc Library/Bee/artifacts/1900b0aE.dag/Assembly-CSharp.dll (+2 others)
Assets\LaserCorridor\CorridorHUD.cs(24,28): warning CS0618: 'Object.FindFirstObjectByType<T>()' is obsolete: 'FindFirstObjectByType has been deprecated because it relies on instance ID ordering. Use FindAnyObjectByType instead, which does not depend on ordering.'

Assets\LaserCorridor\CorridorHUD.cs(29,27): warning CS0618: 'Object.FindFirstObjectByType<T>()' is obsolete: 'FindFirstObjectByType has been deprecated because it relies on instance ID ordering. Use FindAnyObjectByType instead, which does not depend on ordering.'

Assets\LaserCorridor\LaserCorridorGameManager.cs(50,24): warning CS0618: 'Object.FindFirstObjectByType<T>()' is obsolete: 'FindFirstObjectByType has been deprecated because it relies on instance ID ordering. Use FindAnyObjectByType instead, which does not depend on ordering.'

Assets\LaserCorridor\LaserCorridorGameManager.cs(68,28): warning CS0618: 'Object.FindFirstObjectByType<T>()' is obsolete: 'FindFirstObjectByType has been deprecated because it relies on instance ID ordering. Use FindAnyObjectByType instead, which does not depend on ordering.'

Assets\LaserCorridor\LaserCorridorGameManager.cs(73,28): warning CS0618: 'Object.FindFirstObjectByType<T>()' is obsolete: 'FindFirstObjectByType has been deprecated because it relies on instance ID ordering. Use FindAnyObjectByType instead, which does not depend on ordering.'

Assets\LaserCorridor\LaserCorridorGameManager.cs(77,58): warning CS0618: 'FindObjectsSortMode' is obsolete: 'FindObjectsSortMode has been deprecated. Use the FindObjectsByType overloads that do not take a FindObjectsSortMode parameter.'

Assets\LaserCorridor\LaserCorridorGameManager.cs(77,23): warning CS0618: 'Object.FindObjectsByType<T>(FindObjectsSortMode)' is obsolete: 'FindObjectsByType with FindObjectsSortMode parameter has been deprecated. Use FindObjectsByType<T>() or FindObjectsByType<T>(FindObjectsInactive) instead. InstanceID will be replaced in the future with EntityId and previous sort order cannot be maintained.'

Assets\LaserCorridor\LaserCorridorGameManager.cs(194,62): warning CS0618: 'FindObjectsSortMode' is obsolete: 'FindObjectsSortMode has been deprecated. Use the FindObjectsByType overloads that do not take a FindObjectsSortMode parameter.'

Assets\LaserCorridor\LaserCorridorGameManager.cs(194,27): warning CS0618: 'Object.FindObjectsByType<T>(FindObjectsSortMode)' is obsolete: 'FindObjectsByType with FindObjectsSortMode parameter has been deprecated. Use FindObjectsByType<T>() or FindObjectsByType<T>(FindObjectsInactive) instead. InstanceID will be replaced in the future with EntityId and previous sort order cannot be maintained.'

Assets\LaserCorridor\BonusFloorPanel.cs(126,59): warning CS0618: 'FindObjectsSortMode' is obsolete: 'FindObjectsSortMode has been deprecated. Use the FindObjectsByType overloads that do not take a FindObjectsSortMode parameter.'

Assets\LaserCorridor\BonusFloorPanel.cs(126,30): warning CS0618: 'Object.FindObjectsByType<T>(FindObjectsSortMode)' is obsolete: 'FindObjectsByType with FindObjectsSortMode parameter has been deprecated. Use FindObjectsByType<T>() or FindObjectsByType<T>(FindObjectsInactive) instead. InstanceID will be replaced in the future with EntityId and previous sort order cannot be maintained.'

Assets\LaserCorridor\LaserSpawner.cs(309,15): warning CS0219: The variable 'hatchHeight' is assigned but its value is never used
[1062/1069  0s] ILPostProcess Library/Bee/artifacts/1900b0aE.dag/post-processed/Assembly-CSharp.dll (+pdb)
Processing assembly Library/Bee/artifacts/1900b0aE.dag/Assembly-CSharp.dll, with 150 defines and 356 references

processors: Unity.Jobs.CodeGen.JobsILPostProcessor, zzzUnity.Burst.CodeGen.BurstILPostProcessor

1 processor(s) skipped this assembly

running Unity.Jobs.CodeGen.JobsILPostProcessor
[1063/1069  0s] CopyFiles Library/ScriptAssemblies/Assembly-CSharp.pdb
[1064/1069  0s] CopyFiles Library/ScriptAssemblies/Assembly-CSharp.dll
[1065/1069  0s] Csc Library/Bee/artifacts/1900b0aE.dag/Assembly-CSharp-Editor.dll (+2 others)
Assets\LaserCorridor\Editor\ResidentEvilCorridorBuilder.cs(143,33): warning CS0618: 'Object.FindFirstObjectByType<T>()' is obsolete: 'FindFirstObjectByType has been deprecated because it relies on instance ID ordering. Use FindAnyObjectByType instead, which does not depend on ordering.'
[1066/1069  0s] ILPostProcess Library/Bee/artifacts/1900b0aE.dag/post-processed/Assembly-CSharp-Editor.dll (+pdb)
Processing assembly Library/Bee/artifacts/1900b0aE.dag/Assembly-CSharp-Editor.dll, with 148 defines and 379 references

processors: Unity.Jobs.CodeGen.JobsILPostProcessor, zzzUnity.Burst.CodeGen.BurstILPostProcessor

1 processor(s) skipped this assembly

running Unity.Jobs.CodeGen.JobsILPostProcessor
[1067/1069  0s] CopyFiles Library/ScriptAssemblies/Assembly-CSharp-Editor.pdb
[1068/1069  0s] CopyFiles Library/ScriptAssemblies/Assembly-CSharp-Editor.dll
*** Tundra build success (4.36 seconds), 9 items updated, 1069 evaluated
Assets\LaserCorridor\CorridorHUD.cs(24,28): warning CS0618: 'Object.FindFirstObjectByType<T>()' is obsolete: 'FindFirstObjectByType has been deprecated because it relies on instance ID ordering. Use FindAnyObjectByType instead, which does not depend on ordering.'
Assets\LaserCorridor\CorridorHUD.cs(29,27): warning CS0618: 'Object.FindFirstObjectByType<T>()' is obsolete: 'FindFirstObjectByType has been deprecated because it relies on instance ID ordering. Use FindAnyObjectByType instead, which does not depend on ordering.'
Assets\LaserCorridor\LaserCorridorGameManager.cs(50,24): warning CS0618: 'Object.FindFirstObjectByType<T>()' is obsolete: 'FindFirstObjectByType has been deprecated because it relies on instance ID ordering. Use FindAnyObjectByType instead, which does not depend on ordering.'
Assets\LaserCorridor\LaserCorridorGameManager.cs(68,28): warning CS0618: 'Object.FindFirstObjectByType<T>()' is obsolete: 'FindFirstObjectByType has been deprecated because it relies on instance ID ordering. Use FindAnyObjectByType instead, which does not depend on ordering.'
Assets\LaserCorridor\LaserCorridorGameManager.cs(73,28): warning CS0618: 'Object.FindFirstObjectByType<T>()' is obsolete: 'FindFirstObjectByType has been deprecated because it relies on instance ID ordering. Use FindAnyObjectByType instead, which does not depend on ordering.'
Assets\LaserCorridor\LaserCorridorGameManager.cs(77,58): warning CS0618: 'FindObjectsSortMode' is obsolete: 'FindObjectsSortMode has been deprecated. Use the FindObjectsByType overloads that do not take a FindObjectsSortMode parameter.'
Assets\LaserCorridor\LaserCorridorGameManager.cs(77,23): warning CS0618: 'Object.FindObjectsByType<T>(FindObjectsSortMode)' is obsolete: 'FindObjectsByType with FindObjectsSortMode parameter has been deprecated. Use FindObjectsByType<T>() or FindObjectsByType<T>(FindObjectsInactive) instead. InstanceID will be replaced in the future with EntityId and previous sort order cannot be maintained.'
Assets\LaserCorridor\LaserCorridorGameManager.cs(194,62): warning CS0618: 'FindObjectsSortMode' is obsolete: 'FindObjectsSortMode has been deprecated. Use the FindObjectsByType overloads that do not take a FindObjectsSortMode parameter.'
Assets\LaserCorridor\LaserCorridorGameManager.cs(194,27): warning CS0618: 'Object.FindObjectsByType<T>(FindObjectsSortMode)' is obsolete: 'FindObjectsByType with FindObjectsSortMode parameter has been deprecated. Use FindObjectsByType<T>() or FindObjectsByType<T>(FindObjectsInactive) instead. InstanceID will be replaced in the future with EntityId and previous sort order cannot be maintained.'
Assets\LaserCorridor\BonusFloorPanel.cs(126,59): warning CS0618: 'FindObjectsSortMode' is obsolete: 'FindObjectsSortMode has been deprecated. Use the FindObjectsByType overloads that do not take a FindObjectsSortMode parameter.'
Assets\LaserCorridor\BonusFloorPanel.cs(126,30): warning CS0618: 'Object.FindObjectsByType<T>(FindObjectsSortMode)' is obsolete: 'FindObjectsByType with FindObjectsSortMode parameter has been deprecated. Use FindObjectsByType<T>() or FindObjectsByType<T>(FindObjectsInactive) instead. InstanceID will be replaced in the future with EntityId and previous sort order cannot be maintained.'
Assets\LaserCorridor\LaserSpawner.cs(309,15): warning CS0219: The variable 'hatchHeight' is assigned but its value is never used
Assets\LaserCorridor\Editor\ResidentEvilCorridorBuilder.cs(143,33): warning CS0618: 'Object.FindFirstObjectByType<T>()' is obsolete: 'FindFirstObjectByType has been deprecated because it relies on instance ID ordering. Use FindAnyObjectByType instead, which does not depend on ordering.'
Reloading assemblies after forced synchronous recompile.
Begin MonoManager ReloadAssembly
GPU Resident Drawer disposed.
Total cache size 268004076
Total cache size after purge 268004076, took 00:00:01.6148099
Refreshing native plugins compatible for Editor in 14.62 ms, found 4 plugins.
Native extension for WindowsStandalone target not found
Native extension for WebGL target not found
[MODES] ModeService[none].Initialize
[MODES] ModeService[none].LoadModes
ScheduleIndexationOnStartup MainProcess:True IndexOnStartup:True
Scripting: successfully reloaded assembly
- Finished resetting the current domain, in  5.132 seconds
Domain Reload Profiling: 10679ms
	BeginReloadAssembly (4206ms)
		ExecutionOrderSort (10ms)
		DisableScriptedObjects (1071ms)
		ReleaseScriptingObjects (3ms)
		CreateAndSetChildDomain (1932ms)
	RebuildCommonClasses (28ms)
	RebuildNativeTypeToScriptingClass (33ms)
	initialDomainReloadingComplete (187ms)
	LoadAllAssembliesAndSetupDomain (1092ms)
		LoadAssemblies (509ms)
		TypeCache.Refresh (43ms)
			TypeCache.ScanAssembly (3ms)
		AnalyzeDomain (512ms)
			BuildScriptInfoCaches (441ms)
			ResolveRequiredComponents (56ms)
	FinalizeReload (5134ms)
		SetupLoadedEditorAssemblies (0ms)
			LogAssemblyErrors (5ms)
			InitializePlatformSupportModulesInManaged (5ms)
			BeforeProcessingInitializeOnLoad (671ms)
			ProcessInitializeOnLoadAttributes (976ms)
			ProcessInitializeOnLoadMethodAttributes (247ms)
			AfterProcessingInitializeOnLoad (15ms)
			EditorAssembliesLoaded (5ms)
		AwakeInstancesAfterBackupRestoration (2353ms)
Importing 'GUID: 99c9720ab356a0642a771bea13969a05 - Path: Assets/Scenes/SampleScene.unity' with importer (DefaultImporter)
Imported 'GUID: 99c9720ab356a0642a771bea13969a05' -> (Import Result ID: 'c69dbe0e8797cfa5cbc45ae436389a4c') in 0.020 seconds [static dependencies only]. Details - ImportResultOutputID=b4491ddbae88a879b6308480a6079ca7 DependenciesID=e1a7047c13be049707e65240223f1394 StaticDependenciesID=c7aa172bb30d123cdf4a69128ac433be 
Refreshing native plugins compatible for Editor in 5.06 ms, found 4 plugins.

Asset Pipeline Refresh (id=bd8d04bb7e3525d42bd1615eb0cfbc77): Total: 21.592 seconds - Initiated by RefreshV2(AllowForceSynchronousImport)
	(Values over 0.05ms)
	Summary:
		Imports: total=1 (actual=1, local cache=0, cache server=0)
		Asset DB Process Time: managed=2 ms, native=6417 ms
		Asset DB Callback time: managed=396 ms, native=24 ms
		Scripting: domain reloads=1, domain reload time=5766 ms, compile time=8979 ms, other=0 ms
		Project Asset Count: scripts=1452, non-scripts=2855
		Asset File Changes: new=0, changed=3, moved=0, deleted=0
		Scan Filter Count: 0
	InvokeCustomDependenciesCallbacks: 0.184ms
	InvokePackagesCallback: 7.686ms
	ApplyChangesToAssetFolders: 3.114ms
	Scan: 165.998ms
	Collect global state as custom dependencies: 23.461ms
	OnSourceAssetsModified: 279.028ms
	CategorizeScriptCompilationAssets: 2.489ms
	ProcessAssetsWithTransientArtifactChanges: 22.202ms
	CategorizeAssets: 672.777ms
	CompileScripts: 8979.248ms
	ImportOutOfDateAssets: 5203.364ms (5166.020ms without children)
		ImportManagerImport: 28.079ms (3.524ms without children)
			UpdateCategorizedAssets: 0.050ms
		CollectScriptTypesHashes: 57.591ms
		ReloadNativeAssets: 2.022ms
		UnloadImportedAssets: 0.307ms
		EnsureUptoDateAssetsAreRegisteredWithGuidPM: 1.532ms
		ImportSchedulerStart: 5.366ms
	PostProcessAllAssets: 126.474ms
		XRBuildSystem.XRAssetImported 1.264ms
		PostProcessCallbackCreateDeferredMaterials 1.128ms
		VCAutoAddAssetPostprocess 0.510ms
		ShaderAssetModifiedCallback 0.305ms
		RaytracingShaderImportPostprocess 0.280ms
		ObjectImages.AssetImported 0.196ms
		PostprocessAssetsUpdateCachedIcon 0.078ms
		MonoPostProcessAllAssets: 120.063ms
			UniversalRenderPipelineGlobalSettingsPostprocessor.OnPostprocessAllAssets 28.946ms
			BuilderAssetPostprocessor.OnPostprocessAllAssets 19.204ms
			AssetChangedListener.OnPostprocessAllAssets 8.737ms
			AssetPostprocessor.OnPostprocessAllAssets 7.974ms
			SyncVS.PostprocessSyncProject 5.732ms
			WindowAssetPostprocessingWatcher.OnPostprocessAllAssets 4.266ms
			SpeedTree9Postprocessor.OnPostprocessAllAssets 3.322ms
			ShaderGraphAssetPostProcessor.OnPostprocessAllAssets 2.864ms
			RenderPipelineGlobalSettingsPostprocessor.OnPostprocessAllAssets 2.181ms
			RetainedModeAssetPostprocessor.OnPostprocessAllAssets 1.804ms
			EditModeScopePostprocessor.OnPostprocessAllAssets 1.708ms
			ProjectSettingsPostprocessor.OnPostprocessAllAssets 1.695ms
			MaterialPostprocessor.OnPostprocessAllAssets 1.150ms
			ShaderReflectionAssetPostProcessor.OnPostprocessAllAssets 0.883ms
			TMPro_TexturePostProcessor.OnPostprocessAllAssets 0.822ms
			ArtifactBrowserPostProcessor.OnPostprocessAllAssets 0.711ms
			AudioMixerPostprocessor.OnPostprocessAllAssets 0.703ms
			UVCSAssetPostprocessor.OnPostprocessAllAssets 0.669ms
			InputActionAssetPostprocessor.OnPostprocessAllAssets 0.606ms
			TextAssetPostProcessor.OnPostprocessAllAssets 0.559ms
			PostProcessor.OnPostprocessAllAssets 0.517ms
			InputActionJsonNameModifierAssetProcessor.OnPostprocessAllAssets 0.481ms
			ReferencedClipsPostProcessor.OnPostprocessAllAssets 0.461ms
			StyleCatalogPostProcessor.OnPostprocessAllAssets 0.449ms
			AssetEvents.OnPostprocessAllAssets 0.390ms
			AssetDatabaseCallbacks.OnPostprocessAllAssets 0.286ms
			ConfigAssetsTracker.OnPostprocessAllAssets 0.276ms
			TerrainToolbarOverlayPostProcessor.OnPostprocessAllAssets 0.253ms
			SpeedTreePostProcessor.OnPostprocessAllAssets 0.240ms
			AudioContainerPostProcessor.OnPostprocessAllAssets 0.212ms
			AssetReloadNotifier.OnPostprocessAllAssets 0.204ms
			SamplePostprocessor.OnPostprocessAllAssets 0.203ms
			ScenarioDriftAssetsTracker.OnPostprocessAllAssets 0.203ms
			ThemePostprocessor.OnPostprocessAllAssets 0.191ms
	PostAssetChangesProfiler: 10.291ms
	GatherAllCurrentPrimaryImportResultRevisions: 6.537ms
	UnloadStreamsBegin: 7.215ms
	PersistCurrentRevisions: 0.212ms
	GenerateScriptTypeHashes: 7.084ms
	GenerateScriptTypeSerializationHashes: 9.204ms
	Untracked: 5999.399ms

GPU Resident Drawer created.
Opening scene 'Assets/Scenes/SampleScene.unity'
Unloading 11 Unused Serialized files (Serialized files now loaded: 0)
Loaded scene 'Assets/Scenes/SampleScene.unity'
	Deserialize:            16.555 ms
	Integration:            80.180 ms
	Integration of assets:  0.269 ms
	Thread Wait Time:       0.068 ms
	Total Operation Time:   97.072 ms
Unloading 44 unused Assets / (51.0 KB). Loaded Objects now: 9595.
Memory consumption went from 0.76 GB to 0.76 GB.
Total: 35.160300 ms (FindLiveObjects: 0.900800 ms CreateObjectMapping: 0.313800 ms MarkObjects: 25.784700 ms  DeleteObjects: 7.296900 ms)

[Licensing::Client] Successfully resolved entitlement details
[Licensing::Client] Successfully resolved entitlement details
GPU Resident Drawer disposed.
GPU Resident Drawer created.
Asset Pipeline Refresh (id=c6fa8447bfa90e44291290eba271b8dc): Total: 0.017 seconds - Initiated by RefreshV2(AllowForceSynchronousImport)
GPU Resident Drawer disposed.
Entering Playmode with Reload Domain disabled.
If you experience any issues, please disable "Enter Play Mode Options" in Editor Settings
Entering Playmode with Reload Scene disabled. If you experience any issues, please disable "Enter Play Mode Options" in Editor Settings
GPU Resident Drawer created.
[Player] Jump pressed! isGrounded: True, Timer: 0
UnityEngine.Debug:ExtractStackTraceNoAlloc (byte*,int,string)
UnityEngine.StackTraceUtility:ExtractStackTrace ()
UnityEngine.DebugLogHandler:Internal_Log (UnityEngine.LogType,UnityEngine.LogOption,string,UnityEngine.Object)
UnityEngine.DebugLogHandler:LogFormat (UnityEngine.LogType,UnityEngine.Object,string,object[])
UnityEngine.Logger:Log (UnityEngine.LogType,object)
UnityEngine.Debug:Log (object)
Player:Update () (at Assets/Player.cs:211)

(Filename: Assets/Player.cs Line: 211)

[Player] Jump executed! JumpForce: 4, y-velocity: 4
UnityEngine.Debug:ExtractStackTraceNoAlloc (byte*,int,string)
UnityEngine.StackTraceUtility:ExtractStackTrace ()
UnityEngine.DebugLogHandler:Internal_Log (UnityEngine.LogType,UnityEngine.LogOption,string,UnityEngine.Object)
UnityEngine.DebugLogHandler:LogFormat (UnityEngine.LogType,UnityEngine.Object,string,object[])
UnityEngine.Logger:Log (UnityEngine.LogType,object)
UnityEngine.Debug:Log (object)
Player:Jump () (at Assets/Player.cs:429)
Player:Update () (at Assets/Player.cs:215)

(Filename: Assets/Player.cs Line: 429)

[Player] Jump pressed! isGrounded: True, Timer: -0.002836787
UnityEngine.Debug:ExtractStackTraceNoAlloc (byte*,int,string)
UnityEngine.StackTraceUtility:ExtractStackTrace ()
UnityEngine.DebugLogHandler:Internal_Log (UnityEngine.LogType,UnityEngine.LogOption,string,UnityEngine.Object)
UnityEngine.DebugLogHandler:LogFormat (UnityEngine.LogType,UnityEngine.Object,string,object[])
UnityEngine.Logger:Log (UnityEngine.LogType,object)
UnityEngine.Debug:Log (object)
Player:Update () (at Assets/Player.cs:211)

(Filename: Assets/Player.cs Line: 211)

[Player] Jump executed! JumpForce: 4, y-velocity: 4
UnityEngine.Debug:ExtractStackTraceNoAlloc (byte*,int,string)
UnityEngine.StackTraceUtility:ExtractStackTrace ()
UnityEngine.DebugLogHandler:Internal_Log (UnityEngine.LogType,UnityEngine.LogOption,string,UnityEngine.Object)
UnityEngine.DebugLogHandler:LogFormat (UnityEngine.LogType,UnityEngine.Object,string,object[])
UnityEngine.Logger:Log (UnityEngine.LogType,object)
UnityEngine.Debug:Log (object)
Player:Jump () (at Assets/Player.cs:429)
Player:Update () (at Assets/Player.cs:215)

(Filename: Assets/Player.cs Line: 429)

[Player] Jump pressed! isGrounded: True, Timer: -0.003858421
UnityEngine.Debug:ExtractStackTraceNoAlloc (byte*,int,string)
UnityEngine.StackTraceUtility:ExtractStackTrace ()
UnityEngine.DebugLogHandler:Internal_Log (UnityEngine.LogType,UnityEngine.LogOption,string,UnityEngine.Object)
UnityEngine.DebugLogHandler:LogFormat (UnityEngine.LogType,UnityEngine.Object,string,object[])
UnityEngine.Logger:Log (UnityEngine.LogType,object)
UnityEngine.Debug:Log (object)
Player:Update () (at Assets/Player.cs:211)

(Filename: Assets/Player.cs Line: 211)

[Player] Jump executed! JumpForce: 4, y-velocity: 4
UnityEngine.Debug:ExtractStackTraceNoAlloc (byte*,int,string)
UnityEngine.StackTraceUtility:ExtractStackTrace ()
UnityEngine.DebugLogHandler:Internal_Log (UnityEngine.LogType,UnityEngine.LogOption,string,UnityEngine.Object)
UnityEngine.DebugLogHandler:LogFormat (UnityEngine.LogType,UnityEngine.Object,string,object[])
UnityEngine.Logger:Log (UnityEngine.LogType,object)
UnityEngine.Debug:Log (object)
Player:Jump () (at Assets/Player.cs:429)
Player:Update () (at Assets/Player.cs:215)

(Filename: Assets/Player.cs Line: 429)

[PlayerHealth] Speed Boost activated! (1.6x for 5s)
UnityEngine.Debug:ExtractStackTraceNoAlloc (byte*,int,string)
UnityEngine.StackTraceUtility:ExtractStackTrace ()
UnityEngine.DebugLogHandler:Internal_Log (UnityEngine.LogType,UnityEngine.LogOption,string,UnityEngine.Object)
UnityEngine.DebugLogHandler:LogFormat (UnityEngine.LogType,UnityEngine.Object,string,object[])
UnityEngine.Logger:Log (UnityEngine.LogType,object)
UnityEngine.Debug:Log (object)
PlayerHealth:ApplySpeedBoost (single,single) (at Assets/LaserCorridor/PlayerHealth.cs:145)
BonusFloorPanel:GrantBonus (PlayerHealth) (at Assets/LaserCorridor/BonusFloorPanel.cs:106)
BonusFloorPanel:OnTriggerEnter (UnityEngine.Collider) (at Assets/LaserCorridor/BonusFloorPanel.cs:90)

(Filename: Assets/LaserCorridor/PlayerHealth.cs Line: 145)

[Player] Jump pressed! isGrounded: True, Timer: -0.0001949705
UnityEngine.Debug:ExtractStackTraceNoAlloc (byte*,int,string)
UnityEngine.StackTraceUtility:ExtractStackTrace ()
UnityEngine.DebugLogHandler:Internal_Log (UnityEngine.LogType,UnityEngine.LogOption,string,UnityEngine.Object)
UnityEngine.DebugLogHandler:LogFormat (UnityEngine.LogType,UnityEngine.Object,string,object[])
UnityEngine.Logger:Log (UnityEngine.LogType,object)
UnityEngine.Debug:Log (object)
Player:Update () (at Assets/Player.cs:211)

(Filename: Assets/Player.cs Line: 211)

[Player] Jump executed! JumpForce: 4, y-velocity: 4
UnityEngine.Debug:ExtractStackTraceNoAlloc (byte*,int,string)
UnityEngine.StackTraceUtility:ExtractStackTrace ()
UnityEngine.DebugLogHandler:Internal_Log (UnityEngine.LogType,UnityEngine.LogOption,string,UnityEngine.Object)
UnityEngine.DebugLogHandler:LogFormat (UnityEngine.LogType,UnityEngine.Object,string,object[])
UnityEngine.Logger:Log (UnityEngine.LogType,object)
UnityEngine.Debug:Log (object)
Player:Jump () (at Assets/Player.cs:429)
Player:Update () (at Assets/Player.cs:215)

(Filename: Assets/Player.cs Line: 429)

[PlayerHealth] Speed Boost ended.
UnityEngine.Debug:ExtractStackTraceNoAlloc (byte*,int,string)
UnityEngine.StackTraceUtility:ExtractStackTrace ()
UnityEngine.DebugLogHandler:Internal_Log (UnityEngine.LogType,UnityEngine.LogOption,string,UnityEngine.Object)
UnityEngine.DebugLogHandler:LogFormat (UnityEngine.LogType,UnityEngine.Object,string,object[])
UnityEngine.Logger:Log (UnityEngine.LogType,object)
UnityEngine.Debug:Log (object)
PlayerHealth:ResetSpeedBoost () (at Assets/LaserCorridor/PlayerHealth.cs:157)
PlayerHealth:Update () (at Assets/LaserCorridor/PlayerHealth.cs:77)

(Filename: Assets/LaserCorridor/PlayerHealth.cs Line: 157)

[PlayerHealth] Took 35 damage! Remaining HP: 65/100
UnityEngine.Debug:ExtractStackTraceNoAlloc (byte*,int,string)
UnityEngine.StackTraceUtility:ExtractStackTrace ()
UnityEngine.DebugLogHandler:Internal_Log (UnityEngine.LogType,UnityEngine.LogOption,string,UnityEngine.Object)
UnityEngine.DebugLogHandler:LogFormat (UnityEngine.LogType,UnityEngine.Object,string,object[])
UnityEngine.Logger:Log (UnityEngine.LogType,object)
UnityEngine.Debug:Log (object)
PlayerHealth:TakeDamage (int) (at Assets/LaserCorridor/PlayerHealth.cs:104)
LaserBeamTriggerForwarder:OnTriggerEnter (UnityEngine.Collider) (at Assets/LaserCorridor/LaserSpawner.cs:520)

(Filename: Assets/LaserCorridor/PlayerHealth.cs Line: 104)

[PlayerHealth] Took 35 damage! Remaining HP: 30/100
UnityEngine.Debug:ExtractStackTraceNoAlloc (byte*,int,string)
UnityEngine.StackTraceUtility:ExtractStackTrace ()
UnityEngine.DebugLogHandler:Internal_Log (UnityEngine.LogType,UnityEngine.LogOption,string,UnityEngine.Object)
UnityEngine.DebugLogHandler:LogFormat (UnityEngine.LogType,UnityEngine.Object,string,object[])
UnityEngine.Logger:Log (UnityEngine.LogType,object)
UnityEngine.Debug:Log (object)
PlayerHealth:TakeDamage (int) (at Assets/LaserCorridor/PlayerHealth.cs:104)
LaserBeamTriggerForwarder:OnTriggerEnter (UnityEngine.Collider) (at Assets/LaserCorridor/LaserSpawner.cs:520)

(Filename: Assets/LaserCorridor/PlayerHealth.cs Line: 104)

[PlayerHealth] Took 35 damage! Remaining HP: 0/100
UnityEngine.Debug:ExtractStackTraceNoAlloc (byte*,int,string)
UnityEngine.StackTraceUtility:ExtractStackTrace ()
UnityEngine.DebugLogHandler:Internal_Log (UnityEngine.LogType,UnityEngine.LogOption,string,UnityEngine.Object)
UnityEngine.DebugLogHandler:LogFormat (UnityEngine.LogType,UnityEngine.Object,string,object[])
UnityEngine.Logger:Log (UnityEngine.LogType,object)
UnityEngine.Debug:Log (object)
PlayerHealth:TakeDamage (int) (at Assets/LaserCorridor/PlayerHealth.cs:104)
LaserBeamTriggerForwarder:OnTriggerEnter (UnityEngine.Collider) (at Assets/LaserCorridor/LaserSpawner.cs:520)

(Filename: Assets/LaserCorridor/PlayerHealth.cs Line: 104)

[PlayerHealth] Player eliminated by corridor laser!
UnityEngine.Debug:ExtractStackTraceNoAlloc (byte*,int,string)
UnityEngine.StackTraceUtility:ExtractStackTrace ()
UnityEngine.DebugLogHandler:Internal_Log (UnityEngine.LogType,UnityEngine.LogOption,string,UnityEngine.Object)
UnityEngine.DebugLogHandler:LogFormat (UnityEngine.LogType,UnityEngine.Object,string,object[])
UnityEngine.Logger:Log (UnityEngine.LogType,object)
UnityEngine.Debug:Log (object)
PlayerHealth:Die () (at Assets/LaserCorridor/PlayerHealth.cs:181)
PlayerHealth:TakeDamage (int) (at Assets/LaserCorridor/PlayerHealth.cs:110)
LaserBeamTriggerForwarder:OnTriggerEnter (UnityEngine.Collider) (at Assets/LaserCorridor/LaserSpawner.cs:520)

(Filename: Assets/LaserCorridor/PlayerHealth.cs Line: 181)

[GameManager] GAME OVER! Player eliminated. Preparing reset...
UnityEngine.Debug:ExtractStackTraceNoAlloc (byte*,int,string)
UnityEngine.StackTraceUtility:ExtractStackTrace ()
UnityEngine.DebugLogHandler:Internal_Log (UnityEngine.LogType,UnityEngine.LogOption,string,UnityEngine.Object)
UnityEngine.DebugLogHandler:LogFormat (UnityEngine.LogType,UnityEngine.Object,string,object[])
UnityEngine.Logger:Log (UnityEngine.LogType,object)
UnityEngine.Debug:Log (object)
LaserCorridorGameManager:HandlePlayerDeath () (at Assets/LaserCorridor/LaserCorridorGameManager.cs:122)
PlayerHealth:Die () (at Assets/LaserCorridor/PlayerHealth.cs:182)
PlayerHealth:TakeDamage (int) (at Assets/LaserCorridor/PlayerHealth.cs:110)
LaserBeamTriggerForwarder:OnTriggerEnter (UnityEngine.Collider) (at Assets/LaserCorridor/LaserSpawner.cs:520)

(Filename: Assets/LaserCorridor/LaserCorridorGameManager.cs Line: 122)

GPU Resident Drawer disposed.
Unloading 18 Unused Serialized files (Serialized files now loaded: 0)
Loaded scene 'Temp/__Backupscenes/0.backup'
	Deserialize:            3.821 ms
	Integration:            26.798 ms
	Integration of assets:  0.031 ms
	Thread Wait Time:       0.016 ms
	Total Operation Time:   30.666 ms
Unloading 57 unused Assets / (2.9 MB). Loaded Objects now: 9545.
Memory consumption went from 0.77 GB to 0.77 GB.
Total: 30.624300 ms (FindLiveObjects: 0.922300 ms CreateObjectMapping: 0.307100 ms MarkObjects: 28.907500 ms  DeleteObjects: 0.193400 ms)

[Licensing::Client] Successfully resolved entitlement details
GPU Resident Drawer created.
GPU Resident Drawer disposed.
Entering Playmode with Reload Domain disabled.
If you experience any issues, please disable "Enter Play Mode Options" in Editor Settings
Entering Playmode with Reload Scene disabled. If you experience any issues, please disable "Enter Play Mode Options" in Editor Settings
GPU Resident Drawer created.
GPU Resident Drawer disposed.
GPU Resident Drawer created.
[Player] Jump pressed! isGrounded: True, Timer: 0
UnityEngine.Debug:ExtractStackTraceNoAlloc (byte*,int,string)
UnityEngine.StackTraceUtility:ExtractStackTrace ()
UnityEngine.DebugLogHandler:Internal_Log (UnityEngine.LogType,UnityEngine.LogOption,string,UnityEngine.Object)
UnityEngine.DebugLogHandler:LogFormat (UnityEngine.LogType,UnityEngine.Object,string,object[])
UnityEngine.Logger:Log (UnityEngine.LogType,object)
UnityEngine.Debug:Log (object)
Player:Update () (at Assets/Player.cs:211)

(Filename: Assets/Player.cs Line: 211)

[Player] Jump executed! JumpForce: 5, y-velocity: 5
UnityEngine.Debug:ExtractStackTraceNoAlloc (byte*,int,string)
UnityEngine.StackTraceUtility:ExtractStackTrace ()
UnityEngine.DebugLogHandler:Internal_Log (UnityEngine.LogType,UnityEngine.LogOption,string,UnityEngine.Object)
UnityEngine.DebugLogHandler:LogFormat (UnityEngine.LogType,UnityEngine.Object,string,object[])
UnityEngine.Logger:Log (UnityEngine.LogType,object)
UnityEngine.Debug:Log (object)
Player:Jump () (at Assets/Player.cs:429)
Player:Update () (at Assets/Player.cs:215)

(Filename: Assets/Player.cs Line: 429)

[Player] Jump pressed! isGrounded: True, Timer: -5.020294E-06
UnityEngine.Debug:ExtractStackTraceNoAlloc (byte*,int,string)
UnityEngine.StackTraceUtility:ExtractStackTrace ()
UnityEngine.DebugLogHandler:Internal_Log (UnityEngine.LogType,UnityEngine.LogOption,string,UnityEngine.Object)
UnityEngine.DebugLogHandler:LogFormat (UnityEngine.LogType,UnityEngine.Object,string,object[])
UnityEngine.Logger:Log (UnityEngine.LogType,object)
UnityEngine.Debug:Log (object)
Player:Update () (at Assets/Player.cs:211)

(Filename: Assets/Player.cs Line: 211)

[Player] Jump executed! JumpForce: 5, y-velocity: 5
UnityEngine.Debug:ExtractStackTraceNoAlloc (byte*,int,string)
UnityEngine.StackTraceUtility:ExtractStackTrace ()
UnityEngine.DebugLogHandler:Internal_Log (UnityEngine.LogType,UnityEngine.LogOption,string,UnityEngine.Object)
UnityEngine.DebugLogHandler:LogFormat (UnityEngine.LogType,UnityEngine.Object,string,object[])
UnityEngine.Logger:Log (UnityEngine.LogType,object)
UnityEngine.Debug:Log (object)
Player:Jump () (at Assets/Player.cs:429)
Player:Update () (at Assets/Player.cs:215)

(Filename: Assets/Player.cs Line: 429)

[PlayerHealth] Speed Boost activated! (1.6x for 5s)
UnityEngine.Debug:ExtractStackTraceNoAlloc (byte*,int,string)
UnityEngine.StackTraceUtility:ExtractStackTrace ()
UnityEngine.DebugLogHandler:Internal_Log (UnityEngine.LogType,UnityEngine.LogOption,string,UnityEngine.Object)
UnityEngine.DebugLogHandler:LogFormat (UnityEngine.LogType,UnityEngine.Object,string,object[])
UnityEngine.Logger:Log (UnityEngine.LogType,object)
UnityEngine.Debug:Log (object)
PlayerHealth:ApplySpeedBoost (single,single) (at Assets/LaserCorridor/PlayerHealth.cs:145)
BonusFloorPanel:GrantBonus (PlayerHealth) (at Assets/LaserCorridor/BonusFloorPanel.cs:106)
BonusFloorPanel:OnTriggerEnter (UnityEngine.Collider) (at Assets/LaserCorridor/BonusFloorPanel.cs:90)

(Filename: Assets/LaserCorridor/PlayerHealth.cs Line: 145)

[Player] Jump pressed! isGrounded: True, Timer: -0.003218204
UnityEngine.Debug:ExtractStackTraceNoAlloc (byte*,int,string)
UnityEngine.StackTraceUtility:ExtractStackTrace ()
UnityEngine.DebugLogHandler:Internal_Log (UnityEngine.LogType,UnityEngine.LogOption,string,UnityEngine.Object)
UnityEngine.DebugLogHandler:LogFormat (UnityEngine.LogType,UnityEngine.Object,string,object[])
UnityEngine.Logger:Log (UnityEngine.LogType,object)
UnityEngine.Debug:Log (object)
Player:Update () (at Assets/Player.cs:211)

(Filename: Assets/Player.cs Line: 211)

[Player] Jump executed! JumpForce: 5, y-velocity: 5
UnityEngine.Debug:ExtractStackTraceNoAlloc (byte*,int,string)
UnityEngine.StackTraceUtility:ExtractStackTrace ()
UnityEngine.DebugLogHandler:Internal_Log (UnityEngine.LogType,UnityEngine.LogOption,string,UnityEngine.Object)
UnityEngine.DebugLogHandler:LogFormat (UnityEngine.LogType,UnityEngine.Object,string,object[])
UnityEngine.Logger:Log (UnityEngine.LogType,object)
UnityEngine.Debug:Log (object)
Player:Jump () (at Assets/Player.cs:429)
Player:Update () (at Assets/Player.cs:215)

(Filename: Assets/Player.cs Line: 429)

[PlayerHealth] Restored 35 HP! Current HP: 100/100
UnityEngine.Debug:ExtractStackTraceNoAlloc (byte*,int,string)
UnityEngine.StackTraceUtility:ExtractStackTrace ()
UnityEngine.DebugLogHandler:Internal_Log (UnityEngine.LogType,UnityEngine.LogOption,string,UnityEngine.Object)
UnityEngine.DebugLogHandler:LogFormat (UnityEngine.LogType,UnityEngine.Object,string,object[])
UnityEngine.Logger:Log (UnityEngine.LogType,object)
UnityEngine.Debug:Log (object)
PlayerHealth:Heal (int) (at Assets/LaserCorridor/PlayerHealth.cs:125)
BonusFloorPanel:GrantBonus (PlayerHealth) (at Assets/LaserCorridor/BonusFloorPanel.cs:102)
BonusFloorPanel:OnTriggerEnter (UnityEngine.Collider) (at Assets/LaserCorridor/BonusFloorPanel.cs:90)

(Filename: Assets/LaserCorridor/PlayerHealth.cs Line: 125)

[Player] Jump pressed! isGrounded: True, Timer: -0.0125491
UnityEngine.Debug:ExtractStackTraceNoAlloc (byte*,int,string)
UnityEngine.StackTraceUtility:ExtractStackTrace ()
UnityEngine.DebugLogHandler:Internal_Log (UnityEngine.LogType,UnityEngine.LogOption,string,UnityEngine.Object)
UnityEngine.DebugLogHandler:LogFormat (UnityEngine.LogType,UnityEngine.Object,string,object[])
UnityEngine.Logger:Log (UnityEngine.LogType,object)
UnityEngine.Debug:Log (object)
Player:Update () (at Assets/Player.cs:211)

(Filename: Assets/Player.cs Line: 211)

[Player] Jump executed! JumpForce: 5, y-velocity: 5
UnityEngine.Debug:ExtractStackTraceNoAlloc (byte*,int,string)
UnityEngine.StackTraceUtility:ExtractStackTrace ()
UnityEngine.DebugLogHandler:Internal_Log (UnityEngine.LogType,UnityEngine.LogOption,string,UnityEngine.Object)
UnityEngine.DebugLogHandler:LogFormat (UnityEngine.LogType,UnityEngine.Object,string,object[])
UnityEngine.Logger:Log (UnityEngine.LogType,object)
UnityEngine.Debug:Log (object)
Player:Jump () (at Assets/Player.cs:429)
Player:Update () (at Assets/Player.cs:215)

(Filename: Assets/Player.cs Line: 429)

[PlayerHealth] Speed Boost ended.
UnityEngine.Debug:ExtractStackTraceNoAlloc (byte*,int,string)
UnityEngine.StackTraceUtility:ExtractStackTrace ()
UnityEngine.DebugLogHandler:Internal_Log (UnityEngine.LogType,UnityEngine.LogOption,string,UnityEngine.Object)
UnityEngine.DebugLogHandler:LogFormat (UnityEngine.LogType,UnityEngine.Object,string,object[])
UnityEngine.Logger:Log (UnityEngine.LogType,object)
UnityEngine.Debug:Log (object)
PlayerHealth:ResetSpeedBoost () (at Assets/LaserCorridor/PlayerHealth.cs:157)
PlayerHealth:Update () (at Assets/LaserCorridor/PlayerHealth.cs:77)

(Filename: Assets/LaserCorridor/PlayerHealth.cs Line: 157)

[Player] Jump pressed! isGrounded: True, Timer: -0.002552405
UnityEngine.Debug:ExtractStackTraceNoAlloc (byte*,int,string)
UnityEngine.StackTraceUtility:ExtractStackTrace ()
UnityEngine.DebugLogHandler:Internal_Log (UnityEngine.LogType,UnityEngine.LogOption,string,UnityEngine.Object)
UnityEngine.DebugLogHandler:LogFormat (UnityEngine.LogType,UnityEngine.Object,string,object[])
UnityEngine.Logger:Log (UnityEngine.LogType,object)
UnityEngine.Debug:Log (object)
Player:Update () (at Assets/Player.cs:211)

(Filename: Assets/Player.cs Line: 211)

[Player] Jump executed! JumpForce: 5, y-velocity: 5
UnityEngine.Debug:ExtractStackTraceNoAlloc (byte*,int,string)
UnityEngine.StackTraceUtility:ExtractStackTrace ()
UnityEngine.DebugLogHandler:Internal_Log (UnityEngine.LogType,UnityEngine.LogOption,string,UnityEngine.Object)
UnityEngine.DebugLogHandler:LogFormat (UnityEngine.LogType,UnityEngine.Object,string,object[])
UnityEngine.Logger:Log (UnityEngine.LogType,object)
UnityEngine.Debug:Log (object)
Player:Jump () (at Assets/Player.cs:429)
Player:Update () (at Assets/Player.cs:215)

(Filename: Assets/Player.cs Line: 429)

[Player] Jump pressed! isGrounded: True, Timer: -0.007137772
UnityEngine.Debug:ExtractStackTraceNoAlloc (byte*,int,string)
UnityEngine.StackTraceUtility:ExtractStackTrace ()
UnityEngine.DebugLogHandler:Internal_Log (UnityEngine.LogType,UnityEngine.LogOption,string,UnityEngine.Object)
UnityEngine.DebugLogHandler:LogFormat (UnityEngine.LogType,UnityEngine.Object,string,object[])
UnityEngine.Logger:Log (UnityEngine.LogType,object)
UnityEngine.Debug:Log (object)
Player:Update () (at Assets/Player.cs:211)

(Filename: Assets/Player.cs Line: 211)

[Player] Jump executed! JumpForce: 5, y-velocity: 5
UnityEngine.Debug:ExtractStackTraceNoAlloc (byte*,int,string)
UnityEngine.StackTraceUtility:ExtractStackTrace ()
UnityEngine.DebugLogHandler:Internal_Log (UnityEngine.LogType,UnityEngine.LogOption,string,UnityEngine.Object)
UnityEngine.DebugLogHandler:LogFormat (UnityEngine.LogType,UnityEngine.Object,string,object[])
UnityEngine.Logger:Log (UnityEngine.LogType,object)
UnityEngine.Debug:Log (object)
Player:Jump () (at Assets/Player.cs:429)
Player:Update () (at Assets/Player.cs:215)

(Filename: Assets/Player.cs Line: 429)

[PlayerHealth] Energy Shield activated for 5s!
UnityEngine.Debug:ExtractStackTraceNoAlloc (byte*,int,string)
UnityEngine.StackTraceUtility:ExtractStackTrace ()
UnityEngine.DebugLogHandler:Internal_Log (UnityEngine.LogType,UnityEngine.LogOption,string,UnityEngine.Object)
UnityEngine.DebugLogHandler:LogFormat (UnityEngine.LogType,UnityEngine.Object,string,object[])
UnityEngine.Logger:Log (UnityEngine.LogType,object)
UnityEngine.Debug:Log (object)
PlayerHealth:ApplyShield (single) (at Assets/LaserCorridor/PlayerHealth.cs:168)
BonusFloorPanel:GrantBonus (PlayerHealth) (at Assets/LaserCorridor/BonusFloorPanel.cs:110)
BonusFloorPanel:OnTriggerEnter (UnityEngine.Collider) (at Assets/LaserCorridor/BonusFloorPanel.cs:90)

(Filename: Assets/LaserCorridor/PlayerHealth.cs Line: 168)

[Player] Jump pressed! isGrounded: True, Timer: -0.004452269
UnityEngine.Debug:ExtractStackTraceNoAlloc (byte*,int,string)
UnityEngine.StackTraceUtility:ExtractStackTrace ()
UnityEngine.DebugLogHandler:Internal_Log (UnityEngine.LogType,UnityEngine.LogOption,string,UnityEngine.Object)
UnityEngine.DebugLogHandler:LogFormat (UnityEngine.LogType,UnityEngine.Object,string,object[])
UnityEngine.Logger:Log (UnityEngine.LogType,object)
UnityEngine.Debug:Log (object)
Player:Update () (at Assets/Player.cs:211)

(Filename: Assets/Player.cs Line: 211)

[Player] Jump executed! JumpForce: 5, y-velocity: 5
UnityEngine.Debug:ExtractStackTraceNoAlloc (byte*,int,string)
UnityEngine.StackTraceUtility:ExtractStackTrace ()
UnityEngine.DebugLogHandler:Internal_Log (UnityEngine.LogType,UnityEngine.LogOption,string,UnityEngine.Object)
UnityEngine.DebugLogHandler:LogFormat (UnityEngine.LogType,UnityEngine.Object,string,object[])
UnityEngine.Logger:Log (UnityEngine.LogType,object)
UnityEngine.Debug:Log (object)
Player:Jump () (at Assets/Player.cs:429)
Player:Update () (at Assets/Player.cs:215)

(Filename: Assets/Player.cs Line: 429)

[Player] Jump pressed! isGrounded: True, Timer: -0.003339116
UnityEngine.Debug:ExtractStackTraceNoAlloc (byte*,int,string)
UnityEngine.StackTraceUtility:ExtractStackTrace ()
UnityEngine.DebugLogHandler:Internal_Log (UnityEngine.LogType,UnityEngine.LogOption,string,UnityEngine.Object)
UnityEngine.DebugLogHandler:LogFormat (UnityEngine.LogType,UnityEngine.Object,string,object[])
UnityEngine.Logger:Log (UnityEngine.LogType,object)
UnityEngine.Debug:Log (object)
Player:Update () (at Assets/Player.cs:211)

(Filename: Assets/Player.cs Line: 211)

[Player] Jump executed! JumpForce: 5, y-velocity: 5
UnityEngine.Debug:ExtractStackTraceNoAlloc (byte*,int,string)
UnityEngine.StackTraceUtility:ExtractStackTrace ()
UnityEngine.DebugLogHandler:Internal_Log (UnityEngine.LogType,UnityEngine.LogOption,string,UnityEngine.Object)
UnityEngine.DebugLogHandler:LogFormat (UnityEngine.LogType,UnityEngine.Object,string,object[])
UnityEngine.Logger:Log (UnityEngine.LogType,object)
UnityEngine.Debug:Log (object)
Player:Jump () (at Assets/Player.cs:429)
Player:Update () (at Assets/Player.cs:215)

(Filename: Assets/Player.cs Line: 429)

[Player] Jump pressed! isGrounded: True, Timer: -0.01038909
UnityEngine.Debug:ExtractStackTraceNoAlloc (byte*,int,string)
UnityEngine.StackTraceUtility:ExtractStackTrace ()
UnityEngine.DebugLogHandler:Internal_Log (UnityEngine.LogType,UnityEngine.LogOption,string,UnityEngine.Object)
UnityEngine.DebugLogHandler:LogFormat (UnityEngine.LogType,UnityEngine.Object,string,object[])
UnityEngine.Logger:Log (UnityEngine.LogType,object)
UnityEngine.Debug:Log (object)
Player:Update () (at Assets/Player.cs:211)

(Filename: Assets/Player.cs Line: 211)

[Player] Jump executed! JumpForce: 5, y-velocity: 5
UnityEngine.Debug:ExtractStackTraceNoAlloc (byte*,int,string)
UnityEngine.StackTraceUtility:ExtractStackTrace ()
UnityEngine.DebugLogHandler:Internal_Log (UnityEngine.LogType,UnityEngine.LogOption,string,UnityEngine.Object)
UnityEngine.DebugLogHandler:LogFormat (UnityEngine.LogType,UnityEngine.Object,string,object[])
UnityEngine.Logger:Log (UnityEngine.LogType,object)
UnityEngine.Debug:Log (object)
Player:Jump () (at Assets/Player.cs:429)
Player:Update () (at Assets/Player.cs:215)

(Filename: Assets/Player.cs Line: 429)

[PlayerHealth] Shield absorbed laser damage!
UnityEngine.Debug:ExtractStackTraceNoAlloc (byte*,int,string)
UnityEngine.StackTraceUtility:ExtractStackTrace ()
UnityEngine.DebugLogHandler:Internal_Log (UnityEngine.LogType,UnityEngine.LogOption,string,UnityEngine.Object)
UnityEngine.DebugLogHandler:LogFormat (UnityEngine.LogType,UnityEngine.Object,string,object[])
UnityEngine.Logger:Log (UnityEngine.LogType,object)
UnityEngine.Debug:Log (object)
PlayerHealth:TakeDamage (int) (at Assets/LaserCorridor/PlayerHealth.cs:92)
LaserBeamTriggerForwarder:OnTriggerEnter (UnityEngine.Collider) (at Assets/LaserCorridor/LaserSpawner.cs:520)

(Filename: Assets/LaserCorridor/PlayerHealth.cs Line: 92)

[Player] Jump pressed! isGrounded: True, Timer: -0.001665303
UnityEngine.Debug:ExtractStackTraceNoAlloc (byte*,int,string)
UnityEngine.StackTraceUtility:ExtractStackTrace ()
UnityEngine.DebugLogHandler:Internal_Log (UnityEngine.LogType,UnityEngine.LogOption,string,UnityEngine.Object)
UnityEngine.DebugLogHandler:LogFormat (UnityEngine.LogType,UnityEngine.Object,string,object[])
UnityEngine.Logger:Log (UnityEngine.LogType,object)
UnityEngine.Debug:Log (object)
Player:Update () (at Assets/Player.cs:211)

(Filename: Assets/Player.cs Line: 211)

[Player] Jump executed! JumpForce: 5, y-velocity: 5
UnityEngine.Debug:ExtractStackTraceNoAlloc (byte*,int,string)
UnityEngine.StackTraceUtility:ExtractStackTrace ()
UnityEngine.DebugLogHandler:Internal_Log (UnityEngine.LogType,UnityEngine.LogOption,string,UnityEngine.Object)
UnityEngine.DebugLogHandler:LogFormat (UnityEngine.LogType,UnityEngine.Object,string,object[])
UnityEngine.Logger:Log (UnityEngine.LogType,object)
UnityEngine.Debug:Log (object)
Player:Jump () (at Assets/Player.cs:429)
Player:Update () (at Assets/Player.cs:215)

(Filename: Assets/Player.cs Line: 429)

[CorridorGoal] PLAYER REACHED THE END OF THE CORRIDOR!
UnityEngine.Debug:ExtractStackTraceNoAlloc (byte*,int,string)
UnityEngine.StackTraceUtility:ExtractStackTrace ()
UnityEngine.DebugLogHandler:Internal_Log (UnityEngine.LogType,UnityEngine.LogOption,string,UnityEngine.Object)
UnityEngine.DebugLogHandler:LogFormat (UnityEngine.LogType,UnityEngine.Object,string,object[])
UnityEngine.Logger:Log (UnityEngine.LogType,object)
UnityEngine.Debug:Log (object)
CorridorGoal:OnTriggerEnter (UnityEngine.Collider) (at Assets/LaserCorridor/CorridorGoal.cs:27)

(Filename: Assets/LaserCorridor/CorridorGoal.cs Line: 27)

[GameManager] VICTORY! Corridor Cleared!
UnityEngine.Debug:ExtractStackTraceNoAlloc (byte*,int,string)
UnityEngine.StackTraceUtility:ExtractStackTrace ()
UnityEngine.DebugLogHandler:Internal_Log (UnityEngine.LogType,UnityEngine.LogOption,string,UnityEngine.Object)
UnityEngine.DebugLogHandler:LogFormat (UnityEngine.LogType,UnityEngine.Object,string,object[])
UnityEngine.Logger:Log (UnityEngine.LogType,object)
UnityEngine.Debug:Log (object)
LaserCorridorGameManager:OnGoalReached () (at Assets/LaserCorridor/LaserCorridorGameManager.cs:137)
CorridorGoal:OnTriggerEnter (UnityEngine.Collider) (at Assets/LaserCorridor/CorridorGoal.cs:31)

(Filename: Assets/LaserCorridor/LaserCorridorGameManager.cs Line: 137)

[Player] Jump pressed! isGrounded: True, Timer: -0.001041887
UnityEngine.Debug:ExtractStackTraceNoAlloc (byte*,int,string)
UnityEngine.StackTraceUtility:ExtractStackTrace ()
UnityEngine.DebugLogHandler:Internal_Log (UnityEngine.LogType,UnityEngine.LogOption,string,UnityEngine.Object)
UnityEngine.DebugLogHandler:LogFormat (UnityEngine.LogType,UnityEngine.Object,string,object[])
UnityEngine.Logger:Log (UnityEngine.LogType,object)
UnityEngine.Debug:Log (object)
Player:Update () (at Assets/Player.cs:211)

(Filename: Assets/Player.cs Line: 211)

[Player] Jump executed! JumpForce: 5, y-velocity: 5
UnityEngine.Debug:ExtractStackTraceNoAlloc (byte*,int,string)
UnityEngine.StackTraceUtility:ExtractStackTrace ()
UnityEngine.DebugLogHandler:Internal_Log (UnityEngine.LogType,UnityEngine.LogOption,string,UnityEngine.Object)
UnityEngine.DebugLogHandler:LogFormat (UnityEngine.LogType,UnityEngine.Object,string,object[])
UnityEngine.Logger:Log (UnityEngine.LogType,object)
UnityEngine.Debug:Log (object)
Player:Jump () (at Assets/Player.cs:429)
Player:Update () (at Assets/Player.cs:215)

(Filename: Assets/Player.cs Line: 429)

[Licensing::Client] Successfully updated the access token
[Licensing::Module] Successfully updated access token: "xV9Dy0qF"... (expires: 2026-10-06T14:30:22Z)
GPU Resident Drawer disposed.
Unloading 18 Unused Serialized files (Serialized files now loaded: 0)
Loaded scene 'Temp/__Backupscenes/0.backup'
	Deserialize:            1.179 ms
	Integration:            28.129 ms
	Integration of assets:  0.075 ms
	Thread Wait Time:       0.018 ms
	Total Operation Time:   29.401 ms
Unloading 23 unused Assets / (406.5 KB). Loaded Objects now: 9584.
Memory consumption went from 0.78 GB to 0.78 GB.
Total: 29.890100 ms (FindLiveObjects: 0.751400 ms CreateObjectMapping: 0.163600 ms MarkObjects: 28.591600 ms  DeleteObjects: 0.097600 ms)

GPU Resident Drawer created.
GPU Resident Drawer disposed.
GPU Resident Drawer created.
GPU Resident Drawer disposed.
Entering Playmode with Reload Domain disabled.
If you experience any issues, please disable "Enter Play Mode Options" in Editor Settings
Entering Playmode with Reload Scene disabled. If you experience any issues, please disable "Enter Play Mode Options" in Editor Settings
GPU Resident Drawer created.
GPU Resident Drawer disposed.
GPU Resident Drawer created.
UPID Received 'e5d3e204-cd96-4438-a1a4-e05c63c78158'.
[Licensing::Client] Successfully resolved entitlement details
GPU Resident Drawer disposed.
Unloading 16 Unused Serialized files (Serialized files now loaded: 0)
Loaded scene 'Temp/__Backupscenes/0.backup'
	Deserialize:            1.273 ms
	Integration:            41.717 ms
	Integration of assets:  0.028 ms
	Thread Wait Time:       0.013 ms
	Total Operation Time:   43.030 ms
Unloading 22 unused Assets / (0.6 MB). Loaded Objects now: 9595.
Memory consumption went from 0.78 GB to 0.78 GB.
Total: 29.952100 ms (FindLiveObjects: 0.623600 ms CreateObjectMapping: 0.223900 ms MarkObjects: 28.729300 ms  DeleteObjects: 0.091200 ms)

GPU Resident Drawer created.
GPU Resident Drawer disposed.
GPU Resident Drawer created.
GPU Resident Drawer disposed.
Entering Playmode with Reload Domain disabled.
If you experience any issues, please disable "Enter Play Mode Options" in Editor Settings
Entering Playmode with Reload Scene disabled. If you experience any issues, please disable "Enter Play Mode Options" in Editor Settings
GPU Resident Drawer created.
GPU Resident Drawer disposed.
GPU Resident Drawer created.
GPU Resident Drawer disposed.
Unloading 17 Unused Serialized files (Serialized files now loaded: 0)
Loaded scene 'Temp/__Backupscenes/0.backup'
	Deserialize:            1.222 ms
	Integration:            29.396 ms
	Integration of assets:  0.038 ms
	Thread Wait Time:       0.029 ms
	Total Operation Time:   30.685 ms
Unloading 23 unused Assets / (496.9 KB). Loaded Objects now: 9607.
Memory consumption went from 0.78 GB to 0.78 GB.
Total: 33.768400 ms (FindLiveObjects: 0.668600 ms CreateObjectMapping: 0.271700 ms MarkObjects: 32.384400 ms  DeleteObjects: 0.107400 ms)

GPU Resident Drawer created.
GPU Resident Drawer disposed.
GPU Resident Drawer created.
GPU Resident Drawer disposed.
Entering Playmode with Reload Domain disabled.
If you experience any issues, please disable "Enter Play Mode Options" in Editor Settings
Entering Playmode with Reload Scene disabled. If you experience any issues, please disable "Enter Play Mode Options" in Editor Settings
GPU Resident Drawer created.
GPU Resident Drawer disposed.
GPU Resident Drawer created.
[Player] Jump pressed! isGrounded: True, Timer: 0
UnityEngine.Debug:ExtractStackTraceNoAlloc (byte*,int,string)
UnityEngine.StackTraceUtility:ExtractStackTrace ()
UnityEngine.DebugLogHandler:Internal_Log (UnityEngine.LogType,UnityEngine.LogOption,string,UnityEngine.Object)
UnityEngine.DebugLogHandler:LogFormat (UnityEngine.LogType,UnityEngine.Object,string,object[])
UnityEngine.Logger:Log (UnityEngine.LogType,object)
UnityEngine.Debug:Log (object)
Player:Update () (at Assets/Player.cs:211)

(Filename: Assets/Player.cs Line: 211)

[Player] Jump executed! JumpForce: 5, y-velocity: 5
UnityEngine.Debug:ExtractStackTraceNoAlloc (byte*,int,string)
UnityEngine.StackTraceUtility:ExtractStackTrace ()
UnityEngine.DebugLogHandler:Internal_Log (UnityEngine.LogType,UnityEngine.LogOption,string,UnityEngine.Object)
UnityEngine.DebugLogHandler:LogFormat (UnityEngine.LogType,UnityEngine.Object,string,object[])
UnityEngine.Logger:Log (UnityEngine.LogType,object)
UnityEngine.Debug:Log (object)
Player:Jump () (at Assets/Player.cs:429)
Player:Update () (at Assets/Player.cs:215)

(Filename: Assets/Player.cs Line: 429)

[Player] Jump pressed! isGrounded: False, Timer: 0.0006662961
UnityEngine.Debug:ExtractStackTraceNoAlloc (byte*,int,string)
UnityEngine.StackTraceUtility:ExtractStackTrace ()
UnityEngine.DebugLogHandler:Internal_Log (UnityEngine.LogType,UnityEngine.LogOption,string,UnityEngine.Object)
UnityEngine.DebugLogHandler:LogFormat (UnityEngine.LogType,UnityEngine.Object,string,object[])
UnityEngine.Logger:Log (UnityEngine.LogType,object)
UnityEngine.Debug:Log (object)
Player:Update () (at Assets/Player.cs:211)

(Filename: Assets/Player.cs Line: 211)

[Player] Jump pressed! isGrounded: True, Timer: -0.004703304
UnityEngine.Debug:ExtractStackTraceNoAlloc (byte*,int,string)
UnityEngine.StackTraceUtility:ExtractStackTrace ()
UnityEngine.DebugLogHandler:Internal_Log (UnityEngine.LogType,UnityEngine.LogOption,string,UnityEngine.Object)
UnityEngine.DebugLogHandler:LogFormat (UnityEngine.LogType,UnityEngine.Object,string,object[])
UnityEngine.Logger:Log (UnityEngine.LogType,object)
UnityEngine.Debug:Log (object)
Player:Update () (at Assets/Player.cs:211)

(Filename: Assets/Player.cs Line: 211)

[Player] Jump executed! JumpForce: 5, y-velocity: 5
UnityEngine.Debug:ExtractStackTraceNoAlloc (byte*,int,string)
UnityEngine.StackTraceUtility:ExtractStackTrace ()
UnityEngine.DebugLogHandler:Internal_Log (UnityEngine.LogType,UnityEngine.LogOption,string,UnityEngine.Object)
UnityEngine.DebugLogHandler:LogFormat (UnityEngine.LogType,UnityEngine.Object,string,object[])
UnityEngine.Logger:Log (UnityEngine.LogType,object)
UnityEngine.Debug:Log (object)
Player:Jump () (at Assets/Player.cs:429)
Player:Update () (at Assets/Player.cs:215)

(Filename: Assets/Player.cs Line: 429)

[PlayerHealth] Speed Boost activated! (1.6x for 5s)
UnityEngine.Debug:ExtractStackTraceNoAlloc (byte*,int,string)
UnityEngine.StackTraceUtility:ExtractStackTrace ()
UnityEngine.DebugLogHandler:Internal_Log (UnityEngine.LogType,UnityEngine.LogOption,string,UnityEngine.Object)
UnityEngine.DebugLogHandler:LogFormat (UnityEngine.LogType,UnityEngine.Object,string,object[])
UnityEngine.Logger:Log (UnityEngine.LogType,object)
UnityEngine.Debug:Log (object)
PlayerHealth:ApplySpeedBoost (single,single) (at Assets/LaserCorridor/PlayerHealth.cs:145)
BonusFloorPanel:GrantBonus (PlayerHealth) (at Assets/LaserCorridor/BonusFloorPanel.cs:106)
BonusFloorPanel:OnTriggerEnter (UnityEngine.Collider) (at Assets/LaserCorridor/BonusFloorPanel.cs:90)

(Filename: Assets/LaserCorridor/PlayerHealth.cs Line: 145)

[PlayerHealth] Restored 35 HP! Current HP: 100/100
UnityEngine.Debug:ExtractStackTraceNoAlloc (byte*,int,string)
UnityEngine.StackTraceUtility:ExtractStackTrace ()
UnityEngine.DebugLogHandler:Internal_Log (UnityEngine.LogType,UnityEngine.LogOption,string,UnityEngine.Object)
UnityEngine.DebugLogHandler:LogFormat (UnityEngine.LogType,UnityEngine.Object,string,object[])
UnityEngine.Logger:Log (UnityEngine.LogType,object)
UnityEngine.Debug:Log (object)
PlayerHealth:Heal (int) (at Assets/LaserCorridor/PlayerHealth.cs:125)
BonusFloorPanel:GrantBonus (PlayerHealth) (at Assets/LaserCorridor/BonusFloorPanel.cs:102)
BonusFloorPanel:OnTriggerEnter (UnityEngine.Collider) (at Assets/LaserCorridor/BonusFloorPanel.cs:90)

(Filename: Assets/LaserCorridor/PlayerHealth.cs Line: 125)

[PlayerHealth] Speed Boost ended.
UnityEngine.Debug:ExtractStackTraceNoAlloc (byte*,int,string)
UnityEngine.StackTraceUtility:ExtractStackTrace ()
UnityEngine.DebugLogHandler:Internal_Log (UnityEngine.LogType,UnityEngine.LogOption,string,UnityEngine.Object)
UnityEngine.DebugLogHandler:LogFormat (UnityEngine.LogType,UnityEngine.Object,string,object[])
UnityEngine.Logger:Log (UnityEngine.LogType,object)
UnityEngine.Debug:Log (object)
PlayerHealth:ResetSpeedBoost () (at Assets/LaserCorridor/PlayerHealth.cs:157)
PlayerHealth:Update () (at Assets/LaserCorridor/PlayerHealth.cs:77)

(Filename: Assets/LaserCorridor/PlayerHealth.cs Line: 157)

[Player] Jump pressed! isGrounded: True, Timer: -0.0007235233
UnityEngine.Debug:ExtractStackTraceNoAlloc (byte*,int,string)
UnityEngine.StackTraceUtility:ExtractStackTrace ()
UnityEngine.DebugLogHandler:Internal_Log (UnityEngine.LogType,UnityEngine.LogOption,string,UnityEngine.Object)
UnityEngine.DebugLogHandler:LogFormat (UnityEngine.LogType,UnityEngine.Object,string,object[])
UnityEngine.Logger:Log (UnityEngine.LogType,object)
UnityEngine.Debug:Log (object)
Player:Update () (at Assets/Player.cs:211)

(Filename: Assets/Player.cs Line: 211)

[Player] Jump executed! JumpForce: 5, y-velocity: 5
UnityEngine.Debug:ExtractStackTraceNoAlloc (byte*,int,string)
UnityEngine.StackTraceUtility:ExtractStackTrace ()
UnityEngine.DebugLogHandler:Internal_Log (UnityEngine.LogType,UnityEngine.LogOption,string,UnityEngine.Object)
UnityEngine.DebugLogHandler:LogFormat (UnityEngine.LogType,UnityEngine.Object,string,object[])
UnityEngine.Logger:Log (UnityEngine.LogType,object)
UnityEngine.Debug:Log (object)
Player:Jump () (at Assets/Player.cs:429)
Player:Update () (at Assets/Player.cs:215)

(Filename: Assets/Player.cs Line: 429)

[PlayerHealth] Energy Shield activated for 5s!
UnityEngine.Debug:ExtractStackTraceNoAlloc (byte*,int,string)
UnityEngine.StackTraceUtility:ExtractStackTrace ()
UnityEngine.DebugLogHandler:Internal_Log (UnityEngine.LogType,UnityEngine.LogOption,string,UnityEngine.Object)
UnityEngine.DebugLogHandler:LogFormat (UnityEngine.LogType,UnityEngine.Object,string,object[])
UnityEngine.Logger:Log (UnityEngine.LogType,object)
UnityEngine.Debug:Log (object)
PlayerHealth:ApplyShield (single) (at Assets/LaserCorridor/PlayerHealth.cs:168)
BonusFloorPanel:GrantBonus (PlayerHealth) (at Assets/LaserCorridor/BonusFloorPanel.cs:110)
BonusFloorPanel:OnTriggerEnter (UnityEngine.Collider) (at Assets/LaserCorridor/BonusFloorPanel.cs:90)

(Filename: Assets/LaserCorridor/PlayerHealth.cs Line: 168)

[PlayerHealth] Shield absorbed laser damage!
UnityEngine.Debug:ExtractStackTraceNoAlloc (byte*,int,string)
UnityEngine.StackTraceUtility:ExtractStackTrace ()
UnityEngine.DebugLogHandler:Internal_Log (UnityEngine.LogType,UnityEngine.LogOption,string,UnityEngine.Object)
UnityEngine.DebugLogHandler:LogFormat (UnityEngine.LogType,UnityEngine.Object,string,object[])
UnityEngine.Logger:Log (UnityEngine.LogType,object)
UnityEngine.Debug:Log (object)
PlayerHealth:TakeDamage (int) (at Assets/LaserCorridor/PlayerHealth.cs:92)
LaserBeamTriggerForwarder:OnTriggerEnter (UnityEngine.Collider) (at Assets/LaserCorridor/LaserSpawner.cs:520)

(Filename: Assets/LaserCorridor/PlayerHealth.cs Line: 92)

[Player] Jump pressed! isGrounded: True, Timer: -0.001547995
UnityEngine.Debug:ExtractStackTraceNoAlloc (byte*,int,string)
UnityEngine.StackTraceUtility:ExtractStackTrace ()
UnityEngine.DebugLogHandler:Internal_Log (UnityEngine.LogType,UnityEngine.LogOption,string,UnityEngine.Object)
UnityEngine.DebugLogHandler:LogFormat (UnityEngine.LogType,UnityEngine.Object,string,object[])
UnityEngine.Logger:Log (UnityEngine.LogType,object)
UnityEngine.Debug:Log (object)
Player:Update () (at Assets/Player.cs:211)

(Filename: Assets/Player.cs Line: 211)

[Player] Jump executed! JumpForce: 5, y-velocity: 5
UnityEngine.Debug:ExtractStackTraceNoAlloc (byte*,int,string)
UnityEngine.StackTraceUtility:ExtractStackTrace ()
UnityEngine.DebugLogHandler:Internal_Log (UnityEngine.LogType,UnityEngine.LogOption,string,UnityEngine.Object)
UnityEngine.DebugLogHandler:LogFormat (UnityEngine.LogType,UnityEngine.Object,string,object[])
UnityEngine.Logger:Log (UnityEngine.LogType,object)
UnityEngine.Debug:Log (object)
Player:Jump () (at Assets/Player.cs:429)
Player:Update () (at Assets/Player.cs:215)

(Filename: Assets/Player.cs Line: 429)

[PlayerHealth] Took 35 damage! Remaining HP: 65/100
UnityEngine.Debug:ExtractStackTraceNoAlloc (byte*,int,string)
UnityEngine.StackTraceUtility:ExtractStackTrace ()
UnityEngine.DebugLogHandler:Internal_Log (UnityEngine.LogType,UnityEngine.LogOption,string,UnityEngine.Object)
UnityEngine.DebugLogHandler:LogFormat (UnityEngine.LogType,UnityEngine.Object,string,object[])
UnityEngine.Logger:Log (UnityEngine.LogType,object)
UnityEngine.Debug:Log (object)
PlayerHealth:TakeDamage (int) (at Assets/LaserCorridor/PlayerHealth.cs:104)
LaserBeamTriggerForwarder:OnTriggerEnter (UnityEngine.Collider) (at Assets/LaserCorridor/LaserSpawner.cs:520)

(Filename: Assets/LaserCorridor/PlayerHealth.cs Line: 104)

[Player] Jump pressed! isGrounded: True, Timer: -0.0008074001
UnityEngine.Debug:ExtractStackTraceNoAlloc (byte*,int,string)
UnityEngine.StackTraceUtility:ExtractStackTrace ()
UnityEngine.DebugLogHandler:Internal_Log (UnityEngine.LogType,UnityEngine.LogOption,string,UnityEngine.Object)
UnityEngine.DebugLogHandler:LogFormat (UnityEngine.LogType,UnityEngine.Object,string,object[])
UnityEngine.Logger:Log (UnityEngine.LogType,object)
UnityEngine.Debug:Log (object)
Player:Update () (at Assets/Player.cs:211)

(Filename: Assets/Player.cs Line: 211)

[Player] Jump executed! JumpForce: 5, y-velocity: 5
UnityEngine.Debug:ExtractStackTraceNoAlloc (byte*,int,string)
UnityEngine.StackTraceUtility:ExtractStackTrace ()
UnityEngine.DebugLogHandler:Internal_Log (UnityEngine.LogType,UnityEngine.LogOption,string,UnityEngine.Object)
UnityEngine.DebugLogHandler:LogFormat (UnityEngine.LogType,UnityEngine.Object,string,object[])
UnityEngine.Logger:Log (UnityEngine.LogType,object)
UnityEngine.Debug:Log (object)
Player:Jump () (at Assets/Player.cs:429)
Player:Update () (at Assets/Player.cs:215)

(Filename: Assets/Player.cs Line: 429)

[CorridorGoal] PLAYER REACHED THE END OF THE CORRIDOR!
UnityEngine.Debug:ExtractStackTraceNoAlloc (byte*,int,string)
UnityEngine.StackTraceUtility:ExtractStackTrace ()
UnityEngine.DebugLogHandler:Internal_Log (UnityEngine.LogType,UnityEngine.LogOption,string,UnityEngine.Object)
UnityEngine.DebugLogHandler:LogFormat (UnityEngine.LogType,UnityEngine.Object,string,object[])
UnityEngine.Logger:Log (UnityEngine.LogType,object)
UnityEngine.Debug:Log (object)
CorridorGoal:OnTriggerEnter (UnityEngine.Collider) (at Assets/LaserCorridor/CorridorGoal.cs:27)

(Filename: Assets/LaserCorridor/CorridorGoal.cs Line: 27)

[GameManager] VICTORY! Corridor Cleared!
UnityEngine.Debug:ExtractStackTraceNoAlloc (byte*,int,string)
UnityEngine.StackTraceUtility:ExtractStackTrace ()
UnityEngine.DebugLogHandler:Internal_Log (UnityEngine.LogType,UnityEngine.LogOption,string,UnityEngine.Object)
UnityEngine.DebugLogHandler:LogFormat (UnityEngine.LogType,UnityEngine.Object,string,object[])
UnityEngine.Logger:Log (UnityEngine.LogType,object)
UnityEngine.Debug:Log (object)
LaserCorridorGameManager:OnGoalReached () (at Assets/LaserCorridor/LaserCorridorGameManager.cs:137)
CorridorGoal:OnTriggerEnter (UnityEngine.Collider) (at Assets/LaserCorridor/CorridorGoal.cs:31)

(Filename: Assets/LaserCorridor/LaserCorridorGameManager.cs Line: 137)

GPU Resident Drawer disposed.
Unloading 17 Unused Serialized files (Serialized files now loaded: 0)
Loaded scene 'Temp/__Backupscenes/0.backup'
	Deserialize:            0.961 ms
	Integration:            30.498 ms
	Integration of assets:  0.031 ms
	Thread Wait Time:       0.019 ms
	Total Operation Time:   31.510 ms
Unloading 23 unused Assets / (0.6 MB). Loaded Objects now: 9619.
Memory consumption went from 0.79 GB to 0.79 GB.
Total: 27.790800 ms (FindLiveObjects: 0.605000 ms CreateObjectMapping: 0.273800 ms MarkObjects: 26.568600 ms  DeleteObjects: 0.092700 ms)

GPU Resident Drawer created.
[Licensing::Client] Successfully resolved entitlement details
GPU Resident Drawer disposed.
GPU Resident Drawer created.
GPU Resident Drawer disposed.
Entering Playmode with Reload Domain disabled.
If you experience any issues, please disable "Enter Play Mode Options" in Editor Settings
Entering Playmode with Reload Scene disabled. If you experience any issues, please disable "Enter Play Mode Options" in Editor Settings
GPU Resident Drawer created.
GPU Resident Drawer disposed.
GPU Resident Drawer created.
[Player] Jump pressed! isGrounded: True, Timer: 0
UnityEngine.Debug:ExtractStackTraceNoAlloc (byte*,int,string)
UnityEngine.StackTraceUtility:ExtractStackTrace ()
UnityEngine.DebugLogHandler:Internal_Log (UnityEngine.LogType,UnityEngine.LogOption,string,UnityEngine.Object)
UnityEngine.DebugLogHandler:LogFormat (UnityEngine.LogType,UnityEngine.Object,string,object[])
UnityEngine.Logger:Log (UnityEngine.LogType,object)
UnityEngine.Debug:Log (object)
Player:Update () (at Assets/Player.cs:211)

(Filename: Assets/Player.cs Line: 211)

[Player] Jump executed! JumpForce: 5, y-velocity: 5
UnityEngine.Debug:ExtractStackTraceNoAlloc (byte*,int,string)
UnityEngine.StackTraceUtility:ExtractStackTrace ()
UnityEngine.DebugLogHandler:Internal_Log (UnityEngine.LogType,UnityEngine.LogOption,string,UnityEngine.Object)
UnityEngine.DebugLogHandler:LogFormat (UnityEngine.LogType,UnityEngine.Object,string,object[])
UnityEngine.Logger:Log (UnityEngine.LogType,object)
UnityEngine.Debug:Log (object)
Player:Jump () (at Assets/Player.cs:429)
Player:Update () (at Assets/Player.cs:215)

(Filename: Assets/Player.cs Line: 429)

[Player] Jump pressed! isGrounded: True, Timer: -0.0002108922
UnityEngine.Debug:ExtractStackTraceNoAlloc (byte*,int,string)
UnityEngine.StackTraceUtility:ExtractStackTrace ()
UnityEngine.DebugLogHandler:Internal_Log (UnityEngine.LogType,UnityEngine.LogOption,string,UnityEngine.Object)
UnityEngine.DebugLogHandler:LogFormat (UnityEngine.LogType,UnityEngine.Object,string,object[])
UnityEngine.Logger:Log (UnityEngine.LogType,object)
UnityEngine.Debug:Log (object)
Player:Update () (at Assets/Player.cs:211)

(Filename: Assets/Player.cs Line: 211)

[Player] Jump executed! JumpForce: 5, y-velocity: 5
UnityEngine.Debug:ExtractStackTraceNoAlloc (byte*,int,string)
UnityEngine.StackTraceUtility:ExtractStackTrace ()
UnityEngine.DebugLogHandler:Internal_Log (UnityEngine.LogType,UnityEngine.LogOption,string,UnityEngine.Object)
UnityEngine.DebugLogHandler:LogFormat (UnityEngine.LogType,UnityEngine.Object,string,object[])
UnityEngine.Logger:Log (UnityEngine.LogType,object)
UnityEngine.Debug:Log (object)
Player:Jump () (at Assets/Player.cs:429)
Player:Update () (at Assets/Player.cs:215)

(Filename: Assets/Player.cs Line: 429)

[Player] Jump pressed! isGrounded: True, Timer: -0.0002043755
UnityEngine.Debug:ExtractStackTraceNoAlloc (byte*,int,string)
UnityEngine.StackTraceUtility:ExtractStackTrace ()
UnityEngine.DebugLogHandler:Internal_Log (UnityEngine.LogType,UnityEngine.LogOption,string,UnityEngine.Object)
UnityEngine.DebugLogHandler:LogFormat (UnityEngine.LogType,UnityEngine.Object,string,object[])
UnityEngine.Logger:Log (UnityEngine.LogType,object)
UnityEngine.Debug:Log (object)
Player:Update () (at Assets/Player.cs:211)

(Filename: Assets/Player.cs Line: 211)

[Player] Jump executed! JumpForce: 5, y-velocity: 5
UnityEngine.Debug:ExtractStackTraceNoAlloc (byte*,int,string)
UnityEngine.StackTraceUtility:ExtractStackTrace ()
UnityEngine.DebugLogHandler:Internal_Log (UnityEngine.LogType,UnityEngine.LogOption,string,UnityEngine.Object)
UnityEngine.DebugLogHandler:LogFormat (UnityEngine.LogType,UnityEngine.Object,string,object[])
UnityEngine.Logger:Log (UnityEngine.LogType,object)
UnityEngine.Debug:Log (object)
Player:Jump () (at Assets/Player.cs:429)
Player:Update () (at Assets/Player.cs:215)

(Filename: Assets/Player.cs Line: 429)

[PlayerHealth] Speed Boost activated! (1.6x for 5s)
UnityEngine.Debug:ExtractStackTraceNoAlloc (byte*,int,string)
UnityEngine.StackTraceUtility:ExtractStackTrace ()
UnityEngine.DebugLogHandler:Internal_Log (UnityEngine.LogType,UnityEngine.LogOption,string,UnityEngine.Object)
UnityEngine.DebugLogHandler:LogFormat (UnityEngine.LogType,UnityEngine.Object,string,object[])
UnityEngine.Logger:Log (UnityEngine.LogType,object)
UnityEngine.Debug:Log (object)
PlayerHealth:ApplySpeedBoost (single,single) (at Assets/LaserCorridor/PlayerHealth.cs:145)
BonusFloorPanel:GrantBonus (PlayerHealth) (at Assets/LaserCorridor/BonusFloorPanel.cs:106)
BonusFloorPanel:OnTriggerEnter (UnityEngine.Collider) (at Assets/LaserCorridor/BonusFloorPanel.cs:90)

(Filename: Assets/LaserCorridor/PlayerHealth.cs Line: 145)

[PlayerHealth] Restored 35 HP! Current HP: 100/100
UnityEngine.Debug:ExtractStackTraceNoAlloc (byte*,int,string)
UnityEngine.StackTraceUtility:ExtractStackTrace ()
UnityEngine.DebugLogHandler:Internal_Log (UnityEngine.LogType,UnityEngine.LogOption,string,UnityEngine.Object)
UnityEngine.DebugLogHandler:LogFormat (UnityEngine.LogType,UnityEngine.Object,string,object[])
UnityEngine.Logger:Log (UnityEngine.LogType,object)
UnityEngine.Debug:Log (object)
PlayerHealth:Heal (int) (at Assets/LaserCorridor/PlayerHealth.cs:125)
BonusFloorPanel:GrantBonus (PlayerHealth) (at Assets/LaserCorridor/BonusFloorPanel.cs:102)
BonusFloorPanel:OnTriggerEnter (UnityEngine.Collider) (at Assets/LaserCorridor/BonusFloorPanel.cs:90)

(Filename: Assets/LaserCorridor/PlayerHealth.cs Line: 125)

[Player] Jump pressed! isGrounded: True, Timer: -0.003231412
UnityEngine.Debug:ExtractStackTraceNoAlloc (byte*,int,string)
UnityEngine.StackTraceUtility:ExtractStackTrace ()
UnityEngine.DebugLogHandler:Internal_Log (UnityEngine.LogType,UnityEngine.LogOption,string,UnityEngine.Object)
UnityEngine.DebugLogHandler:LogFormat (UnityEngine.LogType,UnityEngine.Object,string,object[])
UnityEngine.Logger:Log (UnityEngine.LogType,object)
UnityEngine.Debug:Log (object)
Player:Update () (at Assets/Player.cs:211)

(Filename: Assets/Player.cs Line: 211)

[Player] Jump executed! JumpForce: 5, y-velocity: 5
UnityEngine.Debug:ExtractStackTraceNoAlloc (byte*,int,string)
UnityEngine.StackTraceUtility:ExtractStackTrace ()
UnityEngine.DebugLogHandler:Internal_Log (UnityEngine.LogType,UnityEngine.LogOption,string,UnityEngine.Object)
UnityEngine.DebugLogHandler:LogFormat (UnityEngine.LogType,UnityEngine.Object,string,object[])
UnityEngine.Logger:Log (UnityEngine.LogType,object)
UnityEngine.Debug:Log (object)
Player:Jump () (at Assets/Player.cs:429)
Player:Update () (at Assets/Player.cs:215)

(Filename: Assets/Player.cs Line: 429)

[PlayerHealth] Speed Boost ended.
UnityEngine.Debug:ExtractStackTraceNoAlloc (byte*,int,string)
UnityEngine.StackTraceUtility:ExtractStackTrace ()
UnityEngine.DebugLogHandler:Internal_Log (UnityEngine.LogType,UnityEngine.LogOption,string,UnityEngine.Object)
UnityEngine.DebugLogHandler:LogFormat (UnityEngine.LogType,UnityEngine.Object,string,object[])
UnityEngine.Logger:Log (UnityEngine.LogType,object)
UnityEngine.Debug:Log (object)
PlayerHealth:ResetSpeedBoost () (at Assets/LaserCorridor/PlayerHealth.cs:157)
PlayerHealth:Update () (at Assets/LaserCorridor/PlayerHealth.cs:77)

(Filename: Assets/LaserCorridor/PlayerHealth.cs Line: 157)

[PlayerHealth] Energy Shield activated for 5s!
UnityEngine.Debug:ExtractStackTraceNoAlloc (byte*,int,string)
UnityEngine.StackTraceUtility:ExtractStackTrace ()
UnityEngine.DebugLogHandler:Internal_Log (UnityEngine.LogType,UnityEngine.LogOption,string,UnityEngine.Object)
UnityEngine.DebugLogHandler:LogFormat (UnityEngine.LogType,UnityEngine.Object,string,object[])
UnityEngine.Logger:Log (UnityEngine.LogType,object)
UnityEngine.Debug:Log (object)
PlayerHealth:ApplyShield (single) (at Assets/LaserCorridor/PlayerHealth.cs:168)
BonusFloorPanel:GrantBonus (PlayerHealth) (at Assets/LaserCorridor/BonusFloorPanel.cs:110)
BonusFloorPanel:OnTriggerEnter (UnityEngine.Collider) (at Assets/LaserCorridor/BonusFloorPanel.cs:90)

(Filename: Assets/LaserCorridor/PlayerHealth.cs Line: 168)

[Player] Jump pressed! isGrounded: True, Timer: -0.007535302
UnityEngine.Debug:ExtractStackTraceNoAlloc (byte*,int,string)
UnityEngine.StackTraceUtility:ExtractStackTrace ()
UnityEngine.DebugLogHandler:Internal_Log (UnityEngine.LogType,UnityEngine.LogOption,string,UnityEngine.Object)
UnityEngine.DebugLogHandler:LogFormat (UnityEngine.LogType,UnityEngine.Object,string,object[])
UnityEngine.Logger:Log (UnityEngine.LogType,object)
UnityEngine.Debug:Log (object)
Player:Update () (at Assets/Player.cs:211)

(Filename: Assets/Player.cs Line: 211)

[Player] Jump executed! JumpForce: 5, y-velocity: 5
UnityEngine.Debug:ExtractStackTraceNoAlloc (byte*,int,string)
UnityEngine.StackTraceUtility:ExtractStackTrace ()
UnityEngine.DebugLogHandler:Internal_Log (UnityEngine.LogType,UnityEngine.LogOption,string,UnityEngine.Object)
UnityEngine.DebugLogHandler:LogFormat (UnityEngine.LogType,UnityEngine.Object,string,object[])
UnityEngine.Logger:Log (UnityEngine.LogType,object)
UnityEngine.Debug:Log (object)
Player:Jump () (at Assets/Player.cs:429)
Player:Update () (at Assets/Player.cs:215)

(Filename: Assets/Player.cs Line: 429)

[PlayerHealth] Shield absorbed laser damage!
UnityEngine.Debug:ExtractStackTraceNoAlloc (byte*,int,string)
UnityEngine.StackTraceUtility:ExtractStackTrace ()
UnityEngine.DebugLogHandler:Internal_Log (UnityEngine.LogType,UnityEngine.LogOption,string,UnityEngine.Object)
UnityEngine.DebugLogHandler:LogFormat (UnityEngine.LogType,UnityEngine.Object,string,object[])
UnityEngine.Logger:Log (UnityEngine.LogType,object)
UnityEngine.Debug:Log (object)
PlayerHealth:TakeDamage (int) (at Assets/LaserCorridor/PlayerHealth.cs:92)
LaserBeamTriggerForwarder:OnTriggerEnter (UnityEngine.Collider) (at Assets/LaserCorridor/LaserSpawner.cs:520)

(Filename: Assets/LaserCorridor/PlayerHealth.cs Line: 92)

[Player] Jump pressed! isGrounded: True, Timer: -0.004028304
UnityEngine.Debug:ExtractStackTraceNoAlloc (byte*,int,string)
UnityEngine.StackTraceUtility:ExtractStackTrace ()
UnityEngine.DebugLogHandler:Internal_Log (UnityEngine.LogType,UnityEngine.LogOption,string,UnityEngine.Object)
UnityEngine.DebugLogHandler:LogFormat (UnityEngine.LogType,UnityEngine.Object,string,object[])
UnityEngine.Logger:Log (UnityEngine.LogType,object)
UnityEngine.Debug:Log (object)
Player:Update () (at Assets/Player.cs:211)

(Filename: Assets/Player.cs Line: 211)

[Player] Jump executed! JumpForce: 5, y-velocity: 5
UnityEngine.Debug:ExtractStackTraceNoAlloc (byte*,int,string)
UnityEngine.StackTraceUtility:ExtractStackTrace ()
UnityEngine.DebugLogHandler:Internal_Log (UnityEngine.LogType,UnityEngine.LogOption,string,UnityEngine.Object)
UnityEngine.DebugLogHandler:LogFormat (UnityEngine.LogType,UnityEngine.Object,string,object[])
UnityEngine.Logger:Log (UnityEngine.LogType,object)
UnityEngine.Debug:Log (object)
Player:Jump () (at Assets/Player.cs:429)
Player:Update () (at Assets/Player.cs:215)

(Filename: Assets/Player.cs Line: 429)

[CorridorGoal] PLAYER REACHED THE END OF THE CORRIDOR!
UnityEngine.Debug:ExtractStackTraceNoAlloc (byte*,int,string)
UnityEngine.StackTraceUtility:ExtractStackTrace ()
UnityEngine.DebugLogHandler:Internal_Log (UnityEngine.LogType,UnityEngine.LogOption,string,UnityEngine.Object)
UnityEngine.DebugLogHandler:LogFormat (UnityEngine.LogType,UnityEngine.Object,string,object[])
UnityEngine.Logger:Log (UnityEngine.LogType,object)
UnityEngine.Debug:Log (object)
CorridorGoal:OnTriggerEnter (UnityEngine.Collider) (at Assets/LaserCorridor/CorridorGoal.cs:27)

(Filename: Assets/LaserCorridor/CorridorGoal.cs Line: 27)

[GameManager] VICTORY! Corridor Cleared!
UnityEngine.Debug:ExtractStackTraceNoAlloc (byte*,int,string)
UnityEngine.StackTraceUtility:ExtractStackTrace ()
UnityEngine.DebugLogHandler:Internal_Log (UnityEngine.LogType,UnityEngine.LogOption,string,UnityEngine.Object)
UnityEngine.DebugLogHandler:LogFormat (UnityEngine.LogType,UnityEngine.Object,string,object[])
UnityEngine.Logger:Log (UnityEngine.LogType,object)
UnityEngine.Debug:Log (object)
LaserCorridorGameManager:OnGoalReached () (at Assets/LaserCorridor/LaserCorridorGameManager.cs:137)
CorridorGoal:OnTriggerEnter (UnityEngine.Collider) (at Assets/LaserCorridor/CorridorGoal.cs:31)

(Filename: Assets/LaserCorridor/LaserCorridorGameManager.cs Line: 137)

GPU Resident Drawer disposed.
Unloading 17 Unused Serialized files (Serialized files now loaded: 0)
Loaded scene 'Temp/__Backupscenes/0.backup'
	Deserialize:            1.063 ms
	Integration:            31.946 ms
	Integration of assets:  0.026 ms
	Thread Wait Time:       0.025 ms
	Total Operation Time:   33.060 ms
Unloading 23 unused Assets / (0.6 MB). Loaded Objects now: 9631.
Memory consumption went from 0.79 GB to 0.79 GB.
Total: 33.831200 ms (FindLiveObjects: 0.639300 ms CreateObjectMapping: 0.245400 ms MarkObjects: 32.605700 ms  DeleteObjects: 0.085600 ms)

GPU Resident Drawer created.
GPU Resident Drawer disposed.
GPU Resident Drawer created.
Asset Pipeline Refresh (id=83aacc93cbabcae499d75632cf4ff937): Total: 0.026 seconds - Initiated by RefreshV2(AllowForceSynchronousImport)
[Licensing::Client] Successfully resolved entitlement details
Asset Pipeline Refresh (id=5f79aaabe7586e549aae85cab0d46141): Total: 0.006 seconds - Initiated by RefreshV2(AllowForceSynchronousImport)
Asset Pipeline Refresh (id=12175427ad6b5964b848572a2f885387): Total: 0.007 seconds - Initiated by RefreshV2(AllowForceSynchronousImport)
GPU Resident Drawer disposed.
Entering Playmode with Reload Domain disabled.
If you experience any issues, please disable "Enter Play Mode Options" in Editor Settings
Entering Playmode with Reload Scene disabled. If you experience any issues, please disable "Enter Play Mode Options" in Editor Settings
GPU Resident Drawer created.
[Player] Jump pressed! isGrounded: True, Timer: 0
UnityEngine.Debug:ExtractStackTraceNoAlloc (byte*,int,string)
UnityEngine.StackTraceUtility:ExtractStackTrace ()
UnityEngine.DebugLogHandler:Internal_Log (UnityEngine.LogType,UnityEngine.LogOption,string,UnityEngine.Object)
UnityEngine.DebugLogHandler:LogFormat (UnityEngine.LogType,UnityEngine.Object,string,object[])
UnityEngine.Logger:Log (UnityEngine.LogType,object)
UnityEngine.Debug:Log (object)
Player:Update () (at Assets/Player.cs:211)

(Filename: Assets/Player.cs Line: 211)

[Player] Jump executed! JumpForce: 5, y-velocity: 5
UnityEngine.Debug:ExtractStackTraceNoAlloc (byte*,int,string)
UnityEngine.StackTraceUtility:ExtractStackTrace ()
UnityEngine.DebugLogHandler:Internal_Log (UnityEngine.LogType,UnityEngine.LogOption,string,UnityEngine.Object)
UnityEngine.DebugLogHandler:LogFormat (UnityEngine.LogType,UnityEngine.Object,string,object[])
UnityEngine.Logger:Log (UnityEngine.LogType,object)
UnityEngine.Debug:Log (object)
Player:Jump () (at Assets/Player.cs:429)
Player:Update () (at Assets/Player.cs:215)

(Filename: Assets/Player.cs Line: 429)

[Player] Jump pressed! isGrounded: True, Timer: -0.00443038
UnityEngine.Debug:ExtractStackTraceNoAlloc (byte*,int,string)
UnityEngine.StackTraceUtility:ExtractStackTrace ()
UnityEngine.DebugLogHandler:Internal_Log (UnityEngine.LogType,UnityEngine.LogOption,string,UnityEngine.Object)
UnityEngine.DebugLogHandler:LogFormat (UnityEngine.LogType,UnityEngine.Object,string,object[])
UnityEngine.Logger:Log (UnityEngine.LogType,object)
UnityEngine.Debug:Log (object)
Player:Update () (at Assets/Player.cs:211)

(Filename: Assets/Player.cs Line: 211)

[Player] Jump executed! JumpForce: 5, y-velocity: 5
UnityEngine.Debug:ExtractStackTraceNoAlloc (byte*,int,string)
UnityEngine.StackTraceUtility:ExtractStackTrace ()
UnityEngine.DebugLogHandler:Internal_Log (UnityEngine.LogType,UnityEngine.LogOption,string,UnityEngine.Object)
UnityEngine.DebugLogHandler:LogFormat (UnityEngine.LogType,UnityEngine.Object,string,object[])
UnityEngine.Logger:Log (UnityEngine.LogType,object)
UnityEngine.Debug:Log (object)
Player:Jump () (at Assets/Player.cs:429)
Player:Update () (at Assets/Player.cs:215)

(Filename: Assets/Player.cs Line: 429)

[PlayerHealth] Speed Boost activated! (1.6x for 5s)
UnityEngine.Debug:ExtractStackTraceNoAlloc (byte*,int,string)
UnityEngine.StackTraceUtility:ExtractStackTrace ()
UnityEngine.DebugLogHandler:Internal_Log (UnityEngine.LogType,UnityEngine.LogOption,string,UnityEngine.Object)
UnityEngine.DebugLogHandler:LogFormat (UnityEngine.LogType,UnityEngine.Object,string,object[])
UnityEngine.Logger:Log (UnityEngine.LogType,object)
UnityEngine.Debug:Log (object)
PlayerHealth:ApplySpeedBoost (single,single) (at Assets/LaserCorridor/PlayerHealth.cs:145)
BonusFloorPanel:GrantBonus (PlayerHealth) (at Assets/LaserCorridor/BonusFloorPanel.cs:106)
BonusFloorPanel:OnTriggerEnter (UnityEngine.Collider) (at Assets/LaserCorridor/BonusFloorPanel.cs:90)

(Filename: Assets/LaserCorridor/PlayerHealth.cs Line: 145)

GPU Resident Drawer disposed.
Unloading 14 Unused Serialized files (Serialized files now loaded: 0)
Loaded scene 'Temp/__Backupscenes/0.backup'
	Deserialize:            1.488 ms
	Integration:            29.809 ms
	Integration of assets:  0.026 ms
	Thread Wait Time:       0.022 ms
	Total Operation Time:   31.346 ms
Unloading 28 unused Assets / (501.5 KB). Loaded Objects now: 9618.
Memory consumption went from 0.79 GB to 0.79 GB.
Total: 30.410000 ms (FindLiveObjects: 0.623600 ms CreateObjectMapping: 0.262400 ms MarkObjects: 29.059700 ms  DeleteObjects: 0.127500 ms)

[Licensing::Client] Successfully resolved entitlement details
GPU Resident Drawer created.
Asset Pipeline Refresh (id=14019626414068b48aaaa972ed77c657): Total: 0.011 seconds - Initiated by RefreshV2(AllowForceSynchronousImport)
GPU Resident Drawer disposed.
Entering Playmode with Reload Domain disabled.
If you experience any issues, please disable "Enter Play Mode Options" in Editor Settings
Entering Playmode with Reload Scene disabled. If you experience any issues, please disable "Enter Play Mode Options" in Editor Settings
GPU Resident Drawer created.
[Player] Jump pressed! isGrounded: True, Timer: 0
UnityEngine.Debug:ExtractStackTraceNoAlloc (byte*,int,string)
UnityEngine.StackTraceUtility:ExtractStackTrace ()
UnityEngine.DebugLogHandler:Internal_Log (UnityEngine.LogType,UnityEngine.LogOption,string,UnityEngine.Object)
UnityEngine.DebugLogHandler:LogFormat (UnityEngine.LogType,UnityEngine.Object,string,object[])
UnityEngine.Logger:Log (UnityEngine.LogType,object)
UnityEngine.Debug:Log (object)
Player:Update () (at Assets/Player.cs:211)

(Filename: Assets/Player.cs Line: 211)

[Player] Jump executed! JumpForce: 5, y-velocity: 5
UnityEngine.Debug:ExtractStackTraceNoAlloc (byte*,int,string)
UnityEngine.StackTraceUtility:ExtractStackTrace ()
UnityEngine.DebugLogHandler:Internal_Log (UnityEngine.LogType,UnityEngine.LogOption,string,UnityEngine.Object)
UnityEngine.DebugLogHandler:LogFormat (UnityEngine.LogType,UnityEngine.Object,string,object[])
UnityEngine.Logger:Log (UnityEngine.LogType,object)
UnityEngine.Debug:Log (object)
Player:Jump () (at Assets/Player.cs:429)
Player:Update () (at Assets/Player.cs:215)

(Filename: Assets/Player.cs Line: 429)

[Player] Jump pressed! isGrounded: True, Timer: -0.0008955279
UnityEngine.Debug:ExtractStackTraceNoAlloc (byte*,int,string)
UnityEngine.StackTraceUtility:ExtractStackTrace ()
UnityEngine.DebugLogHandler:Internal_Log (UnityEngine.LogType,UnityEngine.LogOption,string,UnityEngine.Object)
UnityEngine.DebugLogHandler:LogFormat (UnityEngine.LogType,UnityEngine.Object,string,object[])
UnityEngine.Logger:Log (UnityEngine.LogType,object)
UnityEngine.Debug:Log (object)
Player:Update () (at Assets/Player.cs:211)

(Filename: Assets/Player.cs Line: 211)

[Player] Jump executed! JumpForce: 5, y-velocity: 5
UnityEngine.Debug:ExtractStackTraceNoAlloc (byte*,int,string)
UnityEngine.StackTraceUtility:ExtractStackTrace ()
UnityEngine.DebugLogHandler:Internal_Log (UnityEngine.LogType,UnityEngine.LogOption,string,UnityEngine.Object)
UnityEngine.DebugLogHandler:LogFormat (UnityEngine.LogType,UnityEngine.Object,string,object[])
UnityEngine.Logger:Log (UnityEngine.LogType,object)
UnityEngine.Debug:Log (object)
Player:Jump () (at Assets/Player.cs:429)
Player:Update () (at Assets/Player.cs:215)

(Filename: Assets/Player.cs Line: 429)

GPU Resident Drawer disposed.
Unloading 15 Unused Serialized files (Serialized files now loaded: 0)
Loaded scene 'Temp/__Backupscenes/0.backup'
	Deserialize:            1.095 ms
	Integration:            29.657 ms
	Integration of assets:  0.028 ms
	Thread Wait Time:       0.017 ms
	Total Operation Time:   30.796 ms
Unloading 23 unused Assets / (0.5 MB). Loaded Objects now: 9620.
Memory consumption went from 0.79 GB to 0.79 GB.
Total: 30.180000 ms (FindLiveObjects: 0.719100 ms CreateObjectMapping: 0.437600 ms MarkObjects: 28.583800 ms  DeleteObjects: 0.103800 ms)

GPU Resident Drawer created.
Asset Pipeline Refresh (id=55548a750e5e0f5439928f885bb2dd66): Total: 0.009 seconds - Initiated by RefreshV2(AllowForceSynchronousImport)
GPU Resident Drawer disposed.
Entering Playmode with Reload Domain disabled.
If you experience any issues, please disable "Enter Play Mode Options" in Editor Settings
Entering Playmode with Reload Scene disabled. If you experience any issues, please disable "Enter Play Mode Options" in Editor Settings
GPU Resident Drawer created.
[Player] Jump pressed! isGrounded: True, Timer: 0
UnityEngine.Debug:ExtractStackTraceNoAlloc (byte*,int,string)
UnityEngine.StackTraceUtility:ExtractStackTrace ()
UnityEngine.DebugLogHandler:Internal_Log (UnityEngine.LogType,UnityEngine.LogOption,string,UnityEngine.Object)
UnityEngine.DebugLogHandler:LogFormat (UnityEngine.LogType,UnityEngine.Object,string,object[])
UnityEngine.Logger:Log (UnityEngine.LogType,object)
UnityEngine.Debug:Log (object)
Player:Update () (at Assets/Player.cs:211)

(Filename: Assets/Player.cs Line: 211)

[Player] Jump executed! JumpForce: 5, y-velocity: 5
UnityEngine.Debug:ExtractStackTraceNoAlloc (byte*,int,string)
UnityEngine.StackTraceUtility:ExtractStackTrace ()
UnityEngine.DebugLogHandler:Internal_Log (UnityEngine.LogType,UnityEngine.LogOption,string,UnityEngine.Object)
UnityEngine.DebugLogHandler:LogFormat (UnityEngine.LogType,UnityEngine.Object,string,object[])
UnityEngine.Logger:Log (UnityEngine.LogType,object)
UnityEngine.Debug:Log (object)
Player:Jump () (at Assets/Player.cs:429)
Player:Update () (at Assets/Player.cs:215)

(Filename: Assets/Player.cs Line: 429)

[Player] Jump pressed! isGrounded: True, Timer: -0.001873102
UnityEngine.Debug:ExtractStackTraceNoAlloc (byte*,int,string)
UnityEngine.StackTraceUtility:ExtractStackTrace ()
UnityEngine.DebugLogHandler:Internal_Log (UnityEngine.LogType,UnityEngine.LogOption,string,UnityEngine.Object)
UnityEngine.DebugLogHandler:LogFormat (UnityEngine.LogType,UnityEngine.Object,string,object[])
UnityEngine.Logger:Log (UnityEngine.LogType,object)
UnityEngine.Debug:Log (object)
Player:Update () (at Assets/Player.cs:211)

(Filename: Assets/Player.cs Line: 211)

[Player] Jump executed! JumpForce: 5, y-velocity: 5
UnityEngine.Debug:ExtractStackTraceNoAlloc (byte*,int,string)
UnityEngine.StackTraceUtility:ExtractStackTrace ()
UnityEngine.DebugLogHandler:Internal_Log (UnityEngine.LogType,UnityEngine.LogOption,string,UnityEngine.Object)
UnityEngine.DebugLogHandler:LogFormat (UnityEngine.LogType,UnityEngine.Object,string,object[])
UnityEngine.Logger:Log (UnityEngine.LogType,object)
UnityEngine.Debug:Log (object)
Player:Jump () (at Assets/Player.cs:429)
Player:Update () (at Assets/Player.cs:215)

(Filename: Assets/Player.cs Line: 429)

[PlayerHealth] Speed Boost activated! (1.6x for 5s)
UnityEngine.Debug:ExtractStackTraceNoAlloc (byte*,int,string)
UnityEngine.StackTraceUtility:ExtractStackTrace ()
UnityEngine.DebugLogHandler:Internal_Log (UnityEngine.LogType,UnityEngine.LogOption,string,UnityEngine.Object)
UnityEngine.DebugLogHandler:LogFormat (UnityEngine.LogType,UnityEngine.Object,string,object[])
UnityEngine.Logger:Log (UnityEngine.LogType,object)
UnityEngine.Debug:Log (object)
PlayerHealth:ApplySpeedBoost (single,single) (at Assets/LaserCorridor/PlayerHealth.cs:145)
BonusFloorPanel:GrantBonus (PlayerHealth) (at Assets/LaserCorridor/BonusFloorPanel.cs:106)
BonusFloorPanel:OnTriggerEnter (UnityEngine.Collider) (at Assets/LaserCorridor/BonusFloorPanel.cs:90)

(Filename: Assets/LaserCorridor/PlayerHealth.cs Line: 145)

[Player] Jump pressed! isGrounded: True, Timer: -0.002262288
UnityEngine.Debug:ExtractStackTraceNoAlloc (byte*,int,string)
UnityEngine.StackTraceUtility:ExtractStackTrace ()
UnityEngine.DebugLogHandler:Internal_Log (UnityEngine.LogType,UnityEngine.LogOption,string,UnityEngine.Object)
UnityEngine.DebugLogHandler:LogFormat (UnityEngine.LogType,UnityEngine.Object,string,object[])
UnityEngine.Logger:Log (UnityEngine.LogType,object)
UnityEngine.Debug:Log (object)
Player:Update () (at Assets/Player.cs:211)

(Filename: Assets/Player.cs Line: 211)

[Player] Jump executed! JumpForce: 5, y-velocity: 5
UnityEngine.Debug:ExtractStackTraceNoAlloc (byte*,int,string)
UnityEngine.StackTraceUtility:ExtractStackTrace ()
UnityEngine.DebugLogHandler:Internal_Log (UnityEngine.LogType,UnityEngine.LogOption,string,UnityEngine.Object)
UnityEngine.DebugLogHandler:LogFormat (UnityEngine.LogType,UnityEngine.Object,string,object[])
UnityEngine.Logger:Log (UnityEngine.LogType,object)
UnityEngine.Debug:Log (object)
Player:Jump () (at Assets/Player.cs:429)
Player:Update () (at Assets/Player.cs:215)

(Filename: Assets/Player.cs Line: 429)

[PlayerHealth] Took 35 damage! Remaining HP: 65/100
UnityEngine.Debug:ExtractStackTraceNoAlloc (byte*,int,string)
UnityEngine.StackTraceUtility:ExtractStackTrace ()
UnityEngine.DebugLogHandler:Internal_Log (UnityEngine.LogType,UnityEngine.LogOption,string,UnityEngine.Object)
UnityEngine.DebugLogHandler:LogFormat (UnityEngine.LogType,UnityEngine.Object,string,object[])
UnityEngine.Logger:Log (UnityEngine.LogType,object)
UnityEngine.Debug:Log (object)
PlayerHealth:TakeDamage (int) (at Assets/LaserCorridor/PlayerHealth.cs:104)
LaserBeamTriggerForwarder:OnTriggerEnter (UnityEngine.Collider) (at Assets/LaserCorridor/LaserSpawner.cs:520)

(Filename: Assets/LaserCorridor/PlayerHealth.cs Line: 104)

[PlayerHealth] Speed Boost ended.
UnityEngine.Debug:ExtractStackTraceNoAlloc (byte*,int,string)
UnityEngine.StackTraceUtility:ExtractStackTrace ()
UnityEngine.DebugLogHandler:Internal_Log (UnityEngine.LogType,UnityEngine.LogOption,string,UnityEngine.Object)
UnityEngine.DebugLogHandler:LogFormat (UnityEngine.LogType,UnityEngine.Object,string,object[])
UnityEngine.Logger:Log (UnityEngine.LogType,object)
UnityEngine.Debug:Log (object)
PlayerHealth:ResetSpeedBoost () (at Assets/LaserCorridor/PlayerHealth.cs:157)
PlayerHealth:Update () (at Assets/LaserCorridor/PlayerHealth.cs:77)

(Filename: Assets/LaserCorridor/PlayerHealth.cs Line: 157)

[Player] Jump pressed! isGrounded: True, Timer: -0.0003964806
UnityEngine.Debug:ExtractStackTraceNoAlloc (byte*,int,string)
UnityEngine.StackTraceUtility:ExtractStackTrace ()
UnityEngine.DebugLogHandler:Internal_Log (UnityEngine.LogType,UnityEngine.LogOption,string,UnityEngine.Object)
UnityEngine.DebugLogHandler:LogFormat (UnityEngine.LogType,UnityEngine.Object,string,object[])
UnityEngine.Logger:Log (UnityEngine.LogType,object)
UnityEngine.Debug:Log (object)
Player:Update () (at Assets/Player.cs:211)

(Filename: Assets/Player.cs Line: 211)

[Player] Jump executed! JumpForce: 5, y-velocity: 5
UnityEngine.Debug:ExtractStackTraceNoAlloc (byte*,int,string)
UnityEngine.StackTraceUtility:ExtractStackTrace ()
UnityEngine.DebugLogHandler:Internal_Log (UnityEngine.LogType,UnityEngine.LogOption,string,UnityEngine.Object)
UnityEngine.DebugLogHandler:LogFormat (UnityEngine.LogType,UnityEngine.Object,string,object[])
UnityEngine.Logger:Log (UnityEngine.LogType,object)
UnityEngine.Debug:Log (object)
Player:Jump () (at Assets/Player.cs:429)
Player:Update () (at Assets/Player.cs:215)

(Filename: Assets/Player.cs Line: 429)

[PlayerHealth] Restored 35 HP! Current HP: 100/100
UnityEngine.Debug:ExtractStackTraceNoAlloc (byte*,int,string)
UnityEngine.StackTraceUtility:ExtractStackTrace ()
UnityEngine.DebugLogHandler:Internal_Log (UnityEngine.LogType,UnityEngine.LogOption,string,UnityEngine.Object)
UnityEngine.DebugLogHandler:LogFormat (UnityEngine.LogType,UnityEngine.Object,string,object[])
UnityEngine.Logger:Log (UnityEngine.LogType,object)
UnityEngine.Debug:Log (object)
PlayerHealth:Heal (int) (at Assets/LaserCorridor/PlayerHealth.cs:125)
BonusFloorPanel:GrantBonus (PlayerHealth) (at Assets/LaserCorridor/BonusFloorPanel.cs:102)
BonusFloorPanel:OnTriggerEnter (UnityEngine.Collider) (at Assets/LaserCorridor/BonusFloorPanel.cs:90)

(Filename: Assets/LaserCorridor/PlayerHealth.cs Line: 125)

[Player] Jump pressed! isGrounded: True, Timer: -0.0001754011
UnityEngine.Debug:ExtractStackTraceNoAlloc (byte*,int,string)
UnityEngine.StackTraceUtility:ExtractStackTrace ()
UnityEngine.DebugLogHandler:Internal_Log (UnityEngine.LogType,UnityEngine.LogOption,string,UnityEngine.Object)
UnityEngine.DebugLogHandler:LogFormat (UnityEngine.LogType,UnityEngine.Object,string,object[])
UnityEngine.Logger:Log (UnityEngine.LogType,object)
UnityEngine.Debug:Log (object)
Player:Update () (at Assets/Player.cs:211)

(Filename: Assets/Player.cs Line: 211)

[Player] Jump executed! JumpForce: 5, y-velocity: 5
UnityEngine.Debug:ExtractStackTraceNoAlloc (byte*,int,string)
UnityEngine.StackTraceUtility:ExtractStackTrace ()
UnityEngine.DebugLogHandler:Internal_Log (UnityEngine.LogType,UnityEngine.LogOption,string,UnityEngine.Object)
UnityEngine.DebugLogHandler:LogFormat (UnityEngine.LogType,UnityEngine.Object,string,object[])
UnityEngine.Logger:Log (UnityEngine.LogType,object)
UnityEngine.Debug:Log (object)
Player:Jump () (at Assets/Player.cs:429)
Player:Update () (at Assets/Player.cs:215)

(Filename: Assets/Player.cs Line: 429)

[Player] Jump pressed! isGrounded: True, Timer: -0.002064214
UnityEngine.Debug:ExtractStackTraceNoAlloc (byte*,int,string)
UnityEngine.StackTraceUtility:ExtractStackTrace ()
UnityEngine.DebugLogHandler:Internal_Log (UnityEngine.LogType,UnityEngine.LogOption,string,UnityEngine.Object)
UnityEngine.DebugLogHandler:LogFormat (UnityEngine.LogType,UnityEngine.Object,string,object[])
UnityEngine.Logger:Log (UnityEngine.LogType,object)
UnityEngine.Debug:Log (object)
Player:Update () (at Assets/Player.cs:211)

(Filename: Assets/Player.cs Line: 211)

[Player] Jump executed! JumpForce: 5, y-velocity: 5
UnityEngine.Debug:ExtractStackTraceNoAlloc (byte*,int,string)
UnityEngine.StackTraceUtility:ExtractStackTrace ()
UnityEngine.DebugLogHandler:Internal_Log (UnityEngine.LogType,UnityEngine.LogOption,string,UnityEngine.Object)
UnityEngine.DebugLogHandler:LogFormat (UnityEngine.LogType,UnityEngine.Object,string,object[])
UnityEngine.Logger:Log (UnityEngine.LogType,object)
UnityEngine.Debug:Log (object)
Player:Jump () (at Assets/Player.cs:429)
Player:Update () (at Assets/Player.cs:215)

(Filename: Assets/Player.cs Line: 429)

[PlayerHealth] Energy Shield activated for 5s!
UnityEngine.Debug:ExtractStackTraceNoAlloc (byte*,int,string)
UnityEngine.StackTraceUtility:ExtractStackTrace ()
UnityEngine.DebugLogHandler:Internal_Log (UnityEngine.LogType,UnityEngine.LogOption,string,UnityEngine.Object)
UnityEngine.DebugLogHandler:LogFormat (UnityEngine.LogType,UnityEngine.Object,string,object[])
UnityEngine.Logger:Log (UnityEngine.LogType,object)
UnityEngine.Debug:Log (object)
PlayerHealth:ApplyShield (single) (at Assets/LaserCorridor/PlayerHealth.cs:168)
BonusFloorPanel:GrantBonus (PlayerHealth) (at Assets/LaserCorridor/BonusFloorPanel.cs:110)
BonusFloorPanel:OnTriggerEnter (UnityEngine.Collider) (at Assets/LaserCorridor/BonusFloorPanel.cs:90)

(Filename: Assets/LaserCorridor/PlayerHealth.cs Line: 168)

[PlayerHealth] Shield absorbed laser damage!
UnityEngine.Debug:ExtractStackTraceNoAlloc (byte*,int,string)
UnityEngine.StackTraceUtility:ExtractStackTrace ()
UnityEngine.DebugLogHandler:Internal_Log (UnityEngine.LogType,UnityEngine.LogOption,string,UnityEngine.Object)
UnityEngine.DebugLogHandler:LogFormat (UnityEngine.LogType,UnityEngine.Object,string,object[])
UnityEngine.Logger:Log (UnityEngine.LogType,object)
UnityEngine.Debug:Log (object)
PlayerHealth:TakeDamage (int) (at Assets/LaserCorridor/PlayerHealth.cs:92)
LaserBeamTriggerForwarder:OnTriggerEnter (UnityEngine.Collider) (at Assets/LaserCorridor/LaserSpawner.cs:520)

(Filename: Assets/LaserCorridor/PlayerHealth.cs Line: 92)

[Player] Jump pressed! isGrounded: True, Timer: -7.782062E-05
UnityEngine.Debug:ExtractStackTraceNoAlloc (byte*,int,string)
UnityEngine.StackTraceUtility:ExtractStackTrace ()
UnityEngine.DebugLogHandler:Internal_Log (UnityEngine.LogType,UnityEngine.LogOption,string,UnityEngine.Object)
UnityEngine.DebugLogHandler:LogFormat (UnityEngine.LogType,UnityEngine.Object,string,object[])
UnityEngine.Logger:Log (UnityEngine.LogType,object)
UnityEngine.Debug:Log (object)
Player:Update () (at Assets/Player.cs:211)

(Filename: Assets/Player.cs Line: 211)

[Player] Jump executed! JumpForce: 5, y-velocity: 5
UnityEngine.Debug:ExtractStackTraceNoAlloc (byte*,int,string)
UnityEngine.StackTraceUtility:ExtractStackTrace ()
UnityEngine.DebugLogHandler:Internal_Log (UnityEngine.LogType,UnityEngine.LogOption,string,UnityEngine.Object)
UnityEngine.DebugLogHandler:LogFormat (UnityEngine.LogType,UnityEngine.Object,string,object[])
UnityEngine.Logger:Log (UnityEngine.LogType,object)
UnityEngine.Debug:Log (object)
Player:Jump () (at Assets/Player.cs:429)
Player:Update () (at Assets/Player.cs:215)

(Filename: Assets/Player.cs Line: 429)

[Player] Jump pressed! isGrounded: True, Timer: -0.0004879667
UnityEngine.Debug:ExtractStackTraceNoAlloc (byte*,int,string)
UnityEngine.StackTraceUtility:ExtractStackTrace ()
UnityEngine.DebugLogHandler:Internal_Log (UnityEngine.LogType,UnityEngine.LogOption,string,UnityEngine.Object)
UnityEngine.DebugLogHandler:LogFormat (UnityEngine.LogType,UnityEngine.Object,string,object[])
UnityEngine.Logger:Log (UnityEngine.LogType,object)
UnityEngine.Debug:Log (object)
Player:Update () (at Assets/Player.cs:211)

(Filename: Assets/Player.cs Line: 211)

[Player] Jump executed! JumpForce: 5, y-velocity: 5
UnityEngine.Debug:ExtractStackTraceNoAlloc (byte*,int,string)
UnityEngine.StackTraceUtility:ExtractStackTrace ()
UnityEngine.DebugLogHandler:Internal_Log (UnityEngine.LogType,UnityEngine.LogOption,string,UnityEngine.Object)
UnityEngine.DebugLogHandler:LogFormat (UnityEngine.LogType,UnityEngine.Object,string,object[])
UnityEngine.Logger:Log (UnityEngine.LogType,object)
UnityEngine.Debug:Log (object)
Player:Jump () (at Assets/Player.cs:429)
Player:Update () (at Assets/Player.cs:215)

(Filename: Assets/Player.cs Line: 429)

[PlayerHealth] Took 35 damage! Remaining HP: 65/100
UnityEngine.Debug:ExtractStackTraceNoAlloc (byte*,int,string)
UnityEngine.StackTraceUtility:ExtractStackTrace ()
UnityEngine.DebugLogHandler:Internal_Log (UnityEngine.LogType,UnityEngine.LogOption,string,UnityEngine.Object)
UnityEngine.DebugLogHandler:LogFormat (UnityEngine.LogType,UnityEngine.Object,string,object[])
UnityEngine.Logger:Log (UnityEngine.LogType,object)
UnityEngine.Debug:Log (object)
PlayerHealth:TakeDamage (int) (at Assets/LaserCorridor/PlayerHealth.cs:104)
LaserBeamTriggerForwarder:OnTriggerEnter (UnityEngine.Collider) (at Assets/LaserCorridor/LaserSpawner.cs:520)

(Filename: Assets/LaserCorridor/PlayerHealth.cs Line: 104)

[Player] Jump pressed! isGrounded: True, Timer: -0.003839702
UnityEngine.Debug:ExtractStackTraceNoAlloc (byte*,int,string)
UnityEngine.StackTraceUtility:ExtractStackTrace ()
UnityEngine.DebugLogHandler:Internal_Log (UnityEngine.LogType,UnityEngine.LogOption,string,UnityEngine.Object)
UnityEngine.DebugLogHandler:LogFormat (UnityEngine.LogType,UnityEngine.Object,string,object[])
UnityEngine.Logger:Log (UnityEngine.LogType,object)
UnityEngine.Debug:Log (object)
Player:Update () (at Assets/Player.cs:211)

(Filename: Assets/Player.cs Line: 211)

[Player] Jump executed! JumpForce: 5, y-velocity: 5
UnityEngine.Debug:ExtractStackTraceNoAlloc (byte*,int,string)
UnityEngine.StackTraceUtility:ExtractStackTrace ()
UnityEngine.DebugLogHandler:Internal_Log (UnityEngine.LogType,UnityEngine.LogOption,string,UnityEngine.Object)
UnityEngine.DebugLogHandler:LogFormat (UnityEngine.LogType,UnityEngine.Object,string,object[])
UnityEngine.Logger:Log (UnityEngine.LogType,object)
UnityEngine.Debug:Log (object)
Player:Jump () (at Assets/Player.cs:429)
Player:Update () (at Assets/Player.cs:215)

(Filename: Assets/Player.cs Line: 429)

[CorridorGoal] PLAYER REACHED THE END OF THE CORRIDOR!
UnityEngine.Debug:ExtractStackTraceNoAlloc (byte*,int,string)
UnityEngine.StackTraceUtility:ExtractStackTrace ()
UnityEngine.DebugLogHandler:Internal_Log (UnityEngine.LogType,UnityEngine.LogOption,string,UnityEngine.Object)
UnityEngine.DebugLogHandler:LogFormat (UnityEngine.LogType,UnityEngine.Object,string,object[])
UnityEngine.Logger:Log (UnityEngine.LogType,object)
UnityEngine.Debug:Log (object)
CorridorGoal:OnTriggerEnter (UnityEngine.Collider) (at Assets/LaserCorridor/CorridorGoal.cs:27)

(Filename: Assets/LaserCorridor/CorridorGoal.cs Line: 27)

[GameManager] VICTORY! Corridor Cleared!
UnityEngine.Debug:ExtractStackTraceNoAlloc (byte*,int,string)
UnityEngine.StackTraceUtility:ExtractStackTrace ()
UnityEngine.DebugLogHandler:Internal_Log (UnityEngine.LogType,UnityEngine.LogOption,string,UnityEngine.Object)
UnityEngine.DebugLogHandler:LogFormat (UnityEngine.LogType,UnityEngine.Object,string,object[])
UnityEngine.Logger:Log (UnityEngine.LogType,object)
UnityEngine.Debug:Log (object)
LaserCorridorGameManager:OnGoalReached () (at Assets/LaserCorridor/LaserCorridorGameManager.cs:137)
CorridorGoal:OnTriggerEnter (UnityEngine.Collider) (at Assets/LaserCorridor/CorridorGoal.cs:31)

(Filename: Assets/LaserCorridor/LaserCorridorGameManager.cs Line: 137)

[Player] Jump pressed! isGrounded: True, Timer: -0.00231537
UnityEngine.Debug:ExtractStackTraceNoAlloc (byte*,int,string)
UnityEngine.StackTraceUtility:ExtractStackTrace ()
UnityEngine.DebugLogHandler:Internal_Log (UnityEngine.LogType,UnityEngine.LogOption,string,UnityEngine.Object)
UnityEngine.DebugLogHandler:LogFormat (UnityEngine.LogType,UnityEngine.Object,string,object[])
UnityEngine.Logger:Log (UnityEngine.LogType,object)
UnityEngine.Debug:Log (object)
Player:Update () (at Assets/Player.cs:211)

(Filename: Assets/Player.cs Line: 211)

[Player] Jump executed! JumpForce: 5, y-velocity: 5
UnityEngine.Debug:ExtractStackTraceNoAlloc (byte*,int,string)
UnityEngine.StackTraceUtility:ExtractStackTrace ()
UnityEngine.DebugLogHandler:Internal_Log (UnityEngine.LogType,UnityEngine.LogOption,string,UnityEngine.Object)
UnityEngine.DebugLogHandler:LogFormat (UnityEngine.LogType,UnityEngine.Object,string,object[])
UnityEngine.Logger:Log (UnityEngine.LogType,object)
UnityEngine.Debug:Log (object)
Player:Jump () (at Assets/Player.cs:429)
Player:Update () (at Assets/Player.cs:215)

(Filename: Assets/Player.cs Line: 429)

[Player] Jump pressed! isGrounded: True, Timer: -0.002692001
UnityEngine.Debug:ExtractStackTraceNoAlloc (byte*,int,string)
UnityEngine.StackTraceUtility:ExtractStackTrace ()
UnityEngine.DebugLogHandler:Internal_Log (UnityEngine.LogType,UnityEngine.LogOption,string,UnityEngine.Object)
UnityEngine.DebugLogHandler:LogFormat (UnityEngine.LogType,UnityEngine.Object,string,object[])
UnityEngine.Logger:Log (UnityEngine.LogType,object)
UnityEngine.Debug:Log (object)
Player:Update () (at Assets/Player.cs:211)

(Filename: Assets/Player.cs Line: 211)

[Player] Jump executed! JumpForce: 5, y-velocity: 5
UnityEngine.Debug:ExtractStackTraceNoAlloc (byte*,int,string)
UnityEngine.StackTraceUtility:ExtractStackTrace ()
UnityEngine.DebugLogHandler:Internal_Log (UnityEngine.LogType,UnityEngine.LogOption,string,UnityEngine.Object)
UnityEngine.DebugLogHandler:LogFormat (UnityEngine.LogType,UnityEngine.Object,string,object[])
UnityEngine.Logger:Log (UnityEngine.LogType,object)
UnityEngine.Debug:Log (object)
Player:Jump () (at Assets/Player.cs:429)
Player:Update () (at Assets/Player.cs:215)

(Filename: Assets/Player.cs Line: 429)

[Player] Jump pressed! isGrounded: True, Timer: -0.003522701
UnityEngine.Debug:ExtractStackTraceNoAlloc (byte*,int,string)
UnityEngine.StackTraceUtility:ExtractStackTrace ()
UnityEngine.DebugLogHandler:Internal_Log (UnityEngine.LogType,UnityEngine.LogOption,string,UnityEngine.Object)
UnityEngine.DebugLogHandler:LogFormat (UnityEngine.LogType,UnityEngine.Object,string,object[])
UnityEngine.Logger:Log (UnityEngine.LogType,object)
UnityEngine.Debug:Log (object)
Player:Update () (at Assets/Player.cs:211)

(Filename: Assets/Player.cs Line: 211)

[Player] Jump executed! JumpForce: 5, y-velocity: 5
UnityEngine.Debug:ExtractStackTraceNoAlloc (byte*,int,string)
UnityEngine.StackTraceUtility:ExtractStackTrace ()
UnityEngine.DebugLogHandler:Internal_Log (UnityEngine.LogType,UnityEngine.LogOption,string,UnityEngine.Object)
UnityEngine.DebugLogHandler:LogFormat (UnityEngine.LogType,UnityEngine.Object,string,object[])
UnityEngine.Logger:Log (UnityEngine.LogType,object)
UnityEngine.Debug:Log (object)
Player:Jump () (at Assets/Player.cs:429)
Player:Update () (at Assets/Player.cs:215)

(Filename: Assets/Player.cs Line: 429)

[Player] Jump pressed! isGrounded: True, Timer: -0.001106093
UnityEngine.Debug:ExtractStackTraceNoAlloc (byte*,int,string)
UnityEngine.StackTraceUtility:ExtractStackTrace ()
UnityEngine.DebugLogHandler:Internal_Log (UnityEngine.LogType,UnityEngine.LogOption,string,UnityEngine.Object)
UnityEngine.DebugLogHandler:LogFormat (UnityEngine.LogType,UnityEngine.Object,string,object[])
UnityEngine.Logger:Log (UnityEngine.LogType,object)
UnityEngine.Debug:Log (object)
Player:Update () (at Assets/Player.cs:211)

(Filename: Assets/Player.cs Line: 211)

[Player] Jump executed! JumpForce: 5, y-velocity: 5
UnityEngine.Debug:ExtractStackTraceNoAlloc (byte*,int,string)
UnityEngine.StackTraceUtility:ExtractStackTrace ()
UnityEngine.DebugLogHandler:Internal_Log (UnityEngine.LogType,UnityEngine.LogOption,string,UnityEngine.Object)
UnityEngine.DebugLogHandler:LogFormat (UnityEngine.LogType,UnityEngine.Object,string,object[])
UnityEngine.Logger:Log (UnityEngine.LogType,object)
UnityEngine.Debug:Log (object)
Player:Jump () (at Assets/Player.cs:429)
Player:Update () (at Assets/Player.cs:215)

(Filename: Assets/Player.cs Line: 429)

[Player] Jump pressed! isGrounded: True, Timer: -0.004760599
UnityEngine.Debug:ExtractStackTraceNoAlloc (byte*,int,string)
UnityEngine.StackTraceUtility:ExtractStackTrace ()
UnityEngine.DebugLogHandler:Internal_Log (UnityEngine.LogType,UnityEngine.LogOption,string,UnityEngine.Object)
UnityEngine.DebugLogHandler:LogFormat (UnityEngine.LogType,UnityEngine.Object,string,object[])
UnityEngine.Logger:Log (UnityEngine.LogType,object)
UnityEngine.Debug:Log (object)
Player:Update () (at Assets/Player.cs:211)

(Filename: Assets/Player.cs Line: 211)

[Player] Jump executed! JumpForce: 5, y-velocity: 5
UnityEngine.Debug:ExtractStackTraceNoAlloc (byte*,int,string)
UnityEngine.StackTraceUtility:ExtractStackTrace ()
UnityEngine.DebugLogHandler:Internal_Log (UnityEngine.LogType,UnityEngine.LogOption,string,UnityEngine.Object)
UnityEngine.DebugLogHandler:LogFormat (UnityEngine.LogType,UnityEngine.Object,string,object[])
UnityEngine.Logger:Log (UnityEngine.LogType,object)
UnityEngine.Debug:Log (object)
Player:Jump () (at Assets/Player.cs:429)
Player:Update () (at Assets/Player.cs:215)

(Filename: Assets/Player.cs Line: 429)

[Player] Jump pressed! isGrounded: True, Timer: -0.003567793
UnityEngine.Debug:ExtractStackTraceNoAlloc (byte*,int,string)
UnityEngine.StackTraceUtility:ExtractStackTrace ()
UnityEngine.DebugLogHandler:Internal_Log (UnityEngine.LogType,UnityEngine.LogOption,string,UnityEngine.Object)
UnityEngine.DebugLogHandler:LogFormat (UnityEngine.LogType,UnityEngine.Object,string,object[])
UnityEngine.Logger:Log (UnityEngine.LogType,object)
UnityEngine.Debug:Log (object)
Player:Update () (at Assets/Player.cs:211)

(Filename: Assets/Player.cs Line: 211)

[Player] Jump executed! JumpForce: 5, y-velocity: 5
UnityEngine.Debug:ExtractStackTraceNoAlloc (byte*,int,string)
UnityEngine.StackTraceUtility:ExtractStackTrace ()
UnityEngine.DebugLogHandler:Internal_Log (UnityEngine.LogType,UnityEngine.LogOption,string,UnityEngine.Object)
UnityEngine.DebugLogHandler:LogFormat (UnityEngine.LogType,UnityEngine.Object,string,object[])
UnityEngine.Logger:Log (UnityEngine.LogType,object)
UnityEngine.Debug:Log (object)
Player:Jump () (at Assets/Player.cs:429)
Player:Update () (at Assets/Player.cs:215)

(Filename: Assets/Player.cs Line: 429)

[Player] Jump pressed! isGrounded: True, Timer: -0.003429508
UnityEngine.Debug:ExtractStackTraceNoAlloc (byte*,int,string)
UnityEngine.StackTraceUtility:ExtractStackTrace ()
UnityEngine.DebugLogHandler:Internal_Log (UnityEngine.LogType,UnityEngine.LogOption,string,UnityEngine.Object)
UnityEngine.DebugLogHandler:LogFormat (UnityEngine.LogType,UnityEngine.Object,string,object[])
UnityEngine.Logger:Log (UnityEngine.LogType,object)
UnityEngine.Debug:Log (object)
Player:Update () (at Assets/Player.cs:211)

(Filename: Assets/Player.cs Line: 211)

[Player] Jump executed! JumpForce: 5, y-velocity: 5
UnityEngine.Debug:ExtractStackTraceNoAlloc (byte*,int,string)
UnityEngine.StackTraceUtility:ExtractStackTrace ()
UnityEngine.DebugLogHandler:Internal_Log (UnityEngine.LogType,UnityEngine.LogOption,string,UnityEngine.Object)
UnityEngine.DebugLogHandler:LogFormat (UnityEngine.LogType,UnityEngine.Object,string,object[])
UnityEngine.Logger:Log (UnityEngine.LogType,object)
UnityEngine.Debug:Log (object)
Player:Jump () (at Assets/Player.cs:429)
Player:Update () (at Assets/Player.cs:215)

(Filename: Assets/Player.cs Line: 429)

[Player] Jump pressed! isGrounded: True, Timer: -0.003901645
UnityEngine.Debug:ExtractStackTraceNoAlloc (byte*,int,string)
UnityEngine.StackTraceUtility:ExtractStackTrace ()
UnityEngine.DebugLogHandler:Internal_Log (UnityEngine.LogType,UnityEngine.LogOption,string,UnityEngine.Object)
UnityEngine.DebugLogHandler:LogFormat (UnityEngine.LogType,UnityEngine.Object,string,object[])
UnityEngine.Logger:Log (UnityEngine.LogType,object)
UnityEngine.Debug:Log (object)
Player:Update () (at Assets/Player.cs:211)

(Filename: Assets/Player.cs Line: 211)

[Player] Jump executed! JumpForce: 5, y-velocity: 5
UnityEngine.Debug:ExtractStackTraceNoAlloc (byte*,int,string)
UnityEngine.StackTraceUtility:ExtractStackTrace ()
UnityEngine.DebugLogHandler:Internal_Log (UnityEngine.LogType,UnityEngine.LogOption,string,UnityEngine.Object)
UnityEngine.DebugLogHandler:LogFormat (UnityEngine.LogType,UnityEngine.Object,string,object[])
UnityEngine.Logger:Log (UnityEngine.LogType,object)
UnityEngine.Debug:Log (object)
Player:Jump () (at Assets/Player.cs:429)
Player:Update () (at Assets/Player.cs:215)

(Filename: Assets/Player.cs Line: 429)

[Player] Jump pressed! isGrounded: True, Timer: -0.002520883
UnityEngine.Debug:ExtractStackTraceNoAlloc (byte*,int,string)
UnityEngine.StackTraceUtility:ExtractStackTrace ()
UnityEngine.DebugLogHandler:Internal_Log (UnityEngine.LogType,UnityEngine.LogOption,string,UnityEngine.Object)
UnityEngine.DebugLogHandler:LogFormat (UnityEngine.LogType,UnityEngine.Object,string,object[])
UnityEngine.Logger:Log (UnityEngine.LogType,object)
UnityEngine.Debug:Log (object)
Player:Update () (at Assets/Player.cs:211)

(Filename: Assets/Player.cs Line: 211)

[Player] Jump executed! JumpForce: 5, y-velocity: 5
UnityEngine.Debug:ExtractStackTraceNoAlloc (byte*,int,string)
UnityEngine.StackTraceUtility:ExtractStackTrace ()
UnityEngine.DebugLogHandler:Internal_Log (UnityEngine.LogType,UnityEngine.LogOption,string,UnityEngine.Object)
UnityEngine.DebugLogHandler:LogFormat (UnityEngine.LogType,UnityEngine.Object,string,object[])
UnityEngine.Logger:Log (UnityEngine.LogType,object)
UnityEngine.Debug:Log (object)
Player:Jump () (at Assets/Player.cs:429)
Player:Update () (at Assets/Player.cs:215)

(Filename: Assets/Player.cs Line: 429)

GPU Resident Drawer disposed.
Unloading 15 Unused Serialized files (Serialized files now loaded: 0)
Loaded scene 'Temp/__Backupscenes/0.backup'
	Deserialize:            0.909 ms
	Integration:            30.119 ms
	Integration of assets:  0.035 ms
	Thread Wait Time:       0.019 ms
	Total Operation Time:   31.081 ms
Unloading 23 unused Assets / (0.5 MB). Loaded Objects now: 9626.
Memory consumption went from 0.80 GB to 0.80 GB.
Total: 30.477200 ms (FindLiveObjects: 0.799900 ms CreateObjectMapping: 0.295300 ms MarkObjects: 28.993400 ms  DeleteObjects: 0.088500 ms)

[Licensing::Client] Successfully resolved entitlement details
GPU Resident Drawer created.
GPU Resident Drawer disposed.
Entering Playmode with Reload Domain disabled.
If you experience any issues, please disable "Enter Play Mode Options" in Editor Settings
Entering Playmode with Reload Scene disabled. If you experience any issues, please disable "Enter Play Mode Options" in Editor Settings
GPU Resident Drawer created.
[Player] Jump pressed! isGrounded: True, Timer: 0
UnityEngine.Debug:ExtractStackTraceNoAlloc (byte*,int,string)
UnityEngine.StackTraceUtility:ExtractStackTrace ()
UnityEngine.DebugLogHandler:Internal_Log (UnityEngine.LogType,UnityEngine.LogOption,string,UnityEngine.Object)
UnityEngine.DebugLogHandler:LogFormat (UnityEngine.LogType,UnityEngine.Object,string,object[])
UnityEngine.Logger:Log (UnityEngine.LogType,object)
UnityEngine.Debug:Log (object)
Player:Update () (at Assets/Player.cs:211)

(Filename: Assets/Player.cs Line: 211)

[Player] Jump executed! JumpForce: 5, y-velocity: 5
UnityEngine.Debug:ExtractStackTraceNoAlloc (byte*,int,string)
UnityEngine.StackTraceUtility:ExtractStackTrace ()
UnityEngine.DebugLogHandler:Internal_Log (UnityEngine.LogType,UnityEngine.LogOption,string,UnityEngine.Object)
UnityEngine.DebugLogHandler:LogFormat (UnityEngine.LogType,UnityEngine.Object,string,object[])
UnityEngine.Logger:Log (UnityEngine.LogType,object)
UnityEngine.Debug:Log (object)
Player:Jump () (at Assets/Player.cs:429)
Player:Update () (at Assets/Player.cs:215)

(Filename: Assets/Player.cs Line: 429)

[Player] Jump pressed! isGrounded: True, Timer: -0.002711296
UnityEngine.Debug:ExtractStackTraceNoAlloc (byte*,int,string)
UnityEngine.StackTraceUtility:ExtractStackTrace ()
UnityEngine.DebugLogHandler:Internal_Log (UnityEngine.LogType,UnityEngine.LogOption,string,UnityEngine.Object)
UnityEngine.DebugLogHandler:LogFormat (UnityEngine.LogType,UnityEngine.Object,string,object[])
UnityEngine.Logger:Log (UnityEngine.LogType,object)
UnityEngine.Debug:Log (object)
Player:Update () (at Assets/Player.cs:211)

(Filename: Assets/Player.cs Line: 211)

[Player] Jump executed! JumpForce: 5, y-velocity: 5
UnityEngine.Debug:ExtractStackTraceNoAlloc (byte*,int,string)
UnityEngine.StackTraceUtility:ExtractStackTrace ()
UnityEngine.DebugLogHandler:Internal_Log (UnityEngine.LogType,UnityEngine.LogOption,string,UnityEngine.Object)
UnityEngine.DebugLogHandler:LogFormat (UnityEngine.LogType,UnityEngine.Object,string,object[])
UnityEngine.Logger:Log (UnityEngine.LogType,object)
UnityEngine.Debug:Log (object)
Player:Jump () (at Assets/Player.cs:429)
Player:Update () (at Assets/Player.cs:215)

(Filename: Assets/Player.cs Line: 429)

GPU Resident Drawer disposed.
Unloading 17 Unused Serialized files (Serialized files now loaded: 0)
Loaded scene 'Temp/__Backupscenes/0.backup'
	Deserialize:            1.199 ms
	Integration:            28.823 ms
	Integration of assets:  0.030 ms
	Thread Wait Time:       0.026 ms
	Total Operation Time:   30.078 ms
Unloading 23 unused Assets / (266.5 KB). Loaded Objects now: 9632.
Memory consumption went from 0.80 GB to 0.80 GB.
Total: 27.609800 ms (FindLiveObjects: 0.803100 ms CreateObjectMapping: 0.233500 ms MarkObjects: 26.207200 ms  DeleteObjects: 0.084700 ms)

GPU Resident Drawer created.
GPU Resident Drawer disposed.
Entering Playmode with Reload Domain disabled.
If you experience any issues, please disable "Enter Play Mode Options" in Editor Settings
Entering Playmode with Reload Scene disabled. If you experience any issues, please disable "Enter Play Mode Options" in Editor Settings
GPU Resident Drawer created.
[Player] Jump pressed! isGrounded: True, Timer: 0
UnityEngine.Debug:ExtractStackTraceNoAlloc (byte*,int,string)
UnityEngine.StackTraceUtility:ExtractStackTrace ()
UnityEngine.DebugLogHandler:Internal_Log (UnityEngine.LogType,UnityEngine.LogOption,string,UnityEngine.Object)
UnityEngine.DebugLogHandler:LogFormat (UnityEngine.LogType,UnityEngine.Object,string,object[])
UnityEngine.Logger:Log (UnityEngine.LogType,object)
UnityEngine.Debug:Log (object)
Player:Update () (at Assets/Player.cs:211)

(Filename: Assets/Player.cs Line: 211)

[Player] Jump executed! JumpForce: 5, y-velocity: 5
UnityEngine.Debug:ExtractStackTraceNoAlloc (byte*,int,string)
UnityEngine.StackTraceUtility:ExtractStackTrace ()
UnityEngine.DebugLogHandler:Internal_Log (UnityEngine.LogType,UnityEngine.LogOption,string,UnityEngine.Object)
UnityEngine.DebugLogHandler:LogFormat (UnityEngine.LogType,UnityEngine.Object,string,object[])
UnityEngine.Logger:Log (UnityEngine.LogType,object)
UnityEngine.Debug:Log (object)
Player:Jump () (at Assets/Player.cs:429)
Player:Update () (at Assets/Player.cs:215)

(Filename: Assets/Player.cs Line: 429)

[Player] Jump pressed! isGrounded: True, Timer: -0.001884687
UnityEngine.Debug:ExtractStackTraceNoAlloc (byte*,int,string)
UnityEngine.StackTraceUtility:ExtractStackTrace ()
UnityEngine.DebugLogHandler:Internal_Log (UnityEngine.LogType,UnityEngine.LogOption,string,UnityEngine.Object)
UnityEngine.DebugLogHandler:LogFormat (UnityEngine.LogType,UnityEngine.Object,string,object[])
UnityEngine.Logger:Log (UnityEngine.LogType,object)
UnityEngine.Debug:Log (object)
Player:Update () (at Assets/Player.cs:211)

(Filename: Assets/Player.cs Line: 211)

[Player] Jump executed! JumpForce: 5, y-velocity: 5
UnityEngine.Debug:ExtractStackTraceNoAlloc (byte*,int,string)
UnityEngine.StackTraceUtility:ExtractStackTrace ()
UnityEngine.DebugLogHandler:Internal_Log (UnityEngine.LogType,UnityEngine.LogOption,string,UnityEngine.Object)
UnityEngine.DebugLogHandler:LogFormat (UnityEngine.LogType,UnityEngine.Object,string,object[])
UnityEngine.Logger:Log (UnityEngine.LogType,object)
UnityEngine.Debug:Log (object)
Player:Jump () (at Assets/Player.cs:429)
Player:Update () (at Assets/Player.cs:215)

(Filename: Assets/Player.cs Line: 429)

[Player] Jump pressed! isGrounded: True, Timer: -0.001556758
UnityEngine.Debug:ExtractStackTraceNoAlloc (byte*,int,string)
UnityEngine.StackTraceUtility:ExtractStackTrace ()
UnityEngine.DebugLogHandler:Internal_Log (UnityEngine.LogType,UnityEngine.LogOption,string,UnityEngine.Object)
UnityEngine.DebugLogHandler:LogFormat (UnityEngine.LogType,UnityEngine.Object,string,object[])
UnityEngine.Logger:Log (UnityEngine.LogType,object)
UnityEngine.Debug:Log (object)
Player:Update () (at Assets/Player.cs:211)

(Filename: Assets/Player.cs Line: 211)

[Player] Jump executed! JumpForce: 5, y-velocity: 5
UnityEngine.Debug:ExtractStackTraceNoAlloc (byte*,int,string)
UnityEngine.StackTraceUtility:ExtractStackTrace ()
UnityEngine.DebugLogHandler:Internal_Log (UnityEngine.LogType,UnityEngine.LogOption,string,UnityEngine.Object)
UnityEngine.DebugLogHandler:LogFormat (UnityEngine.LogType,UnityEngine.Object,string,object[])
UnityEngine.Logger:Log (UnityEngine.LogType,object)
UnityEngine.Debug:Log (object)
Player:Jump () (at Assets/Player.cs:429)
Player:Update () (at Assets/Player.cs:215)

(Filename: Assets/Player.cs Line: 429)

[Player] Jump pressed! isGrounded: True, Timer: -0.0002404058
UnityEngine.Debug:ExtractStackTraceNoAlloc (byte*,int,string)
UnityEngine.StackTraceUtility:ExtractStackTrace ()
UnityEngine.DebugLogHandler:Internal_Log (UnityEngine.LogType,UnityEngine.LogOption,string,UnityEngine.Object)
UnityEngine.DebugLogHandler:LogFormat (UnityEngine.LogType,UnityEngine.Object,string,object[])
UnityEngine.Logger:Log (UnityEngine.LogType,object)
UnityEngine.Debug:Log (object)
Player:Update () (at Assets/Player.cs:211)

(Filename: Assets/Player.cs Line: 211)

[Player] Jump executed! JumpForce: 5, y-velocity: 5
UnityEngine.Debug:ExtractStackTraceNoAlloc (byte*,int,string)
UnityEngine.StackTraceUtility:ExtractStackTrace ()
UnityEngine.DebugLogHandler:Internal_Log (UnityEngine.LogType,UnityEngine.LogOption,string,UnityEngine.Object)
UnityEngine.DebugLogHandler:LogFormat (UnityEngine.LogType,UnityEngine.Object,string,object[])
UnityEngine.Logger:Log (UnityEngine.LogType,object)
UnityEngine.Debug:Log (object)
Player:Jump () (at Assets/Player.cs:429)
Player:Update () (at Assets/Player.cs:215)

(Filename: Assets/Player.cs Line: 429)

[PlayerHealth] Took 35 damage! Remaining HP: 65/100
UnityEngine.Debug:ExtractStackTraceNoAlloc (byte*,int,string)
UnityEngine.StackTraceUtility:ExtractStackTrace ()
UnityEngine.DebugLogHandler:Internal_Log (UnityEngine.LogType,UnityEngine.LogOption,string,UnityEngine.Object)
UnityEngine.DebugLogHandler:LogFormat (UnityEngine.LogType,UnityEngine.Object,string,object[])
UnityEngine.Logger:Log (UnityEngine.LogType,object)
UnityEngine.Debug:Log (object)
PlayerHealth:TakeDamage (int) (at Assets/LaserCorridor/PlayerHealth.cs:104)
LaserBeamTriggerForwarder:OnTriggerEnter (UnityEngine.Collider) (at Assets/LaserCorridor/LaserSpawner.cs:520)

(Filename: Assets/LaserCorridor/PlayerHealth.cs Line: 104)

[PlayerHealth] Took 35 damage! Remaining HP: 30/100
UnityEngine.Debug:ExtractStackTraceNoAlloc (byte*,int,string)
UnityEngine.StackTraceUtility:ExtractStackTrace ()
UnityEngine.DebugLogHandler:Internal_Log (UnityEngine.LogType,UnityEngine.LogOption,string,UnityEngine.Object)
UnityEngine.DebugLogHandler:LogFormat (UnityEngine.LogType,UnityEngine.Object,string,object[])
UnityEngine.Logger:Log (UnityEngine.LogType,object)
UnityEngine.Debug:Log (object)
PlayerHealth:TakeDamage (int) (at Assets/LaserCorridor/PlayerHealth.cs:104)
LaserBeamTriggerForwarder:OnTriggerEnter (UnityEngine.Collider) (at Assets/LaserCorridor/LaserSpawner.cs:520)

(Filename: Assets/LaserCorridor/PlayerHealth.cs Line: 104)

[PlayerHealth] Took 35 damage! Remaining HP: 0/100
UnityEngine.Debug:ExtractStackTraceNoAlloc (byte*,int,string)
UnityEngine.StackTraceUtility:ExtractStackTrace ()
UnityEngine.DebugLogHandler:Internal_Log (UnityEngine.LogType,UnityEngine.LogOption,string,UnityEngine.Object)
UnityEngine.DebugLogHandler:LogFormat (UnityEngine.LogType,UnityEngine.Object,string,object[])
UnityEngine.Logger:Log (UnityEngine.LogType,object)
UnityEngine.Debug:Log (object)
PlayerHealth:TakeDamage (int) (at Assets/LaserCorridor/PlayerHealth.cs:104)
LaserBeamTriggerForwarder:OnTriggerEnter (UnityEngine.Collider) (at Assets/LaserCorridor/LaserSpawner.cs:520)

(Filename: Assets/LaserCorridor/PlayerHealth.cs Line: 104)

[PlayerHealth] Player eliminated by corridor laser!
UnityEngine.Debug:ExtractStackTraceNoAlloc (byte*,int,string)
UnityEngine.StackTraceUtility:ExtractStackTrace ()
UnityEngine.DebugLogHandler:Internal_Log (UnityEngine.LogType,UnityEngine.LogOption,string,UnityEngine.Object)
UnityEngine.DebugLogHandler:LogFormat (UnityEngine.LogType,UnityEngine.Object,string,object[])
UnityEngine.Logger:Log (UnityEngine.LogType,object)
UnityEngine.Debug:Log (object)
PlayerHealth:Die () (at Assets/LaserCorridor/PlayerHealth.cs:181)
PlayerHealth:TakeDamage (int) (at Assets/LaserCorridor/PlayerHealth.cs:110)
LaserBeamTriggerForwarder:OnTriggerEnter (UnityEngine.Collider) (at Assets/LaserCorridor/LaserSpawner.cs:520)

(Filename: Assets/LaserCorridor/PlayerHealth.cs Line: 181)

[GameManager] GAME OVER! Player eliminated. Preparing reset...
UnityEngine.Debug:ExtractStackTraceNoAlloc (byte*,int,string)
UnityEngine.StackTraceUtility:ExtractStackTrace ()
UnityEngine.DebugLogHandler:Internal_Log (UnityEngine.LogType,UnityEngine.LogOption,string,UnityEngine.Object)
UnityEngine.DebugLogHandler:LogFormat (UnityEngine.LogType,UnityEngine.Object,string,object[])
UnityEngine.Logger:Log (UnityEngine.LogType,object)
UnityEngine.Debug:Log (object)
LaserCorridorGameManager:HandlePlayerDeath () (at Assets/LaserCorridor/LaserCorridorGameManager.cs:122)
PlayerHealth:Die () (at Assets/LaserCorridor/PlayerHealth.cs:182)
PlayerHealth:TakeDamage (int) (at Assets/LaserCorridor/PlayerHealth.cs:110)
LaserBeamTriggerForwarder:OnTriggerEnter (UnityEngine.Collider) (at Assets/LaserCorridor/LaserSpawner.cs:520)

(Filename: Assets/LaserCorridor/LaserCorridorGameManager.cs Line: 122)

Setting linear velocity of a kinematic body is not supported.
UnityEngine.Debug:ExtractStackTraceNoAlloc (byte*,int,string)
UnityEngine.StackTraceUtility:ExtractStackTrace ()
UnityEngine.Rigidbody:set_linearVelocity (UnityEngine.Vector3)
LaserCorridorGameManager/<ResetPlayerRoutine>d__21:MoveNext () (at Assets/LaserCorridor/LaserCorridorGameManager.cs:160)
UnityEngine.SetupCoroutine:InvokeMoveNext (System.Collections.IEnumerator,intptr)

[Assets/LaserCorridor/LaserCorridorGameManager.cs line 160]

Setting angular velocity of a kinematic body is not supported.
UnityEngine.Debug:ExtractStackTraceNoAlloc (byte*,int,string)
UnityEngine.StackTraceUtility:ExtractStackTrace ()
UnityEngine.Rigidbody:set_angularVelocity (UnityEngine.Vector3)
LaserCorridorGameManager/<ResetPlayerRoutine>d__21:MoveNext () (at Assets/LaserCorridor/LaserCorridorGameManager.cs:161)
UnityEngine.SetupCoroutine:InvokeMoveNext (System.Collections.IEnumerator,intptr)

[Assets/LaserCorridor/LaserCorridorGameManager.cs line 161]

Setting linear velocity of a kinematic body is not supported.
UnityEngine.Debug:ExtractStackTraceNoAlloc (byte*,int,string)
UnityEngine.StackTraceUtility:ExtractStackTrace ()
UnityEngine.Rigidbody:set_linearVelocity (UnityEngine.Vector3)
Player:MovePlayer () (at Assets/Player.cs:401)
Player:FixedUpdate () (at Assets/Player.cs:320)

[Assets/Player.cs line 401]

Setting linear velocity of a kinematic body is not supported.
UnityEngine.Debug:ExtractStackTraceNoAlloc (byte*,int,string)
UnityEngine.StackTraceUtility:ExtractStackTrace ()
UnityEngine.Rigidbody:set_linearVelocity (UnityEngine.Vector3)
LaserCorridorGameManager/<ResetPlayerRoutine>d__21:MoveNext () (at Assets/LaserCorridor/LaserCorridorGameManager.cs:172)
UnityEngine.SetupCoroutine:InvokeMoveNext (System.Collections.IEnumerator,intptr)

[Assets/LaserCorridor/LaserCorridorGameManager.cs line 172]

Setting angular velocity of a kinematic body is not supported.
UnityEngine.Debug:ExtractStackTraceNoAlloc (byte*,int,string)
UnityEngine.StackTraceUtility:ExtractStackTrace ()
UnityEngine.Rigidbody:set_angularVelocity (UnityEngine.Vector3)
LaserCorridorGameManager/<ResetPlayerRoutine>d__21:MoveNext () (at Assets/LaserCorridor/LaserCorridorGameManager.cs:173)
UnityEngine.SetupCoroutine:InvokeMoveNext (System.Collections.IEnumerator,intptr)

[Assets/LaserCorridor/LaserCorridorGameManager.cs line 173]

[PlayerHealth] Speed Boost ended.
UnityEngine.Debug:ExtractStackTraceNoAlloc (byte*,int,string)
UnityEngine.StackTraceUtility:ExtractStackTrace ()
UnityEngine.DebugLogHandler:Internal_Log (UnityEngine.LogType,UnityEngine.LogOption,string,UnityEngine.Object)
UnityEngine.DebugLogHandler:LogFormat (UnityEngine.LogType,UnityEngine.Object,string,object[])
UnityEngine.Logger:Log (UnityEngine.LogType,object)
UnityEngine.Debug:Log (object)
PlayerHealth:ResetSpeedBoost () (at Assets/LaserCorridor/PlayerHealth.cs:157)
PlayerHealth:ResetState () (at Assets/LaserCorridor/PlayerHealth.cs:194)
LaserCorridorGameManager/<ResetPlayerRoutine>d__21:MoveNext () (at Assets/LaserCorridor/LaserCorridorGameManager.cs:183)
UnityEngine.SetupCoroutine:InvokeMoveNext (System.Collections.IEnumerator,intptr)

(Filename: Assets/LaserCorridor/PlayerHealth.cs Line: 157)

[Player] Jump pressed! isGrounded: True, Timer: -0.0001912117
UnityEngine.Debug:ExtractStackTraceNoAlloc (byte*,int,string)
UnityEngine.StackTraceUtility:ExtractStackTrace ()
UnityEngine.DebugLogHandler:Internal_Log (UnityEngine.LogType,UnityEngine.LogOption,string,UnityEngine.Object)
UnityEngine.DebugLogHandler:LogFormat (UnityEngine.LogType,UnityEngine.Object,string,object[])
UnityEngine.Logger:Log (UnityEngine.LogType,object)
UnityEngine.Debug:Log (object)
Player:Update () (at Assets/Player.cs:211)

(Filename: Assets/Player.cs Line: 211)

[Player] Jump executed! JumpForce: 5, y-velocity: 5
UnityEngine.Debug:ExtractStackTraceNoAlloc (byte*,int,string)
UnityEngine.StackTraceUtility:ExtractStackTrace ()
UnityEngine.DebugLogHandler:Internal_Log (UnityEngine.LogType,UnityEngine.LogOption,string,UnityEngine.Object)
UnityEngine.DebugLogHandler:LogFormat (UnityEngine.LogType,UnityEngine.Object,string,object[])
UnityEngine.Logger:Log (UnityEngine.LogType,object)
UnityEngine.Debug:Log (object)
Player:Jump () (at Assets/Player.cs:429)
Player:Update () (at Assets/Player.cs:215)

(Filename: Assets/Player.cs Line: 429)

[Player] Jump pressed! isGrounded: True, Timer: -0.001019568
UnityEngine.Debug:ExtractStackTraceNoAlloc (byte*,int,string)
UnityEngine.StackTraceUtility:ExtractStackTrace ()
UnityEngine.DebugLogHandler:Internal_Log (UnityEngine.LogType,UnityEngine.LogOption,string,UnityEngine.Object)
UnityEngine.DebugLogHandler:LogFormat (UnityEngine.LogType,UnityEngine.Object,string,object[])
UnityEngine.Logger:Log (UnityEngine.LogType,object)
UnityEngine.Debug:Log (object)
Player:Update () (at Assets/Player.cs:211)

(Filename: Assets/Player.cs Line: 211)

[Player] Jump executed! JumpForce: 5, y-velocity: 5
UnityEngine.Debug:ExtractStackTraceNoAlloc (byte*,int,string)
UnityEngine.StackTraceUtility:ExtractStackTrace ()
UnityEngine.DebugLogHandler:Internal_Log (UnityEngine.LogType,UnityEngine.LogOption,string,UnityEngine.Object)
UnityEngine.DebugLogHandler:LogFormat (UnityEngine.LogType,UnityEngine.Object,string,object[])
UnityEngine.Logger:Log (UnityEngine.LogType,object)
UnityEngine.Debug:Log (object)
Player:Jump () (at Assets/Player.cs:429)
Player:Update () (at Assets/Player.cs:215)

(Filename: Assets/Player.cs Line: 429)

[Player] Jump pressed! isGrounded: True, Timer: -0.005647847
UnityEngine.Debug:ExtractStackTraceNoAlloc (byte*,int,string)
UnityEngine.StackTraceUtility:ExtractStackTrace ()
UnityEngine.DebugLogHandler:Internal_Log (UnityEngine.LogType,UnityEngine.LogOption,string,UnityEngine.Object)
UnityEngine.DebugLogHandler:LogFormat (UnityEngine.LogType,UnityEngine.Object,string,object[])
UnityEngine.Logger:Log (UnityEngine.LogType,object)
UnityEngine.Debug:Log (object)
Player:Update () (at Assets/Player.cs:211)

(Filename: Assets/Player.cs Line: 211)

[Player] Jump executed! JumpForce: 5, y-velocity: 5
UnityEngine.Debug:ExtractStackTraceNoAlloc (byte*,int,string)
UnityEngine.StackTraceUtility:ExtractStackTrace ()
UnityEngine.DebugLogHandler:Internal_Log (UnityEngine.LogType,UnityEngine.LogOption,string,UnityEngine.Object)
UnityEngine.DebugLogHandler:LogFormat (UnityEngine.LogType,UnityEngine.Object,string,object[])
UnityEngine.Logger:Log (UnityEngine.LogType,object)
UnityEngine.Debug:Log (object)
Player:Jump () (at Assets/Player.cs:429)
Player:Update () (at Assets/Player.cs:215)

(Filename: Assets/Player.cs Line: 429)

[Player] Jump pressed! isGrounded: True, Timer: -3.28212E-05
UnityEngine.Debug:ExtractStackTraceNoAlloc (byte*,int,string)
UnityEngine.StackTraceUtility:ExtractStackTrace ()
UnityEngine.DebugLogHandler:Internal_Log (UnityEngine.LogType,UnityEngine.LogOption,string,UnityEngine.Object)
UnityEngine.DebugLogHandler:LogFormat (UnityEngine.LogType,UnityEngine.Object,string,object[])
UnityEngine.Logger:Log (UnityEngine.LogType,object)
UnityEngine.Debug:Log (object)
Player:Update () (at Assets/Player.cs:211)

(Filename: Assets/Player.cs Line: 211)

[Player] Jump executed! JumpForce: 5, y-velocity: 5
UnityEngine.Debug:ExtractStackTraceNoAlloc (byte*,int,string)
UnityEngine.StackTraceUtility:ExtractStackTrace ()
UnityEngine.DebugLogHandler:Internal_Log (UnityEngine.LogType,UnityEngine.LogOption,string,UnityEngine.Object)
UnityEngine.DebugLogHandler:LogFormat (UnityEngine.LogType,UnityEngine.Object,string,object[])
UnityEngine.Logger:Log (UnityEngine.LogType,object)
UnityEngine.Debug:Log (object)
Player:Jump () (at Assets/Player.cs:429)
Player:Update () (at Assets/Player.cs:215)

(Filename: Assets/Player.cs Line: 429)

[Player] Jump pressed! isGrounded: True, Timer: -0.0006192871
UnityEngine.Debug:ExtractStackTraceNoAlloc (byte*,int,string)
UnityEngine.StackTraceUtility:ExtractStackTrace ()
UnityEngine.DebugLogHandler:Internal_Log (UnityEngine.LogType,UnityEngine.LogOption,string,UnityEngine.Object)
UnityEngine.DebugLogHandler:LogFormat (UnityEngine.LogType,UnityEngine.Object,string,object[])
UnityEngine.Logger:Log (UnityEngine.LogType,object)
UnityEngine.Debug:Log (object)
Player:Update () (at Assets/Player.cs:211)

(Filename: Assets/Player.cs Line: 211)

[Player] Jump executed! JumpForce: 5, y-velocity: 5
UnityEngine.Debug:ExtractStackTraceNoAlloc (byte*,int,string)
UnityEngine.StackTraceUtility:ExtractStackTrace ()
UnityEngine.DebugLogHandler:Internal_Log (UnityEngine.LogType,UnityEngine.LogOption,string,UnityEngine.Object)
UnityEngine.DebugLogHandler:LogFormat (UnityEngine.LogType,UnityEngine.Object,string,object[])
UnityEngine.Logger:Log (UnityEngine.LogType,object)
UnityEngine.Debug:Log (object)
Player:Jump () (at Assets/Player.cs:429)
Player:Update () (at Assets/Player.cs:215)

(Filename: Assets/Player.cs Line: 429)

[Player] Jump pressed! isGrounded: True, Timer: -0.001038469
UnityEngine.Debug:ExtractStackTraceNoAlloc (byte*,int,string)
UnityEngine.StackTraceUtility:ExtractStackTrace ()
UnityEngine.DebugLogHandler:Internal_Log (UnityEngine.LogType,UnityEngine.LogOption,string,UnityEngine.Object)
UnityEngine.DebugLogHandler:LogFormat (UnityEngine.LogType,UnityEngine.Object,string,object[])
UnityEngine.Logger:Log (UnityEngine.LogType,object)
UnityEngine.Debug:Log (object)
Player:Update () (at Assets/Player.cs:211)

(Filename: Assets/Player.cs Line: 211)

[Player] Jump executed! JumpForce: 5, y-velocity: 5
UnityEngine.Debug:ExtractStackTraceNoAlloc (byte*,int,string)
UnityEngine.StackTraceUtility:ExtractStackTrace ()
UnityEngine.DebugLogHandler:Internal_Log (UnityEngine.LogType,UnityEngine.LogOption,string,UnityEngine.Object)
UnityEngine.DebugLogHandler:LogFormat (UnityEngine.LogType,UnityEngine.Object,string,object[])
UnityEngine.Logger:Log (UnityEngine.LogType,object)
UnityEngine.Debug:Log (object)
Player:Jump () (at Assets/Player.cs:429)
Player:Update () (at Assets/Player.cs:215)

(Filename: Assets/Player.cs Line: 429)

[Player] Jump pressed! isGrounded: True, Timer: -0.00278958
UnityEngine.Debug:ExtractStackTraceNoAlloc (byte*,int,string)
UnityEngine.StackTraceUtility:ExtractStackTrace ()
UnityEngine.DebugLogHandler:Internal_Log (UnityEngine.LogType,UnityEngine.LogOption,string,UnityEngine.Object)
UnityEngine.DebugLogHandler:LogFormat (UnityEngine.LogType,UnityEngine.Object,string,object[])
UnityEngine.Logger:Log (UnityEngine.LogType,object)
UnityEngine.Debug:Log (object)
Player:Update () (at Assets/Player.cs:211)

(Filename: Assets/Player.cs Line: 211)

[Player] Jump executed! JumpForce: 5, y-velocity: 5
UnityEngine.Debug:ExtractStackTraceNoAlloc (byte*,int,string)
UnityEngine.StackTraceUtility:ExtractStackTrace ()
UnityEngine.DebugLogHandler:Internal_Log (UnityEngine.LogType,UnityEngine.LogOption,string,UnityEngine.Object)
UnityEngine.DebugLogHandler:LogFormat (UnityEngine.LogType,UnityEngine.Object,string,object[])
UnityEngine.Logger:Log (UnityEngine.LogType,object)
UnityEngine.Debug:Log (object)
Player:Jump () (at Assets/Player.cs:429)
Player:Update () (at Assets/Player.cs:215)

(Filename: Assets/Player.cs Line: 429)

[PlayerHealth] Speed Boost activated! (1.6x for 5s)
UnityEngine.Debug:ExtractStackTraceNoAlloc (byte*,int,string)
UnityEngine.StackTraceUtility:ExtractStackTrace ()
UnityEngine.DebugLogHandler:Internal_Log (UnityEngine.LogType,UnityEngine.LogOption,string,UnityEngine.Object)
UnityEngine.DebugLogHandler:LogFormat (UnityEngine.LogType,UnityEngine.Object,string,object[])
UnityEngine.Logger:Log (UnityEngine.LogType,object)
UnityEngine.Debug:Log (object)
PlayerHealth:ApplySpeedBoost (single,single) (at Assets/LaserCorridor/PlayerHealth.cs:145)
BonusFloorPanel:GrantBonus (PlayerHealth) (at Assets/LaserCorridor/BonusFloorPanel.cs:106)
BonusFloorPanel:OnTriggerEnter (UnityEngine.Collider) (at Assets/LaserCorridor/BonusFloorPanel.cs:90)

(Filename: Assets/LaserCorridor/PlayerHealth.cs Line: 145)

[PlayerHealth] Restored 35 HP! Current HP: 100/100
UnityEngine.Debug:ExtractStackTraceNoAlloc (byte*,int,string)
UnityEngine.StackTraceUtility:ExtractStackTrace ()
UnityEngine.DebugLogHandler:Internal_Log (UnityEngine.LogType,UnityEngine.LogOption,string,UnityEngine.Object)
UnityEngine.DebugLogHandler:LogFormat (UnityEngine.LogType,UnityEngine.Object,string,object[])
UnityEngine.Logger:Log (UnityEngine.LogType,object)
UnityEngine.Debug:Log (object)
PlayerHealth:Heal (int) (at Assets/LaserCorridor/PlayerHealth.cs:125)
BonusFloorPanel:GrantBonus (PlayerHealth) (at Assets/LaserCorridor/BonusFloorPanel.cs:102)
BonusFloorPanel:OnTriggerEnter (UnityEngine.Collider) (at Assets/LaserCorridor/BonusFloorPanel.cs:90)

(Filename: Assets/LaserCorridor/PlayerHealth.cs Line: 125)

[Player] Jump pressed! isGrounded: True, Timer: -0.00311399
UnityEngine.Debug:ExtractStackTraceNoAlloc (byte*,int,string)
UnityEngine.StackTraceUtility:ExtractStackTrace ()
UnityEngine.DebugLogHandler:Internal_Log (UnityEngine.LogType,UnityEngine.LogOption,string,UnityEngine.Object)
UnityEngine.DebugLogHandler:LogFormat (UnityEngine.LogType,UnityEngine.Object,string,object[])
UnityEngine.Logger:Log (UnityEngine.LogType,object)
UnityEngine.Debug:Log (object)
Player:Update () (at Assets/Player.cs:211)

(Filename: Assets/Player.cs Line: 211)

[Player] Jump executed! JumpForce: 5, y-velocity: 5
UnityEngine.Debug:ExtractStackTraceNoAlloc (byte*,int,string)
UnityEngine.StackTraceUtility:ExtractStackTrace ()
UnityEngine.DebugLogHandler:Internal_Log (UnityEngine.LogType,UnityEngine.LogOption,string,UnityEngine.Object)
UnityEngine.DebugLogHandler:LogFormat (UnityEngine.LogType,UnityEngine.Object,string,object[])
UnityEngine.Logger:Log (UnityEngine.LogType,object)
UnityEngine.Debug:Log (object)
Player:Jump () (at Assets/Player.cs:429)
Player:Update () (at Assets/Player.cs:215)

(Filename: Assets/Player.cs Line: 429)

[Player] Jump pressed! isGrounded: True, Timer: -0.0009098069
UnityEngine.Debug:ExtractStackTraceNoAlloc (byte*,int,string)
UnityEngine.StackTraceUtility:ExtractStackTrace ()
UnityEngine.DebugLogHandler:Internal_Log (UnityEngine.LogType,UnityEngine.LogOption,string,UnityEngine.Object)
UnityEngine.DebugLogHandler:LogFormat (UnityEngine.LogType,UnityEngine.Object,string,object[])
UnityEngine.Logger:Log (UnityEngine.LogType,object)
UnityEngine.Debug:Log (object)
Player:Update () (at Assets/Player.cs:211)

(Filename: Assets/Player.cs Line: 211)

[Player] Jump executed! JumpForce: 5, y-velocity: 5
UnityEngine.Debug:ExtractStackTraceNoAlloc (byte*,int,string)
UnityEngine.StackTraceUtility:ExtractStackTrace ()
UnityEngine.DebugLogHandler:Internal_Log (UnityEngine.LogType,UnityEngine.LogOption,string,UnityEngine.Object)
UnityEngine.DebugLogHandler:LogFormat (UnityEngine.LogType,UnityEngine.Object,string,object[])
UnityEngine.Logger:Log (UnityEngine.LogType,object)
UnityEngine.Debug:Log (object)
Player:Jump () (at Assets/Player.cs:429)
Player:Update () (at Assets/Player.cs:215)

(Filename: Assets/Player.cs Line: 429)

[PlayerHealth] Speed Boost ended.
UnityEngine.Debug:ExtractStackTraceNoAlloc (byte*,int,string)
UnityEngine.StackTraceUtility:ExtractStackTrace ()
UnityEngine.DebugLogHandler:Internal_Log (UnityEngine.LogType,UnityEngine.LogOption,string,UnityEngine.Object)
UnityEngine.DebugLogHandler:LogFormat (UnityEngine.LogType,UnityEngine.Object,string,object[])
UnityEngine.Logger:Log (UnityEngine.LogType,object)
UnityEngine.Debug:Log (object)
PlayerHealth:ResetSpeedBoost () (at Assets/LaserCorridor/PlayerHealth.cs:157)
PlayerHealth:Update () (at Assets/LaserCorridor/PlayerHealth.cs:77)

(Filename: Assets/LaserCorridor/PlayerHealth.cs Line: 157)

[PlayerHealth] Energy Shield activated for 5s!
UnityEngine.Debug:ExtractStackTraceNoAlloc (byte*,int,string)
UnityEngine.StackTraceUtility:ExtractStackTrace ()
UnityEngine.DebugLogHandler:Internal_Log (UnityEngine.LogType,UnityEngine.LogOption,string,UnityEngine.Object)
UnityEngine.DebugLogHandler:LogFormat (UnityEngine.LogType,UnityEngine.Object,string,object[])
UnityEngine.Logger:Log (UnityEngine.LogType,object)
UnityEngine.Debug:Log (object)
PlayerHealth:ApplyShield (single) (at Assets/LaserCorridor/PlayerHealth.cs:168)
BonusFloorPanel:GrantBonus (PlayerHealth) (at Assets/LaserCorridor/BonusFloorPanel.cs:110)
BonusFloorPanel:OnTriggerEnter (UnityEngine.Collider) (at Assets/LaserCorridor/BonusFloorPanel.cs:90)

(Filename: Assets/LaserCorridor/PlayerHealth.cs Line: 168)

[Player] Jump pressed! isGrounded: True, Timer: -0.002098607
UnityEngine.Debug:ExtractStackTraceNoAlloc (byte*,int,string)
UnityEngine.StackTraceUtility:ExtractStackTrace ()
UnityEngine.DebugLogHandler:Internal_Log (UnityEngine.LogType,UnityEngine.LogOption,string,UnityEngine.Object)
UnityEngine.DebugLogHandler:LogFormat (UnityEngine.LogType,UnityEngine.Object,string,object[])
UnityEngine.Logger:Log (UnityEngine.LogType,object)
UnityEngine.Debug:Log (object)
Player:Update () (at Assets/Player.cs:211)

(Filename: Assets/Player.cs Line: 211)

[Player] Jump executed! JumpForce: 5, y-velocity: 5
UnityEngine.Debug:ExtractStackTraceNoAlloc (byte*,int,string)
UnityEngine.StackTraceUtility:ExtractStackTrace ()
UnityEngine.DebugLogHandler:Internal_Log (UnityEngine.LogType,UnityEngine.LogOption,string,UnityEngine.Object)
UnityEngine.DebugLogHandler:LogFormat (UnityEngine.LogType,UnityEngine.Object,string,object[])
UnityEngine.Logger:Log (UnityEngine.LogType,object)
UnityEngine.Debug:Log (object)
Player:Jump () (at Assets/Player.cs:429)
Player:Update () (at Assets/Player.cs:215)

(Filename: Assets/Player.cs Line: 429)

[Player] Jump pressed! isGrounded: True, Timer: -0.003306762
UnityEngine.Debug:ExtractStackTraceNoAlloc (byte*,int,string)
UnityEngine.StackTraceUtility:ExtractStackTrace ()
UnityEngine.DebugLogHandler:Internal_Log (UnityEngine.LogType,UnityEngine.LogOption,string,UnityEngine.Object)
UnityEngine.DebugLogHandler:LogFormat (UnityEngine.LogType,UnityEngine.Object,string,object[])
UnityEngine.Logger:Log (UnityEngine.LogType,object)
UnityEngine.Debug:Log (object)
Player:Update () (at Assets/Player.cs:211)

(Filename: Assets/Player.cs Line: 211)

[Player] Jump executed! JumpForce: 5, y-velocity: 5
UnityEngine.Debug:ExtractStackTraceNoAlloc (byte*,int,string)
UnityEngine.StackTraceUtility:ExtractStackTrace ()
UnityEngine.DebugLogHandler:Internal_Log (UnityEngine.LogType,UnityEngine.LogOption,string,UnityEngine.Object)
UnityEngine.DebugLogHandler:LogFormat (UnityEngine.LogType,UnityEngine.Object,string,object[])
UnityEngine.Logger:Log (UnityEngine.LogType,object)
UnityEngine.Debug:Log (object)
Player:Jump () (at Assets/Player.cs:429)
Player:Update () (at Assets/Player.cs:215)

(Filename: Assets/Player.cs Line: 429)

[Player] Jump pressed! isGrounded: True, Timer: -0.002406253
UnityEngine.Debug:ExtractStackTraceNoAlloc (byte*,int,string)
UnityEngine.StackTraceUtility:ExtractStackTrace ()
UnityEngine.DebugLogHandler:Internal_Log (UnityEngine.LogType,UnityEngine.LogOption,string,UnityEngine.Object)
UnityEngine.DebugLogHandler:LogFormat (UnityEngine.LogType,UnityEngine.Object,string,object[])
UnityEngine.Logger:Log (UnityEngine.LogType,object)
UnityEngine.Debug:Log (object)
Player:Update () (at Assets/Player.cs:211)

(Filename: Assets/Player.cs Line: 211)

[Player] Jump executed! JumpForce: 5, y-velocity: 5
UnityEngine.Debug:ExtractStackTraceNoAlloc (byte*,int,string)
UnityEngine.StackTraceUtility:ExtractStackTrace ()
UnityEngine.DebugLogHandler:Internal_Log (UnityEngine.LogType,UnityEngine.LogOption,string,UnityEngine.Object)
UnityEngine.DebugLogHandler:LogFormat (UnityEngine.LogType,UnityEngine.Object,string,object[])
UnityEngine.Logger:Log (UnityEngine.LogType,object)
UnityEngine.Debug:Log (object)
Player:Jump () (at Assets/Player.cs:429)
Player:Update () (at Assets/Player.cs:215)

(Filename: Assets/Player.cs Line: 429)

[PlayerHealth] Shield absorbed laser damage!
UnityEngine.Debug:ExtractStackTraceNoAlloc (byte*,int,string)
UnityEngine.StackTraceUtility:ExtractStackTrace ()
UnityEngine.DebugLogHandler:Internal_Log (UnityEngine.LogType,UnityEngine.LogOption,string,UnityEngine.Object)
UnityEngine.DebugLogHandler:LogFormat (UnityEngine.LogType,UnityEngine.Object,string,object[])
UnityEngine.Logger:Log (UnityEngine.LogType,object)
UnityEngine.Debug:Log (object)
PlayerHealth:TakeDamage (int) (at Assets/LaserCorridor/PlayerHealth.cs:92)
LaserBeamTriggerForwarder:OnTriggerEnter (UnityEngine.Collider) (at Assets/LaserCorridor/LaserSpawner.cs:520)

(Filename: Assets/LaserCorridor/PlayerHealth.cs Line: 92)

[CorridorGoal] PLAYER REACHED THE END OF THE CORRIDOR!
UnityEngine.Debug:ExtractStackTraceNoAlloc (byte*,int,string)
UnityEngine.StackTraceUtility:ExtractStackTrace ()
UnityEngine.DebugLogHandler:Internal_Log (UnityEngine.LogType,UnityEngine.LogOption,string,UnityEngine.Object)
UnityEngine.DebugLogHandler:LogFormat (UnityEngine.LogType,UnityEngine.Object,string,object[])
UnityEngine.Logger:Log (UnityEngine.LogType,object)
UnityEngine.Debug:Log (object)
CorridorGoal:OnTriggerEnter (UnityEngine.Collider) (at Assets/LaserCorridor/CorridorGoal.cs:27)

(Filename: Assets/LaserCorridor/CorridorGoal.cs Line: 27)

[GameManager] VICTORY! Corridor Cleared!
UnityEngine.Debug:ExtractStackTraceNoAlloc (byte*,int,string)
UnityEngine.StackTraceUtility:ExtractStackTrace ()
UnityEngine.DebugLogHandler:Internal_Log (UnityEngine.LogType,UnityEngine.LogOption,string,UnityEngine.Object)
UnityEngine.DebugLogHandler:LogFormat (UnityEngine.LogType,UnityEngine.Object,string,object[])
UnityEngine.Logger:Log (UnityEngine.LogType,object)
UnityEngine.Debug:Log (object)
LaserCorridorGameManager:OnGoalReached () (at Assets/LaserCorridor/LaserCorridorGameManager.cs:137)
CorridorGoal:OnTriggerEnter (UnityEngine.Collider) (at Assets/LaserCorridor/CorridorGoal.cs:31)

(Filename: Assets/LaserCorridor/LaserCorridorGameManager.cs Line: 137)

GPU Resident Drawer disposed.
Unloading 17 Unused Serialized files (Serialized files now loaded: 0)
Loaded scene 'Temp/__Backupscenes/0.backup'
	Deserialize:            1.200 ms
	Integration:            34.363 ms
	Integration of assets:  0.031 ms
	Thread Wait Time:       0.023 ms
	Total Operation Time:   35.618 ms
Unloading 23 unused Assets / (0.5 MB). Loaded Objects now: 9638.
Memory consumption went from 0.81 GB to 0.81 GB.
Total: 32.504800 ms (FindLiveObjects: 0.644600 ms CreateObjectMapping: 0.247300 ms MarkObjects: 31.221600 ms  DeleteObjects: 0.098600 ms)

GPU Resident Drawer created.
GPU Resident Drawer disposed.
Entering Playmode with Reload Domain disabled.
If you experience any issues, please disable "Enter Play Mode Options" in Editor Settings
Entering Playmode with Reload Scene disabled. If you experience any issues, please disable "Enter Play Mode Options" in Editor Settings
GPU Resident Drawer created.
[Player] Jump pressed! isGrounded: True, Timer: 0
UnityEngine.Debug:ExtractStackTraceNoAlloc (byte*,int,string)
UnityEngine.StackTraceUtility:ExtractStackTrace ()
UnityEngine.DebugLogHandler:Internal_Log (UnityEngine.LogType,UnityEngine.LogOption,string,UnityEngine.Object)
UnityEngine.DebugLogHandler:LogFormat (UnityEngine.LogType,UnityEngine.Object,string,object[])
UnityEngine.Logger:Log (UnityEngine.LogType,object)
UnityEngine.Debug:Log (object)
Player:Update () (at Assets/Player.cs:211)

(Filename: Assets/Player.cs Line: 211)

[Player] Jump executed! JumpForce: 5, y-velocity: 5
UnityEngine.Debug:ExtractStackTraceNoAlloc (byte*,int,string)
UnityEngine.StackTraceUtility:ExtractStackTrace ()
UnityEngine.DebugLogHandler:Internal_Log (UnityEngine.LogType,UnityEngine.LogOption,string,UnityEngine.Object)
UnityEngine.DebugLogHandler:LogFormat (UnityEngine.LogType,UnityEngine.Object,string,object[])
UnityEngine.Logger:Log (UnityEngine.LogType,object)
UnityEngine.Debug:Log (object)
Player:Jump () (at Assets/Player.cs:429)
Player:Update () (at Assets/Player.cs:215)

(Filename: Assets/Player.cs Line: 429)

[Player] Jump pressed! isGrounded: True, Timer: -0.002973711
UnityEngine.Debug:ExtractStackTraceNoAlloc (byte*,int,string)
UnityEngine.StackTraceUtility:ExtractStackTrace ()
UnityEngine.DebugLogHandler:Internal_Log (UnityEngine.LogType,UnityEngine.LogOption,string,UnityEngine.Object)
UnityEngine.DebugLogHandler:LogFormat (UnityEngine.LogType,UnityEngine.Object,string,object[])
UnityEngine.Logger:Log (UnityEngine.LogType,object)
UnityEngine.Debug:Log (object)
Player:Update () (at Assets/Player.cs:211)

(Filename: Assets/Player.cs Line: 211)

[Player] Jump executed! JumpForce: 5, y-velocity: 5
UnityEngine.Debug:ExtractStackTraceNoAlloc (byte*,int,string)
UnityEngine.StackTraceUtility:ExtractStackTrace ()
UnityEngine.DebugLogHandler:Internal_Log (UnityEngine.LogType,UnityEngine.LogOption,string,UnityEngine.Object)
UnityEngine.DebugLogHandler:LogFormat (UnityEngine.LogType,UnityEngine.Object,string,object[])
UnityEngine.Logger:Log (UnityEngine.LogType,object)
UnityEngine.Debug:Log (object)
Player:Jump () (at Assets/Player.cs:429)
Player:Update () (at Assets/Player.cs:215)

(Filename: Assets/Player.cs Line: 429)

[PlayerHealth] Speed Boost activated! (1.6x for 5s)
UnityEngine.Debug:ExtractStackTraceNoAlloc (byte*,int,string)
UnityEngine.StackTraceUtility:ExtractStackTrace ()
UnityEngine.DebugLogHandler:Internal_Log (UnityEngine.LogType,UnityEngine.LogOption,string,UnityEngine.Object)
UnityEngine.DebugLogHandler:LogFormat (UnityEngine.LogType,UnityEngine.Object,string,object[])
UnityEngine.Logger:Log (UnityEngine.LogType,object)
UnityEngine.Debug:Log (object)
PlayerHealth:ApplySpeedBoost (single,single) (at Assets/LaserCorridor/PlayerHealth.cs:145)
BonusFloorPanel:GrantBonus (PlayerHealth) (at Assets/LaserCorridor/BonusFloorPanel.cs:106)
BonusFloorPanel:OnTriggerEnter (UnityEngine.Collider) (at Assets/LaserCorridor/BonusFloorPanel.cs:90)

(Filename: Assets/LaserCorridor/PlayerHealth.cs Line: 145)

[Player] Jump pressed! isGrounded: True, Timer: -3.86117E-05
UnityEngine.Debug:ExtractStackTraceNoAlloc (byte*,int,string)
UnityEngine.StackTraceUtility:ExtractStackTrace ()
UnityEngine.DebugLogHandler:Internal_Log (UnityEngine.LogType,UnityEngine.LogOption,string,UnityEngine.Object)
UnityEngine.DebugLogHandler:LogFormat (UnityEngine.LogType,UnityEngine.Object,string,object[])
UnityEngine.Logger:Log (UnityEngine.LogType,object)
UnityEngine.Debug:Log (object)
Player:Update () (at Assets/Player.cs:211)

(Filename: Assets/Player.cs Line: 211)

[Player] Jump executed! JumpForce: 5, y-velocity: 5
UnityEngine.Debug:ExtractStackTraceNoAlloc (byte*,int,string)
UnityEngine.StackTraceUtility:ExtractStackTrace ()
UnityEngine.DebugLogHandler:Internal_Log (UnityEngine.LogType,UnityEngine.LogOption,string,UnityEngine.Object)
UnityEngine.DebugLogHandler:LogFormat (UnityEngine.LogType,UnityEngine.Object,string,object[])
UnityEngine.Logger:Log (UnityEngine.LogType,object)
UnityEngine.Debug:Log (object)
Player:Jump () (at Assets/Player.cs:429)
Player:Update () (at Assets/Player.cs:215)

(Filename: Assets/Player.cs Line: 429)

[PlayerHealth] Speed Boost ended.
UnityEngine.Debug:ExtractStackTraceNoAlloc (byte*,int,string)
UnityEngine.StackTraceUtility:ExtractStackTrace ()
UnityEngine.DebugLogHandler:Internal_Log (UnityEngine.LogType,UnityEngine.LogOption,string,UnityEngine.Object)
UnityEngine.DebugLogHandler:LogFormat (UnityEngine.LogType,UnityEngine.Object,string,object[])
UnityEngine.Logger:Log (UnityEngine.LogType,object)
UnityEngine.Debug:Log (object)
PlayerHealth:ResetSpeedBoost () (at Assets/LaserCorridor/PlayerHealth.cs:157)
PlayerHealth:Update () (at Assets/LaserCorridor/PlayerHealth.cs:77)

(Filename: Assets/LaserCorridor/PlayerHealth.cs Line: 157)

[PlayerHealth] Energy Shield activated for 5s!
UnityEngine.Debug:ExtractStackTraceNoAlloc (byte*,int,string)
UnityEngine.StackTraceUtility:ExtractStackTrace ()
UnityEngine.DebugLogHandler:Internal_Log (UnityEngine.LogType,UnityEngine.LogOption,string,UnityEngine.Object)
UnityEngine.DebugLogHandler:LogFormat (UnityEngine.LogType,UnityEngine.Object,string,object[])
UnityEngine.Logger:Log (UnityEngine.LogType,object)
UnityEngine.Debug:Log (object)
PlayerHealth:ApplyShield (single) (at Assets/LaserCorridor/PlayerHealth.cs:168)
BonusFloorPanel:GrantBonus (PlayerHealth) (at Assets/LaserCorridor/BonusFloorPanel.cs:110)
BonusFloorPanel:OnTriggerEnter (UnityEngine.Collider) (at Assets/LaserCorridor/BonusFloorPanel.cs:90)

(Filename: Assets/LaserCorridor/PlayerHealth.cs Line: 168)

[PlayerHealth] Shield absorbed laser damage!
UnityEngine.Debug:ExtractStackTraceNoAlloc (byte*,int,string)
UnityEngine.StackTraceUtility:ExtractStackTrace ()
UnityEngine.DebugLogHandler:Internal_Log (UnityEngine.LogType,UnityEngine.LogOption,string,UnityEngine.Object)
UnityEngine.DebugLogHandler:LogFormat (UnityEngine.LogType,UnityEngine.Object,string,object[])
UnityEngine.Logger:Log (UnityEngine.LogType,object)
UnityEngine.Debug:Log (object)
PlayerHealth:TakeDamage (int) (at Assets/LaserCorridor/PlayerHealth.cs:92)
LaserBeamTriggerForwarder:OnTriggerEnter (UnityEngine.Collider) (at Assets/LaserCorridor/LaserSpawner.cs:520)

(Filename: Assets/LaserCorridor/PlayerHealth.cs Line: 92)

[Player] Jump pressed! isGrounded: True, Timer: -0.001161886
UnityEngine.Debug:ExtractStackTraceNoAlloc (byte*,int,string)
UnityEngine.StackTraceUtility:ExtractStackTrace ()
UnityEngine.DebugLogHandler:Internal_Log (UnityEngine.LogType,UnityEngine.LogOption,string,UnityEngine.Object)
UnityEngine.DebugLogHandler:LogFormat (UnityEngine.LogType,UnityEngine.Object,string,object[])
UnityEngine.Logger:Log (UnityEngine.LogType,object)
UnityEngine.Debug:Log (object)
Player:Update () (at Assets/Player.cs:211)

(Filename: Assets/Player.cs Line: 211)

[Player] Jump executed! JumpForce: 5, y-velocity: 5
UnityEngine.Debug:ExtractStackTraceNoAlloc (byte*,int,string)
UnityEngine.StackTraceUtility:ExtractStackTrace ()
UnityEngine.DebugLogHandler:Internal_Log (UnityEngine.LogType,UnityEngine.LogOption,string,UnityEngine.Object)
UnityEngine.DebugLogHandler:LogFormat (UnityEngine.LogType,UnityEngine.Object,string,object[])
UnityEngine.Logger:Log (UnityEngine.LogType,object)
UnityEngine.Debug:Log (object)
Player:Jump () (at Assets/Player.cs:429)
Player:Update () (at Assets/Player.cs:215)

(Filename: Assets/Player.cs Line: 429)

[Player] Jump pressed! isGrounded: True, Timer: -0.002115696
UnityEngine.Debug:ExtractStackTraceNoAlloc (byte*,int,string)
UnityEngine.StackTraceUtility:ExtractStackTrace ()
UnityEngine.DebugLogHandler:Internal_Log (UnityEngine.LogType,UnityEngine.LogOption,string,UnityEngine.Object)
UnityEngine.DebugLogHandler:LogFormat (UnityEngine.LogType,UnityEngine.Object,string,object[])
UnityEngine.Logger:Log (UnityEngine.LogType,object)
UnityEngine.Debug:Log (object)
Player:Update () (at Assets/Player.cs:211)

(Filename: Assets/Player.cs Line: 211)

[Player] Jump executed! JumpForce: 5, y-velocity: 5
UnityEngine.Debug:ExtractStackTraceNoAlloc (byte*,int,string)
UnityEngine.StackTraceUtility:ExtractStackTrace ()
UnityEngine.DebugLogHandler:Internal_Log (UnityEngine.LogType,UnityEngine.LogOption,string,UnityEngine.Object)
UnityEngine.DebugLogHandler:LogFormat (UnityEngine.LogType,UnityEngine.Object,string,object[])
UnityEngine.Logger:Log (UnityEngine.LogType,object)
UnityEngine.Debug:Log (object)
Player:Jump () (at Assets/Player.cs:429)
Player:Update () (at Assets/Player.cs:215)

(Filename: Assets/Player.cs Line: 429)

[PlayerHealth] Took 35 damage! Remaining HP: 65/100
UnityEngine.Debug:ExtractStackTraceNoAlloc (byte*,int,string)
UnityEngine.StackTraceUtility:ExtractStackTrace ()
UnityEngine.DebugLogHandler:Internal_Log (UnityEngine.LogType,UnityEngine.LogOption,string,UnityEngine.Object)
UnityEngine.DebugLogHandler:LogFormat (UnityEngine.LogType,UnityEngine.Object,string,object[])
UnityEngine.Logger:Log (UnityEngine.LogType,object)
UnityEngine.Debug:Log (object)
PlayerHealth:TakeDamage (int) (at Assets/LaserCorridor/PlayerHealth.cs:104)
LaserBeamTriggerForwarder:OnTriggerEnter (UnityEngine.Collider) (at Assets/LaserCorridor/LaserSpawner.cs:520)

(Filename: Assets/LaserCorridor/PlayerHealth.cs Line: 104)

[CorridorGoal] PLAYER REACHED THE END OF THE CORRIDOR!
UnityEngine.Debug:ExtractStackTraceNoAlloc (byte*,int,string)
UnityEngine.StackTraceUtility:ExtractStackTrace ()
UnityEngine.DebugLogHandler:Internal_Log (UnityEngine.LogType,UnityEngine.LogOption,string,UnityEngine.Object)
UnityEngine.DebugLogHandler:LogFormat (UnityEngine.LogType,UnityEngine.Object,string,object[])
UnityEngine.Logger:Log (UnityEngine.LogType,object)
UnityEngine.Debug:Log (object)
CorridorGoal:OnTriggerEnter (UnityEngine.Collider) (at Assets/LaserCorridor/CorridorGoal.cs:27)

(Filename: Assets/LaserCorridor/CorridorGoal.cs Line: 27)

[GameManager] VICTORY! Corridor Cleared!
UnityEngine.Debug:ExtractStackTraceNoAlloc (byte*,int,string)
UnityEngine.StackTraceUtility:ExtractStackTrace ()
UnityEngine.DebugLogHandler:Internal_Log (UnityEngine.LogType,UnityEngine.LogOption,string,UnityEngine.Object)
UnityEngine.DebugLogHandler:LogFormat (UnityEngine.LogType,UnityEngine.Object,string,object[])
UnityEngine.Logger:Log (UnityEngine.LogType,object)
UnityEngine.Debug:Log (object)
LaserCorridorGameManager:OnGoalReached () (at Assets/LaserCorridor/LaserCorridorGameManager.cs:137)
CorridorGoal:OnTriggerEnter (UnityEngine.Collider) (at Assets/LaserCorridor/CorridorGoal.cs:31)

(Filename: Assets/LaserCorridor/LaserCorridorGameManager.cs Line: 137)

GPU Resident Drawer disposed.
Unloading 17 Unused Serialized files (Serialized files now loaded: 0)
Loaded scene 'Temp/__Backupscenes/0.backup'
	Deserialize:            1.351 ms
	Integration:            29.934 ms
	Integration of assets:  0.028 ms
	Thread Wait Time:       0.014 ms
	Total Operation Time:   31.328 ms
Unloading 23 unused Assets / (0.5 MB). Loaded Objects now: 9644.
Memory consumption went from 0.81 GB to 0.81 GB.
Total: 28.055700 ms (FindLiveObjects: 0.824900 ms CreateObjectMapping: 0.234200 ms MarkObjects: 26.606000 ms  DeleteObjects: 0.086900 ms)

GPU Resident Drawer created.
Asset Pipeline Refresh (id=f3bf02c554b418049a6575823dc22f29): Total: 0.011 seconds - Initiated by RefreshV2(AllowForceSynchronousImport)
Asset Pipeline Refresh (id=2bb6dbf6cfd186e47a9cf78541221801): Total: 0.005 seconds - Initiated by RefreshV2(AllowForceSynchronousImport)
GPU Resident Drawer disposed.
Entering Playmode with Reload Domain disabled.
If you experience any issues, please disable "Enter Play Mode Options" in Editor Settings
Entering Playmode with Reload Scene disabled. If you experience any issues, please disable "Enter Play Mode Options" in Editor Settings
GPU Resident Drawer created.
[Player] Jump pressed! isGrounded: True, Timer: 0
UnityEngine.Debug:ExtractStackTraceNoAlloc (byte*,int,string)
UnityEngine.StackTraceUtility:ExtractStackTrace ()
UnityEngine.DebugLogHandler:Internal_Log (UnityEngine.LogType,UnityEngine.LogOption,string,UnityEngine.Object)
UnityEngine.DebugLogHandler:LogFormat (UnityEngine.LogType,UnityEngine.Object,string,object[])
UnityEngine.Logger:Log (UnityEngine.LogType,object)
UnityEngine.Debug:Log (object)
Player:Update () (at Assets/Player.cs:211)

(Filename: Assets/Player.cs Line: 211)

[Player] Jump executed! JumpForce: 5, y-velocity: 5
UnityEngine.Debug:ExtractStackTraceNoAlloc (byte*,int,string)
UnityEngine.StackTraceUtility:ExtractStackTrace ()
UnityEngine.DebugLogHandler:Internal_Log (UnityEngine.LogType,UnityEngine.LogOption,string,UnityEngine.Object)
UnityEngine.DebugLogHandler:LogFormat (UnityEngine.LogType,UnityEngine.Object,string,object[])
UnityEngine.Logger:Log (UnityEngine.LogType,object)
UnityEngine.Debug:Log (object)
Player:Jump () (at Assets/Player.cs:429)
Player:Update () (at Assets/Player.cs:215)

(Filename: Assets/Player.cs Line: 429)

[Player] Jump pressed! isGrounded: True, Timer: -0.003101114
UnityEngine.Debug:ExtractStackTraceNoAlloc (byte*,int,string)
UnityEngine.StackTraceUtility:ExtractStackTrace ()
UnityEngine.DebugLogHandler:Internal_Log (UnityEngine.LogType,UnityEngine.LogOption,string,UnityEngine.Object)
UnityEngine.DebugLogHandler:LogFormat (UnityEngine.LogType,UnityEngine.Object,string,object[])
UnityEngine.Logger:Log (UnityEngine.LogType,object)
UnityEngine.Debug:Log (object)
Player:Update () (at Assets/Player.cs:211)

(Filename: Assets/Player.cs Line: 211)

[Player] Jump executed! JumpForce: 5, y-velocity: 5
UnityEngine.Debug:ExtractStackTraceNoAlloc (byte*,int,string)
UnityEngine.StackTraceUtility:ExtractStackTrace ()
UnityEngine.DebugLogHandler:Internal_Log (UnityEngine.LogType,UnityEngine.LogOption,string,UnityEngine.Object)
UnityEngine.DebugLogHandler:LogFormat (UnityEngine.LogType,UnityEngine.Object,string,object[])
UnityEngine.Logger:Log (UnityEngine.LogType,object)
UnityEngine.Debug:Log (object)
Player:Jump () (at Assets/Player.cs:429)
Player:Update () (at Assets/Player.cs:215)

(Filename: Assets/Player.cs Line: 429)

[Player] Jump pressed! isGrounded: True, Timer: -0.002919507
UnityEngine.Debug:ExtractStackTraceNoAlloc (byte*,int,string)
UnityEngine.StackTraceUtility:ExtractStackTrace ()
UnityEngine.DebugLogHandler:Internal_Log (UnityEngine.LogType,UnityEngine.LogOption,string,UnityEngine.Object)
UnityEngine.DebugLogHandler:LogFormat (UnityEngine.LogType,UnityEngine.Object,string,object[])
UnityEngine.Logger:Log (UnityEngine.LogType,object)
UnityEngine.Debug:Log (object)
Player:Update () (at Assets/Player.cs:211)

(Filename: Assets/Player.cs Line: 211)

[Player] Jump executed! JumpForce: 5, y-velocity: 5
UnityEngine.Debug:ExtractStackTraceNoAlloc (byte*,int,string)
UnityEngine.StackTraceUtility:ExtractStackTrace ()
UnityEngine.DebugLogHandler:Internal_Log (UnityEngine.LogType,UnityEngine.LogOption,string,UnityEngine.Object)
UnityEngine.DebugLogHandler:LogFormat (UnityEngine.LogType,UnityEngine.Object,string,object[])
UnityEngine.Logger:Log (UnityEngine.LogType,object)
UnityEngine.Debug:Log (object)
Player:Jump () (at Assets/Player.cs:429)
Player:Update () (at Assets/Player.cs:215)

(Filename: Assets/Player.cs Line: 429)

[PlayerHealth] Speed Boost activated! (1.6x for 5s)
UnityEngine.Debug:ExtractStackTraceNoAlloc (byte*,int,string)
UnityEngine.StackTraceUtility:ExtractStackTrace ()
UnityEngine.DebugLogHandler:Internal_Log (UnityEngine.LogType,UnityEngine.LogOption,string,UnityEngine.Object)
UnityEngine.DebugLogHandler:LogFormat (UnityEngine.LogType,UnityEngine.Object,string,object[])
UnityEngine.Logger:Log (UnityEngine.LogType,object)
UnityEngine.Debug:Log (object)
PlayerHealth:ApplySpeedBoost (single,single) (at Assets/LaserCorridor/PlayerHealth.cs:145)
BonusFloorPanel:GrantBonus (PlayerHealth) (at Assets/LaserCorridor/BonusFloorPanel.cs:106)
BonusFloorPanel:OnTriggerEnter (UnityEngine.Collider) (at Assets/LaserCorridor/BonusFloorPanel.cs:90)

(Filename: Assets/LaserCorridor/PlayerHealth.cs Line: 145)

[PlayerHealth] Took 35 damage! Remaining HP: 65/100
UnityEngine.Debug:ExtractStackTraceNoAlloc (byte*,int,string)
UnityEngine.StackTraceUtility:ExtractStackTrace ()
UnityEngine.DebugLogHandler:Internal_Log (UnityEngine.LogType,UnityEngine.LogOption,string,UnityEngine.Object)
UnityEngine.DebugLogHandler:LogFormat (UnityEngine.LogType,UnityEngine.Object,string,object[])
UnityEngine.Logger:Log (UnityEngine.LogType,object)
UnityEngine.Debug:Log (object)
PlayerHealth:TakeDamage (int) (at Assets/LaserCorridor/PlayerHealth.cs:104)
LaserBeamTriggerForwarder:OnTriggerEnter (UnityEngine.Collider) (at Assets/LaserCorridor/LaserSpawner.cs:520)

(Filename: Assets/LaserCorridor/PlayerHealth.cs Line: 104)

[PlayerHealth] Speed Boost ended.
UnityEngine.Debug:ExtractStackTraceNoAlloc (byte*,int,string)
UnityEngine.StackTraceUtility:ExtractStackTrace ()
UnityEngine.DebugLogHandler:Internal_Log (UnityEngine.LogType,UnityEngine.LogOption,string,UnityEngine.Object)
UnityEngine.DebugLogHandler:LogFormat (UnityEngine.LogType,UnityEngine.Object,string,object[])
UnityEngine.Logger:Log (UnityEngine.LogType,object)
UnityEngine.Debug:Log (object)
PlayerHealth:ResetSpeedBoost () (at Assets/LaserCorridor/PlayerHealth.cs:157)
PlayerHealth:Update () (at Assets/LaserCorridor/PlayerHealth.cs:77)

(Filename: Assets/LaserCorridor/PlayerHealth.cs Line: 157)

[PlayerHealth] Took 35 damage! Remaining HP: 30/100
UnityEngine.Debug:ExtractStackTraceNoAlloc (byte*,int,string)
UnityEngine.StackTraceUtility:ExtractStackTrace ()
UnityEngine.DebugLogHandler:Internal_Log (UnityEngine.LogType,UnityEngine.LogOption,string,UnityEngine.Object)
UnityEngine.DebugLogHandler:LogFormat (UnityEngine.LogType,UnityEngine.Object,string,object[])
UnityEngine.Logger:Log (UnityEngine.LogType,object)
UnityEngine.Debug:Log (object)
PlayerHealth:TakeDamage (int) (at Assets/LaserCorridor/PlayerHealth.cs:104)
LaserBeamTriggerForwarder:OnTriggerEnter (UnityEngine.Collider) (at Assets/LaserCorridor/LaserSpawner.cs:520)

(Filename: Assets/LaserCorridor/PlayerHealth.cs Line: 104)

[PlayerHealth] Restored 35 HP! Current HP: 65/100
UnityEngine.Debug:ExtractStackTraceNoAlloc (byte*,int,string)
UnityEngine.StackTraceUtility:ExtractStackTrace ()
UnityEngine.DebugLogHandler:Internal_Log (UnityEngine.LogType,UnityEngine.LogOption,string,UnityEngine.Object)
UnityEngine.DebugLogHandler:LogFormat (UnityEngine.LogType,UnityEngine.Object,string,object[])
UnityEngine.Logger:Log (UnityEngine.LogType,object)
UnityEngine.Debug:Log (object)
PlayerHealth:Heal (int) (at Assets/LaserCorridor/PlayerHealth.cs:125)
BonusFloorPanel:GrantBonus (PlayerHealth) (at Assets/LaserCorridor/BonusFloorPanel.cs:102)
BonusFloorPanel:OnTriggerEnter (UnityEngine.Collider) (at Assets/LaserCorridor/BonusFloorPanel.cs:90)

(Filename: Assets/LaserCorridor/PlayerHealth.cs Line: 125)

[PlayerHealth] Took 35 damage! Remaining HP: 30/100
UnityEngine.Debug:ExtractStackTraceNoAlloc (byte*,int,string)
UnityEngine.StackTraceUtility:ExtractStackTrace ()
UnityEngine.DebugLogHandler:Internal_Log (UnityEngine.LogType,UnityEngine.LogOption,string,UnityEngine.Object)
UnityEngine.DebugLogHandler:LogFormat (UnityEngine.LogType,UnityEngine.Object,string,object[])
UnityEngine.Logger:Log (UnityEngine.LogType,object)
UnityEngine.Debug:Log (object)
PlayerHealth:TakeDamage (int) (at Assets/LaserCorridor/PlayerHealth.cs:104)
LaserBeamTriggerForwarder:OnTriggerEnter (UnityEngine.Collider) (at Assets/LaserCorridor/LaserSpawner.cs:520)

(Filename: Assets/LaserCorridor/PlayerHealth.cs Line: 104)

[Player] Jump pressed! isGrounded: True, Timer: -0.005814205
UnityEngine.Debug:ExtractStackTraceNoAlloc (byte*,int,string)
UnityEngine.StackTraceUtility:ExtractStackTrace ()
UnityEngine.DebugLogHandler:Internal_Log (UnityEngine.LogType,UnityEngine.LogOption,string,UnityEngine.Object)
UnityEngine.DebugLogHandler:LogFormat (UnityEngine.LogType,UnityEngine.Object,string,object[])
UnityEngine.Logger:Log (UnityEngine.LogType,object)
UnityEngine.Debug:Log (object)
Player:Update () (at Assets/Player.cs:211)

(Filename: Assets/Player.cs Line: 211)

[Player] Jump executed! JumpForce: 5, y-velocity: 5
UnityEngine.Debug:ExtractStackTraceNoAlloc (byte*,int,string)
UnityEngine.StackTraceUtility:ExtractStackTrace ()
UnityEngine.DebugLogHandler:Internal_Log (UnityEngine.LogType,UnityEngine.LogOption,string,UnityEngine.Object)
UnityEngine.DebugLogHandler:LogFormat (UnityEngine.LogType,UnityEngine.Object,string,object[])
UnityEngine.Logger:Log (UnityEngine.LogType,object)
UnityEngine.Debug:Log (object)
Player:Jump () (at Assets/Player.cs:429)
Player:Update () (at Assets/Player.cs:215)

(Filename: Assets/Player.cs Line: 429)

[PlayerHealth] Energy Shield activated for 5s!
UnityEngine.Debug:ExtractStackTraceNoAlloc (byte*,int,string)
UnityEngine.StackTraceUtility:ExtractStackTrace ()
UnityEngine.DebugLogHandler:Internal_Log (UnityEngine.LogType,UnityEngine.LogOption,string,UnityEngine.Object)
UnityEngine.DebugLogHandler:LogFormat (UnityEngine.LogType,UnityEngine.Object,string,object[])
UnityEngine.Logger:Log (UnityEngine.LogType,object)
UnityEngine.Debug:Log (object)
PlayerHealth:ApplyShield (single) (at Assets/LaserCorridor/PlayerHealth.cs:168)
BonusFloorPanel:GrantBonus (PlayerHealth) (at Assets/LaserCorridor/BonusFloorPanel.cs:110)
BonusFloorPanel:OnTriggerEnter (UnityEngine.Collider) (at Assets/LaserCorridor/BonusFloorPanel.cs:90)

(Filename: Assets/LaserCorridor/PlayerHealth.cs Line: 168)

[Player] Jump pressed! isGrounded: True, Timer: -0.002889826
UnityEngine.Debug:ExtractStackTraceNoAlloc (byte*,int,string)
UnityEngine.StackTraceUtility:ExtractStackTrace ()
UnityEngine.DebugLogHandler:Internal_Log (UnityEngine.LogType,UnityEngine.LogOption,string,UnityEngine.Object)
UnityEngine.DebugLogHandler:LogFormat (UnityEngine.LogType,UnityEngine.Object,string,object[])
UnityEngine.Logger:Log (UnityEngine.LogType,object)
UnityEngine.Debug:Log (object)
Player:Update () (at Assets/Player.cs:211)

(Filename: Assets/Player.cs Line: 211)

[Player] Jump executed! JumpForce: 5, y-velocity: 5
UnityEngine.Debug:ExtractStackTraceNoAlloc (byte*,int,string)
UnityEngine.StackTraceUtility:ExtractStackTrace ()
UnityEngine.DebugLogHandler:Internal_Log (UnityEngine.LogType,UnityEngine.LogOption,string,UnityEngine.Object)
UnityEngine.DebugLogHandler:LogFormat (UnityEngine.LogType,UnityEngine.Object,string,object[])
UnityEngine.Logger:Log (UnityEngine.LogType,object)
UnityEngine.Debug:Log (object)
Player:Jump () (at Assets/Player.cs:429)
Player:Update () (at Assets/Player.cs:215)

(Filename: Assets/Player.cs Line: 429)

[Player] Jump pressed! isGrounded: True, Timer: -0.001969805
UnityEngine.Debug:ExtractStackTraceNoAlloc (byte*,int,string)
UnityEngine.StackTraceUtility:ExtractStackTrace ()
UnityEngine.DebugLogHandler:Internal_Log (UnityEngine.LogType,UnityEngine.LogOption,string,UnityEngine.Object)
UnityEngine.DebugLogHandler:LogFormat (UnityEngine.LogType,UnityEngine.Object,string,object[])
UnityEngine.Logger:Log (UnityEngine.LogType,object)
UnityEngine.Debug:Log (object)
Player:Update () (at Assets/Player.cs:211)

(Filename: Assets/Player.cs Line: 211)

[Player] Jump executed! JumpForce: 5, y-velocity: 5
UnityEngine.Debug:ExtractStackTraceNoAlloc (byte*,int,string)
UnityEngine.StackTraceUtility:ExtractStackTrace ()
UnityEngine.DebugLogHandler:Internal_Log (UnityEngine.LogType,UnityEngine.LogOption,string,UnityEngine.Object)
UnityEngine.DebugLogHandler:LogFormat (UnityEngine.LogType,UnityEngine.Object,string,object[])
UnityEngine.Logger:Log (UnityEngine.LogType,object)
UnityEngine.Debug:Log (object)
Player:Jump () (at Assets/Player.cs:429)
Player:Update () (at Assets/Player.cs:215)

(Filename: Assets/Player.cs Line: 429)

[Player] Jump pressed! isGrounded: True, Timer: -0.003287417
UnityEngine.Debug:ExtractStackTraceNoAlloc (byte*,int,string)
UnityEngine.StackTraceUtility:ExtractStackTrace ()
UnityEngine.DebugLogHandler:Internal_Log (UnityEngine.LogType,UnityEngine.LogOption,string,UnityEngine.Object)
UnityEngine.DebugLogHandler:LogFormat (UnityEngine.LogType,UnityEngine.Object,string,object[])
UnityEngine.Logger:Log (UnityEngine.LogType,object)
UnityEngine.Debug:Log (object)
Player:Update () (at Assets/Player.cs:211)

(Filename: Assets/Player.cs Line: 211)

[Player] Jump executed! JumpForce: 5, y-velocity: 5
UnityEngine.Debug:ExtractStackTraceNoAlloc (byte*,int,string)
UnityEngine.StackTraceUtility:ExtractStackTrace ()
UnityEngine.DebugLogHandler:Internal_Log (UnityEngine.LogType,UnityEngine.LogOption,string,UnityEngine.Object)
UnityEngine.DebugLogHandler:LogFormat (UnityEngine.LogType,UnityEngine.Object,string,object[])
UnityEngine.Logger:Log (UnityEngine.LogType,object)
UnityEngine.Debug:Log (object)
Player:Jump () (at Assets/Player.cs:429)
Player:Update () (at Assets/Player.cs:215)

(Filename: Assets/Player.cs Line: 429)

[CorridorGoal] PLAYER REACHED THE END OF THE CORRIDOR!
UnityEngine.Debug:ExtractStackTraceNoAlloc (byte*,int,string)
UnityEngine.StackTraceUtility:ExtractStackTrace ()
UnityEngine.DebugLogHandler:Internal_Log (UnityEngine.LogType,UnityEngine.LogOption,string,UnityEngine.Object)
UnityEngine.DebugLogHandler:LogFormat (UnityEngine.LogType,UnityEngine.Object,string,object[])
UnityEngine.Logger:Log (UnityEngine.LogType,object)
UnityEngine.Debug:Log (object)
CorridorGoal:OnTriggerEnter (UnityEngine.Collider) (at Assets/LaserCorridor/CorridorGoal.cs:27)

(Filename: Assets/LaserCorridor/CorridorGoal.cs Line: 27)

[GameManager] VICTORY! Corridor Cleared!
UnityEngine.Debug:ExtractStackTraceNoAlloc (byte*,int,string)
UnityEngine.StackTraceUtility:ExtractStackTrace ()
UnityEngine.DebugLogHandler:Internal_Log (UnityEngine.LogType,UnityEngine.LogOption,string,UnityEngine.Object)
UnityEngine.DebugLogHandler:LogFormat (UnityEngine.LogType,UnityEngine.Object,string,object[])
UnityEngine.Logger:Log (UnityEngine.LogType,object)
UnityEngine.Debug:Log (object)
LaserCorridorGameManager:OnGoalReached () (at Assets/LaserCorridor/LaserCorridorGameManager.cs:137)
CorridorGoal:OnTriggerEnter (UnityEngine.Collider) (at Assets/LaserCorridor/CorridorGoal.cs:31)

(Filename: Assets/LaserCorridor/LaserCorridorGameManager.cs Line: 137)

[PlayerHealth] Shield expired.
UnityEngine.Debug:ExtractStackTraceNoAlloc (byte*,int,string)
UnityEngine.StackTraceUtility:ExtractStackTrace ()
UnityEngine.DebugLogHandler:Internal_Log (UnityEngine.LogType,UnityEngine.LogOption,string,UnityEngine.Object)
UnityEngine.DebugLogHandler:LogFormat (UnityEngine.LogType,UnityEngine.Object,string,object[])
UnityEngine.Logger:Log (UnityEngine.LogType,object)
UnityEngine.Debug:Log (object)
PlayerHealth:Update () (at Assets/LaserCorridor/PlayerHealth.cs:67)

(Filename: Assets/LaserCorridor/PlayerHealth.cs Line: 67)

GPU Resident Drawer disposed.
Unloading 15 Unused Serialized files (Serialized files now loaded: 0)
Loaded scene 'Temp/__Backupscenes/0.backup'
	Deserialize:            0.912 ms
	Integration:            35.612 ms
	Integration of assets:  0.025 ms
	Thread Wait Time:       0.018 ms
	Total Operation Time:   36.567 ms
Unloading 23 unused Assets / (469.9 KB). Loaded Objects now: 9650.
Memory consumption went from 0.82 GB to 0.82 GB.
Total: 30.495500 ms (FindLiveObjects: 0.643600 ms CreateObjectMapping: 0.231800 ms MarkObjects: 29.122500 ms  DeleteObjects: 0.202500 ms)

[Licensing::Client] Successfully resolved entitlement details
GPU Resident Drawer created.
GPU Resident Drawer disposed.
Entering Playmode with Reload Domain disabled.
If you experience any issues, please disable "Enter Play Mode Options" in Editor Settings
Entering Playmode with Reload Scene disabled. If you experience any issues, please disable "Enter Play Mode Options" in Editor Settings
GPU Resident Drawer created.
[Player] Jump pressed! isGrounded: True, Timer: 0
UnityEngine.Debug:ExtractStackTraceNoAlloc (byte*,int,string)
UnityEngine.StackTraceUtility:ExtractStackTrace ()
UnityEngine.DebugLogHandler:Internal_Log (UnityEngine.LogType,UnityEngine.LogOption,string,UnityEngine.Object)
UnityEngine.DebugLogHandler:LogFormat (UnityEngine.LogType,UnityEngine.Object,string,object[])
UnityEngine.Logger:Log (UnityEngine.LogType,object)
UnityEngine.Debug:Log (object)
Player:Update () (at Assets/Player.cs:211)

(Filename: Assets/Player.cs Line: 211)

[Player] Jump executed! JumpForce: 5, y-velocity: 5
UnityEngine.Debug:ExtractStackTraceNoAlloc (byte*,int,string)
UnityEngine.StackTraceUtility:ExtractStackTrace ()
UnityEngine.DebugLogHandler:Internal_Log (UnityEngine.LogType,UnityEngine.LogOption,string,UnityEngine.Object)
UnityEngine.DebugLogHandler:LogFormat (UnityEngine.LogType,UnityEngine.Object,string,object[])
UnityEngine.Logger:Log (UnityEngine.LogType,object)
UnityEngine.Debug:Log (object)
Player:Jump () (at Assets/Player.cs:429)
Player:Update () (at Assets/Player.cs:215)

(Filename: Assets/Player.cs Line: 429)

[Player] Jump pressed! isGrounded: True, Timer: -0.001886089
UnityEngine.Debug:ExtractStackTraceNoAlloc (byte*,int,string)
UnityEngine.StackTraceUtility:ExtractStackTrace ()
UnityEngine.DebugLogHandler:Internal_Log (UnityEngine.LogType,UnityEngine.LogOption,string,UnityEngine.Object)
UnityEngine.DebugLogHandler:LogFormat (UnityEngine.LogType,UnityEngine.Object,string,object[])
UnityEngine.Logger:Log (UnityEngine.LogType,object)
UnityEngine.Debug:Log (object)
Player:Update () (at Assets/Player.cs:211)

(Filename: Assets/Player.cs Line: 211)

[Player] Jump executed! JumpForce: 5, y-velocity: 5
UnityEngine.Debug:ExtractStackTraceNoAlloc (byte*,int,string)
UnityEngine.StackTraceUtility:ExtractStackTrace ()
UnityEngine.DebugLogHandler:Internal_Log (UnityEngine.LogType,UnityEngine.LogOption,string,UnityEngine.Object)
UnityEngine.DebugLogHandler:LogFormat (UnityEngine.LogType,UnityEngine.Object,string,object[])
UnityEngine.Logger:Log (UnityEngine.LogType,object)
UnityEngine.Debug:Log (object)
Player:Jump () (at Assets/Player.cs:429)
Player:Update () (at Assets/Player.cs:215)

(Filename: Assets/Player.cs Line: 429)

[Player] Jump pressed! isGrounded: True, Timer: -0.002437762
UnityEngine.Debug:ExtractStackTraceNoAlloc (byte*,int,string)
UnityEngine.StackTraceUtility:ExtractStackTrace ()
UnityEngine.DebugLogHandler:Internal_Log (UnityEngine.LogType,UnityEngine.LogOption,string,UnityEngine.Object)
UnityEngine.DebugLogHandler:LogFormat (UnityEngine.LogType,UnityEngine.Object,string,object[])
UnityEngine.Logger:Log (UnityEngine.LogType,object)
UnityEngine.Debug:Log (object)
Player:Update () (at Assets/Player.cs:211)

(Filename: Assets/Player.cs Line: 211)

[Player] Jump executed! JumpForce: 5, y-velocity: 5
UnityEngine.Debug:ExtractStackTraceNoAlloc (byte*,int,string)
UnityEngine.StackTraceUtility:ExtractStackTrace ()
UnityEngine.DebugLogHandler:Internal_Log (UnityEngine.LogType,UnityEngine.LogOption,string,UnityEngine.Object)
UnityEngine.DebugLogHandler:LogFormat (UnityEngine.LogType,UnityEngine.Object,string,object[])
UnityEngine.Logger:Log (UnityEngine.LogType,object)
UnityEngine.Debug:Log (object)
Player:Jump () (at Assets/Player.cs:429)
Player:Update () (at Assets/Player.cs:215)

(Filename: Assets/Player.cs Line: 429)

[PlayerHealth] Speed Boost activated! (1.6x for 5s)
UnityEngine.Debug:ExtractStackTraceNoAlloc (byte*,int,string)
UnityEngine.StackTraceUtility:ExtractStackTrace ()
UnityEngine.DebugLogHandler:Internal_Log (UnityEngine.LogType,UnityEngine.LogOption,string,UnityEngine.Object)
UnityEngine.DebugLogHandler:LogFormat (UnityEngine.LogType,UnityEngine.Object,string,object[])
UnityEngine.Logger:Log (UnityEngine.LogType,object)
UnityEngine.Debug:Log (object)
PlayerHealth:ApplySpeedBoost (single,single) (at Assets/LaserCorridor/PlayerHealth.cs:145)
BonusFloorPanel:GrantBonus (PlayerHealth) (at Assets/LaserCorridor/BonusFloorPanel.cs:106)
BonusFloorPanel:OnTriggerEnter (UnityEngine.Collider) (at Assets/LaserCorridor/BonusFloorPanel.cs:90)

(Filename: Assets/LaserCorridor/PlayerHealth.cs Line: 145)

[PlayerHealth] Took 35 damage! Remaining HP: 65/100
UnityEngine.Debug:ExtractStackTraceNoAlloc (byte*,int,string)
UnityEngine.StackTraceUtility:ExtractStackTrace ()
UnityEngine.DebugLogHandler:Internal_Log (UnityEngine.LogType,UnityEngine.LogOption,string,UnityEngine.Object)
UnityEngine.DebugLogHandler:LogFormat (UnityEngine.LogType,UnityEngine.Object,string,object[])
UnityEngine.Logger:Log (UnityEngine.LogType,object)
UnityEngine.Debug:Log (object)
PlayerHealth:TakeDamage (int) (at Assets/LaserCorridor/PlayerHealth.cs:104)
LaserBeamTriggerForwarder:OnTriggerEnter (UnityEngine.Collider) (at Assets/LaserCorridor/LaserSpawner.cs:520)

(Filename: Assets/LaserCorridor/PlayerHealth.cs Line: 104)

[PlayerHealth] Restored 35 HP! Current HP: 100/100
UnityEngine.Debug:ExtractStackTraceNoAlloc (byte*,int,string)
UnityEngine.StackTraceUtility:ExtractStackTrace ()
UnityEngine.DebugLogHandler:Internal_Log (UnityEngine.LogType,UnityEngine.LogOption,string,UnityEngine.Object)
UnityEngine.DebugLogHandler:LogFormat (UnityEngine.LogType,UnityEngine.Object,string,object[])
UnityEngine.Logger:Log (UnityEngine.LogType,object)
UnityEngine.Debug:Log (object)
PlayerHealth:Heal (int) (at Assets/LaserCorridor/PlayerHealth.cs:125)
BonusFloorPanel:GrantBonus (PlayerHealth) (at Assets/LaserCorridor/BonusFloorPanel.cs:102)
BonusFloorPanel:OnTriggerEnter (UnityEngine.Collider) (at Assets/LaserCorridor/BonusFloorPanel.cs:90)

(Filename: Assets/LaserCorridor/PlayerHealth.cs Line: 125)

[PlayerHealth] Speed Boost ended.
UnityEngine.Debug:ExtractStackTraceNoAlloc (byte*,int,string)
UnityEngine.StackTraceUtility:ExtractStackTrace ()
UnityEngine.DebugLogHandler:Internal_Log (UnityEngine.LogType,UnityEngine.LogOption,string,UnityEngine.Object)
UnityEngine.DebugLogHandler:LogFormat (UnityEngine.LogType,UnityEngine.Object,string,object[])
UnityEngine.Logger:Log (UnityEngine.LogType,object)
UnityEngine.Debug:Log (object)
PlayerHealth:ResetSpeedBoost () (at Assets/LaserCorridor/PlayerHealth.cs:157)
PlayerHealth:Update () (at Assets/LaserCorridor/PlayerHealth.cs:77)

(Filename: Assets/LaserCorridor/PlayerHealth.cs Line: 157)

[Player] Jump pressed! isGrounded: True, Timer: -0.003412192
UnityEngine.Debug:ExtractStackTraceNoAlloc (byte*,int,string)
UnityEngine.StackTraceUtility:ExtractStackTrace ()
UnityEngine.DebugLogHandler:Internal_Log (UnityEngine.LogType,UnityEngine.LogOption,string,UnityEngine.Object)
UnityEngine.DebugLogHandler:LogFormat (UnityEngine.LogType,UnityEngine.Object,string,object[])
UnityEngine.Logger:Log (UnityEngine.LogType,object)
UnityEngine.Debug:Log (object)
Player:Update () (at Assets/Player.cs:211)

(Filename: Assets/Player.cs Line: 211)

[Player] Jump executed! JumpForce: 5, y-velocity: 5
UnityEngine.Debug:ExtractStackTraceNoAlloc (byte*,int,string)
UnityEngine.StackTraceUtility:ExtractStackTrace ()
UnityEngine.DebugLogHandler:Internal_Log (UnityEngine.LogType,UnityEngine.LogOption,string,UnityEngine.Object)
UnityEngine.DebugLogHandler:LogFormat (UnityEngine.LogType,UnityEngine.Object,string,object[])
UnityEngine.Logger:Log (UnityEngine.LogType,object)
UnityEngine.Debug:Log (object)
Player:Jump () (at Assets/Player.cs:429)
Player:Update () (at Assets/Player.cs:215)

(Filename: Assets/Player.cs Line: 429)

[Player] Jump pressed! isGrounded: True, Timer: -0.002651008
UnityEngine.Debug:ExtractStackTraceNoAlloc (byte*,int,string)
UnityEngine.StackTraceUtility:ExtractStackTrace ()
UnityEngine.DebugLogHandler:Internal_Log (UnityEngine.LogType,UnityEngine.LogOption,string,UnityEngine.Object)
UnityEngine.DebugLogHandler:LogFormat (UnityEngine.LogType,UnityEngine.Object,string,object[])
UnityEngine.Logger:Log (UnityEngine.LogType,object)
UnityEngine.Debug:Log (object)
Player:Update () (at Assets/Player.cs:211)

(Filename: Assets/Player.cs Line: 211)

[Player] Jump executed! JumpForce: 5, y-velocity: 5
UnityEngine.Debug:ExtractStackTraceNoAlloc (byte*,int,string)
UnityEngine.StackTraceUtility:ExtractStackTrace ()
UnityEngine.DebugLogHandler:Internal_Log (UnityEngine.LogType,UnityEngine.LogOption,string,UnityEngine.Object)
UnityEngine.DebugLogHandler:LogFormat (UnityEngine.LogType,UnityEngine.Object,string,object[])
UnityEngine.Logger:Log (UnityEngine.LogType,object)
UnityEngine.Debug:Log (object)
Player:Jump () (at Assets/Player.cs:429)
Player:Update () (at Assets/Player.cs:215)

(Filename: Assets/Player.cs Line: 429)

[PlayerHealth] Energy Shield activated for 5s!
UnityEngine.Debug:ExtractStackTraceNoAlloc (byte*,int,string)
UnityEngine.StackTraceUtility:ExtractStackTrace ()
UnityEngine.DebugLogHandler:Internal_Log (UnityEngine.LogType,UnityEngine.LogOption,string,UnityEngine.Object)
UnityEngine.DebugLogHandler:LogFormat (UnityEngine.LogType,UnityEngine.Object,string,object[])
UnityEngine.Logger:Log (UnityEngine.LogType,object)
UnityEngine.Debug:Log (object)
PlayerHealth:ApplyShield (single) (at Assets/LaserCorridor/PlayerHealth.cs:168)
BonusFloorPanel:GrantBonus (PlayerHealth) (at Assets/LaserCorridor/BonusFloorPanel.cs:110)
BonusFloorPanel:OnTriggerEnter (UnityEngine.Collider) (at Assets/LaserCorridor/BonusFloorPanel.cs:90)

(Filename: Assets/LaserCorridor/PlayerHealth.cs Line: 168)

[Player] Jump pressed! isGrounded: True, Timer: -0.000520166
UnityEngine.Debug:ExtractStackTraceNoAlloc (byte*,int,string)
UnityEngine.StackTraceUtility:ExtractStackTrace ()
UnityEngine.DebugLogHandler:Internal_Log (UnityEngine.LogType,UnityEngine.LogOption,string,UnityEngine.Object)
UnityEngine.DebugLogHandler:LogFormat (UnityEngine.LogType,UnityEngine.Object,string,object[])
UnityEngine.Logger:Log (UnityEngine.LogType,object)
UnityEngine.Debug:Log (object)
Player:Update () (at Assets/Player.cs:211)

(Filename: Assets/Player.cs Line: 211)

[Player] Jump executed! JumpForce: 5, y-velocity: 5
UnityEngine.Debug:ExtractStackTraceNoAlloc (byte*,int,string)
UnityEngine.StackTraceUtility:ExtractStackTrace ()
UnityEngine.DebugLogHandler:Internal_Log (UnityEngine.LogType,UnityEngine.LogOption,string,UnityEngine.Object)
UnityEngine.DebugLogHandler:LogFormat (UnityEngine.LogType,UnityEngine.Object,string,object[])
UnityEngine.Logger:Log (UnityEngine.LogType,object)
UnityEngine.Debug:Log (object)
Player:Jump () (at Assets/Player.cs:429)
Player:Update () (at Assets/Player.cs:215)

(Filename: Assets/Player.cs Line: 429)

[Player] Jump pressed! isGrounded: True, Timer: -0.002554076
UnityEngine.Debug:ExtractStackTraceNoAlloc (byte*,int,string)
UnityEngine.StackTraceUtility:ExtractStackTrace ()
UnityEngine.DebugLogHandler:Internal_Log (UnityEngine.LogType,UnityEngine.LogOption,string,UnityEngine.Object)
UnityEngine.DebugLogHandler:LogFormat (UnityEngine.LogType,UnityEngine.Object,string,object[])
UnityEngine.Logger:Log (UnityEngine.LogType,object)
UnityEngine.Debug:Log (object)
Player:Update () (at Assets/Player.cs:211)

(Filename: Assets/Player.cs Line: 211)

[Player] Jump executed! JumpForce: 5, y-velocity: 5
UnityEngine.Debug:ExtractStackTraceNoAlloc (byte*,int,string)
UnityEngine.StackTraceUtility:ExtractStackTrace ()
UnityEngine.DebugLogHandler:Internal_Log (UnityEngine.LogType,UnityEngine.LogOption,string,UnityEngine.Object)
UnityEngine.DebugLogHandler:LogFormat (UnityEngine.LogType,UnityEngine.Object,string,object[])
UnityEngine.Logger:Log (UnityEngine.LogType,object)
UnityEngine.Debug:Log (object)
Player:Jump () (at Assets/Player.cs:429)
Player:Update () (at Assets/Player.cs:215)

(Filename: Assets/Player.cs Line: 429)

[Player] Jump pressed! isGrounded: True, Timer: -0.0005696132
UnityEngine.Debug:ExtractStackTraceNoAlloc (byte*,int,string)
UnityEngine.StackTraceUtility:ExtractStackTrace ()
UnityEngine.DebugLogHandler:Internal_Log (UnityEngine.LogType,UnityEngine.LogOption,string,UnityEngine.Object)
UnityEngine.DebugLogHandler:LogFormat (UnityEngine.LogType,UnityEngine.Object,string,object[])
UnityEngine.Logger:Log (UnityEngine.LogType,object)
UnityEngine.Debug:Log (object)
Player:Update () (at Assets/Player.cs:211)

(Filename: Assets/Player.cs Line: 211)

[Player] Jump executed! JumpForce: 5, y-velocity: 5
UnityEngine.Debug:ExtractStackTraceNoAlloc (byte*,int,string)
UnityEngine.StackTraceUtility:ExtractStackTrace ()
UnityEngine.DebugLogHandler:Internal_Log (UnityEngine.LogType,UnityEngine.LogOption,string,UnityEngine.Object)
UnityEngine.DebugLogHandler:LogFormat (UnityEngine.LogType,UnityEngine.Object,string,object[])
UnityEngine.Logger:Log (UnityEngine.LogType,object)
UnityEngine.Debug:Log (object)
Player:Jump () (at Assets/Player.cs:429)
Player:Update () (at Assets/Player.cs:215)

(Filename: Assets/Player.cs Line: 429)

[CorridorGoal] PLAYER REACHED THE END OF THE CORRIDOR!
UnityEngine.Debug:ExtractStackTraceNoAlloc (byte*,int,string)
UnityEngine.StackTraceUtility:ExtractStackTrace ()
UnityEngine.DebugLogHandler:Internal_Log (UnityEngine.LogType,UnityEngine.LogOption,string,UnityEngine.Object)
UnityEngine.DebugLogHandler:LogFormat (UnityEngine.LogType,UnityEngine.Object,string,object[])
UnityEngine.Logger:Log (UnityEngine.LogType,object)
UnityEngine.Debug:Log (object)
CorridorGoal:OnTriggerEnter (UnityEngine.Collider) (at Assets/LaserCorridor/CorridorGoal.cs:27)

(Filename: Assets/LaserCorridor/CorridorGoal.cs Line: 27)

[GameManager] VICTORY! Corridor Cleared!
UnityEngine.Debug:ExtractStackTraceNoAlloc (byte*,int,string)
UnityEngine.StackTraceUtility:ExtractStackTrace ()
UnityEngine.DebugLogHandler:Internal_Log (UnityEngine.LogType,UnityEngine.LogOption,string,UnityEngine.Object)
UnityEngine.DebugLogHandler:LogFormat (UnityEngine.LogType,UnityEngine.Object,string,object[])
UnityEngine.Logger:Log (UnityEngine.LogType,object)
UnityEngine.Debug:Log (object)
LaserCorridorGameManager:OnGoalReached () (at Assets/LaserCorridor/LaserCorridorGameManager.cs:137)
CorridorGoal:OnTriggerEnter (UnityEngine.Collider) (at Assets/LaserCorridor/CorridorGoal.cs:31)

(Filename: Assets/LaserCorridor/LaserCorridorGameManager.cs Line: 137)

[PlayerHealth] Shield expired.
UnityEngine.Debug:ExtractStackTraceNoAlloc (byte*,int,string)
UnityEngine.StackTraceUtility:ExtractStackTrace ()
UnityEngine.DebugLogHandler:Internal_Log (UnityEngine.LogType,UnityEngine.LogOption,string,UnityEngine.Object)
UnityEngine.DebugLogHandler:LogFormat (UnityEngine.LogType,UnityEngine.Object,string,object[])
UnityEngine.Logger:Log (UnityEngine.LogType,object)
UnityEngine.Debug:Log (object)
PlayerHealth:Update () (at Assets/LaserCorridor/PlayerHealth.cs:67)

(Filename: Assets/LaserCorridor/PlayerHealth.cs Line: 67)

GPU Resident Drawer disposed.
Unloading 17 Unused Serialized files (Serialized files now loaded: 0)
Loaded scene 'Temp/__Backupscenes/0.backup'
	Deserialize:            1.255 ms
	Integration:            31.325 ms
	Integration of assets:  0.037 ms
	Thread Wait Time:       0.023 ms
	Total Operation Time:   32.640 ms
Unloading 23 unused Assets / (0.5 MB). Loaded Objects now: 9656.
Memory consumption went from 0.82 GB to 0.82 GB.
Total: 31.803900 ms (FindLiveObjects: 0.756700 ms CreateObjectMapping: 0.336600 ms MarkObjects: 30.292500 ms  DeleteObjects: 0.096900 ms)

GPU Resident Drawer created.
GPU Resident Drawer disposed.
Entering Playmode with Reload Domain disabled.
If you experience any issues, please disable "Enter Play Mode Options" in Editor Settings
Entering Playmode with Reload Scene disabled. If you experience any issues, please disable "Enter Play Mode Options" in Editor Settings
GPU Resident Drawer created.
[Player] Jump pressed! isGrounded: True, Timer: 0
UnityEngine.Debug:ExtractStackTraceNoAlloc (byte*,int,string)
UnityEngine.StackTraceUtility:ExtractStackTrace ()
UnityEngine.DebugLogHandler:Internal_Log (UnityEngine.LogType,UnityEngine.LogOption,string,UnityEngine.Object)
UnityEngine.DebugLogHandler:LogFormat (UnityEngine.LogType,UnityEngine.Object,string,object[])
UnityEngine.Logger:Log (UnityEngine.LogType,object)
UnityEngine.Debug:Log (object)
Player:Update () (at Assets/Player.cs:211)

(Filename: Assets/Player.cs Line: 211)

[Player] Jump executed! JumpForce: 5, y-velocity: 5
UnityEngine.Debug:ExtractStackTraceNoAlloc (byte*,int,string)
UnityEngine.StackTraceUtility:ExtractStackTrace ()
UnityEngine.DebugLogHandler:Internal_Log (UnityEngine.LogType,UnityEngine.LogOption,string,UnityEngine.Object)
UnityEngine.DebugLogHandler:LogFormat (UnityEngine.LogType,UnityEngine.Object,string,object[])
UnityEngine.Logger:Log (UnityEngine.LogType,object)
UnityEngine.Debug:Log (object)
Player:Jump () (at Assets/Player.cs:429)
Player:Update () (at Assets/Player.cs:215)

(Filename: Assets/Player.cs Line: 429)

[Player] Jump pressed! isGrounded: True, Timer: -0.00180498
UnityEngine.Debug:ExtractStackTraceNoAlloc (byte*,int,string)
UnityEngine.StackTraceUtility:ExtractStackTrace ()
UnityEngine.DebugLogHandler:Internal_Log (UnityEngine.LogType,UnityEngine.LogOption,string,UnityEngine.Object)
UnityEngine.DebugLogHandler:LogFormat (UnityEngine.LogType,UnityEngine.Object,string,object[])
UnityEngine.Logger:Log (UnityEngine.LogType,object)
UnityEngine.Debug:Log (object)
Player:Update () (at Assets/Player.cs:211)

(Filename: Assets/Player.cs Line: 211)

[Player] Jump executed! JumpForce: 5, y-velocity: 5
UnityEngine.Debug:ExtractStackTraceNoAlloc (byte*,int,string)
UnityEngine.StackTraceUtility:ExtractStackTrace ()
UnityEngine.DebugLogHandler:Internal_Log (UnityEngine.LogType,UnityEngine.LogOption,string,UnityEngine.Object)
UnityEngine.DebugLogHandler:LogFormat (UnityEngine.LogType,UnityEngine.Object,string,object[])
UnityEngine.Logger:Log (UnityEngine.LogType,object)
UnityEngine.Debug:Log (object)
Player:Jump () (at Assets/Player.cs:429)
Player:Update () (at Assets/Player.cs:215)

(Filename: Assets/Player.cs Line: 429)

[Player] Jump pressed! isGrounded: True, Timer: -0.0006872811
UnityEngine.Debug:ExtractStackTraceNoAlloc (byte*,int,string)
UnityEngine.StackTraceUtility:ExtractStackTrace ()
UnityEngine.DebugLogHandler:Internal_Log (UnityEngine.LogType,UnityEngine.LogOption,string,UnityEngine.Object)
UnityEngine.DebugLogHandler:LogFormat (UnityEngine.LogType,UnityEngine.Object,string,object[])
UnityEngine.Logger:Log (UnityEngine.LogType,object)
UnityEngine.Debug:Log (object)
Player:Update () (at Assets/Player.cs:211)

(Filename: Assets/Player.cs Line: 211)

[Player] Jump executed! JumpForce: 5, y-velocity: 5
UnityEngine.Debug:ExtractStackTraceNoAlloc (byte*,int,string)
UnityEngine.StackTraceUtility:ExtractStackTrace ()
UnityEngine.DebugLogHandler:Internal_Log (UnityEngine.LogType,UnityEngine.LogOption,string,UnityEngine.Object)
UnityEngine.DebugLogHandler:LogFormat (UnityEngine.LogType,UnityEngine.Object,string,object[])
UnityEngine.Logger:Log (UnityEngine.LogType,object)
UnityEngine.Debug:Log (object)
Player:Jump () (at Assets/Player.cs:429)
Player:Update () (at Assets/Player.cs:215)

(Filename: Assets/Player.cs Line: 429)

[PlayerHealth] Speed Boost activated! (1.6x for 5s)
UnityEngine.Debug:ExtractStackTraceNoAlloc (byte*,int,string)
UnityEngine.StackTraceUtility:ExtractStackTrace ()
UnityEngine.DebugLogHandler:Internal_Log (UnityEngine.LogType,UnityEngine.LogOption,string,UnityEngine.Object)
UnityEngine.DebugLogHandler:LogFormat (UnityEngine.LogType,UnityEngine.Object,string,object[])
UnityEngine.Logger:Log (UnityEngine.LogType,object)
UnityEngine.Debug:Log (object)
PlayerHealth:ApplySpeedBoost (single,single) (at Assets/LaserCorridor/PlayerHealth.cs:145)
BonusFloorPanel:GrantBonus (PlayerHealth) (at Assets/LaserCorridor/BonusFloorPanel.cs:106)
BonusFloorPanel:OnTriggerEnter (UnityEngine.Collider) (at Assets/LaserCorridor/BonusFloorPanel.cs:90)

(Filename: Assets/LaserCorridor/PlayerHealth.cs Line: 145)

[Player] Jump pressed! isGrounded: True, Timer: -0.003230599
UnityEngine.Debug:ExtractStackTraceNoAlloc (byte*,int,string)
UnityEngine.StackTraceUtility:ExtractStackTrace ()
UnityEngine.DebugLogHandler:Internal_Log (UnityEngine.LogType,UnityEngine.LogOption,string,UnityEngine.Object)
UnityEngine.DebugLogHandler:LogFormat (UnityEngine.LogType,UnityEngine.Object,string,object[])
UnityEngine.Logger:Log (UnityEngine.LogType,object)
UnityEngine.Debug:Log (object)
Player:Update () (at Assets/Player.cs:211)

(Filename: Assets/Player.cs Line: 211)

[Player] Jump executed! JumpForce: 5, y-velocity: 5
UnityEngine.Debug:ExtractStackTraceNoAlloc (byte*,int,string)
UnityEngine.StackTraceUtility:ExtractStackTrace ()
UnityEngine.DebugLogHandler:Internal_Log (UnityEngine.LogType,UnityEngine.LogOption,string,UnityEngine.Object)
UnityEngine.DebugLogHandler:LogFormat (UnityEngine.LogType,UnityEngine.Object,string,object[])
UnityEngine.Logger:Log (UnityEngine.LogType,object)
UnityEngine.Debug:Log (object)
Player:Jump () (at Assets/Player.cs:429)
Player:Update () (at Assets/Player.cs:215)

(Filename: Assets/Player.cs Line: 429)

[PlayerHealth] Restored 35 HP! Current HP: 100/100
UnityEngine.Debug:ExtractStackTraceNoAlloc (byte*,int,string)
UnityEngine.StackTraceUtility:ExtractStackTrace ()
UnityEngine.DebugLogHandler:Internal_Log (UnityEngine.LogType,UnityEngine.LogOption,string,UnityEngine.Object)
UnityEngine.DebugLogHandler:LogFormat (UnityEngine.LogType,UnityEngine.Object,string,object[])
UnityEngine.Logger:Log (UnityEngine.LogType,object)
UnityEngine.Debug:Log (object)
PlayerHealth:Heal (int) (at Assets/LaserCorridor/PlayerHealth.cs:125)
BonusFloorPanel:GrantBonus (PlayerHealth) (at Assets/LaserCorridor/BonusFloorPanel.cs:102)
BonusFloorPanel:OnTriggerEnter (UnityEngine.Collider) (at Assets/LaserCorridor/BonusFloorPanel.cs:90)

(Filename: Assets/LaserCorridor/PlayerHealth.cs Line: 125)

[PlayerHealth] Speed Boost ended.
UnityEngine.Debug:ExtractStackTraceNoAlloc (byte*,int,string)
UnityEngine.StackTraceUtility:ExtractStackTrace ()
UnityEngine.DebugLogHandler:Internal_Log (UnityEngine.LogType,UnityEngine.LogOption,string,UnityEngine.Object)
UnityEngine.DebugLogHandler:LogFormat (UnityEngine.LogType,UnityEngine.Object,string,object[])
UnityEngine.Logger:Log (UnityEngine.LogType,object)
UnityEngine.Debug:Log (object)
PlayerHealth:ResetSpeedBoost () (at Assets/LaserCorridor/PlayerHealth.cs:157)
PlayerHealth:Update () (at Assets/LaserCorridor/PlayerHealth.cs:77)

(Filename: Assets/LaserCorridor/PlayerHealth.cs Line: 157)

[PlayerHealth] Energy Shield activated for 5s!
UnityEngine.Debug:ExtractStackTraceNoAlloc (byte*,int,string)
UnityEngine.StackTraceUtility:ExtractStackTrace ()
UnityEngine.DebugLogHandler:Internal_Log (UnityEngine.LogType,UnityEngine.LogOption,string,UnityEngine.Object)
UnityEngine.DebugLogHandler:LogFormat (UnityEngine.LogType,UnityEngine.Object,string,object[])
UnityEngine.Logger:Log (UnityEngine.LogType,object)
UnityEngine.Debug:Log (object)
PlayerHealth:ApplyShield (single) (at Assets/LaserCorridor/PlayerHealth.cs:168)
BonusFloorPanel:GrantBonus (PlayerHealth) (at Assets/LaserCorridor/BonusFloorPanel.cs:110)
BonusFloorPanel:OnTriggerEnter (UnityEngine.Collider) (at Assets/LaserCorridor/BonusFloorPanel.cs:90)

(Filename: Assets/LaserCorridor/PlayerHealth.cs Line: 168)

[Player] Jump pressed! isGrounded: True, Timer: -0.003749786
UnityEngine.Debug:ExtractStackTraceNoAlloc (byte*,int,string)
UnityEngine.StackTraceUtility:ExtractStackTrace ()
UnityEngine.DebugLogHandler:Internal_Log (UnityEngine.LogType,UnityEngine.LogOption,string,UnityEngine.Object)
UnityEngine.DebugLogHandler:LogFormat (UnityEngine.LogType,UnityEngine.Object,string,object[])
UnityEngine.Logger:Log (UnityEngine.LogType,object)
UnityEngine.Debug:Log (object)
Player:Update () (at Assets/Player.cs:211)

(Filename: Assets/Player.cs Line: 211)

[Player] Jump executed! JumpForce: 5, y-velocity: 5
UnityEngine.Debug:ExtractStackTraceNoAlloc (byte*,int,string)
UnityEngine.StackTraceUtility:ExtractStackTrace ()
UnityEngine.DebugLogHandler:Internal_Log (UnityEngine.LogType,UnityEngine.LogOption,string,UnityEngine.Object)
UnityEngine.DebugLogHandler:LogFormat (UnityEngine.LogType,UnityEngine.Object,string,object[])
UnityEngine.Logger:Log (UnityEngine.LogType,object)
UnityEngine.Debug:Log (object)
Player:Jump () (at Assets/Player.cs:429)
Player:Update () (at Assets/Player.cs:215)

(Filename: Assets/Player.cs Line: 429)

[PlayerHealth] Shield absorbed laser damage!
UnityEngine.Debug:ExtractStackTraceNoAlloc (byte*,int,string)
UnityEngine.StackTraceUtility:ExtractStackTrace ()
UnityEngine.DebugLogHandler:Internal_Log (UnityEngine.LogType,UnityEngine.LogOption,string,UnityEngine.Object)
UnityEngine.DebugLogHandler:LogFormat (UnityEngine.LogType,UnityEngine.Object,string,object[])
UnityEngine.Logger:Log (UnityEngine.LogType,object)
UnityEngine.Debug:Log (object)
PlayerHealth:TakeDamage (int) (at Assets/LaserCorridor/PlayerHealth.cs:92)
LaserBeamTriggerForwarder:OnTriggerEnter (UnityEngine.Collider) (at Assets/LaserCorridor/LaserSpawner.cs:520)

(Filename: Assets/LaserCorridor/PlayerHealth.cs Line: 92)

[PlayerHealth] Took 35 damage! Remaining HP: 65/100
UnityEngine.Debug:ExtractStackTraceNoAlloc (byte*,int,string)
UnityEngine.StackTraceUtility:ExtractStackTrace ()
UnityEngine.DebugLogHandler:Internal_Log (UnityEngine.LogType,UnityEngine.LogOption,string,UnityEngine.Object)
UnityEngine.DebugLogHandler:LogFormat (UnityEngine.LogType,UnityEngine.Object,string,object[])
UnityEngine.Logger:Log (UnityEngine.LogType,object)
UnityEngine.Debug:Log (object)
PlayerHealth:TakeDamage (int) (at Assets/LaserCorridor/PlayerHealth.cs:104)
LaserBeamTriggerForwarder:OnTriggerEnter (UnityEngine.Collider) (at Assets/LaserCorridor/LaserSpawner.cs:520)

(Filename: Assets/LaserCorridor/PlayerHealth.cs Line: 104)

[PlayerHealth] Took 35 damage! Remaining HP: 30/100
UnityEngine.Debug:ExtractStackTraceNoAlloc (byte*,int,string)
UnityEngine.StackTraceUtility:ExtractStackTrace ()
UnityEngine.DebugLogHandler:Internal_Log (UnityEngine.LogType,UnityEngine.LogOption,string,UnityEngine.Object)
UnityEngine.DebugLogHandler:LogFormat (UnityEngine.LogType,UnityEngine.Object,string,object[])
UnityEngine.Logger:Log (UnityEngine.LogType,object)
UnityEngine.Debug:Log (object)
PlayerHealth:TakeDamage (int) (at Assets/LaserCorridor/PlayerHealth.cs:104)
LaserBeamTriggerForwarder:OnTriggerEnter (UnityEngine.Collider) (at Assets/LaserCorridor/LaserSpawner.cs:520)

(Filename: Assets/LaserCorridor/PlayerHealth.cs Line: 104)

[PlayerHealth] Took 35 damage! Remaining HP: 0/100
UnityEngine.Debug:ExtractStackTraceNoAlloc (byte*,int,string)
UnityEngine.StackTraceUtility:ExtractStackTrace ()
UnityEngine.DebugLogHandler:Internal_Log (UnityEngine.LogType,UnityEngine.LogOption,string,UnityEngine.Object)
UnityEngine.DebugLogHandler:LogFormat (UnityEngine.LogType,UnityEngine.Object,string,object[])
UnityEngine.Logger:Log (UnityEngine.LogType,object)
UnityEngine.Debug:Log (object)
PlayerHealth:TakeDamage (int) (at Assets/LaserCorridor/PlayerHealth.cs:104)
LaserBeamTriggerForwarder:OnTriggerEnter (UnityEngine.Collider) (at Assets/LaserCorridor/LaserSpawner.cs:520)

(Filename: Assets/LaserCorridor/PlayerHealth.cs Line: 104)

[PlayerHealth] Player eliminated by corridor laser!
UnityEngine.Debug:ExtractStackTraceNoAlloc (byte*,int,string)
UnityEngine.StackTraceUtility:ExtractStackTrace ()
UnityEngine.DebugLogHandler:Internal_Log (UnityEngine.LogType,UnityEngine.LogOption,string,UnityEngine.Object)
UnityEngine.DebugLogHandler:LogFormat (UnityEngine.LogType,UnityEngine.Object,string,object[])
UnityEngine.Logger:Log (UnityEngine.LogType,object)
UnityEngine.Debug:Log (object)
PlayerHealth:Die () (at Assets/LaserCorridor/PlayerHealth.cs:181)
PlayerHealth:TakeDamage (int) (at Assets/LaserCorridor/PlayerHealth.cs:110)
LaserBeamTriggerForwarder:OnTriggerEnter (UnityEngine.Collider) (at Assets/LaserCorridor/LaserSpawner.cs:520)

(Filename: Assets/LaserCorridor/PlayerHealth.cs Line: 181)

[GameManager] GAME OVER! Player eliminated. Preparing reset...
UnityEngine.Debug:ExtractStackTraceNoAlloc (byte*,int,string)
UnityEngine.StackTraceUtility:ExtractStackTrace ()
UnityEngine.DebugLogHandler:Internal_Log (UnityEngine.LogType,UnityEngine.LogOption,string,UnityEngine.Object)
UnityEngine.DebugLogHandler:LogFormat (UnityEngine.LogType,UnityEngine.Object,string,object[])
UnityEngine.Logger:Log (UnityEngine.LogType,object)
UnityEngine.Debug:Log (object)
LaserCorridorGameManager:HandlePlayerDeath () (at Assets/LaserCorridor/LaserCorridorGameManager.cs:122)
PlayerHealth:Die () (at Assets/LaserCorridor/PlayerHealth.cs:182)
PlayerHealth:TakeDamage (int) (at Assets/LaserCorridor/PlayerHealth.cs:110)
LaserBeamTriggerForwarder:OnTriggerEnter (UnityEngine.Collider) (at Assets/LaserCorridor/LaserSpawner.cs:520)

(Filename: Assets/LaserCorridor/LaserCorridorGameManager.cs Line: 122)

Setting linear velocity of a kinematic body is not supported.
UnityEngine.Debug:ExtractStackTraceNoAlloc (byte*,int,string)
UnityEngine.StackTraceUtility:ExtractStackTrace ()
UnityEngine.Rigidbody:set_linearVelocity (UnityEngine.Vector3)
LaserCorridorGameManager/<ResetPlayerRoutine>d__21:MoveNext () (at Assets/LaserCorridor/LaserCorridorGameManager.cs:160)
UnityEngine.SetupCoroutine:InvokeMoveNext (System.Collections.IEnumerator,intptr)

[Assets/LaserCorridor/LaserCorridorGameManager.cs line 160]

Setting angular velocity of a kinematic body is not supported.
UnityEngine.Debug:ExtractStackTraceNoAlloc (byte*,int,string)
UnityEngine.StackTraceUtility:ExtractStackTrace ()
UnityEngine.Rigidbody:set_angularVelocity (UnityEngine.Vector3)
LaserCorridorGameManager/<ResetPlayerRoutine>d__21:MoveNext () (at Assets/LaserCorridor/LaserCorridorGameManager.cs:161)
UnityEngine.SetupCoroutine:InvokeMoveNext (System.Collections.IEnumerator,intptr)

[Assets/LaserCorridor/LaserCorridorGameManager.cs line 161]

Setting linear velocity of a kinematic body is not supported.
UnityEngine.Debug:ExtractStackTraceNoAlloc (byte*,int,string)
UnityEngine.StackTraceUtility:ExtractStackTrace ()
UnityEngine.Rigidbody:set_linearVelocity (UnityEngine.Vector3)
Player:MovePlayer () (at Assets/Player.cs:401)
Player:FixedUpdate () (at Assets/Player.cs:320)

[Assets/Player.cs line 401]

Setting linear velocity of a kinematic body is not supported.
UnityEngine.Debug:ExtractStackTraceNoAlloc (byte*,int,string)
UnityEngine.StackTraceUtility:ExtractStackTrace ()
UnityEngine.Rigidbody:set_linearVelocity (UnityEngine.Vector3)
Player:MovePlayer () (at Assets/Player.cs:406)
Player:FixedUpdate () (at Assets/Player.cs:320)

[Assets/Player.cs line 406]

Setting linear velocity of a kinematic body is not supported.
UnityEngine.Debug:ExtractStackTraceNoAlloc (byte*,int,string)
UnityEngine.StackTraceUtility:ExtractStackTrace ()
UnityEngine.Rigidbody:set_linearVelocity (UnityEngine.Vector3)
LaserCorridorGameManager/<ResetPlayerRoutine>d__21:MoveNext () (at Assets/LaserCorridor/LaserCorridorGameManager.cs:172)
UnityEngine.SetupCoroutine:InvokeMoveNext (System.Collections.IEnumerator,intptr)

[Assets/LaserCorridor/LaserCorridorGameManager.cs line 172]

Setting angular velocity of a kinematic body is not supported.
UnityEngine.Debug:ExtractStackTraceNoAlloc (byte*,int,string)
UnityEngine.StackTraceUtility:ExtractStackTrace ()
UnityEngine.Rigidbody:set_angularVelocity (UnityEngine.Vector3)
LaserCorridorGameManager/<ResetPlayerRoutine>d__21:MoveNext () (at Assets/LaserCorridor/LaserCorridorGameManager.cs:173)
UnityEngine.SetupCoroutine:InvokeMoveNext (System.Collections.IEnumerator,intptr)

[Assets/LaserCorridor/LaserCorridorGameManager.cs line 173]

[PlayerHealth] Speed Boost ended.
UnityEngine.Debug:ExtractStackTraceNoAlloc (byte*,int,string)
UnityEngine.StackTraceUtility:ExtractStackTrace ()
UnityEngine.DebugLogHandler:Internal_Log (UnityEngine.LogType,UnityEngine.LogOption,string,UnityEngine.Object)
UnityEngine.DebugLogHandler:LogFormat (UnityEngine.LogType,UnityEngine.Object,string,object[])
UnityEngine.Logger:Log (UnityEngine.LogType,object)
UnityEngine.Debug:Log (object)
PlayerHealth:ResetSpeedBoost () (at Assets/LaserCorridor/PlayerHealth.cs:157)
PlayerHealth:ResetState () (at Assets/LaserCorridor/PlayerHealth.cs:194)
LaserCorridorGameManager/<ResetPlayerRoutine>d__21:MoveNext () (at Assets/LaserCorridor/LaserCorridorGameManager.cs:183)
UnityEngine.SetupCoroutine:InvokeMoveNext (System.Collections.IEnumerator,intptr)

(Filename: Assets/LaserCorridor/PlayerHealth.cs Line: 157)

[Player] Jump pressed! isGrounded: True, Timer: -0.002364409
UnityEngine.Debug:ExtractStackTraceNoAlloc (byte*,int,string)
UnityEngine.StackTraceUtility:ExtractStackTrace ()
UnityEngine.DebugLogHandler:Internal_Log (UnityEngine.LogType,UnityEngine.LogOption,string,UnityEngine.Object)
UnityEngine.DebugLogHandler:LogFormat (UnityEngine.LogType,UnityEngine.Object,string,object[])
UnityEngine.Logger:Log (UnityEngine.LogType,object)
UnityEngine.Debug:Log (object)
Player:Update () (at Assets/Player.cs:211)

(Filename: Assets/Player.cs Line: 211)

[Player] Jump executed! JumpForce: 5, y-velocity: 5
UnityEngine.Debug:ExtractStackTraceNoAlloc (byte*,int,string)
UnityEngine.StackTraceUtility:ExtractStackTrace ()
UnityEngine.DebugLogHandler:Internal_Log (UnityEngine.LogType,UnityEngine.LogOption,string,UnityEngine.Object)
UnityEngine.DebugLogHandler:LogFormat (UnityEngine.LogType,UnityEngine.Object,string,object[])
UnityEngine.Logger:Log (UnityEngine.LogType,object)
UnityEngine.Debug:Log (object)
Player:Jump () (at Assets/Player.cs:429)
Player:Update () (at Assets/Player.cs:215)

(Filename: Assets/Player.cs Line: 429)

[Player] Jump pressed! isGrounded: True, Timer: -0.0029232
UnityEngine.Debug:ExtractStackTraceNoAlloc (byte*,int,string)
UnityEngine.StackTraceUtility:ExtractStackTrace ()
UnityEngine.DebugLogHandler:Internal_Log (UnityEngine.LogType,UnityEngine.LogOption,string,UnityEngine.Object)
UnityEngine.DebugLogHandler:LogFormat (UnityEngine.LogType,UnityEngine.Object,string,object[])
UnityEngine.Logger:Log (UnityEngine.LogType,object)
UnityEngine.Debug:Log (object)
Player:Update () (at Assets/Player.cs:211)

(Filename: Assets/Player.cs Line: 211)

[Player] Jump executed! JumpForce: 5, y-velocity: 5
UnityEngine.Debug:ExtractStackTraceNoAlloc (byte*,int,string)
UnityEngine.StackTraceUtility:ExtractStackTrace ()
UnityEngine.DebugLogHandler:Internal_Log (UnityEngine.LogType,UnityEngine.LogOption,string,UnityEngine.Object)
UnityEngine.DebugLogHandler:LogFormat (UnityEngine.LogType,UnityEngine.Object,string,object[])
UnityEngine.Logger:Log (UnityEngine.LogType,object)
UnityEngine.Debug:Log (object)
Player:Jump () (at Assets/Player.cs:429)
Player:Update () (at Assets/Player.cs:215)

(Filename: Assets/Player.cs Line: 429)

[Player] Jump pressed! isGrounded: True, Timer: -0.0028884
UnityEngine.Debug:ExtractStackTraceNoAlloc (byte*,int,string)
UnityEngine.StackTraceUtility:ExtractStackTrace ()
UnityEngine.DebugLogHandler:Internal_Log (UnityEngine.LogType,UnityEngine.LogOption,string,UnityEngine.Object)
UnityEngine.DebugLogHandler:LogFormat (UnityEngine.LogType,UnityEngine.Object,string,object[])
UnityEngine.Logger:Log (UnityEngine.LogType,object)
UnityEngine.Debug:Log (object)
Player:Update () (at Assets/Player.cs:211)

(Filename: Assets/Player.cs Line: 211)

[Player] Jump executed! JumpForce: 5, y-velocity: 5
UnityEngine.Debug:ExtractStackTraceNoAlloc (byte*,int,string)
UnityEngine.StackTraceUtility:ExtractStackTrace ()
UnityEngine.DebugLogHandler:Internal_Log (UnityEngine.LogType,UnityEngine.LogOption,string,UnityEngine.Object)
UnityEngine.DebugLogHandler:LogFormat (UnityEngine.LogType,UnityEngine.Object,string,object[])
UnityEngine.Logger:Log (UnityEngine.LogType,object)
UnityEngine.Debug:Log (object)
Player:Jump () (at Assets/Player.cs:429)
Player:Update () (at Assets/Player.cs:215)

(Filename: Assets/Player.cs Line: 429)

[PlayerHealth] Speed Boost activated! (1.6x for 5s)
UnityEngine.Debug:ExtractStackTraceNoAlloc (byte*,int,string)
UnityEngine.StackTraceUtility:ExtractStackTrace ()
UnityEngine.DebugLogHandler:Internal_Log (UnityEngine.LogType,UnityEngine.LogOption,string,UnityEngine.Object)
UnityEngine.DebugLogHandler:LogFormat (UnityEngine.LogType,UnityEngine.Object,string,object[])
UnityEngine.Logger:Log (UnityEngine.LogType,object)
UnityEngine.Debug:Log (object)
PlayerHealth:ApplySpeedBoost (single,single) (at Assets/LaserCorridor/PlayerHealth.cs:145)
BonusFloorPanel:GrantBonus (PlayerHealth) (at Assets/LaserCorridor/BonusFloorPanel.cs:106)
BonusFloorPanel:OnTriggerEnter (UnityEngine.Collider) (at Assets/LaserCorridor/BonusFloorPanel.cs:90)

(Filename: Assets/LaserCorridor/PlayerHealth.cs Line: 145)

[PlayerHealth] Restored 35 HP! Current HP: 100/100
UnityEngine.Debug:ExtractStackTraceNoAlloc (byte*,int,string)
UnityEngine.StackTraceUtility:ExtractStackTrace ()
UnityEngine.DebugLogHandler:Internal_Log (UnityEngine.LogType,UnityEngine.LogOption,string,UnityEngine.Object)
UnityEngine.DebugLogHandler:LogFormat (UnityEngine.LogType,UnityEngine.Object,string,object[])
UnityEngine.Logger:Log (UnityEngine.LogType,object)
UnityEngine.Debug:Log (object)
PlayerHealth:Heal (int) (at Assets/LaserCorridor/PlayerHealth.cs:125)
BonusFloorPanel:GrantBonus (PlayerHealth) (at Assets/LaserCorridor/BonusFloorPanel.cs:102)
BonusFloorPanel:OnTriggerEnter (UnityEngine.Collider) (at Assets/LaserCorridor/BonusFloorPanel.cs:90)

(Filename: Assets/LaserCorridor/PlayerHealth.cs Line: 125)

[Player] Jump pressed! isGrounded: True, Timer: -0.003096193
UnityEngine.Debug:ExtractStackTraceNoAlloc (byte*,int,string)
UnityEngine.StackTraceUtility:ExtractStackTrace ()
UnityEngine.DebugLogHandler:Internal_Log (UnityEngine.LogType,UnityEngine.LogOption,string,UnityEngine.Object)
UnityEngine.DebugLogHandler:LogFormat (UnityEngine.LogType,UnityEngine.Object,string,object[])
UnityEngine.Logger:Log (UnityEngine.LogType,object)
UnityEngine.Debug:Log (object)
Player:Update () (at Assets/Player.cs:211)

(Filename: Assets/Player.cs Line: 211)

[Player] Jump executed! JumpForce: 5, y-velocity: 5
UnityEngine.Debug:ExtractStackTraceNoAlloc (byte*,int,string)
UnityEngine.StackTraceUtility:ExtractStackTrace ()
UnityEngine.DebugLogHandler:Internal_Log (UnityEngine.LogType,UnityEngine.LogOption,string,UnityEngine.Object)
UnityEngine.DebugLogHandler:LogFormat (UnityEngine.LogType,UnityEngine.Object,string,object[])
UnityEngine.Logger:Log (UnityEngine.LogType,object)
UnityEngine.Debug:Log (object)
Player:Jump () (at Assets/Player.cs:429)
Player:Update () (at Assets/Player.cs:215)

(Filename: Assets/Player.cs Line: 429)

[Player] Jump pressed! isGrounded: True, Timer: -0.001721921
UnityEngine.Debug:ExtractStackTraceNoAlloc (byte*,int,string)
UnityEngine.StackTraceUtility:ExtractStackTrace ()
UnityEngine.DebugLogHandler:Internal_Log (UnityEngine.LogType,UnityEngine.LogOption,string,UnityEngine.Object)
UnityEngine.DebugLogHandler:LogFormat (UnityEngine.LogType,UnityEngine.Object,string,object[])
UnityEngine.Logger:Log (UnityEngine.LogType,object)
UnityEngine.Debug:Log (object)
Player:Update () (at Assets/Player.cs:211)

(Filename: Assets/Player.cs Line: 211)

[Player] Jump executed! JumpForce: 5, y-velocity: 5
UnityEngine.Debug:ExtractStackTraceNoAlloc (byte*,int,string)
UnityEngine.StackTraceUtility:ExtractStackTrace ()
UnityEngine.DebugLogHandler:Internal_Log (UnityEngine.LogType,UnityEngine.LogOption,string,UnityEngine.Object)
UnityEngine.DebugLogHandler:LogFormat (UnityEngine.LogType,UnityEngine.Object,string,object[])
UnityEngine.Logger:Log (UnityEngine.LogType,object)
UnityEngine.Debug:Log (object)
Player:Jump () (at Assets/Player.cs:429)
Player:Update () (at Assets/Player.cs:215)

(Filename: Assets/Player.cs Line: 429)

[PlayerHealth] Took 35 damage! Remaining HP: 65/100
UnityEngine.Debug:ExtractStackTraceNoAlloc (byte*,int,string)
UnityEngine.StackTraceUtility:ExtractStackTrace ()
UnityEngine.DebugLogHandler:Internal_Log (UnityEngine.LogType,UnityEngine.LogOption,string,UnityEngine.Object)
UnityEngine.DebugLogHandler:LogFormat (UnityEngine.LogType,UnityEngine.Object,string,object[])
UnityEngine.Logger:Log (UnityEngine.LogType,object)
UnityEngine.Debug:Log (object)
PlayerHealth:TakeDamage (int) (at Assets/LaserCorridor/PlayerHealth.cs:104)
LaserBeamTriggerForwarder:OnTriggerEnter (UnityEngine.Collider) (at Assets/LaserCorridor/LaserSpawner.cs:520)

(Filename: Assets/LaserCorridor/PlayerHealth.cs Line: 104)

[PlayerHealth] Energy Shield activated for 5s!
UnityEngine.Debug:ExtractStackTraceNoAlloc (byte*,int,string)
UnityEngine.StackTraceUtility:ExtractStackTrace ()
UnityEngine.DebugLogHandler:Internal_Log (UnityEngine.LogType,UnityEngine.LogOption,string,UnityEngine.Object)
UnityEngine.DebugLogHandler:LogFormat (UnityEngine.LogType,UnityEngine.Object,string,object[])
UnityEngine.Logger:Log (UnityEngine.LogType,object)
UnityEngine.Debug:Log (object)
PlayerHealth:ApplyShield (single) (at Assets/LaserCorridor/PlayerHealth.cs:168)
BonusFloorPanel:GrantBonus (PlayerHealth) (at Assets/LaserCorridor/BonusFloorPanel.cs:110)
BonusFloorPanel:OnTriggerEnter (UnityEngine.Collider) (at Assets/LaserCorridor/BonusFloorPanel.cs:90)

(Filename: Assets/LaserCorridor/PlayerHealth.cs Line: 168)

[PlayerHealth] Speed Boost ended.
UnityEngine.Debug:ExtractStackTraceNoAlloc (byte*,int,string)
UnityEngine.StackTraceUtility:ExtractStackTrace ()
UnityEngine.DebugLogHandler:Internal_Log (UnityEngine.LogType,UnityEngine.LogOption,string,UnityEngine.Object)
UnityEngine.DebugLogHandler:LogFormat (UnityEngine.LogType,UnityEngine.Object,string,object[])
UnityEngine.Logger:Log (UnityEngine.LogType,object)
UnityEngine.Debug:Log (object)
PlayerHealth:ResetSpeedBoost () (at Assets/LaserCorridor/PlayerHealth.cs:157)
PlayerHealth:Update () (at Assets/LaserCorridor/PlayerHealth.cs:77)

(Filename: Assets/LaserCorridor/PlayerHealth.cs Line: 157)

[Player] Jump pressed! isGrounded: True, Timer: -0.001639618
UnityEngine.Debug:ExtractStackTraceNoAlloc (byte*,int,string)
UnityEngine.StackTraceUtility:ExtractStackTrace ()
UnityEngine.DebugLogHandler:Internal_Log (UnityEngine.LogType,UnityEngine.LogOption,string,UnityEngine.Object)
UnityEngine.DebugLogHandler:LogFormat (UnityEngine.LogType,UnityEngine.Object,string,object[])
UnityEngine.Logger:Log (UnityEngine.LogType,object)
UnityEngine.Debug:Log (object)
Player:Update () (at Assets/Player.cs:211)

(Filename: Assets/Player.cs Line: 211)

[Player] Jump executed! JumpForce: 5, y-velocity: 5
UnityEngine.Debug:ExtractStackTraceNoAlloc (byte*,int,string)
UnityEngine.StackTraceUtility:ExtractStackTrace ()
UnityEngine.DebugLogHandler:Internal_Log (UnityEngine.LogType,UnityEngine.LogOption,string,UnityEngine.Object)
UnityEngine.DebugLogHandler:LogFormat (UnityEngine.LogType,UnityEngine.Object,string,object[])
UnityEngine.Logger:Log (UnityEngine.LogType,object)
UnityEngine.Debug:Log (object)
Player:Jump () (at Assets/Player.cs:429)
Player:Update () (at Assets/Player.cs:215)

(Filename: Assets/Player.cs Line: 429)

[Player] Jump pressed! isGrounded: True, Timer: -0.0003277906
UnityEngine.Debug:ExtractStackTraceNoAlloc (byte*,int,string)
UnityEngine.StackTraceUtility:ExtractStackTrace ()
UnityEngine.DebugLogHandler:Internal_Log (UnityEngine.LogType,UnityEngine.LogOption,string,UnityEngine.Object)
UnityEngine.DebugLogHandler:LogFormat (UnityEngine.LogType,UnityEngine.Object,string,object[])
UnityEngine.Logger:Log (UnityEngine.LogType,object)
UnityEngine.Debug:Log (object)
Player:Update () (at Assets/Player.cs:211)

(Filename: Assets/Player.cs Line: 211)

[Player] Jump executed! JumpForce: 5, y-velocity: 5
UnityEngine.Debug:ExtractStackTraceNoAlloc (byte*,int,string)
UnityEngine.StackTraceUtility:ExtractStackTrace ()
UnityEngine.DebugLogHandler:Internal_Log (UnityEngine.LogType,UnityEngine.LogOption,string,UnityEngine.Object)
UnityEngine.DebugLogHandler:LogFormat (UnityEngine.LogType,UnityEngine.Object,string,object[])
UnityEngine.Logger:Log (UnityEngine.LogType,object)
UnityEngine.Debug:Log (object)
Player:Jump () (at Assets/Player.cs:429)
Player:Update () (at Assets/Player.cs:215)

(Filename: Assets/Player.cs Line: 429)

[Player] Jump pressed! isGrounded: True, Timer: -0.003961992
UnityEngine.Debug:ExtractStackTraceNoAlloc (byte*,int,string)
UnityEngine.StackTraceUtility:ExtractStackTrace ()
UnityEngine.DebugLogHandler:Internal_Log (UnityEngine.LogType,UnityEngine.LogOption,string,UnityEngine.Object)
UnityEngine.DebugLogHandler:LogFormat (UnityEngine.LogType,UnityEngine.Object,string,object[])
UnityEngine.Logger:Log (UnityEngine.LogType,object)
UnityEngine.Debug:Log (object)
Player:Update () (at Assets/Player.cs:211)

(Filename: Assets/Player.cs Line: 211)

[Player] Jump executed! JumpForce: 5, y-velocity: 5
UnityEngine.Debug:ExtractStackTraceNoAlloc (byte*,int,string)
UnityEngine.StackTraceUtility:ExtractStackTrace ()
UnityEngine.DebugLogHandler:Internal_Log (UnityEngine.LogType,UnityEngine.LogOption,string,UnityEngine.Object)
UnityEngine.DebugLogHandler:LogFormat (UnityEngine.LogType,UnityEngine.Object,string,object[])
UnityEngine.Logger:Log (UnityEngine.LogType,object)
UnityEngine.Debug:Log (object)
Player:Jump () (at Assets/Player.cs:429)
Player:Update () (at Assets/Player.cs:215)

(Filename: Assets/Player.cs Line: 429)

[CorridorGoal] PLAYER REACHED THE END OF THE CORRIDOR!
UnityEngine.Debug:ExtractStackTraceNoAlloc (byte*,int,string)
UnityEngine.StackTraceUtility:ExtractStackTrace ()
UnityEngine.DebugLogHandler:Internal_Log (UnityEngine.LogType,UnityEngine.LogOption,string,UnityEngine.Object)
UnityEngine.DebugLogHandler:LogFormat (UnityEngine.LogType,UnityEngine.Object,string,object[])
UnityEngine.Logger:Log (UnityEngine.LogType,object)
UnityEngine.Debug:Log (object)
CorridorGoal:OnTriggerEnter (UnityEngine.Collider) (at Assets/LaserCorridor/CorridorGoal.cs:27)

(Filename: Assets/LaserCorridor/CorridorGoal.cs Line: 27)

[GameManager] VICTORY! Corridor Cleared!
UnityEngine.Debug:ExtractStackTraceNoAlloc (byte*,int,string)
UnityEngine.StackTraceUtility:ExtractStackTrace ()
UnityEngine.DebugLogHandler:Internal_Log (UnityEngine.LogType,UnityEngine.LogOption,string,UnityEngine.Object)
UnityEngine.DebugLogHandler:LogFormat (UnityEngine.LogType,UnityEngine.Object,string,object[])
UnityEngine.Logger:Log (UnityEngine.LogType,object)
UnityEngine.Debug:Log (object)
LaserCorridorGameManager:OnGoalReached () (at Assets/LaserCorridor/LaserCorridorGameManager.cs:137)
CorridorGoal:OnTriggerEnter (UnityEngine.Collider) (at Assets/LaserCorridor/CorridorGoal.cs:31)

(Filename: Assets/LaserCorridor/LaserCorridorGameManager.cs Line: 137)

[PlayerHealth] Shield expired.
UnityEngine.Debug:ExtractStackTraceNoAlloc (byte*,int,string)
UnityEngine.StackTraceUtility:ExtractStackTrace ()
UnityEngine.DebugLogHandler:Internal_Log (UnityEngine.LogType,UnityEngine.LogOption,string,UnityEngine.Object)
UnityEngine.DebugLogHandler:LogFormat (UnityEngine.LogType,UnityEngine.Object,string,object[])
UnityEngine.Logger:Log (UnityEngine.LogType,object)
UnityEngine.Debug:Log (object)
PlayerHealth:Update () (at Assets/LaserCorridor/PlayerHealth.cs:67)

(Filename: Assets/LaserCorridor/PlayerHealth.cs Line: 67)

[Player] Jump pressed! isGrounded: True, Timer: -0.0009903708
UnityEngine.Debug:ExtractStackTraceNoAlloc (byte*,int,string)
UnityEngine.StackTraceUtility:ExtractStackTrace ()
UnityEngine.DebugLogHandler:Internal_Log (UnityEngine.LogType,UnityEngine.LogOption,string,UnityEngine.Object)
UnityEngine.DebugLogHandler:LogFormat (UnityEngine.LogType,UnityEngine.Object,string,object[])
UnityEngine.Logger:Log (UnityEngine.LogType,object)
UnityEngine.Debug:Log (object)
Player:Update () (at Assets/Player.cs:211)

(Filename: Assets/Player.cs Line: 211)

[Player] Jump executed! JumpForce: 5, y-velocity: 5
UnityEngine.Debug:ExtractStackTraceNoAlloc (byte*,int,string)
UnityEngine.StackTraceUtility:ExtractStackTrace ()
UnityEngine.DebugLogHandler:Internal_Log (UnityEngine.LogType,UnityEngine.LogOption,string,UnityEngine.Object)
UnityEngine.DebugLogHandler:LogFormat (UnityEngine.LogType,UnityEngine.Object,string,object[])
UnityEngine.Logger:Log (UnityEngine.LogType,object)
UnityEngine.Debug:Log (object)
Player:Jump () (at Assets/Player.cs:429)
Player:Update () (at Assets/Player.cs:215)

(Filename: Assets/Player.cs Line: 429)

[Player] Jump pressed! isGrounded: True, Timer: -0.002821195
UnityEngine.Debug:ExtractStackTraceNoAlloc (byte*,int,string)
UnityEngine.StackTraceUtility:ExtractStackTrace ()
UnityEngine.DebugLogHandler:Internal_Log (UnityEngine.LogType,UnityEngine.LogOption,string,UnityEngine.Object)
UnityEngine.DebugLogHandler:LogFormat (UnityEngine.LogType,UnityEngine.Object,string,object[])
UnityEngine.Logger:Log (UnityEngine.LogType,object)
UnityEngine.Debug:Log (object)
Player:Update () (at Assets/Player.cs:211)

(Filename: Assets/Player.cs Line: 211)

[Player] Jump executed! JumpForce: 5, y-velocity: 5
UnityEngine.Debug:ExtractStackTraceNoAlloc (byte*,int,string)
UnityEngine.StackTraceUtility:ExtractStackTrace ()
UnityEngine.DebugLogHandler:Internal_Log (UnityEngine.LogType,UnityEngine.LogOption,string,UnityEngine.Object)
UnityEngine.DebugLogHandler:LogFormat (UnityEngine.LogType,UnityEngine.Object,string,object[])
UnityEngine.Logger:Log (UnityEngine.LogType,object)
UnityEngine.Debug:Log (object)
Player:Jump () (at Assets/Player.cs:429)
Player:Update () (at Assets/Player.cs:215)

(Filename: Assets/Player.cs Line: 429)

[Player] Jump pressed! isGrounded: True, Timer: -0.001211577
UnityEngine.Debug:ExtractStackTraceNoAlloc (byte*,int,string)
UnityEngine.StackTraceUtility:ExtractStackTrace ()
UnityEngine.DebugLogHandler:Internal_Log (UnityEngine.LogType,UnityEngine.LogOption,string,UnityEngine.Object)
UnityEngine.DebugLogHandler:LogFormat (UnityEngine.LogType,UnityEngine.Object,string,object[])
UnityEngine.Logger:Log (UnityEngine.LogType,object)
UnityEngine.Debug:Log (object)
Player:Update () (at Assets/Player.cs:211)

(Filename: Assets/Player.cs Line: 211)

[Player] Jump executed! JumpForce: 5, y-velocity: 5
UnityEngine.Debug:ExtractStackTraceNoAlloc (byte*,int,string)
UnityEngine.StackTraceUtility:ExtractStackTrace ()
UnityEngine.DebugLogHandler:Internal_Log (UnityEngine.LogType,UnityEngine.LogOption,string,UnityEngine.Object)
UnityEngine.DebugLogHandler:LogFormat (UnityEngine.LogType,UnityEngine.Object,string,object[])
UnityEngine.Logger:Log (UnityEngine.LogType,object)
UnityEngine.Debug:Log (object)
Player:Jump () (at Assets/Player.cs:429)
Player:Update () (at Assets/Player.cs:215)

(Filename: Assets/Player.cs Line: 429)

[Player] Jump pressed! isGrounded: True, Timer: -0.002446698
UnityEngine.Debug:ExtractStackTraceNoAlloc (byte*,int,string)
UnityEngine.StackTraceUtility:ExtractStackTrace ()
UnityEngine.DebugLogHandler:Internal_Log (UnityEngine.LogType,UnityEngine.LogOption,string,UnityEngine.Object)
UnityEngine.DebugLogHandler:LogFormat (UnityEngine.LogType,UnityEngine.Object,string,object[])
UnityEngine.Logger:Log (UnityEngine.LogType,object)
UnityEngine.Debug:Log (object)
Player:Update () (at Assets/Player.cs:211)

(Filename: Assets/Player.cs Line: 211)

[Player] Jump executed! JumpForce: 5, y-velocity: 5
UnityEngine.Debug:ExtractStackTraceNoAlloc (byte*,int,string)
UnityEngine.StackTraceUtility:ExtractStackTrace ()
UnityEngine.DebugLogHandler:Internal_Log (UnityEngine.LogType,UnityEngine.LogOption,string,UnityEngine.Object)
UnityEngine.DebugLogHandler:LogFormat (UnityEngine.LogType,UnityEngine.Object,string,object[])
UnityEngine.Logger:Log (UnityEngine.LogType,object)
UnityEngine.Debug:Log (object)
Player:Jump () (at Assets/Player.cs:429)
Player:Update () (at Assets/Player.cs:215)

(Filename: Assets/Player.cs Line: 429)

[Player] Jump pressed! isGrounded: True, Timer: -0.0007243003
UnityEngine.Debug:ExtractStackTraceNoAlloc (byte*,int,string)
UnityEngine.StackTraceUtility:ExtractStackTrace ()
UnityEngine.DebugLogHandler:Internal_Log (UnityEngine.LogType,UnityEngine.LogOption,string,UnityEngine.Object)
UnityEngine.DebugLogHandler:LogFormat (UnityEngine.LogType,UnityEngine.Object,string,object[])
UnityEngine.Logger:Log (UnityEngine.LogType,object)
UnityEngine.Debug:Log (object)
Player:Update () (at Assets/Player.cs:211)

(Filename: Assets/Player.cs Line: 211)

[Player] Jump executed! JumpForce: 5, y-velocity: 5
UnityEngine.Debug:ExtractStackTraceNoAlloc (byte*,int,string)
UnityEngine.StackTraceUtility:ExtractStackTrace ()
UnityEngine.DebugLogHandler:Internal_Log (UnityEngine.LogType,UnityEngine.LogOption,string,UnityEngine.Object)
UnityEngine.DebugLogHandler:LogFormat (UnityEngine.LogType,UnityEngine.Object,string,object[])
UnityEngine.Logger:Log (UnityEngine.LogType,object)
UnityEngine.Debug:Log (object)
Player:Jump () (at Assets/Player.cs:429)
Player:Update () (at Assets/Player.cs:215)

(Filename: Assets/Player.cs Line: 429)

[Player] Jump pressed! isGrounded: True, Timer: -0.004143197
UnityEngine.Debug:ExtractStackTraceNoAlloc (byte*,int,string)
UnityEngine.StackTraceUtility:ExtractStackTrace ()
UnityEngine.DebugLogHandler:Internal_Log (UnityEngine.LogType,UnityEngine.LogOption,string,UnityEngine.Object)
UnityEngine.DebugLogHandler:LogFormat (UnityEngine.LogType,UnityEngine.Object,string,object[])
UnityEngine.Logger:Log (UnityEngine.LogType,object)
UnityEngine.Debug:Log (object)
Player:Update () (at Assets/Player.cs:211)

(Filename: Assets/Player.cs Line: 211)

[Player] Jump executed! JumpForce: 5, y-velocity: 5
UnityEngine.Debug:ExtractStackTraceNoAlloc (byte*,int,string)
UnityEngine.StackTraceUtility:ExtractStackTrace ()
UnityEngine.DebugLogHandler:Internal_Log (UnityEngine.LogType,UnityEngine.LogOption,string,UnityEngine.Object)
UnityEngine.DebugLogHandler:LogFormat (UnityEngine.LogType,UnityEngine.Object,string,object[])
UnityEngine.Logger:Log (UnityEngine.LogType,object)
UnityEngine.Debug:Log (object)
Player:Jump () (at Assets/Player.cs:429)
Player:Update () (at Assets/Player.cs:215)

(Filename: Assets/Player.cs Line: 429)

[Player] Jump pressed! isGrounded: True, Timer: -0.002993169
UnityEngine.Debug:ExtractStackTraceNoAlloc (byte*,int,string)
UnityEngine.StackTraceUtility:ExtractStackTrace ()
UnityEngine.DebugLogHandler:Internal_Log (UnityEngine.LogType,UnityEngine.LogOption,string,UnityEngine.Object)
UnityEngine.DebugLogHandler:LogFormat (UnityEngine.LogType,UnityEngine.Object,string,object[])
UnityEngine.Logger:Log (UnityEngine.LogType,object)
UnityEngine.Debug:Log (object)
Player:Update () (at Assets/Player.cs:211)

(Filename: Assets/Player.cs Line: 211)

[Player] Jump executed! JumpForce: 5, y-velocity: 5
UnityEngine.Debug:ExtractStackTraceNoAlloc (byte*,int,string)
UnityEngine.StackTraceUtility:ExtractStackTrace ()
UnityEngine.DebugLogHandler:Internal_Log (UnityEngine.LogType,UnityEngine.LogOption,string,UnityEngine.Object)
UnityEngine.DebugLogHandler:LogFormat (UnityEngine.LogType,UnityEngine.Object,string,object[])
UnityEngine.Logger:Log (UnityEngine.LogType,object)
UnityEngine.Debug:Log (object)
Player:Jump () (at Assets/Player.cs:429)
Player:Update () (at Assets/Player.cs:215)

(Filename: Assets/Player.cs Line: 429)

[Player] Jump pressed! isGrounded: True, Timer: -0.004517916
UnityEngine.Debug:ExtractStackTraceNoAlloc (byte*,int,string)
UnityEngine.StackTraceUtility:ExtractStackTrace ()
UnityEngine.DebugLogHandler:Internal_Log (UnityEngine.LogType,UnityEngine.LogOption,string,UnityEngine.Object)
UnityEngine.DebugLogHandler:LogFormat (UnityEngine.LogType,UnityEngine.Object,string,object[])
UnityEngine.Logger:Log (UnityEngine.LogType,object)
UnityEngine.Debug:Log (object)
Player:Update () (at Assets/Player.cs:211)

(Filename: Assets/Player.cs Line: 211)

[Player] Jump executed! JumpForce: 5, y-velocity: 5
UnityEngine.Debug:ExtractStackTraceNoAlloc (byte*,int,string)
UnityEngine.StackTraceUtility:ExtractStackTrace ()
UnityEngine.DebugLogHandler:Internal_Log (UnityEngine.LogType,UnityEngine.LogOption,string,UnityEngine.Object)
UnityEngine.DebugLogHandler:LogFormat (UnityEngine.LogType,UnityEngine.Object,string,object[])
UnityEngine.Logger:Log (UnityEngine.LogType,object)
UnityEngine.Debug:Log (object)
Player:Jump () (at Assets/Player.cs:429)
Player:Update () (at Assets/Player.cs:215)

(Filename: Assets/Player.cs Line: 429)

[Player] Jump pressed! isGrounded: True, Timer: -0.003639877
UnityEngine.Debug:ExtractStackTraceNoAlloc (byte*,int,string)
UnityEngine.StackTraceUtility:ExtractStackTrace ()
UnityEngine.DebugLogHandler:Internal_Log (UnityEngine.LogType,UnityEngine.LogOption,string,UnityEngine.Object)
UnityEngine.DebugLogHandler:LogFormat (UnityEngine.LogType,UnityEngine.Object,string,object[])
UnityEngine.Logger:Log (UnityEngine.LogType,object)
UnityEngine.Debug:Log (object)
Player:Update () (at Assets/Player.cs:211)

(Filename: Assets/Player.cs Line: 211)

[Player] Jump executed! JumpForce: 5, y-velocity: 5
UnityEngine.Debug:ExtractStackTraceNoAlloc (byte*,int,string)
UnityEngine.StackTraceUtility:ExtractStackTrace ()
UnityEngine.DebugLogHandler:Internal_Log (UnityEngine.LogType,UnityEngine.LogOption,string,UnityEngine.Object)
UnityEngine.DebugLogHandler:LogFormat (UnityEngine.LogType,UnityEngine.Object,string,object[])
UnityEngine.Logger:Log (UnityEngine.LogType,object)
UnityEngine.Debug:Log (object)
Player:Jump () (at Assets/Player.cs:429)
Player:Update () (at Assets/Player.cs:215)

(Filename: Assets/Player.cs Line: 429)

[Player] Jump pressed! isGrounded: True, Timer: -0.006151804
UnityEngine.Debug:ExtractStackTraceNoAlloc (byte*,int,string)
UnityEngine.StackTraceUtility:ExtractStackTrace ()
UnityEngine.DebugLogHandler:Internal_Log (UnityEngine.LogType,UnityEngine.LogOption,string,UnityEngine.Object)
UnityEngine.DebugLogHandler:LogFormat (UnityEngine.LogType,UnityEngine.Object,string,object[])
UnityEngine.Logger:Log (UnityEngine.LogType,object)
UnityEngine.Debug:Log (object)
Player:Update () (at Assets/Player.cs:211)

(Filename: Assets/Player.cs Line: 211)

[Player] Jump executed! JumpForce: 5, y-velocity: 5
UnityEngine.Debug:ExtractStackTraceNoAlloc (byte*,int,string)
UnityEngine.StackTraceUtility:ExtractStackTrace ()
UnityEngine.DebugLogHandler:Internal_Log (UnityEngine.LogType,UnityEngine.LogOption,string,UnityEngine.Object)
UnityEngine.DebugLogHandler:LogFormat (UnityEngine.LogType,UnityEngine.Object,string,object[])
UnityEngine.Logger:Log (UnityEngine.LogType,object)
UnityEngine.Debug:Log (object)
Player:Jump () (at Assets/Player.cs:429)
Player:Update () (at Assets/Player.cs:215)

(Filename: Assets/Player.cs Line: 429)

[Player] Jump pressed! isGrounded: True, Timer: -0.004116087
UnityEngine.Debug:ExtractStackTraceNoAlloc (byte*,int,string)
UnityEngine.StackTraceUtility:ExtractStackTrace ()
UnityEngine.DebugLogHandler:Internal_Log (UnityEngine.LogType,UnityEngine.LogOption,string,UnityEngine.Object)
UnityEngine.DebugLogHandler:LogFormat (UnityEngine.LogType,UnityEngine.Object,string,object[])
UnityEngine.Logger:Log (UnityEngine.LogType,object)
UnityEngine.Debug:Log (object)
Player:Update () (at Assets/Player.cs:211)

(Filename: Assets/Player.cs Line: 211)

[Player] Jump executed! JumpForce: 5, y-velocity: 5
UnityEngine.Debug:ExtractStackTraceNoAlloc (byte*,int,string)
UnityEngine.StackTraceUtility:ExtractStackTrace ()
UnityEngine.DebugLogHandler:Internal_Log (UnityEngine.LogType,UnityEngine.LogOption,string,UnityEngine.Object)
UnityEngine.DebugLogHandler:LogFormat (UnityEngine.LogType,UnityEngine.Object,string,object[])
UnityEngine.Logger:Log (UnityEngine.LogType,object)
UnityEngine.Debug:Log (object)
Player:Jump () (at Assets/Player.cs:429)
Player:Update () (at Assets/Player.cs:215)

(Filename: Assets/Player.cs Line: 429)

GPU Resident Drawer disposed.
Unloading 17 Unused Serialized files (Serialized files now loaded: 0)
Loaded scene 'Temp/__Backupscenes/0.backup'
	Deserialize:            1.294 ms
	Integration:            31.199 ms
	Integration of assets:  0.025 ms
	Thread Wait Time:       0.019 ms
	Total Operation Time:   32.537 ms
Unloading 23 unused Assets / (487.9 KB). Loaded Objects now: 9662.
Memory consumption went from 0.83 GB to 0.83 GB.
Total: 32.049700 ms (FindLiveObjects: 0.619500 ms CreateObjectMapping: 0.223900 ms MarkObjects: 30.855200 ms  DeleteObjects: 0.092500 ms)

[Licensing::Client] Successfully resolved entitlement details
GPU Resident Drawer created.
Asset Pipeline Refresh (id=b4a793cc8ba720446b4200cd29abb103): Total: 0.012 seconds - Initiated by RefreshV2(AllowForceSynchronousImport)
Asset Pipeline Refresh (id=12bb5d9dbb6554d478f6ca1abcf684da): Total: 0.005 seconds - Initiated by RefreshV2(AllowForceSynchronousImport)
Importing 'GUID: 00000000000000009000000000000000 - Path: ProjectSettings/QualitySettings.asset' with importer (LibraryAssetImporter)
Imported 'GUID: 00000000000000009000000000000000' -> (Import Result ID: '8151b601d05d3e12de314c2aa1f82962') in 0.004 seconds [static dependencies only]. Details - ImportResultOutputID=2a108b3da874f726c62fbe5f12be4a8a DependenciesID=6180c49ef29638684367d2893c04e070 StaticDependenciesID=5b19720d9149525484b40148944c8e26 
Refreshing native plugins compatible for Editor in 4.36 ms, found 4 plugins.
Asset Pipeline Refresh (id=1025ce8e003b3d3488f0bacc14a3a2e9): Total: 0.124 seconds - Initiated by StopAssetImportingV2(NoUpdateAssetOptions)
Importing 'GUID: 99c9720ab356a0642a771bea13969a05 - Path: Assets/Scenes/SampleScene.unity' with importer (DefaultImporter)
Imported 'GUID: 99c9720ab356a0642a771bea13969a05' -> (Import Result ID: '23583804470ca1fce6bced5eaa6d50e3') in 0.002 seconds [static dependencies only]. Details - ImportResultOutputID=b4491ddbae88a879b6308480a6079ca7 DependenciesID=0bee847db141c48ee159859a0d941909 StaticDependenciesID=fea6d47540a4c144e8a347e3c7415973 
Refreshing native plugins compatible for Editor in 4.37 ms, found 4 plugins.
Asset Pipeline Refresh (id=8415403e54fd46c499b22cdeb9ac8773): Total: 0.098 seconds - Initiated by StopAssetImportingV2(NoUpdateAssetOptions)
MonoPathRemapper: Attempts to remap: 102182; Successful remaps: 20252
Serialized file version minimum: 22, current 23
[LAYOUT] About to save layout C:\Users\Duncan Joseph\Laser Room\UserSettings\Layouts\default-6000.dwlt
[LAYOUT] About to save layout C:/Users/Duncan Joseph/AppData/Roaming/Unity/Editor-5.x/Preferences\Layouts\current\default-6000.dwlt
GPU Resident Drawer disposed.
Input System module state changed to: ShutdownInProgress.
Input Polling Thread exited.
Input System module state changed to: Shutdown.
[Physics::Module] Cleanup current backend.
[Physics::Module] Id: 0xf2b8ea05
[Licensing::IpcConnector] LicenseClient-Duncan Joseph-notifications channel disconnected successfully.
[Licensing::IpcConnector] LicenseClient-Duncan Joseph channel disconnected successfully.
Lingering sessions upon destruction of worker manager
Unity Data Store service was successfully shut down
UDS shutting down local client system
Shut down UDS service system complete
AcceleratorClientConnectionCallback - disconnected - :0
Cleanup mono
CodeReloadManager destroyed
abort_threads: Failed aborting id: 0000000000006D6C, mono_thread_manage will ignore it

abort_threads: Failed aborting id: 0000000000006D6C, mono_thread_manage will ignore it

debugger-agent: Unable to listen on 4168
Checking for leaked weakptr:
  Found no leaked weakptrs.
[Package Manager] Server process was shutdown
##utp:{"type":"MemoryLeaks","version":2,"phase":"Immediate","time":1791290476126,"processId":4492,"allocatedMemory":45713100,"memoryLabels":[{"Default":258961},{"Permanent":15516},{"NewDelete":101737},{"Thread":4197984},{"Manager":2337125},{"VertexData":8},{"Geometry":816},{"Shader":856236},{"Material":24},{"TextureCache":4256},{"GfxDevice":55968},{"Animation":952},{"FreeType":8},{"FontEngine":736},{"Physics":1970},{"Physics2D":16},{"Serialization":27680},{"Input":45280},{"JobScheduler":256},{"TextLib":23545},{"Mono":48},{"MonoCode":128},{"ScriptingNativeRuntime":1728392},{"BaseObject":49648},{"Resource":1208},{"Renderer":2384},{"Transform":4685},{"File":34130},{"WebCam":616},{"Culling":32},{"Terrain":11442},{"Wind":24},{"STL":40},{"String":2676305},{"StaticString":3808},{"Utility":2674450},{"Curl":48},{"PoolAlloc":22734208},{"AI":80},{"TypeTree":1906427},{"ScriptManager":50560},{"CodeReload":448},{"RuntimeInitializeOnLoadManager":64},{"Sprites":102},{"SpriteAtlas":120},{"GI":7816},{"Director":8296},{"CloudService":7296},{"WebRequest":10005},{"VR":49650},{"SceneManager":608},{"Video":208},{"LazyScriptCache":32},{"NativeArray":3780},{"Camera":729},{"Secure":265},{"SerializationCache":9256},{"APIUpdating":10320},{"Subsystems":336},{"VirtualTexturing":57888},{"StaticSafetyDebugInfo":278528},{"Analytics":768},{"Hierarchy":1188},{"UIElements":40},{"CoreStats":14456},{"Identifiers":7152},{"Gui":269722},{"EditorUtility":151702},{"VersionControl":8},{"Undo":931},{"AssetDatabase":4961754},{"AssetImporter":40},{"EditorGi":328},{"UnityConnect":36882},{"Upm":1988},{"UpmDiagnostics":8},{"AssetCompliance":96},{"DrivenProperties":72},{"LocalIPC":276},{"ProfilerEditor":9746},{"CoreBusinessMetrics":3606},{"Windowing":456},{"Licensing":12813},{"AssetReference":32},{"IPCStream":32}]}
